#VRML V2.0 utf8
# 3D model generated by easyeda2kicad.py (https://github.com/uPesy/easyeda2kicad.py)

Shape{
    appearance Appearance {
        material  Material 	{
            diffuseColor 0.2549019607843137 0.2549019607843137 0.2549019607843137
            specularColor 0.7529411764705882 0.7529411764705882 0.7529411764705882
            ambientIntensity 0.2
            transparency 0
            shininess 0.5
        }
    }
    geometry IndexedFaceSet {
        ccw TRUE
        solid FALSE
        coord DEF co Coordinate {
            point [
                -0.7025 -1.1397 0.0, -0.7025 -1.1397 -0.0197, -0.7025 -1.3156 -0.0197, -0.7025 -1.3156 0.0, -0.7025 -1.3156 0.0
            ]
        }
        coordIndex [
            0,1,2,-1,0,2,3,-1,
        ]
    }
}
Shape{
    appearance Appearance {
        material  Material 	{
            diffuseColor 0.6549019607843137 0.6549019607843137 0.6549019607843137
            specularColor 0.7529411764705882 0.7529411764705882 0.7529411764705882
            ambientIntensity 0.2
            transparency 0
            shininess 0.5
        }
    }
    geometry IndexedFaceSet {
        ccw TRUE
        solid FALSE
        coord DEF co Coordinate {
            point [
                1.6411 0.1174 0.0, 1.0604 0.8971 0.0, 1.7261 0.1859 0.0, -1.6411 0.1174 -0.0, -0.7068 0.9291 0.0, -1.5712 0.0335 0.0, 0.3424 -0.952 0.0, 0.2573 0.8971 0.0, 1.4872 -0.1669 0.0, -0.4547 1.0335 0.0, -0.2573 1.8971 0.0, -0.2008 1.8858 0.0, 0.9625 -0.952 0.0, 1.2381 -1.0928 0.0, 1.0085 -1.0928 0.0, -0.1628 -0.952 0.0, 0.1443 0.8971 0.0, 0.2008 0.8858 0.0, 0.618 -0.952 0.0, 1.4764 -0.2756 0.0, 0.8936 -0.952 0.0, 0.0644 0.977 0.0, 0.0964 0.9291 0.0, -0.466 0.977 0.0, -0.498 0.9291 0.0, 0.0531 2.2441 0.0, -0.0531 2.0335 0.0, -0.0531 2.2441 0.0, 0.0531 1.0335 0.0, -0.1443 1.8971 0.0, -1.7261 0.1859 0.0, -0.0644 1.977 0.0, -0.0964 1.9291 0.0, -0.3372 1.977 0.0, -0.3052 1.9291 0.0, -0.4547 2.2441 0.0, -0.3484 2.0335 0.0, -0.3484 2.2441 0.0, -0.75 1.0335 0.0, -1.0604 1.8971 0.0, -1.0039 1.8858 0.0, -0.6024 0.8858 0.0, -1.5192 -0.0626 0.0, -0.6589 0.8971 0.0, -0.5459 0.8971 0.0, -0.7388 0.977 0.0, -1.2078 -1.5032 0.0, -2.4606 -2.2441 0.0, -2.2321 -0.7874 0.0, -1.823 0.2362 0.0, -0.75 2.2441 0.0, -0.8563 2.0335 0.0, -0.8563 2.2441 0.0, -0.9474 1.8971 0.0, -0.8675 1.977 0.0, -0.8995 1.9291 0.0, -1.1403 1.977 0.0, -1.1083 1.9291 0.0, -2.4606 2.2441 0.0, -2.3179 0.1929 0.0, -2.3948 0.1354 0.0, -2.4606 0.0654 0.0, -1.1516 2.0335 0.0, -1.1516 2.2441 0.0, -0.0939 -1.0224 0.0, 0.2506 -1.0224 0.0, 0.2046 -1.21 0.0, -2.2321 0.2362 0.0, -1.5192 -0.4886 -0.0, -1.4872 -0.3842 -0.0, -1.2078 -0.952 0.0, -1.4872 -0.1669 -0.0, -0.4154 -0.952 0.0, 2.3948 -0.6866 0.0, 2.4606 -0.6165 0.0, 2.4606 -2.2441 0.0, -0.7944 -1.0224 0.0, -0.7944 -0.952 0.0, -0.6681 -1.0341 0.0, 0.618 -1.5032 0.0, 0.6754 -1.4915 0.0, 1.0774 -1.5032 0.0, 1.4872 -0.3842 0.0, 1.5192 -0.4886 0.0, 1.3529 -0.952 0.0, 1.5712 -0.5847 0.0, 1.6411 -0.6686 0.0, 0.3424 -1.5032 0.0, 0.6754 -0.9638 0.0, -2.3179 -0.7441 -0.0, -2.3948 -0.6866 -0.0, -2.4606 -0.6165 0.0, 0.2506 -0.952 0.0, 1.1516 1.0335 0.0, 2.2321 0.2362 0.0, 1.823 0.2362 0.0, 1.823 -0.7874 0.0, 1.1692 -1.5032 0.0, 2.2321 -0.7874 0.0, 2.3179 -0.7441 0.0, 1.7261 -0.737 0.0, -0.3695 -1.0341 0.0, -0.3236 -1.0928 0.0, -0.4154 -1.0224 0.0, 1.0039 0.8858 0.0, 0.9474 0.8971 0.0, 1.5192 -0.0626 0.0, 1.1083 0.9291 0.0, 1.1403 0.977 0.0, 0.3052 0.9291 0.0, 1.1516 2.2441 0.0, 2.4606 2.2441 0.0, 2.3179 0.1929 0.0, 2.4606 0.0654 0.0, 2.3948 0.1354 0.0, 0.8563 1.0335 0.0, 0.8675 0.977 0.0, 0.3484 1.0335 0.0, 0.8995 0.9291 0.0, 0.3372 0.977 0.0, 1.5712 0.0335 0.0, 0.75 2.0335 0.0, 0.75 2.2441 0.0, 0.8563 2.2441 0.0, 0.7388 1.977 0.0, 0.7068 1.9291 0.0, 0.6024 1.8858 0.0, 0.6589 1.8971 0.0, 0.5459 1.8971 0.0, 0.466 1.977 0.0, 0.498 1.9291 0.0, 0.3484 2.2441 0.0, 0.4547 2.2441 0.0, 0.4547 2.0335 0.0, 1.284 -0.952 0.0, -0.5188 -1.0224 0.0, -0.6221 -1.0928 0.0, -0.5647 -1.0341 0.0, 0.2506 -1.5032 0.0, -0.358 -0.9638 0.0, 0.7903 -1.081 0.0, 0.8018 -1.1397 0.0, 0.7214 -0.9872 0.0, 0.7673 -1.0341 0.0, 0.8018 -1.3156 0.0, 0.7903 -1.3742 0.0, 0.7673 -1.4211 0.0, 0.7214 -1.468 0.0, -0.2547 -1.0928 0.0, -0.1628 -1.5032 0.0, -0.2547 -1.3625 0.0, -0.0939 -1.21 0.0, 0.2046 -1.2804 0.0, -0.0939 -1.4329 0.0, -0.0939 -1.2804 0.0, 0.2506 -1.4329 0.0, -0.5188 -0.952 0.0, -1.4764 -0.2756 -0.0, -0.3351 -1.0576 0.0, -0.3121 -0.9872 0.0, -1.5712 -0.5847 -0.0, -1.6411 -0.6686 -0.0, -0.691 -1.3742 0.0, -1.1389 -1.5032 0.0, -0.7025 -1.3156 0.0, -0.5992 -1.0576 0.0, -0.6336 -1.1397 0.0, -0.3236 -1.3625 0.0, -0.6336 -1.3156 0.0, -0.6221 -1.3625 0.0, -0.5647 -1.4211 0.0, -0.5992 -1.3977 0.0, -0.5188 -1.4329 0.0, -0.4154 -1.4329 0.0, -0.358 -1.4915 0.0, -0.3121 -1.468 0.0, -0.3351 -1.3977 0.0, -0.3695 -1.4211 0.0, -0.2662 -1.4211 0.0, -0.4154 -1.5032 0.0, -0.5188 -1.5032 0.0, -0.5762 -1.4915 0.0, -0.6221 -1.468 0.0, -0.6681 -1.4211 0.0, -1.1389 -1.0224 0.0, -0.7025 -1.1397 0.0, -0.691 -1.081 0.0, -1.7261 -0.737 0.0, -0.6221 -0.9872 0.0, -0.5762 -0.9638 0.0, -0.2662 -1.0341 0.0, -1.823 -0.7874 0.0, 0.7329 -1.3156 0.0, 0.7214 -1.3625 0.0, 0.6984 -1.3977 0.0, 0.7329 -1.1397 0.0, 0.618 -1.0224 0.0, 0.664 -1.0341 0.0, 0.664 -1.4211 0.0, 0.6984 -1.0576 0.0, 0.7214 -1.0928 0.0, 0.618 -1.4329 0.0, 0.4113 -1.4329 0.0, 0.4113 -1.0224 0.0, 1.0199 -1.1397 0.0, 1.2266 -1.1397 0.0, 1.1233 -1.4563 0.0, 0.5119 1.943 0.0053, 0.4841 1.9845 0.0053, 0.4975 1.99 0.0197, 0.5589 1.9286 0.0197, 0.5534 1.9153 0.0053, 0.5221 1.9532 0.0197, 0.4941 2.0335 0.0394, 0.5024 1.9919 0.0394, 0.6458 1.9286 0.0197, 0.6513 1.9153 0.0053, 0.6024 1.9199 0.0197, 0.7206 1.9845 0.0053, 0.6826 1.9532 0.0197, 0.6928 1.943 0.0053, 0.7159 2.0335 0.0197, 0.7073 1.99 0.0197, 0.7023 1.9919 0.0394, 0.7303 2.0335 0.0053, 0.7106 2.0335 0.0394, 0.6024 1.9055 0.0053, 0.4888 2.0335 0.0197, 0.5255 1.9574 0.0394, 0.4744 2.0335 0.0053, 0.5604 1.9338 0.0394, 0.6018 1.9253 0.0394, 0.6433 1.9333 0.0394, 0.6786 1.9567 0.0394, 0.4941 2.0335 0.315, 0.5783 1.9279 0.315, 0.5048 1.9865 0.315, 0.5349 1.9488 0.315, 0.6999 1.9865 0.315, 0.6699 1.9488 0.315, 0.6265 1.9279 0.315, 0.7106 2.0335 0.315, 0.7159 2.3425 0.315, 0.4888 2.3425 0.315, 0.7303 2.3569 0.315, 0.4744 2.3569 0.315, 0.4941 2.3228 0.315, 0.5208 2.004 0.315, 0.6588 1.9725 0.315, 0.5459 1.9725 0.315, 0.6225 1.955 0.315, 0.5118 2.0433 0.315, 0.6839 2.0826 0.315, 0.6588 2.1141 0.315, 0.7106 2.3228 0.315, 0.75 2.3622 0.315, 0.4547 2.3622 0.315, 0.5822 1.955 0.315, 0.6839 2.004 0.315, 0.6929 2.0433 0.315, 0.6225 2.1316 0.315, 0.5822 2.1316 0.315, 0.5459 2.1141 0.315, 0.5208 2.0826 0.315, 0.8957 1.5748 0.315, 0.8957 2.3228 0.315, 1.1122 2.3228 0.315, 1.1319 2.3569 0.315, 0.8904 2.3425 0.315, 0.876 2.3569 0.315, 0.8563 2.3622 0.315, 1.1516 2.3622 0.315, 1.1175 2.3425 0.315, 1.1122 1.5748 0.315, 0.3484 2.3622 0.1181, 0.3484 2.3622 0.315, 2.4606 2.3622 0.1181, 1.1516 2.3622 0.1181, 0.4941 2.3622 0.7874, 0.3091 2.3622 0.7874, 0.7106 2.3622 0.7874, 0.8957 2.3622 0.7874, 0.0531 2.3622 0.315, -0.0531 2.3622 0.1181, -0.0531 2.3622 0.315, -0.4547 2.3622 0.1181, -0.4547 2.3622 0.315, -0.3484 2.3622 0.315, 0.0531 2.3622 0.1181, 0.0925 2.3622 0.7874, -0.0925 2.3622 0.7874, -0.8563 2.3622 0.1181, -0.8563 2.3622 0.315, -0.75 2.3622 0.315, -0.3484 2.3622 0.1181, -0.4941 2.3622 0.7874, -0.3091 2.3622 0.7874, -0.7106 2.3622 0.7874, -0.8957 2.3622 0.7874, -1.1516 2.3622 0.315, -1.1516 2.3622 0.1181, -2.4606 2.3622 0.1181, -0.75 2.3622 0.1181, -1.1122 2.3622 0.7874, 1.1122 2.3622 0.7874, 0.75 2.3622 0.1181, 0.8563 2.3622 0.1181, 0.7106 2.3622 1.9685, 0.8957 2.3622 1.9685, 0.4547 2.3622 0.1181, -1.1122 2.3622 1.9685, 0.4941 2.3622 1.9685, 2.4606 2.3622 4.4094, -2.4606 2.3622 4.4094, -0.8957 2.3622 1.9685, 1.1122 2.3622 1.9685, 0.3091 2.3622 1.9685, 0.0925 2.3622 1.9685, -0.0925 2.3622 1.9685, -0.4941 2.3622 1.9685, -0.3091 2.3622 1.9685, -0.7106 2.3622 1.9685, -1.1122 1.5748 0.7874, -0.8957 1.6929 0.7874, -1.1122 1.6929 0.7874, -0.0925 -0.2362 0.7874, 0.0531 1.5748 0.7874, -0.0531 1.5748 0.7874, -1.1122 -2.2047 0.7874, -1.1516 1.5748 0.7874, -1.9685 -2.2047 0.7874, -0.3484 1.5748 0.7874, -0.4941 -0.2362 0.7874, -0.3091 -0.2362 0.7874, -0.8563 1.5748 0.7874, -0.8957 1.5748 0.7874, -1.9685 1.5748 0.7874, -0.4941 1.5748 0.7874, -0.4547 1.5748 0.7874, -0.4941 1.6929 0.7874, -0.7106 1.6929 0.7874, -0.0925 1.5748 0.7874, -0.7106 1.5748 0.7874, -0.0925 1.6929 0.7874, -0.3091 1.6929 0.7874, 0.0925 -0.2362 0.7874, 0.0925 1.5748 0.7874, 0.3484 1.5748 0.7874, 0.3091 1.5748 0.7874, 0.3091 -0.2362 0.7874, -0.3091 1.5748 0.7874, 0.3091 1.6929 0.7874, 0.0925 1.6929 0.7874, 0.4547 1.5748 0.7874, 0.4941 -0.2362 0.7874, 0.7106 1.5748 0.7874, 0.7106 1.6929 0.7874, 0.4941 1.5748 0.7874, 0.4941 1.6929 0.7874, 0.7106 -0.2362 0.7874, 0.75 1.5748 0.7874, 1.1122 1.5748 0.7874, 1.1122 1.6929 0.7874, 0.8957 1.5748 0.7874, 0.8563 1.5748 0.7874, 0.8957 -0.2362 0.7874, 0.8957 1.6929 0.7874, 1.1122 -2.2047 0.7874, 1.1516 1.5748 0.7874, 1.9685 1.5748 0.7874, 1.9685 -2.2047 0.7874, -0.75 1.5748 0.7874, -0.7106 -0.2362 0.7874, -0.8957 -0.2362 0.7874, -0.8957 -0.3636 0.7225, -0.7106 -0.3288 0.7573, -0.8957 -0.3288 0.7573, -0.8957 -0.2849 0.7797, -0.7106 -0.2849 0.7797, -0.7106 -0.3636 0.7225, -0.8957 -0.386 0.6786, -0.7106 -0.386 0.6786, -0.8957 -0.3937 0.6299, -0.7106 -0.3937 0.6299, -0.7106 1.0335 0.315, -0.7106 1.5748 0.315, -0.7106 2.2441 0.0394, -0.7106 2.3002 0.063, -0.7106 2.3166 0.0876, -0.7106 2.3228 0.1181, -0.7106 2.3228 0.315, -0.7106 2.2746 0.0456, -0.7106 1.0335 0.0394, -0.7106 -0.3937 0.315, -0.6265 0.9279 0.315, -0.5783 0.9279 0.315, -0.603 0.9253 0.0394, -0.5261 0.9567 0.0394, -0.5614 0.9333 0.0394, -0.5349 0.9488 0.315, -0.5048 0.9865 0.315, -0.5024 0.9919 0.0394, -0.4941 1.0335 0.315, -0.4941 1.0335 0.0394, -0.6443 0.9338 0.0394, -0.6699 0.9488 0.315, -0.6792 0.9574 0.0394, -0.7023 0.9919 0.0394, -0.6999 0.9865 0.315, -0.6928 0.943 0.0053, -0.7206 0.9845 0.0053, -0.7073 0.99 0.0197, -0.6458 0.9286 0.0197, -0.6513 0.9153 0.0053, -0.6826 0.9532 0.0197, -0.5589 0.9286 0.0197, -0.5534 0.9153 0.0053, -0.6024 0.9199 0.0197, -0.4841 0.9845 0.0053, -0.5221 0.9532 0.0197, -0.5119 0.943 0.0053, -0.4888 1.0335 0.0197, -0.4975 0.99 0.0197, -0.4744 1.0335 0.0053, -0.6024 0.9055 0.0053, -0.7159 1.0335 0.0197, -0.7303 1.0335 0.0053, -0.7303 2.2441 0.0053, -0.7159 2.2441 0.0197, -0.7159 2.2818 0.0272, -0.7159 2.335 0.0804, -0.7303 2.3483 0.0749, -0.7303 2.3569 0.1181, -0.7159 2.3137 0.0485, -0.7159 2.3425 0.1181, -0.75 2.2893 0.009, -0.75 2.3276 0.0346, -0.7303 2.2873 0.0139, -0.75 2.3532 0.0729, -0.7303 2.3239 0.0383, -0.8563 2.3276 0.0346, -0.8563 2.2893 0.009, -0.8563 2.3532 0.0729, -2.4606 2.3276 0.0346, -1.1516 2.3276 0.0346, -1.1516 2.2893 0.009, -2.4606 2.2893 0.009, -2.4606 2.3532 0.0729, -1.1516 2.3532 0.0729, -0.0531 2.3276 0.0346, 0.0531 2.3276 0.0346, 0.0531 2.2893 0.009, -0.0531 2.2893 0.009, -0.0531 2.3532 0.0729, 0.0531 2.3532 0.0729, -0.4547 2.3276 0.0346, -0.3484 2.3276 0.0346, -0.3484 2.2893 0.009, -0.4547 2.2893 0.009, -0.4547 2.3532 0.0729, -0.3484 2.3532 0.0729, 1.1516 2.3532 0.0729, 2.4606 2.3461 0.0587, 1.1516 2.3276 0.0346, 2.4606 2.3581 0.0872, 2.4606 2.3276 0.0346, 2.4606 2.3028 0.0157, 1.1516 2.2893 0.009, 2.4606 2.275 0.0041, 0.75 2.3276 0.0346, 0.8563 2.3276 0.0346, 0.8563 2.2893 0.009, 0.75 2.2893 0.009, 0.75 2.3532 0.0729, 0.8563 2.3532 0.0729, 0.3484 2.3276 0.0346, 0.4547 2.3276 0.0346, 0.4547 2.2893 0.009, 0.3484 2.2893 0.009, 0.3484 2.3532 0.0729, 0.4547 2.3532 0.0729, -0.876 2.3239 0.0383, -0.8957 2.2441 0.0394, -0.8957 2.2746 0.0456, -0.8904 2.2818 0.0272, -0.8904 2.335 0.0804, -0.876 2.3483 0.0749, -0.8904 2.3137 0.0485, -0.8904 2.3425 0.1181, -0.876 2.3569 0.1181, -0.8957 2.3166 0.0876, -0.8957 2.3228 0.1181, -0.876 2.2873 0.0139, -0.876 2.2441 0.0053, -0.8904 2.2441 0.0197, -0.8957 2.2992 0.062, -0.876 2.3569 0.315, -0.8957 2.3228 0.315, -0.8904 2.3425 0.315, -0.8957 2.0335 0.0394, -0.8957 2.0335 0.315, -1.1039 1.9919 0.0394, -1.1122 2.0335 0.0394, -1.1122 2.0335 0.315, -1.0045 1.9253 0.0394, -1.0459 1.9338 0.0394, -1.028 1.9279 0.315, -1.0808 1.9574 0.0394, -1.1015 1.9865 0.315, -1.0714 1.9488 0.315, -0.9064 1.9865 0.315, -0.9277 1.9567 0.0394, -0.9364 1.9488 0.315, -0.9798 1.9279 0.315, -0.963 1.9333 0.0394, -0.904 1.9919 0.0394, -1.1175 2.3425 0.315, -1.1319 2.3569 0.315, -1.1122 2.3228 0.315, -1.0855 2.004 0.315, -0.9475 1.9725 0.315, -1.0604 1.9725 0.315, -0.9838 1.955 0.315, -1.0945 2.0433 0.315, -0.9224 2.0826 0.315, -0.9475 2.1141 0.315, -1.0241 1.955 0.315, -0.9224 2.004 0.315, -0.9134 2.0433 0.315, -0.9838 2.1316 0.315, -1.0241 2.1316 0.315, -1.0604 2.1141 0.315, -1.0855 2.0826 0.315, -0.4941 2.3228 0.315, -0.4744 2.3569 0.315, -0.7159 2.3425 0.315, -0.7303 2.3569 0.315, -0.4888 2.3425 0.315, -0.4941 1.5748 0.315, -1.1319 2.3569 0.1181, -1.1122 2.3228 0.1181, -1.1175 2.3425 0.1181, -1.1122 2.3002 0.063, -1.1122 2.2441 0.0394, -1.1122 2.2746 0.0456, -1.1122 2.3166 0.0876, -1.1175 2.2818 0.0272, -1.1175 2.335 0.0804, -1.1319 2.3483 0.0749, -1.1175 2.3137 0.0485, -1.1319 2.2873 0.0139, -1.1175 2.2441 0.0197, -1.1319 2.2441 0.0053, -1.1319 2.3239 0.0383, -1.1319 2.0335 0.0053, -1.1175 2.0335 0.0197, -1.0944 1.943 0.0053, -1.1221 1.9845 0.0053, -1.1088 1.99 0.0197, -1.0474 1.9286 0.0197, -1.0529 1.9153 0.0053, -1.0842 1.9532 0.0197, -0.9605 1.9286 0.0197, -0.955 1.9153 0.0053, -1.0039 1.9199 0.0197, -0.8857 1.9845 0.0053, -0.9236 1.9532 0.0197, -0.9135 1.943 0.0053, -0.8904 2.0335 0.0197, -0.899 1.99 0.0197, -0.876 2.0335 0.0053, -1.0039 1.9055 0.0053, -0.4941 2.2441 0.0394, -0.4941 2.2992 0.062, -0.4941 2.2746 0.0456, -0.4941 -0.3288 0.7573, -0.4941 -0.2849 0.7797, -0.4941 2.3166 0.0876, -0.4941 2.3228 0.1181, -0.4941 -0.3636 0.7225, -0.4941 -0.3937 0.6299, -0.4941 -0.386 0.6786, -0.4941 -0.3937 0.315, -0.4888 2.2441 0.0197, -0.4744 2.2441 0.0053, -0.4744 2.3239 0.0383, -0.4888 2.2818 0.0272, -0.4888 2.335 0.0804, -0.4744 2.3483 0.0749, -0.4888 2.3137 0.0485, -0.4888 2.3425 0.1181, -0.4744 2.3569 0.1181, -0.4744 2.2873 0.0139, -0.8957 1.5748 0.315, -1.1122 1.5748 0.315, -0.0925 1.5748 0.315, -0.3091 1.5748 0.315, 0.7106 1.5748 0.315, 0.4941 1.5748 0.315, 0.3091 1.5748 0.315, 0.0925 1.5748 0.315, -1.9685 1.5748 2.6772, -1.6732 1.5748 1.9685, -1.1516 1.5748 1.9685, -1.6732 1.5748 2.6772, -0.8563 1.5748 1.9685, -0.75 1.5748 1.9685, -0.4547 1.5748 1.9685, -0.3484 1.5748 1.9685, -0.0531 1.5748 1.9685, 0.0531 1.5748 1.9685, 0.3484 1.5748 1.9685, 0.4547 1.5748 1.9685, 0.75 1.5748 1.9685, 0.8563 1.5748 1.9685, 1.6732 1.5748 1.9685, 1.9685 1.5748 2.6772, 1.6732 1.5748 2.6772, 1.1516 1.5748 1.9685, 1.1516 1.5748 1.9685
            ]
        }
        coordIndex [
            0,1,2,-1,3,4,5,-1,6,7,8,-1,9,10,11,-1,12,13,14,-1,15,16,17,-1,18,19,20,-1,21,22,23,-1,24,22,16,-1,22,24,23,-1,25,26,27,-1,21,23,9,-1,28,11,29,-1,4,3,30,-1,28,31,25,-1,26,25,31,-1,28,29,32,-1,28,32,31,-1,33,34,9,-1,9,34,10,-1,33,9,35,-1,9,11,28,-1,36,35,37,-1,33,35,36,-1,38,39,40,-1,9,28,21,-1,41,42,43,-1,16,44,24,-1,42,5,43,-1,4,30,45,-1,46,47,48,-1,30,49,45,-1,50,51,52,-1,38,40,53,-1,38,54,50,-1,51,50,54,-1,38,53,55,-1,38,55,54,-1,56,57,58,-1,57,39,38,-1,59,60,58,-1,58,60,61,-1,62,58,63,-1,56,58,62,-1,64,65,66,-1,49,38,45,-1,67,58,49,-1,59,58,67,-1,57,38,49,-1,49,58,57,-1,4,43,5,-1,68,69,70,-1,41,71,42,-1,16,15,44,-1,72,41,44,-1,73,74,75,-1,76,77,78,-1,79,80,81,-1,12,82,83,-1,84,85,86,-1,87,66,6,-1,20,88,18,-1,48,47,89,-1,89,47,90,-1,90,47,91,-1,6,92,17,-1,93,94,95,-1,7,6,17,-1,96,75,97,-1,98,99,75,-1,75,99,73,-1,84,100,96,-1,75,96,98,-1,82,12,20,-1,101,102,103,-1,8,18,6,-1,0,104,1,-1,8,105,106,-1,107,95,2,-1,107,108,95,-1,1,107,2,-1,95,108,93,-1,109,105,7,-1,110,111,93,-1,94,111,112,-1,111,94,93,-1,113,114,111,-1,114,112,111,-1,115,116,117,-1,109,118,105,-1,119,116,118,-1,8,7,105,-1,106,104,120,-1,104,0,120,-1,106,105,104,-1,109,119,118,-1,119,117,116,-1,121,122,123,-1,123,124,121,-1,115,125,124,-1,123,115,124,-1,115,126,127,-1,125,115,127,-1,128,126,117,-1,115,117,126,-1,129,130,117,-1,117,130,128,-1,131,129,117,-1,132,133,131,-1,131,133,129,-1,12,83,134,-1,82,20,19,-1,103,102,135,-1,134,85,84,-1,100,84,86,-1,83,85,134,-1,12,134,13,-1,97,84,96,-1,81,97,75,-1,135,136,137,-1,87,75,138,-1,15,139,72,-1,140,20,141,-1,8,19,18,-1,142,88,20,-1,20,140,143,-1,20,143,142,-1,81,141,20,-1,144,141,81,-1,145,144,81,-1,146,145,81,-1,147,146,81,-1,80,147,81,-1,87,79,75,-1,81,75,79,-1,148,149,150,-1,64,66,151,-1,152,153,154,-1,66,65,6,-1,152,66,87,-1,87,155,152,-1,87,138,155,-1,152,155,153,-1,138,75,149,-1,75,47,149,-1,156,157,71,-1,69,157,77,-1,17,92,15,-1,6,65,92,-1,150,102,148,-1,158,102,101,-1,139,15,159,-1,160,70,161,-1,44,15,72,-1,160,68,70,-1,162,163,164,-1,165,137,136,-1,166,136,135,-1,135,102,166,-1,166,167,168,-1,169,170,171,-1,172,170,169,-1,172,169,168,-1,173,172,167,-1,148,15,149,-1,149,174,175,-1,176,177,167,-1,178,149,175,-1,173,167,177,-1,168,167,172,-1,167,166,102,-1,149,178,150,-1,102,150,167,-1,149,179,174,-1,149,47,179,-1,47,180,179,-1,180,163,181,-1,182,163,183,-1,181,163,182,-1,163,184,164,-1,164,184,185,-1,186,76,78,-1,70,187,161,-1,78,77,188,-1,188,77,189,-1,77,156,189,-1,156,77,157,-1,71,41,156,-1,41,72,156,-1,15,190,159,-1,15,148,190,-1,191,187,70,-1,76,185,184,-1,69,77,70,-1,186,185,76,-1,70,46,191,-1,183,163,162,-1,47,163,180,-1,48,191,46,-1,47,46,163,-1,192,193,194,-1,195,196,197,-1,192,194,198,-1,195,199,200,-1,197,199,195,-1,195,192,196,-1,201,196,192,-1,202,203,201,-1,192,198,201,-1,201,203,196,-1,204,205,206,-1,207,208,209,-1,210,211,212,-1,209,213,214,-1,211,207,212,-1,215,216,217,-1,121,124,218,-1,219,220,215,-1,221,222,223,-1,222,224,218,-1,225,221,223,-1,124,125,220,-1,218,219,222,-1,216,125,127,-1,218,220,219,-1,210,217,226,-1,211,210,226,-1,209,208,227,-1,228,212,214,-1,133,229,129,-1,229,227,208,-1,208,129,229,-1,213,209,227,-1,207,209,212,-1,130,129,208,-1,214,212,209,-1,210,228,230,-1,128,130,207,-1,208,207,130,-1,228,210,212,-1,217,230,231,-1,126,128,211,-1,207,211,128,-1,230,217,210,-1,215,231,232,-1,127,126,226,-1,211,226,126,-1,231,215,217,-1,219,232,233,-1,127,226,216,-1,217,216,226,-1,232,219,215,-1,233,223,222,-1,125,216,220,-1,215,220,216,-1,222,219,233,-1,221,224,222,-1,121,218,224,-1,124,220,218,-1,214,213,234,-1,231,230,235,-1,228,236,237,-1,238,233,239,-1,240,239,232,-1,223,238,241,-1,238,223,233,-1,225,223,241,-1,232,231,240,-1,239,233,232,-1,235,230,237,-1,240,231,235,-1,228,214,236,-1,230,228,237,-1,234,236,214,-1,242,243,244,-1,244,243,245,-1,246,243,242,-1,236,234,247,-1,240,248,239,-1,249,235,237,-1,240,235,250,-1,237,247,249,-1,247,234,251,-1,252,253,254,-1,245,255,244,-1,254,246,242,-1,245,256,255,-1,235,257,250,-1,238,258,241,-1,237,236,247,-1,235,249,257,-1,250,248,240,-1,248,258,239,-1,239,258,238,-1,241,259,252,-1,241,258,259,-1,241,252,254,-1,254,260,261,-1,253,260,254,-1,262,246,261,-1,254,261,246,-1,263,251,234,-1,234,246,263,-1,246,262,263,-1,264,265,266,-1,267,268,269,-1,269,270,271,-1,269,271,267,-1,267,272,268,-1,268,272,265,-1,264,266,273,-1,265,272,266,-1,256,274,275,-1,276,277,271,-1,278,275,279,-1,255,280,281,-1,282,283,284,-1,285,286,287,-1,282,288,283,-1,289,282,284,-1,290,289,284,-1,291,292,293,-1,287,294,285,-1,295,296,286,-1,297,292,298,-1,299,300,301,-1,293,302,291,-1,292,299,298,-1,299,303,298,-1,270,255,281,-1,304,271,270,-1,278,280,256,-1,255,270,305,-1,305,270,306,-1,282,289,279,-1,280,307,308,-1,274,256,309,-1,301,303,299,-1,301,310,303,-1,275,278,256,-1,307,311,312,-1,270,281,304,-1,301,313,310,-1,313,314,310,-1,271,304,276,-1,276,304,315,-1,308,312,315,-1,276,315,312,-1,307,312,308,-1,280,308,281,-1,316,311,279,-1,287,296,290,-1,256,280,255,-1,311,316,312,-1,312,316,317,-1,279,311,278,-1,318,317,290,-1,296,287,286,-1,282,279,275,-1,312,317,318,-1,313,312,318,-1,290,317,289,-1,319,320,295,-1,295,293,297,-1,287,290,284,-1,320,313,318,-1,319,313,320,-1,295,320,296,-1,321,298,314,-1,292,297,293,-1,293,295,286,-1,321,313,319,-1,314,313,321,-1,298,321,297,-1,322,323,324,-1,325,326,327,-1,328,329,330,-1,331,332,333,-1,334,323,335,-1,329,336,330,-1,328,322,329,-1,322,324,329,-1,298,303,324,-1,337,338,339,-1,298,324,323,-1,323,322,335,-1,339,295,340,-1,327,341,325,-1,337,339,342,-1,343,290,344,-1,340,295,297,-1,326,345,346,-1,327,343,341,-1,347,348,349,-1,341,343,350,-1,351,279,352,-1,344,290,296,-1,349,353,347,-1,347,351,348,-1,353,349,354,-1,348,351,346,-1,355,356,357,-1,352,279,289,-1,354,357,353,-1,356,280,358,-1,355,359,360,-1,356,355,360,-1,361,362,363,-1,358,280,278,-1,364,365,363,-1,362,304,366,-1,367,368,361,-1,362,361,368,-1,366,304,281,-1,367,369,368,-1,370,369,367,-1,359,365,364,-1,362,366,363,-1,364,363,366,-1,364,360,359,-1,345,326,325,-1,356,358,357,-1,353,357,358,-1,333,350,331,-1,332,331,338,-1,351,352,346,-1,326,346,352,-1,338,337,332,-1,342,371,372,-1,343,344,350,-1,331,350,344,-1,371,373,372,-1,334,373,371,-1,339,340,342,-1,371,342,340,-1,373,334,335,-1,374,375,376,-1,377,376,378,-1,375,378,376,-1,372,373,377,-1,377,378,372,-1,375,374,379,-1,379,380,381,-1,380,379,374,-1,380,382,381,-1,381,382,383,-1,381,372,379,-1,375,379,372,-1,375,372,378,-1,342,372,383,-1,372,381,383,-1,384,385,342,-1,384,342,383,-1,386,387,388,-1,385,389,390,-1,389,386,388,-1,391,387,386,-1,392,386,389,-1,392,389,385,-1,385,384,392,-1,393,384,383,-1,394,395,396,-1,397,398,399,-1,396,395,398,-1,397,399,400,-1,400,401,397,-1,395,399,398,-1,401,400,402,-1,401,402,403,-1,394,396,404,-1,405,404,406,-1,404,405,394,-1,406,407,408,-1,408,405,406,-1,408,407,384,-1,407,392,384,-1,409,410,411,-1,412,413,414,-1,411,392,407,-1,413,409,414,-1,415,416,417,-1,9,23,418,-1,419,420,415,-1,421,422,401,-1,422,423,418,-1,403,421,401,-1,23,24,420,-1,418,419,422,-1,416,24,44,-1,418,420,419,-1,412,417,424,-1,413,412,424,-1,411,410,425,-1,406,414,407,-1,38,426,45,-1,426,425,410,-1,410,45,426,-1,392,411,425,-1,409,411,414,-1,4,45,410,-1,407,414,411,-1,412,406,404,-1,43,4,409,-1,410,409,4,-1,406,412,414,-1,417,404,396,-1,41,43,413,-1,409,413,43,-1,404,417,412,-1,415,396,398,-1,44,41,424,-1,413,424,41,-1,396,415,417,-1,419,398,397,-1,44,424,416,-1,417,416,424,-1,398,419,415,-1,397,401,422,-1,24,416,420,-1,415,420,416,-1,422,419,397,-1,421,423,422,-1,9,418,423,-1,23,420,418,-1,426,427,428,-1,386,392,425,-1,425,426,428,-1,38,50,427,-1,38,427,426,-1,386,425,428,-1,429,391,386,-1,430,431,432,-1,433,430,387,-1,389,388,434,-1,435,436,437,-1,428,427,437,-1,428,429,386,-1,437,429,428,-1,434,430,432,-1,427,50,435,-1,432,431,302,-1,434,388,430,-1,435,437,427,-1,438,302,431,-1,437,436,439,-1,391,429,433,-1,437,439,429,-1,436,438,439,-1,391,433,387,-1,429,439,433,-1,439,438,431,-1,433,439,431,-1,387,430,388,-1,433,431,430,-1,440,436,435,-1,50,441,435,-1,440,435,441,-1,52,441,50,-1,442,436,440,-1,438,442,291,-1,442,438,436,-1,438,291,302,-1,443,444,445,-1,63,446,445,-1,443,445,446,-1,58,446,63,-1,447,444,443,-1,448,447,301,-1,447,448,444,-1,448,301,300,-1,449,450,451,-1,25,452,451,-1,449,451,452,-1,27,452,25,-1,453,450,449,-1,454,453,283,-1,453,454,450,-1,454,283,288,-1,455,456,457,-1,37,458,457,-1,455,457,458,-1,35,458,37,-1,459,456,455,-1,460,459,285,-1,459,460,456,-1,460,285,294,-1,461,462,463,-1,461,277,464,-1,464,462,461,-1,277,276,464,-1,465,463,462,-1,463,466,467,-1,466,463,465,-1,110,467,468,-1,466,468,467,-1,110,468,111,-1,469,470,471,-1,123,472,471,-1,469,471,472,-1,122,472,123,-1,473,470,469,-1,474,473,305,-1,473,474,470,-1,474,305,306,-1,475,476,477,-1,132,478,477,-1,475,477,478,-1,131,478,132,-1,479,476,475,-1,480,479,274,-1,479,480,476,-1,480,274,309,-1,481,442,440,-1,482,483,484,-1,485,486,487,-1,485,488,489,-1,488,485,490,-1,491,488,490,-1,486,481,487,-1,442,486,291,-1,492,493,494,-1,487,483,495,-1,52,493,441,-1,492,494,484,-1,493,492,441,-1,482,484,494,-1,481,484,487,-1,440,441,492,-1,483,487,484,-1,490,485,495,-1,440,492,481,-1,484,481,492,-1,495,485,487,-1,485,489,486,-1,291,486,489,-1,481,486,442,-1,496,489,488,-1,491,497,498,-1,498,496,488,-1,292,291,489,-1,292,489,496,-1,491,498,488,-1,482,495,483,-1,482,499,500,-1,490,495,482,-1,490,482,491,-1,497,491,500,-1,491,482,500,-1,501,502,503,-1,504,505,506,-1,507,508,509,-1,510,511,512,-1,513,512,514,-1,515,510,500,-1,510,515,511,-1,499,515,500,-1,514,504,513,-1,512,511,514,-1,506,505,509,-1,513,504,506,-1,507,501,508,-1,505,507,509,-1,503,508,501,-1,498,516,496,-1,496,516,517,-1,518,516,498,-1,508,503,519,-1,513,520,512,-1,521,506,509,-1,513,506,522,-1,509,519,521,-1,519,503,523,-1,524,525,497,-1,517,292,496,-1,497,518,498,-1,517,299,292,-1,506,526,522,-1,510,527,500,-1,509,508,519,-1,506,521,526,-1,522,520,513,-1,520,527,512,-1,512,527,510,-1,500,528,524,-1,500,527,528,-1,500,524,497,-1,497,529,530,-1,525,529,497,-1,531,518,530,-1,497,530,518,-1,532,523,503,-1,503,518,532,-1,518,531,532,-1,385,390,533,-1,534,535,536,-1,536,293,286,-1,536,286,534,-1,534,537,535,-1,535,537,390,-1,385,533,538,-1,390,537,533,-1,539,517,516,-1,518,540,541,-1,541,539,516,-1,300,299,517,-1,300,517,539,-1,518,541,516,-1,542,543,544,-1,543,545,540,-1,542,545,543,-1,503,502,543,-1,540,503,543,-1,540,518,503,-1,546,544,543,-1,547,548,539,-1,549,547,542,-1,540,545,541,-1,445,444,550,-1,551,552,550,-1,551,546,543,-1,550,546,551,-1,541,547,539,-1,552,63,445,-1,539,548,300,-1,541,545,547,-1,445,550,552,-1,448,300,548,-1,550,444,553,-1,544,546,549,-1,550,553,546,-1,444,448,553,-1,544,549,542,-1,546,553,549,-1,553,448,548,-1,549,553,548,-1,542,547,545,-1,549,548,547,-1,554,552,551,-1,543,502,555,-1,555,554,551,-1,62,63,552,-1,62,552,554,-1,543,555,551,-1,556,557,558,-1,559,560,561,-1,558,502,501,-1,560,556,561,-1,562,563,564,-1,51,54,565,-1,566,567,562,-1,568,569,515,-1,569,570,565,-1,499,568,515,-1,54,55,567,-1,565,566,569,-1,563,55,53,-1,565,567,566,-1,559,564,571,-1,560,559,571,-1,558,557,555,-1,507,561,501,-1,62,554,56,-1,554,555,557,-1,557,56,554,-1,502,558,555,-1,556,558,561,-1,57,56,557,-1,501,561,558,-1,559,507,505,-1,39,57,556,-1,557,556,57,-1,507,559,561,-1,564,505,504,-1,40,39,560,-1,556,560,39,-1,505,564,559,-1,562,504,514,-1,53,40,571,-1,560,571,40,-1,504,562,564,-1,566,514,511,-1,53,571,563,-1,564,563,571,-1,514,566,562,-1,511,515,569,-1,55,563,567,-1,562,567,563,-1,569,566,511,-1,568,570,569,-1,51,565,570,-1,54,567,565,-1,570,52,51,-1,499,482,494,-1,568,494,493,-1,570,568,493,-1,499,494,568,-1,52,570,493,-1,572,573,574,-1,332,575,576,-1,573,572,577,-1,577,572,578,-1,533,578,538,-1,578,572,538,-1,575,332,579,-1,580,581,332,-1,332,581,579,-1,402,580,337,-1,332,337,580,-1,582,580,402,-1,337,538,402,-1,538,403,402,-1,403,538,572,-1,423,35,9,-1,403,572,583,-1,421,583,584,-1,423,421,584,-1,403,583,421,-1,35,423,584,-1,585,459,455,-1,572,574,586,-1,587,588,589,-1,587,590,591,-1,590,587,577,-1,578,590,577,-1,588,585,589,-1,459,588,285,-1,592,584,583,-1,589,574,573,-1,35,584,458,-1,592,583,586,-1,584,592,458,-1,572,586,583,-1,585,586,589,-1,455,458,592,-1,574,589,586,-1,577,587,573,-1,455,592,585,-1,586,585,592,-1,573,587,589,-1,587,591,588,-1,285,588,591,-1,585,588,459,-1,534,591,590,-1,578,533,537,-1,537,534,590,-1,286,285,591,-1,286,591,534,-1,578,537,590,-1,322,593,335,-1,593,322,594,-1,350,595,341,-1,595,350,596,-1,357,597,355,-1,597,357,598,-1,342,538,337,-1,538,342,385,-1,346,599,348,-1,599,346,600,-1,363,273,361,-1,273,363,264,-1,601,336,602,-1,329,603,602,-1,601,602,604,-1,329,602,336,-1,605,371,606,-1,371,605,334,-1,607,331,608,-1,331,607,338,-1,609,326,610,-1,326,609,327,-1,611,353,612,-1,353,611,347,-1,613,364,614,-1,364,613,360,-1,615,368,369,-1,616,617,615,-1,616,615,369,-1,368,615,618,-1,
        ]
    }
}
Shape{
    appearance Appearance {
        material  Material 	{
            diffuseColor 1.0 0.9098039215686274 0.403921568627451
            specularColor 0.7529411764705882 0.7529411764705882 0.7529411764705882
            ambientIntensity 0.2
            transparency 0
            shininess 0.5
        }
    }
    geometry IndexedFaceSet {
        ccw TRUE
        solid FALSE
        coord DEF co Coordinate {
            point [
                -0.8957 -0.3937 0.6299, -0.8957 1.5748 0.315, -0.8957 -0.3937 0.315, -0.8957 1.5748 0.7874, -0.8957 -0.386 0.6786, -0.8957 -0.2362 0.7874, -0.8957 -0.3636 0.7225, -0.8957 -0.3288 0.7573, -0.8957 -0.2849 0.7797, -0.8957 -0.2849 0.7797
            ]
        }
        coordIndex [
            0,1,2,-1,3,4,5,-1,0,3,1,-1,5,6,7,-1,5,7,8,-1,3,0,4,-1,6,5,4,-1,
        ]
    }
}
Shape{
    appearance Appearance {
        material  Material 	{
            diffuseColor 0.6549019607843137 0.6549019607843137 0.6549019607843137
            specularColor 0.7529411764705882 0.7529411764705882 0.7529411764705882
            ambientIntensity 0.2
            transparency 0
            shininess 0.5
        }
    }
    geometry IndexedFaceSet {
        ccw TRUE
        solid FALSE
        coord DEF co Coordinate {
            point [
                -0.8957 -0.3937 0.6299, -0.7106 -0.3937 0.315, -0.7106 -0.3937 0.6299, -0.8957 -0.3937 0.315, -0.4941 -0.3937 0.6299, -0.3091 -0.3937 0.315, -0.3091 -0.3937 0.6299, -0.4941 -0.3937 0.315, -0.0925 -0.3937 0.6299, 0.0925 -0.3937 0.315, 0.0925 -0.3937 0.6299, -0.0925 -0.3937 0.315, 0.3091 -0.3937 0.6299, 0.4941 -0.3937 0.315, 0.4941 -0.3937 0.6299, 0.3091 -0.3937 0.315, 0.7106 -0.3937 0.6299, 0.8957 -0.3937 0.315, 0.8957 -0.3937 0.6299, 0.7106 -0.3937 0.315, -1.1122 -2.3622 0.315, -1.1122 1.5748 0.315, -0.8957 1.5748 0.315, -0.5048 0.9865 0.315, -0.5349 0.9488 0.315, -0.5783 0.9279 0.315, -0.6999 0.9865 0.315, -0.7106 1.0335 0.315, -0.6265 0.9279 0.315, -0.6699 0.9488 0.315, -0.4941 1.0335 0.315, -0.0925 1.5748 0.315, -0.3091 1.5748 0.315, 0.2683 0.9488 0.315, 0.2983 0.9865 0.315, 0.2249 0.9279 0.315, 1.1122 -2.3622 0.315, 0.1032 0.9865 0.315, 0.0925 1.0335 0.315, 0.1767 0.9279 0.315, 0.1333 0.9488 0.315, 0.3091 1.0335 0.315, 0.7106 1.5748 0.315, 0.4941 1.5748 0.315, 1.1015 0.9865 0.315, 0.9064 0.9865 0.315, 0.8957 1.0335 0.315, 0.9798 0.9279 0.315, 0.9364 0.9488 0.315, 1.0714 0.9488 0.315, 1.028 0.9279 0.315, 1.1122 1.0335 0.315, 0.8957 -0.386 0.6786, 0.8957 -0.2362 0.7874, 0.8957 -0.3636 0.7225, 0.8957 -0.3288 0.7573, 0.8957 -0.2849 0.7797, 0.8957 1.5748 0.7874, 0.8957 1.5748 0.315, 0.8957 2.2441 0.0394, 0.8957 2.3002 0.063, 0.8957 2.3166 0.0876, 0.8957 2.3228 0.1181, 0.8957 2.3228 0.315, 0.8957 2.2746 0.0456, 0.8957 1.0335 0.0394, 1.0033 0.9253 0.0394, 1.0802 0.9567 0.0394, 1.0449 0.9333 0.0394, 1.1039 0.9919 0.0394, 1.1122 1.0335 0.0394, 0.962 0.9338 0.0394, 0.9271 0.9574 0.0394, 0.904 0.9919 0.0394, 0.9135 0.943 0.0053, 0.8857 0.9845 0.0053, 0.899 0.99 0.0197, 0.9605 0.9286 0.0197, 0.955 0.9153 0.0053, 0.9236 0.9532 0.0197, 1.0474 0.9286 0.0197, 1.0529 0.9153 0.0053, 1.0039 0.9199 0.0197, 1.1516 1.0335 0.0, 1.1403 0.977 0.0, 1.1221 0.9845 0.0053, 1.0842 0.9532 0.0197, 1.0944 0.943 0.0053, 1.1175 1.0335 0.0197, 1.1088 0.99 0.0197, 1.1319 1.0335 0.0053, 1.1083 0.9291 0.0, 1.0604 0.8971 0.0, 1.0039 0.9055 0.0053, 0.8904 1.0335 0.0197, 0.8563 1.0335 0.0, 0.876 1.0335 0.0053, 0.8675 0.977 0.0, 0.8995 0.9291 0.0, 0.9474 0.8971 0.0, 1.0039 0.8858 0.0, 0.876 2.2441 0.0053, 0.8904 2.2441 0.0197, 0.8563 2.2441 0.0, 0.8904 2.2818 0.0272, 0.8904 2.335 0.0804, 0.876 2.3483 0.0749, 0.876 2.3569 0.1181, 0.8904 2.3137 0.0485, 0.8904 2.3425 0.1181, 0.8563 2.2893 0.009, 0.8563 2.3276 0.0346, 0.876 2.2873 0.0139, 0.8563 2.3622 0.1181, 0.8563 2.3532 0.0729, 0.876 2.3239 0.0383, 0.876 2.3569 0.315, 0.8904 2.3425 0.315, 0.8563 2.3622 0.315, 1.1516 2.2441 0.0, 1.1122 2.2441 0.0394, 1.1175 2.2441 0.0197, 1.1319 2.2441 0.0053, 1.1319 2.3239 0.0383, 1.1516 2.3532 0.0729, 1.1516 2.3276 0.0346, 1.1122 2.2746 0.0456, 1.1175 2.2818 0.0272, 1.1175 2.335 0.0804, 1.1319 2.3483 0.0749, 1.1175 2.3137 0.0485, 1.1175 2.3425 0.1181, 1.1319 2.3569 0.1181, 1.1122 2.3166 0.0876, 1.1122 2.3228 0.1181, 1.1516 2.3622 0.1181, 1.1319 2.2873 0.0139, 1.1122 2.2992 0.062, 1.1516 2.2893 0.009, 1.1319 2.3569 0.315, 1.1122 2.3228 0.315, 1.1175 2.3425 0.315, 1.1516 2.3622 0.315, 1.1122 -2.3622 0.6299, 1.1122 1.5748 0.7874, 1.1122 1.5748 0.315, 1.1122 -2.2047 0.7874, 1.9685 -2.2047 0.7874, 2.126 -2.3622 0.6299, -1.9685 -2.2047 0.7874, -2.126 -2.3622 0.6299, -1.1122 -2.3622 0.6299, -1.1122 -2.2047 0.7874, 1.9685 -2.2047 3.4646, 2.126 -2.3622 3.622, -2.4606 -2.3622 0.1181, -2.126 -2.3622 3.622, -2.4606 -2.3622 4.4094, 0.7874 -2.3622 4.4094, 0.7874 -2.3622 4.2913, 1.8307 -2.3622 4.2913, -1.8307 -2.3622 3.622, -1.8307 -2.3622 4.2913, -0.7874 -2.3622 4.4094, -0.7874 -2.3622 4.2913, 2.4606 -2.3622 4.4094, 2.4606 -2.3622 0.1181, 1.8307 -2.3622 3.622, 1.6732 -2.2047 3.4646, 1.6732 0.5906 3.4646, 1.9685 0.5906 3.4646, 1.9685 0.5906 2.6772, 1.9685 1.5748 2.6772, 1.9685 1.5748 0.7874, 1.6732 0.5906 2.6772, 1.6732 1.5748 2.6772, 1.6732 -2.2047 4.1339, 1.6732 1.7323 4.1339, 1.6732 1.7323 1.9685, 1.6732 1.5748 1.9685, -1.1122 1.6929 1.9685, -1.1122 1.7323 1.9685, -1.6732 1.7323 1.9685, -1.6732 1.5748 1.9685, -1.1516 1.5748 1.9685, -0.7106 1.6929 1.9685, -0.7106 1.7323 1.9685, -0.8957 1.6929 1.9685, -0.8957 1.7323 1.9685, -0.8563 1.5748 1.9685, -0.75 1.5748 1.9685, -0.3091 1.6929 1.9685, -0.3091 1.7323 1.9685, -0.4941 1.6929 1.9685, -0.4941 1.7323 1.9685, -0.4547 1.5748 1.9685, -0.3484 1.5748 1.9685, 0.0925 1.6929 1.9685, 0.0925 1.7323 1.9685, -0.0925 1.6929 1.9685, -0.0925 1.7323 1.9685, -0.0531 1.5748 1.9685, 0.0531 1.5748 1.9685, 0.4941 1.6929 1.9685, 0.4941 1.7323 1.9685, 0.3091 1.6929 1.9685, 0.3091 1.7323 1.9685, 0.3484 1.5748 1.9685, 0.4547 1.5748 1.9685, 0.8957 1.6929 1.9685, 0.8957 1.7323 1.9685, 0.7106 1.6929 1.9685, 0.7106 1.7323 1.9685, 0.75 1.5748 1.9685, 0.8563 1.5748 1.9685, 1.2992 1.7323 1.9685, 1.1122 1.7323 1.9685, 1.1122 1.6929 1.9685, 1.4862 1.7323 1.9685, 1.1516 1.5748 1.9685, -1.6732 1.7323 4.1339, -1.6732 1.5748 2.6772, -1.6732 0.5906 3.4646, -1.6732 0.5906 2.6772, -1.6732 -2.2047 3.4646, -1.6732 -2.2047 4.1339, 1.2402 -0.2953 4.1339, 1.2402 -1.5748 4.1339, -0.7874 -2.2047 4.1339, -1.2402 -1.5748 4.1339, -0.7874 -1.5748 4.1339, -1.2402 -0.2953 4.1339, 0.7874 -2.2047 4.1339, 0.7874 -1.5748 4.1339, -0.8957 2.1522 1.9685, -1.1122 2.1522 1.9685, -1.1122 2.3622 1.9685, -1.1122 1.9423 1.9685, -1.0405 1.921 1.9685, -0.9836 1.9061 1.9684, -0.9674 1.921 1.9685, -0.8957 1.9423 1.9685, -0.8957 2.3622 1.9685, -1.0039 1.9001 1.9685, -1.0243 1.9061 1.9684, -0.8957 2.3622 0.7874, -0.8957 1.6929 0.7874, -0.8563 1.5748 0.7874, -1.1122 1.6929 0.7874, -1.1122 2.3622 0.7874, -1.1516 1.5748 0.7874, -1.1516 1.5748 0.7874
            ]
        }
        coordIndex [
            0,1,2,-1,1,0,3,-1,4,5,6,-1,5,4,7,-1,8,9,10,-1,9,8,11,-1,12,13,14,-1,13,12,15,-1,16,17,18,-1,17,16,19,-1,20,1,3,-1,21,3,22,-1,7,23,24,-1,21,20,3,-1,25,1,7,-1,1,20,7,-1,26,27,1,-1,28,29,1,-1,1,29,26,-1,25,7,24,-1,1,25,28,-1,30,23,7,-1,7,20,5,-1,11,31,5,-1,5,20,11,-1,31,32,5,-1,33,15,34,-1,11,20,9,-1,35,9,15,-1,20,36,9,-1,37,38,9,-1,39,40,9,-1,9,40,37,-1,35,15,33,-1,9,35,39,-1,41,34,15,-1,36,15,9,-1,19,42,13,-1,36,13,15,-1,42,43,13,-1,36,19,13,-1,36,44,17,-1,36,17,19,-1,17,45,46,-1,47,48,17,-1,17,48,45,-1,49,50,17,-1,17,50,47,-1,36,51,44,-1,17,44,49,-1,52,53,54,-1,55,54,53,-1,55,53,56,-1,57,53,18,-1,53,52,18,-1,46,58,57,-1,46,57,18,-1,59,60,61,-1,58,62,63,-1,62,59,61,-1,64,60,59,-1,65,59,62,-1,65,62,58,-1,58,46,65,-1,17,46,18,-1,47,50,66,-1,67,68,49,-1,66,50,68,-1,67,49,44,-1,44,69,67,-1,50,49,68,-1,69,44,51,-1,69,51,70,-1,47,66,71,-1,48,71,72,-1,71,48,47,-1,72,73,45,-1,45,48,72,-1,45,73,46,-1,73,65,46,-1,74,75,76,-1,77,78,79,-1,76,65,73,-1,78,74,79,-1,80,81,82,-1,83,84,85,-1,86,87,80,-1,88,89,69,-1,89,90,85,-1,70,88,69,-1,84,91,87,-1,85,86,89,-1,81,91,92,-1,85,87,86,-1,77,82,93,-1,78,77,93,-1,76,75,94,-1,72,79,73,-1,95,96,97,-1,96,94,75,-1,75,97,96,-1,65,76,94,-1,74,76,79,-1,98,97,75,-1,73,79,76,-1,77,72,71,-1,99,98,74,-1,75,74,98,-1,72,77,79,-1,82,71,66,-1,100,99,78,-1,74,78,99,-1,71,82,77,-1,80,66,68,-1,92,100,93,-1,78,93,100,-1,66,80,82,-1,86,68,67,-1,92,93,81,-1,82,81,93,-1,68,86,80,-1,67,69,89,-1,91,81,87,-1,80,87,81,-1,89,86,67,-1,88,90,89,-1,83,85,90,-1,84,87,85,-1,96,101,102,-1,59,65,94,-1,94,96,102,-1,95,103,101,-1,95,101,96,-1,59,94,102,-1,104,64,59,-1,105,106,107,-1,108,105,60,-1,62,61,109,-1,110,111,112,-1,102,101,112,-1,102,104,59,-1,112,104,102,-1,109,105,107,-1,101,103,110,-1,107,106,113,-1,109,61,105,-1,110,112,101,-1,114,113,106,-1,112,111,115,-1,64,104,108,-1,112,115,104,-1,111,114,115,-1,64,108,60,-1,104,115,108,-1,115,114,106,-1,108,115,106,-1,60,105,61,-1,108,106,105,-1,107,116,117,-1,63,62,109,-1,109,107,117,-1,113,118,116,-1,113,116,107,-1,63,109,117,-1,90,119,83,-1,70,120,121,-1,88,121,122,-1,90,88,122,-1,70,121,88,-1,119,90,122,-1,123,124,125,-1,120,126,127,-1,128,129,130,-1,128,131,132,-1,131,128,133,-1,134,131,133,-1,129,123,130,-1,124,129,135,-1,136,122,121,-1,130,126,137,-1,119,122,138,-1,136,121,127,-1,122,136,138,-1,120,127,121,-1,123,127,130,-1,125,138,136,-1,126,130,127,-1,133,128,137,-1,125,136,123,-1,127,123,136,-1,137,128,130,-1,128,132,129,-1,135,129,132,-1,123,129,124,-1,139,132,131,-1,134,140,141,-1,141,139,131,-1,142,135,132,-1,142,132,139,-1,134,141,131,-1,143,144,51,-1,120,133,137,-1,120,137,126,-1,134,133,70,-1,140,134,145,-1,51,145,70,-1,144,143,146,-1,36,143,51,-1,144,145,51,-1,70,145,134,-1,120,70,133,-1,143,147,146,-1,147,143,148,-1,149,150,151,-1,149,151,152,-1,148,153,147,-1,153,148,154,-1,20,150,155,-1,156,157,155,-1,20,151,150,-1,158,159,160,-1,156,161,162,-1,155,150,156,-1,148,143,36,-1,162,157,156,-1,163,162,164,-1,163,157,162,-1,158,160,165,-1,155,166,20,-1,154,148,166,-1,166,165,154,-1,160,167,154,-1,160,154,165,-1,148,36,166,-1,20,166,36,-1,153,167,168,-1,167,153,154,-1,153,168,169,-1,169,170,153,-1,171,172,173,-1,171,173,147,-1,153,171,147,-1,171,153,170,-1,172,171,174,-1,172,174,175,-1,169,168,176,-1,174,169,175,-1,176,177,169,-1,175,169,177,-1,175,178,179,-1,178,175,177,-1,180,181,182,-1,180,182,183,-1,180,183,184,-1,185,186,187,-1,188,187,186,-1,185,189,190,-1,185,187,189,-1,191,192,193,-1,194,193,192,-1,191,195,196,-1,191,193,195,-1,197,198,199,-1,200,199,198,-1,197,201,202,-1,197,199,201,-1,203,204,205,-1,206,205,204,-1,203,207,208,-1,203,205,207,-1,209,210,211,-1,212,211,210,-1,209,213,214,-1,209,211,213,-1,215,216,217,-1,218,179,178,-1,217,218,215,-1,219,179,218,-1,218,217,219,-1,182,220,221,-1,221,222,223,-1,182,221,183,-1,220,222,221,-1,224,222,225,-1,225,222,220,-1,220,177,226,-1,227,226,176,-1,228,229,230,-1,231,220,226,-1,228,225,229,-1,225,231,229,-1,225,220,231,-1,176,226,177,-1,232,227,176,-1,233,227,232,-1,188,186,220,-1,188,220,181,-1,194,220,186,-1,192,220,194,-1,200,220,192,-1,198,220,200,-1,198,177,220,-1,198,206,177,-1,206,204,177,-1,204,212,177,-1,212,210,177,-1,177,216,215,-1,210,216,177,-1,215,218,177,-1,218,178,177,-1,181,220,182,-1,234,235,236,-1,181,237,238,-1,188,239,240,-1,188,240,241,-1,236,242,234,-1,234,240,235,-1,240,234,241,-1,239,188,243,-1,235,240,238,-1,181,243,188,-1,181,238,244,-1,181,244,243,-1,235,238,237,-1,234,245,241,-1,234,242,245,-1,241,245,246,-1,241,246,188,-1,188,246,187,-1,187,246,247,-1,187,247,189,-1,181,180,248,-1,237,181,248,-1,249,235,237,-1,237,248,249,-1,249,236,235,-1,184,248,180,-1,248,184,250,-1,
        ]
    }
}
Shape{
    appearance Appearance {
        material  Material 	{
            diffuseColor 0.4392156862745098 0.3215686274509804 0.10588235294117647
            specularColor 0.7529411764705882 0.7529411764705882 0.7529411764705882
            ambientIntensity 0.2
            transparency 0
            shininess 0.5
        }
    }
    geometry IndexedFaceSet {
        ccw TRUE
        solid FALSE
        coord DEF co Coordinate {
            point [
                -0.9674 1.921 1.9685, -1.0731 1.93 1.9458, -1.0405 1.921 1.9685, -0.9153 1.9583 1.8741, -1.0754 1.9719 1.8397, -1.0925 1.9583 1.8741, -0.9642 1.9814 1.8158, -1.0437 1.9814 1.8158, -0.9325 1.9719 1.8397, -0.9347 1.93 1.9458, -1.0918 1.9434 1.912, -0.9161 1.9434 1.912, -1.0039 1.9847 1.8072, -1.0747 -0.7412 0.7672, -1.0922 -0.7546 0.8009, -1.0922 -0.7694 0.8384, -1.0432 -0.732 0.7438, -1.0039 -0.7287 0.7355, -1.0747 -0.7827 0.8722, -1.0432 -0.792 0.8956, -1.0243 1.9061 1.9684, -1.0039 -0.7953 0.9039, -1.0039 1.9001 1.9685, -0.9646 -0.792 0.8956, -0.9836 1.9061 1.9684, -0.9157 -0.7694 0.8384, -0.9331 -0.7827 0.8722, -0.9646 -0.732 0.7438, -0.9331 -0.7412 0.7672, -0.9157 -0.7546 0.8009, -0.9157 -0.8666 0.651, -0.9157 -0.8641 0.6019, -0.9331 -0.8304 0.6478, -0.9157 -0.8218 0.8088, -0.9157 -0.7973 0.7768, -0.9331 -0.8159 0.5717, -0.9331 -0.7938 0.5395, -0.9646 -0.7935 0.5829, -1.0039 -0.7688 0.5627, -0.9646 -0.7504 0.5359, -1.0039 -0.7461 0.5439, -1.0039 -0.9022 0.4402, -0.9646 -0.8956 0.4463, -0.9646 -0.9394 0.5098, -0.9157 -0.9067 0.6545, -0.9157 -0.9037 0.5944, -0.9646 -0.7752 0.5564, -0.9157 -0.8503 0.4877, -0.9157 -0.8484 0.5554, -0.9157 -0.8844 0.5373, -1.0039 -0.6891 0.3464, -0.9646 -0.6891 0.3553, -0.9646 -0.7656 0.366, -0.9331 -0.7587 0.3901, -0.9331 -0.823 0.4185, -0.9646 -0.721 0.5229, -0.9331 -0.7279 0.4988, -0.9331 -0.6891 0.3805, -0.9157 -0.8932 0.7132, -0.9157 -0.8556 0.6988, -1.0039 -0.7191 0.5318, -0.9646 -0.6891 0.5185, -1.0039 -0.6891 0.5275, -0.9331 -0.8216 0.6859, -0.9331 -0.8285 0.6087, -0.9157 -0.8319 0.7419, -0.9157 -0.8642 0.766, -0.9331 -0.8028 0.7201, -0.9331 -0.7753 0.7479, -0.9646 -0.76 0.728, -0.9646 -0.9641 0.5829, -1.0039 -0.9474 0.5058, -0.9331 -0.8439 0.8376, -0.9646 -0.8591 0.8576, -1.0039 -0.8646 0.8647, -1.0039 -0.9206 0.8081, -1.0039 -0.9729 0.5812, -0.9646 -0.9679 0.66, -1.0039 -0.9769 0.6608, -0.9646 -0.9134 0.8027, -1.0039 -0.959 0.7383, -0.9646 -0.9506 0.7351, -0.9331 -0.8932 0.7877, -1.0039 -0.755 0.7204, -0.9646 -0.7826 0.7051, -0.9331 -0.9271 0.7262, -1.0039 -0.7752 0.7, -0.9646 -0.7982 0.6769, -0.9646 -0.8362 0.3971, -1.0039 -0.8409 0.3894, -1.0039 -0.768 0.3574, -0.9331 -0.9429 0.6577, -0.9646 -0.8054 0.6456, -1.0039 -0.7895 0.6741, -0.9331 -0.9394 0.5876, -0.9646 -0.8038 0.6134, -1.0039 -0.7963 0.6453, -0.9331 -0.9169 0.5211, -1.0039 -0.795 0.6151, -0.9157 -0.8206 0.515, -0.9331 -0.8771 0.4632, -0.9331 -0.7636 0.5145, -1.0039 -0.7856 0.5876, -0.9157 -0.8039 0.4494, -0.9157 -0.7827 0.4836, -0.9157 -0.7488 0.4251, -0.9157 -0.7378 0.4638, -0.9157 -0.6891 0.4168, -0.9157 -0.6891 0.4571, -0.9331 -0.6891 0.4934, -1.0747 -0.8771 0.4632, -1.0432 -0.8362 0.3971, -1.0432 -0.8956 0.4463, -1.0922 -0.7973 0.7768, -1.0922 -0.8319 0.7419, -1.0922 -0.8642 0.766, -1.0432 -0.9394 0.5098, -1.0747 -0.9169 0.5211, -1.0432 -0.721 0.5229, -1.0747 -0.7279 0.4988, -1.0432 -0.7504 0.5359, -1.0432 -0.8038 0.6134, -1.0432 -0.7935 0.5829, -1.0747 -0.6891 0.4934, -1.0432 -0.6891 0.5185, -1.0922 -0.8844 0.5373, -1.0922 -0.8641 0.6019, -1.0922 -0.8484 0.5554, -1.0432 -0.7752 0.5564, -1.0747 -0.7636 0.5145, -1.0922 -0.9037 0.5944, -1.0432 -0.8054 0.6456, -1.0432 -0.7656 0.366, -1.0922 -0.8666 0.651, -1.0922 -0.9067 0.6545, -1.0922 -0.8556 0.6988, -1.0922 -0.8932 0.7132, -1.0432 -0.7826 0.7051, -1.0432 -0.7982 0.6769, -1.0922 -0.8218 0.8088, -1.0747 -0.8439 0.8376, -1.0432 -0.8591 0.8576, -1.0922 -0.7378 0.4638, -1.0922 -0.7827 0.4836, -1.0747 -0.7753 0.7479, -1.0432 -0.76 0.728, -1.0747 -0.8932 0.7877, -1.0747 -0.8028 0.7201, -1.0432 -0.9134 0.8027, -1.0747 -0.9271 0.7262, -1.0747 -0.8216 0.6859, -1.0432 -0.9506 0.7351, -1.0747 -0.9429 0.6577, -1.0747 -0.8304 0.6478, -1.0432 -0.9679 0.66, -1.0747 -0.9394 0.5876, -1.0747 -0.8285 0.6087, -1.0432 -0.9641 0.5829, -1.0922 -0.8039 0.4494, -1.0747 -0.823 0.4185, -1.0922 -0.8503 0.4877, -1.0747 -0.8159 0.5717, -1.0922 -0.8206 0.515, -1.0747 -0.7938 0.5395, -1.0922 -0.7488 0.4251, -1.0747 -0.7587 0.3901, -1.0432 -0.6891 0.3553, -1.0922 -0.6891 0.4571, -1.0922 -0.6891 0.4168, -1.0747 -0.6891 0.3805, -1.0922 0.9843 0.4168, -1.0922 0.9843 0.4571, -1.0747 0.9843 0.4934, -1.0432 0.9843 0.5185, -1.0039 0.9843 0.5275, -1.0747 0.9843 0.3805, -1.0432 0.9843 0.3553, -1.0039 0.9843 0.3464, -0.9157 0.9843 0.4571, -0.9157 0.9843 0.4168, -0.9331 0.9843 0.3805, -0.9646 0.9843 0.3553, -0.9331 0.9843 0.4934, -0.9646 0.9843 0.5185, -0.9646 0.9843 0.5185
            ]
        }
        coordIndex [
            0,1,2,-1,3,4,5,-1,6,7,8,-1,1,0,9,-1,10,9,11,-1,9,10,1,-1,10,11,5,-1,4,3,8,-1,5,11,3,-1,6,12,7,-1,4,8,7,-1,13,14,4,-1,14,15,5,-1,5,4,14,-1,16,13,7,-1,4,7,13,-1,12,17,16,-1,16,7,12,-1,5,15,10,-1,15,18,10,-1,19,1,18,-1,10,18,1,-1,2,19,20,-1,2,1,19,-1,19,21,20,-1,20,21,22,-1,23,24,21,-1,0,24,23,-1,24,22,21,-1,25,3,11,-1,23,26,9,-1,27,6,28,-1,8,29,28,-1,27,17,12,-1,12,6,27,-1,28,6,8,-1,8,3,29,-1,25,11,26,-1,29,3,25,-1,23,9,0,-1,26,11,9,-1,30,31,32,-1,33,34,29,-1,35,36,37,-1,38,39,40,-1,41,42,43,-1,44,45,30,-1,37,36,46,-1,47,48,49,-1,50,51,52,-1,52,53,54,-1,55,39,56,-1,53,51,57,-1,58,44,59,-1,60,61,62,-1,63,59,30,-1,31,48,64,-1,58,65,66,-1,59,67,65,-1,68,34,65,-1,34,33,66,-1,29,34,28,-1,68,27,28,-1,34,68,28,-1,27,69,17,-1,29,25,33,-1,70,71,43,-1,33,25,72,-1,73,72,26,-1,72,25,26,-1,74,73,23,-1,26,23,73,-1,21,74,23,-1,74,75,73,-1,76,77,78,-1,79,73,75,-1,79,80,81,-1,82,72,79,-1,67,69,68,-1,33,82,66,-1,17,69,83,-1,65,34,66,-1,27,68,69,-1,68,65,67,-1,83,69,84,-1,73,79,72,-1,75,80,79,-1,81,78,77,-1,72,82,33,-1,81,85,82,-1,84,67,63,-1,66,85,58,-1,83,84,86,-1,59,65,58,-1,69,67,84,-1,67,59,63,-1,86,84,87,-1,79,81,82,-1,80,78,81,-1,88,89,90,-1,82,85,66,-1,71,70,76,-1,87,63,32,-1,58,91,44,-1,30,32,63,-1,44,30,59,-1,87,92,93,-1,86,87,93,-1,84,63,87,-1,85,77,91,-1,77,85,81,-1,42,89,88,-1,85,91,58,-1,94,91,70,-1,64,92,32,-1,44,94,45,-1,32,31,64,-1,45,31,30,-1,92,95,96,-1,93,92,96,-1,87,32,92,-1,91,77,70,-1,76,70,77,-1,45,49,31,-1,91,94,44,-1,94,43,97,-1,95,64,35,-1,49,45,97,-1,98,96,95,-1,48,31,49,-1,92,64,95,-1,64,48,35,-1,98,95,37,-1,70,43,94,-1,71,41,43,-1,99,35,48,-1,94,97,45,-1,42,100,97,-1,39,46,101,-1,100,47,49,-1,37,95,35,-1,99,48,47,-1,99,36,35,-1,102,37,46,-1,37,102,98,-1,43,42,97,-1,41,89,42,-1,99,47,103,-1,97,100,49,-1,100,88,54,-1,36,99,104,-1,47,54,103,-1,46,36,101,-1,103,104,99,-1,104,101,36,-1,38,46,39,-1,46,38,102,-1,88,100,42,-1,50,52,90,-1,53,105,103,-1,100,54,47,-1,53,103,54,-1,105,106,104,-1,105,104,103,-1,106,56,101,-1,106,101,104,-1,60,40,55,-1,39,101,56,-1,40,39,55,-1,88,90,52,-1,54,88,52,-1,105,57,107,-1,51,53,52,-1,106,107,108,-1,57,105,53,-1,56,108,109,-1,107,106,105,-1,55,109,61,-1,108,56,106,-1,109,55,56,-1,61,60,55,-1,110,111,112,-1,113,114,115,-1,112,116,117,-1,111,90,89,-1,118,119,120,-1,121,98,122,-1,123,118,124,-1,124,118,60,-1,125,126,127,-1,128,120,129,-1,130,125,117,-1,60,62,124,-1,96,121,131,-1,90,132,50,-1,133,126,130,-1,134,135,133,-1,38,128,102,-1,135,136,114,-1,137,86,138,-1,14,139,15,-1,113,139,14,-1,139,140,15,-1,18,140,141,-1,113,14,13,-1,141,19,18,-1,74,21,19,-1,129,142,143,-1,144,113,13,-1,17,145,16,-1,145,144,16,-1,83,86,137,-1,145,17,83,-1,121,96,98,-1,16,144,13,-1,83,137,145,-1,146,139,115,-1,144,145,147,-1,148,141,140,-1,113,144,114,-1,139,113,115,-1,75,74,141,-1,15,140,18,-1,146,148,140,-1,74,19,141,-1,137,147,145,-1,93,138,86,-1,149,115,136,-1,147,114,144,-1,147,137,150,-1,148,146,151,-1,114,147,135,-1,115,114,136,-1,80,75,148,-1,139,146,140,-1,149,151,146,-1,75,141,148,-1,138,150,137,-1,96,131,93,-1,152,136,134,-1,150,135,147,-1,150,138,153,-1,154,151,149,-1,135,150,133,-1,136,135,134,-1,151,80,148,-1,115,149,146,-1,149,152,154,-1,78,80,151,-1,138,131,153,-1,131,138,93,-1,155,134,130,-1,153,133,150,-1,156,153,131,-1,157,154,152,-1,133,153,126,-1,134,133,130,-1,76,78,154,-1,136,152,149,-1,155,157,152,-1,78,151,154,-1,121,156,131,-1,102,122,98,-1,158,159,160,-1,156,126,153,-1,161,156,121,-1,116,157,155,-1,156,127,126,-1,125,130,126,-1,71,76,157,-1,134,155,152,-1,117,116,155,-1,76,154,157,-1,161,121,122,-1,40,120,38,-1,127,162,160,-1,161,127,156,-1,122,163,161,-1,125,160,110,-1,127,161,162,-1,125,127,160,-1,41,71,116,-1,130,117,155,-1,117,110,112,-1,71,157,116,-1,122,128,163,-1,128,122,102,-1,143,162,163,-1,163,162,161,-1,163,129,143,-1,158,160,162,-1,162,143,158,-1,110,160,159,-1,112,89,41,-1,125,110,117,-1,159,111,110,-1,41,116,112,-1,38,120,128,-1,118,40,60,-1,158,143,164,-1,128,129,163,-1,129,119,142,-1,159,158,165,-1,143,142,164,-1,166,50,132,-1,158,164,165,-1,132,111,159,-1,165,132,159,-1,89,112,111,-1,40,118,120,-1,120,119,129,-1,123,167,119,-1,118,123,119,-1,167,168,142,-1,119,167,142,-1,168,169,164,-1,142,168,164,-1,169,166,165,-1,164,169,165,-1,166,132,165,-1,90,111,132,-1,170,167,171,-1,172,171,123,-1,167,123,171,-1,124,173,172,-1,172,123,124,-1,62,173,124,-1,62,174,173,-1,167,170,168,-1,175,169,168,-1,168,170,175,-1,169,176,166,-1,176,169,175,-1,176,177,166,-1,166,177,50,-1,178,107,179,-1,180,179,57,-1,107,57,179,-1,51,181,180,-1,180,57,51,-1,50,181,51,-1,50,177,181,-1,107,178,108,-1,182,109,108,-1,108,178,182,-1,109,183,61,-1,183,109,182,-1,183,174,61,-1,61,174,62,-1,
        ]
    }
}
Shape{
    appearance Appearance {
        material  Material 	{
            diffuseColor 0.7529411764705882 0.7529411764705882 0.7529411764705882
            specularColor 0.7529411764705882 0.7529411764705882 0.7529411764705882
            ambientIntensity 0.2
            transparency 0
            shininess 0.5
        }
    }
    geometry IndexedFaceSet {
        ccw TRUE
        solid FALSE
        coord DEF co Coordinate {
            point [
                -1.0432 0.9843 0.3553, -1.0747 0.9843 0.3805, -1.0922 0.9843 0.4168, -0.9331 0.9843 0.3805, -0.9646 0.9843 0.3553, -1.0432 0.9843 0.5185, -1.0922 0.9843 0.4571, -1.0039 0.9843 0.3464, -1.0747 0.9843 0.4934, -1.0039 0.9843 0.5275, -0.9157 0.9843 0.4168, -0.9157 0.9843 0.4571, -0.9646 0.9843 0.5185, -0.9331 0.9843 0.4934, -0.9331 0.9843 0.4934
            ]
        }
        coordIndex [
            0,1,2,-1,3,4,5,-1,0,2,6,-1,7,6,8,-1,6,7,0,-1,9,10,3,-1,5,4,8,-1,11,10,12,-1,12,13,11,-1,3,5,9,-1,10,9,12,-1,4,7,8,-1,
        ]
    }
}
Shape{
    appearance Appearance {
        material  Material 	{
            diffuseColor 0.6549019607843137 0.6549019607843137 0.6549019607843137
            specularColor 0.7529411764705882 0.7529411764705882 0.7529411764705882
            ambientIntensity 0.2
            transparency 0
            shininess 0.5
        }
    }
    geometry IndexedFaceSet {
        ccw TRUE
        solid FALSE
        coord DEF co Coordinate {
            point [
                1.1122 2.1522 1.9685, 0.8957 2.1522 1.9685, 0.8957 2.3622 1.9685, 0.8957 1.7323 1.9685, 0.8957 1.9423 1.9685, 0.9674 1.921 1.9685, 1.1122 1.7323 1.9685, 1.0243 1.9061 1.9684, 1.0405 1.921 1.9685, 1.1122 1.9423 1.9685, 1.1122 2.3622 1.9685, 1.0039 1.9001 1.9685, 0.9836 1.9061 1.9684, 1.1122 2.3622 0.7874, 1.1122 1.6929 0.7874, 1.1122 1.6929 1.9685, 1.1516 1.5748 0.7874, 1.1516 1.5748 1.9685, 0.8957 1.6929 1.9685, 0.8957 1.6929 0.7874, 0.8957 2.3622 0.7874, 0.8563 1.5748 1.9685, 0.8563 1.5748 0.7874, 0.8563 1.5748 0.7874
            ]
        }
        coordIndex [
            0,1,2,-1,3,4,5,-1,6,7,8,-1,6,8,9,-1,2,10,0,-1,0,8,1,-1,8,0,9,-1,7,6,11,-1,1,8,5,-1,3,11,6,-1,3,5,12,-1,3,12,11,-1,1,5,4,-1,0,13,9,-1,0,10,13,-1,9,13,14,-1,9,14,6,-1,6,14,15,-1,15,14,16,-1,15,16,17,-1,3,18,19,-1,4,3,19,-1,20,1,4,-1,4,19,20,-1,20,2,1,-1,21,19,18,-1,19,21,22,-1,
        ]
    }
}
Shape{
    appearance Appearance {
        material  Material 	{
            diffuseColor 0.4392156862745098 0.3215686274509804 0.10588235294117647
            specularColor 0.7529411764705882 0.7529411764705882 0.7529411764705882
            ambientIntensity 0.2
            transparency 0
            shininess 0.5
        }
    }
    geometry IndexedFaceSet {
        ccw TRUE
        solid FALSE
        coord DEF co Coordinate {
            point [
                0.9153 1.9583 1.8741, 0.9161 1.9434 1.912, 1.0918 1.9434 1.912, 1.0731 1.93 1.9458, 0.9347 1.93 1.9458, 1.0925 1.9583 1.8741, 1.0754 1.9719 1.8397, 0.9325 1.9719 1.8397, 0.9642 1.9814 1.8158, 1.0437 1.9814 1.8158, 1.0039 1.9847 1.8072, 1.0405 1.921 1.9685, 0.9674 1.921 1.9685, 1.0747 -0.7827 0.8722, 1.0243 1.9061 1.9684, 1.0432 -0.792 0.8956, 1.0039 1.9001 1.9685, 1.0039 -0.7953 0.9039, 1.0922 -0.7694 0.8384, 1.0922 -0.7546 0.8009, 1.0747 -0.7412 0.7672, 1.0432 -0.732 0.7438, 1.0039 -0.7287 0.7355, 0.9331 -0.7412 0.7672, 0.9157 -0.7546 0.8009, 0.9646 -0.792 0.8956, 0.9836 1.9061 1.9684, 0.9646 -0.732 0.7438, 0.9157 -0.7694 0.8384, 0.9331 -0.7827 0.8722, 0.9331 -0.8771 0.4632, 0.9646 -0.8362 0.3971, 0.9646 -0.8956 0.4463, 0.9157 -0.7973 0.7768, 0.9157 -0.8319 0.7419, 0.9157 -0.8642 0.766, 0.9646 -0.9394 0.5098, 0.9331 -0.9169 0.5211, 1.0039 -0.768 0.3574, 1.0039 -0.8409 0.3894, 0.9646 -0.721 0.5229, 0.9331 -0.7279 0.4988, 0.9646 -0.7504 0.5359, 0.9646 -0.8038 0.6134, 1.0039 -0.795 0.6151, 0.9646 -0.7935 0.5829, 0.9331 -0.6891 0.4934, 0.9646 -0.6891 0.5185, 1.0039 -0.7191 0.5318, 0.9157 -0.8844 0.5373, 0.9157 -0.8641 0.6019, 0.9157 -0.8484 0.5554, 0.9646 -0.7752 0.5564, 0.9331 -0.7636 0.5145, 0.9157 -0.9037 0.5944, 1.0039 -0.6891 0.5275, 1.0039 -0.7964 0.6441, 0.9646 -0.8054 0.6456, 0.9646 -0.7656 0.366, 1.0039 -0.6891 0.3464, 0.9157 -0.8666 0.651, 0.9157 -0.9067 0.6545, 0.9157 -0.8556 0.6988, 1.0039 -0.7682 0.5622, 1.0039 -0.7851 0.5865, 0.9157 -0.8932 0.7132, 0.9646 -0.7826 0.7051, 1.0039 -0.7756 0.6993, 0.9646 -0.7982 0.6769, 0.9157 -0.8218 0.8088, 0.9331 -0.8439 0.8376, 0.9646 -0.8591 0.8576, 1.0039 -0.8646 0.8647, 0.9157 -0.7378 0.4638, 0.9157 -0.7827 0.4836, 0.9331 -0.7753 0.7479, 0.9646 -0.76 0.728, 1.0039 -0.755 0.7204, 0.9331 -0.8932 0.7877, 0.9331 -0.8028 0.7201, 0.9646 -0.9134 0.8027, 1.0039 -0.9206 0.8081, 1.0039 -0.7899 0.6734, 0.9331 -0.9271 0.7262, 0.9331 -0.8216 0.6859, 0.9646 -0.9506 0.7351, 1.0039 -0.959 0.7383, 0.9331 -0.9429 0.6577, 0.9331 -0.8304 0.6478, 0.9646 -0.9679 0.66, 1.0039 -0.9769 0.6608, 0.9331 -0.9394 0.5876, 0.9331 -0.8285 0.6087, 0.9646 -0.9641 0.5829, 1.0039 -0.9729 0.5812, 0.9157 -0.8039 0.4494, 0.9331 -0.823 0.4185, 0.9157 -0.8503 0.4877, 0.9331 -0.8159 0.5717, 1.0039 -0.9474 0.5058, 1.0039 -0.7454 0.5434, 0.9157 -0.8206 0.515, 0.9331 -0.7938 0.5395, 1.0039 -0.9022 0.4402, 0.9157 -0.7488 0.4251, 0.9331 -0.7587 0.3901, 0.9646 -0.6891 0.3553, 0.9157 -0.6891 0.4571, 0.9157 -0.6891 0.4168, 0.9331 -0.6891 0.3805, 1.0922 -0.8666 0.651, 1.0922 -0.8641 0.6019, 1.0747 -0.8304 0.6478, 1.0922 -0.8218 0.8088, 1.0922 -0.7973 0.7768, 1.0747 -0.8159 0.5717, 1.0747 -0.7938 0.5395, 1.0432 -0.7935 0.5829, 1.0432 -0.7504 0.5359, 1.0432 -0.8956 0.4463, 1.0432 -0.9394 0.5098, 1.0922 -0.9067 0.6545, 1.0922 -0.9037 0.5944, 1.0432 -0.7752 0.5564, 1.0922 -0.8503 0.4877, 1.0922 -0.8484 0.5554, 1.0922 -0.8844 0.5373, 1.0432 -0.6891 0.3553, 1.0432 -0.7656 0.366, 1.0747 -0.7587 0.3901, 1.0747 -0.823 0.4185, 1.0432 -0.721 0.5229, 1.0747 -0.7279 0.4988, 1.0747 -0.6891 0.3805, 1.0922 -0.8932 0.7132, 1.0922 -0.8556 0.6988, 1.0432 -0.6891 0.5185, 1.0747 -0.8216 0.6859, 1.0747 -0.8285 0.6087, 1.0922 -0.8319 0.7419, 1.0922 -0.8642 0.766, 1.0747 -0.8028 0.7201, 1.0747 -0.7753 0.7479, 1.0432 -0.76 0.728, 1.0432 -0.9641 0.5829, 1.0747 -0.8439 0.8376, 1.0432 -0.8591 0.8576, 1.0432 -0.9679 0.66, 1.0432 -0.9134 0.8027, 1.0432 -0.9506 0.7351, 1.0747 -0.8932 0.7877, 1.0432 -0.7826 0.7051, 1.0747 -0.9271 0.7262, 1.0432 -0.7982 0.6769, 1.0432 -0.8362 0.3971, 1.0747 -0.9429 0.6577, 1.0432 -0.8054 0.6456, 1.0747 -0.9394 0.5876, 1.0432 -0.8038 0.6134, 1.0747 -0.9169 0.5211, 1.0922 -0.8206 0.515, 1.0747 -0.8771 0.4632, 1.0747 -0.7636 0.5145, 1.0922 -0.8039 0.4494, 1.0922 -0.7827 0.4836, 1.0922 -0.7488 0.4251, 1.0922 -0.7378 0.4638, 1.0922 -0.6891 0.4168, 1.0922 -0.6891 0.4571, 1.0747 -0.6891 0.4934, 1.0922 0.9843 0.4571, 1.0922 0.9843 0.4168, 1.0747 0.9843 0.3805, 1.0432 0.9843 0.3553, 1.0039 0.9843 0.3464, 1.0747 0.9843 0.4934, 1.0432 0.9843 0.5185, 1.0039 0.9843 0.5275, 0.9157 0.9843 0.4168, 0.9157 0.9843 0.4571, 0.9331 0.9843 0.4934, 0.9646 0.9843 0.5185, 0.9331 0.9843 0.3805, 0.9646 0.9843 0.3553, 0.9646 0.9843 0.3553
            ]
        }
        coordIndex [
            0,1,2,-1,3,1,4,-1,5,6,7,-1,8,6,9,-1,10,8,9,-1,8,7,6,-1,5,0,2,-1,7,0,5,-1,11,3,4,-1,1,3,2,-1,4,12,11,-1,2,3,13,-1,14,15,11,-1,3,15,13,-1,15,3,11,-1,14,16,17,-1,13,18,2,-1,14,17,15,-1,18,5,2,-1,5,18,19,-1,19,20,6,-1,6,5,19,-1,9,20,21,-1,20,9,6,-1,9,21,10,-1,10,21,22,-1,23,24,7,-1,25,17,26,-1,24,0,7,-1,7,8,23,-1,27,23,8,-1,10,27,8,-1,10,22,27,-1,0,24,28,-1,28,29,1,-1,1,0,28,-1,4,29,25,-1,29,4,1,-1,4,25,12,-1,25,26,12,-1,17,16,26,-1,30,31,32,-1,33,34,35,-1,32,36,37,-1,31,38,39,-1,40,41,42,-1,43,44,45,-1,46,40,47,-1,47,40,48,-1,49,50,51,-1,52,42,53,-1,54,49,37,-1,48,55,47,-1,56,43,57,-1,38,58,59,-1,60,50,54,-1,61,62,60,-1,63,52,64,-1,62,65,34,-1,66,67,68,-1,24,69,28,-1,33,69,24,-1,69,70,28,-1,29,70,71,-1,33,24,23,-1,71,25,29,-1,72,17,25,-1,53,73,74,-1,75,33,23,-1,22,76,27,-1,76,75,27,-1,77,67,66,-1,76,22,77,-1,43,56,44,-1,27,75,23,-1,77,66,76,-1,78,69,35,-1,75,76,79,-1,80,71,70,-1,33,75,34,-1,69,33,35,-1,81,72,71,-1,28,70,29,-1,78,80,70,-1,72,25,71,-1,66,79,76,-1,82,68,67,-1,83,35,65,-1,79,34,75,-1,79,66,84,-1,80,78,85,-1,34,79,62,-1,35,34,65,-1,86,81,80,-1,69,78,70,-1,83,85,78,-1,81,71,80,-1,68,84,66,-1,56,57,82,-1,87,65,61,-1,84,62,79,-1,84,68,88,-1,89,85,83,-1,62,84,60,-1,65,62,61,-1,85,86,80,-1,35,83,78,-1,83,87,89,-1,90,86,85,-1,68,57,88,-1,57,68,82,-1,91,61,54,-1,88,60,84,-1,92,88,57,-1,93,89,87,-1,60,88,50,-1,61,60,54,-1,94,90,89,-1,65,87,83,-1,91,93,87,-1,90,85,89,-1,43,92,57,-1,64,45,44,-1,95,96,97,-1,92,50,88,-1,98,92,43,-1,36,93,91,-1,92,51,50,-1,49,54,50,-1,99,94,93,-1,61,91,87,-1,37,36,91,-1,94,89,93,-1,98,43,45,-1,100,42,63,-1,51,101,97,-1,98,51,92,-1,45,102,98,-1,49,97,30,-1,51,98,101,-1,49,51,97,-1,103,99,36,-1,54,37,91,-1,37,30,32,-1,99,93,36,-1,45,52,102,-1,52,45,64,-1,74,101,102,-1,102,101,98,-1,102,53,74,-1,95,97,101,-1,101,74,95,-1,30,97,96,-1,32,39,103,-1,49,30,37,-1,96,31,30,-1,103,36,32,-1,63,42,52,-1,40,100,48,-1,95,74,104,-1,52,53,102,-1,53,41,73,-1,96,95,105,-1,74,73,104,-1,106,59,58,-1,95,104,105,-1,58,31,96,-1,105,58,96,-1,39,32,31,-1,100,40,42,-1,42,41,53,-1,46,107,41,-1,40,46,41,-1,107,108,73,-1,41,107,73,-1,108,109,104,-1,73,108,104,-1,109,106,105,-1,104,109,105,-1,106,58,105,-1,38,31,58,-1,110,111,112,-1,113,114,19,-1,115,116,117,-1,63,118,100,-1,103,119,120,-1,121,122,110,-1,117,116,123,-1,124,125,126,-1,59,127,128,-1,128,129,130,-1,131,118,132,-1,129,127,133,-1,134,121,135,-1,48,136,55,-1,137,135,110,-1,111,125,138,-1,134,139,140,-1,135,141,139,-1,142,114,139,-1,114,113,140,-1,19,114,20,-1,142,21,20,-1,114,142,20,-1,21,143,22,-1,19,18,113,-1,144,99,120,-1,113,18,145,-1,146,145,13,-1,145,18,13,-1,72,146,15,-1,13,15,146,-1,17,72,15,-1,72,81,146,-1,94,147,90,-1,148,146,81,-1,148,86,149,-1,150,145,148,-1,141,143,142,-1,113,150,140,-1,22,143,77,-1,139,114,140,-1,21,142,143,-1,142,139,141,-1,77,143,151,-1,146,148,145,-1,81,86,148,-1,149,90,147,-1,145,150,113,-1,149,152,150,-1,151,141,137,-1,140,152,134,-1,77,151,67,-1,135,139,134,-1,143,141,151,-1,141,135,137,-1,67,151,153,-1,148,149,150,-1,86,90,149,-1,154,39,38,-1,150,152,140,-1,99,144,94,-1,153,137,112,-1,134,155,121,-1,110,112,137,-1,121,110,135,-1,153,156,82,-1,67,153,82,-1,151,137,153,-1,152,147,155,-1,147,152,149,-1,119,39,154,-1,152,155,134,-1,157,155,144,-1,138,156,112,-1,121,157,122,-1,112,111,138,-1,122,111,110,-1,156,158,56,-1,82,156,56,-1,153,112,156,-1,155,147,144,-1,94,144,147,-1,122,126,111,-1,155,157,121,-1,157,120,159,-1,158,138,115,-1,126,122,159,-1,44,56,158,-1,125,111,126,-1,156,138,158,-1,138,125,115,-1,44,158,117,-1,144,120,157,-1,99,103,120,-1,160,115,125,-1,157,159,122,-1,119,161,159,-1,118,123,162,-1,161,124,126,-1,117,158,115,-1,160,125,124,-1,160,116,115,-1,64,117,123,-1,117,64,44,-1,120,119,159,-1,103,39,119,-1,160,124,163,-1,159,161,126,-1,161,154,130,-1,116,160,164,-1,124,130,163,-1,123,116,162,-1,163,164,160,-1,164,162,116,-1,63,123,118,-1,123,63,64,-1,154,161,119,-1,59,128,38,-1,129,165,163,-1,161,130,124,-1,129,163,130,-1,165,166,164,-1,165,164,163,-1,166,132,162,-1,166,162,164,-1,48,100,131,-1,118,162,132,-1,100,118,131,-1,154,38,128,-1,130,154,128,-1,165,133,167,-1,127,129,128,-1,166,167,168,-1,133,165,129,-1,132,168,169,-1,167,166,165,-1,131,169,136,-1,168,132,166,-1,169,131,132,-1,136,48,131,-1,170,167,171,-1,172,171,133,-1,167,133,171,-1,127,173,172,-1,172,133,127,-1,59,173,127,-1,59,174,173,-1,167,170,168,-1,175,169,168,-1,168,170,175,-1,169,176,136,-1,176,169,175,-1,176,177,136,-1,136,177,55,-1,178,107,179,-1,180,179,46,-1,107,46,179,-1,47,181,180,-1,180,46,47,-1,55,181,47,-1,55,177,181,-1,107,178,108,-1,182,109,108,-1,108,178,182,-1,109,183,106,-1,183,109,182,-1,183,174,106,-1,106,174,59,-1,
        ]
    }
}
Shape{
    appearance Appearance {
        material  Material 	{
            diffuseColor 0.7529411764705882 0.7529411764705882 0.7529411764705882
            specularColor 0.7529411764705882 0.7529411764705882 0.7529411764705882
            ambientIntensity 0.2
            transparency 0
            shininess 0.5
        }
    }
    geometry IndexedFaceSet {
        ccw TRUE
        solid FALSE
        coord DEF co Coordinate {
            point [
                0.9646 0.9843 0.3553, 0.9331 0.9843 0.3805, 0.9157 0.9843 0.4168, 1.0747 0.9843 0.3805, 1.0432 0.9843 0.3553, 0.9646 0.9843 0.5185, 0.9157 0.9843 0.4571, 1.0039 0.9843 0.3464, 0.9331 0.9843 0.4934, 1.0039 0.9843 0.5275, 1.0922 0.9843 0.4168, 1.0922 0.9843 0.4571, 1.0432 0.9843 0.5185, 1.0747 0.9843 0.4934, 1.0747 0.9843 0.4934
            ]
        }
        coordIndex [
            0,1,2,-1,3,4,5,-1,0,2,6,-1,7,6,8,-1,6,7,0,-1,9,10,3,-1,5,4,8,-1,11,10,12,-1,12,13,11,-1,3,5,9,-1,10,9,12,-1,4,7,8,-1,
        ]
    }
}
Shape{
    appearance Appearance {
        material  Material 	{
            diffuseColor 0.6549019607843137 0.6549019607843137 0.6549019607843137
            specularColor 0.7529411764705882 0.7529411764705882 0.7529411764705882
            ambientIntensity 0.2
            transparency 0
            shininess 0.5
        }
    }
    geometry IndexedFaceSet {
        ccw TRUE
        solid FALSE
        coord DEF co Coordinate {
            point [
                0.7106 2.1522 1.9685, 0.4941 2.1522 1.9685, 0.4941 2.3622 1.9685, 0.4941 1.7323 1.9685, 0.4941 1.9423 1.9685, 0.5658 1.921 1.9685, 0.7106 1.7323 1.9685, 0.6227 1.9061 1.9684, 0.6389 1.921 1.9685, 0.7106 1.9423 1.9685, 0.7106 2.3622 1.9685, 0.6024 1.9001 1.9685, 0.582 1.9061 1.9684, 0.7106 2.3622 0.7874, 0.7106 1.6929 0.7874, 0.7106 1.6929 1.9685, 0.75 1.5748 0.7874, 0.75 1.5748 1.9685, 0.4941 1.6929 1.9685, 0.4941 1.6929 0.7874, 0.4941 2.3622 0.7874, 0.4547 1.5748 1.9685, 0.4547 1.5748 0.7874, 0.4547 1.5748 0.7874
            ]
        }
        coordIndex [
            0,1,2,-1,3,4,5,-1,6,7,8,-1,6,8,9,-1,2,10,0,-1,0,8,1,-1,8,0,9,-1,7,6,11,-1,1,8,5,-1,3,11,6,-1,3,5,12,-1,3,12,11,-1,1,5,4,-1,0,13,9,-1,0,10,13,-1,9,13,14,-1,9,14,6,-1,6,14,15,-1,15,14,16,-1,15,16,17,-1,3,18,19,-1,4,3,19,-1,20,1,4,-1,4,19,20,-1,20,2,1,-1,21,19,18,-1,19,21,22,-1,
        ]
    }
}
Shape{
    appearance Appearance {
        material  Material 	{
            diffuseColor 0.4392156862745098 0.3215686274509804 0.10588235294117647
            specularColor 0.7529411764705882 0.7529411764705882 0.7529411764705882
            ambientIntensity 0.2
            transparency 0
            shininess 0.5
        }
    }
    geometry IndexedFaceSet {
        ccw TRUE
        solid FALSE
        coord DEF co Coordinate {
            point [
                0.5138 1.9583 1.8741, 0.5145 1.9434 1.912, 0.6902 1.9434 1.912, 0.6716 1.93 1.9458, 0.5331 1.93 1.9458, 0.691 1.9583 1.8741, 0.6738 1.9719 1.8397, 0.5309 1.9719 1.8397, 0.5626 1.9814 1.8158, 0.6421 1.9814 1.8158, 0.6024 1.9847 1.8072, 0.6389 1.921 1.9685, 0.5658 1.921 1.9685, 0.6732 -0.7827 0.8722, 0.6227 1.9061 1.9684, 0.6416 -0.792 0.8956, 0.6024 1.9001 1.9685, 0.6024 -0.7953 0.9039, 0.6906 -0.7694 0.8384, 0.6906 -0.7546 0.8009, 0.6732 -0.7412 0.7672, 0.6416 -0.732 0.7438, 0.6024 -0.7287 0.7355, 0.5316 -0.7412 0.7672, 0.5141 -0.7546 0.8009, 0.5631 -0.792 0.8956, 0.582 1.9061 1.9684, 0.5631 -0.732 0.7438, 0.5141 -0.7694 0.8384, 0.5316 -0.7827 0.8722, 0.5316 -0.8771 0.4632, 0.5631 -0.8362 0.3971, 0.5631 -0.8956 0.4463, 0.5141 -0.7973 0.7768, 0.5141 -0.8319 0.7419, 0.5141 -0.8642 0.766, 0.5631 -0.9394 0.5098, 0.5316 -0.9169 0.5211, 0.6024 -0.768 0.3574, 0.6024 -0.8409 0.3894, 0.5631 -0.721 0.5229, 0.5316 -0.7279 0.4988, 0.5631 -0.7504 0.5359, 0.5631 -0.8038 0.6134, 0.6024 -0.795 0.6151, 0.5631 -0.7935 0.5829, 0.5316 -0.6891 0.4934, 0.5631 -0.6891 0.5185, 0.6024 -0.7191 0.5318, 0.5141 -0.8844 0.5373, 0.5141 -0.8641 0.6019, 0.5141 -0.8484 0.5554, 0.5631 -0.7752 0.5564, 0.5316 -0.7636 0.5145, 0.5141 -0.9037 0.5944, 0.6024 -0.6891 0.5275, 0.6024 -0.7964 0.6441, 0.5631 -0.8054 0.6456, 0.5631 -0.7656 0.366, 0.6024 -0.6891 0.3464, 0.5141 -0.8666 0.651, 0.5141 -0.9067 0.6545, 0.5141 -0.8556 0.6988, 0.6024 -0.7682 0.5622, 0.6024 -0.7851 0.5865, 0.5141 -0.8932 0.7132, 0.5631 -0.7826 0.7051, 0.6024 -0.7756 0.6993, 0.5631 -0.7982 0.6769, 0.5141 -0.8218 0.8088, 0.5316 -0.8439 0.8376, 0.5631 -0.8591 0.8576, 0.6024 -0.8646 0.8647, 0.5141 -0.7378 0.4638, 0.5141 -0.7827 0.4836, 0.5316 -0.7753 0.7479, 0.5631 -0.76 0.728, 0.6024 -0.755 0.7204, 0.5316 -0.8932 0.7877, 0.5316 -0.8028 0.7201, 0.5631 -0.9134 0.8027, 0.6024 -0.9206 0.8081, 0.6024 -0.7899 0.6734, 0.5316 -0.9271 0.7262, 0.5316 -0.8216 0.6859, 0.5631 -0.9506 0.7351, 0.6024 -0.959 0.7383, 0.5316 -0.9429 0.6577, 0.5316 -0.8304 0.6478, 0.5631 -0.9679 0.66, 0.6024 -0.9769 0.6608, 0.5316 -0.9394 0.5876, 0.5316 -0.8285 0.6087, 0.5631 -0.9641 0.5829, 0.6024 -0.9729 0.5812, 0.5141 -0.8039 0.4494, 0.5316 -0.823 0.4185, 0.5141 -0.8503 0.4877, 0.5316 -0.8159 0.5717, 0.6024 -0.9474 0.5058, 0.6024 -0.7454 0.5434, 0.5141 -0.8206 0.515, 0.5316 -0.7938 0.5395, 0.6024 -0.9022 0.4402, 0.5141 -0.7488 0.4251, 0.5316 -0.7587 0.3901, 0.5631 -0.6891 0.3553, 0.5141 -0.6891 0.4571, 0.5141 -0.6891 0.4168, 0.5316 -0.6891 0.3805, 0.6906 -0.8666 0.651, 0.6906 -0.8641 0.6019, 0.6732 -0.8304 0.6478, 0.6906 -0.8218 0.8088, 0.6906 -0.7973 0.7768, 0.6732 -0.8159 0.5717, 0.6732 -0.7938 0.5395, 0.6416 -0.7935 0.5829, 0.6416 -0.7504 0.5359, 0.6416 -0.8956 0.4463, 0.6416 -0.9394 0.5098, 0.6906 -0.9067 0.6545, 0.6906 -0.9037 0.5944, 0.6416 -0.7752 0.5564, 0.6906 -0.8503 0.4877, 0.6906 -0.8484 0.5554, 0.6906 -0.8844 0.5373, 0.6416 -0.6891 0.3553, 0.6416 -0.7656 0.366, 0.6732 -0.7587 0.3901, 0.6732 -0.823 0.4185, 0.6416 -0.721 0.5229, 0.6732 -0.7279 0.4988, 0.6732 -0.6891 0.3805, 0.6906 -0.8932 0.7132, 0.6906 -0.8556 0.6988, 0.6416 -0.6891 0.5185, 0.6732 -0.8216 0.6859, 0.6732 -0.8285 0.6087, 0.6906 -0.8319 0.7419, 0.6906 -0.8642 0.766, 0.6732 -0.8028 0.7201, 0.6732 -0.7753 0.7479, 0.6416 -0.76 0.728, 0.6416 -0.9641 0.5829, 0.6732 -0.8439 0.8376, 0.6416 -0.8591 0.8576, 0.6416 -0.9679 0.66, 0.6416 -0.9134 0.8027, 0.6416 -0.9506 0.7351, 0.6732 -0.8932 0.7877, 0.6416 -0.7826 0.7051, 0.6732 -0.9271 0.7262, 0.6416 -0.7982 0.6769, 0.6416 -0.8362 0.3971, 0.6732 -0.9429 0.6577, 0.6416 -0.8054 0.6456, 0.6732 -0.9394 0.5876, 0.6416 -0.8038 0.6134, 0.6732 -0.9169 0.5211, 0.6906 -0.8206 0.515, 0.6732 -0.8771 0.4632, 0.6732 -0.7636 0.5145, 0.6906 -0.8039 0.4494, 0.6906 -0.7827 0.4836, 0.6906 -0.7488 0.4251, 0.6906 -0.7378 0.4638, 0.6906 -0.6891 0.4168, 0.6906 -0.6891 0.4571, 0.6732 -0.6891 0.4934, 0.6906 0.9843 0.4571, 0.6906 0.9843 0.4168, 0.6732 0.9843 0.3805, 0.6416 0.9843 0.3553, 0.6024 0.9843 0.3464, 0.6732 0.9843 0.4934, 0.6416 0.9843 0.5185, 0.6024 0.9843 0.5275, 0.5141 0.9843 0.4168, 0.5141 0.9843 0.4571, 0.5316 0.9843 0.4934, 0.5631 0.9843 0.5185, 0.5316 0.9843 0.3805, 0.5631 0.9843 0.3553, 0.5631 0.9843 0.3553
            ]
        }
        coordIndex [
            0,1,2,-1,3,1,4,-1,5,6,7,-1,8,6,9,-1,10,8,9,-1,8,7,6,-1,5,0,2,-1,7,0,5,-1,11,3,4,-1,1,3,2,-1,4,12,11,-1,2,3,13,-1,14,15,11,-1,3,15,13,-1,15,3,11,-1,14,16,17,-1,13,18,2,-1,14,17,15,-1,18,5,2,-1,5,18,19,-1,19,20,6,-1,6,5,19,-1,9,20,21,-1,20,9,6,-1,9,21,10,-1,10,21,22,-1,23,24,7,-1,25,17,26,-1,24,0,7,-1,7,8,23,-1,27,23,8,-1,10,27,8,-1,10,22,27,-1,0,24,28,-1,28,29,1,-1,1,0,28,-1,4,29,25,-1,29,4,1,-1,4,25,12,-1,25,26,12,-1,17,16,26,-1,30,31,32,-1,33,34,35,-1,32,36,37,-1,31,38,39,-1,40,41,42,-1,43,44,45,-1,46,40,47,-1,47,40,48,-1,49,50,51,-1,52,42,53,-1,54,49,37,-1,48,55,47,-1,56,43,57,-1,38,58,59,-1,60,50,54,-1,61,62,60,-1,63,52,64,-1,62,65,34,-1,66,67,68,-1,24,69,28,-1,33,69,24,-1,69,70,28,-1,29,70,71,-1,33,24,23,-1,71,25,29,-1,72,17,25,-1,53,73,74,-1,75,33,23,-1,22,76,27,-1,76,75,27,-1,77,67,66,-1,76,22,77,-1,43,56,44,-1,27,75,23,-1,77,66,76,-1,78,69,35,-1,75,76,79,-1,80,71,70,-1,33,75,34,-1,69,33,35,-1,81,72,71,-1,28,70,29,-1,78,80,70,-1,72,25,71,-1,66,79,76,-1,82,68,67,-1,83,35,65,-1,79,34,75,-1,79,66,84,-1,80,78,85,-1,34,79,62,-1,35,34,65,-1,86,81,80,-1,69,78,70,-1,83,85,78,-1,81,71,80,-1,68,84,66,-1,56,57,82,-1,87,65,61,-1,84,62,79,-1,84,68,88,-1,89,85,83,-1,62,84,60,-1,65,62,61,-1,85,86,80,-1,35,83,78,-1,83,87,89,-1,90,86,85,-1,68,57,88,-1,57,68,82,-1,91,61,54,-1,88,60,84,-1,92,88,57,-1,93,89,87,-1,60,88,50,-1,61,60,54,-1,94,90,89,-1,65,87,83,-1,91,93,87,-1,90,85,89,-1,43,92,57,-1,64,45,44,-1,95,96,97,-1,92,50,88,-1,98,92,43,-1,36,93,91,-1,92,51,50,-1,49,54,50,-1,99,94,93,-1,61,91,87,-1,37,36,91,-1,94,89,93,-1,98,43,45,-1,100,42,63,-1,51,101,97,-1,98,51,92,-1,45,102,98,-1,49,97,30,-1,51,98,101,-1,49,51,97,-1,103,99,36,-1,54,37,91,-1,37,30,32,-1,99,93,36,-1,45,52,102,-1,52,45,64,-1,74,101,102,-1,102,101,98,-1,102,53,74,-1,95,97,101,-1,101,74,95,-1,30,97,96,-1,32,39,103,-1,49,30,37,-1,96,31,30,-1,103,36,32,-1,63,42,52,-1,40,100,48,-1,95,74,104,-1,52,53,102,-1,53,41,73,-1,96,95,105,-1,74,73,104,-1,106,59,58,-1,95,104,105,-1,58,31,96,-1,105,58,96,-1,39,32,31,-1,100,40,42,-1,42,41,53,-1,46,107,41,-1,40,46,41,-1,107,108,73,-1,41,107,73,-1,108,109,104,-1,73,108,104,-1,109,106,105,-1,104,109,105,-1,106,58,105,-1,38,31,58,-1,110,111,112,-1,113,114,19,-1,115,116,117,-1,63,118,100,-1,103,119,120,-1,121,122,110,-1,117,116,123,-1,124,125,126,-1,59,127,128,-1,128,129,130,-1,131,118,132,-1,129,127,133,-1,134,121,135,-1,48,136,55,-1,137,135,110,-1,111,125,138,-1,134,139,140,-1,135,141,139,-1,142,114,139,-1,114,113,140,-1,19,114,20,-1,142,21,20,-1,114,142,20,-1,21,143,22,-1,19,18,113,-1,144,99,120,-1,113,18,145,-1,146,145,13,-1,145,18,13,-1,72,146,15,-1,13,15,146,-1,17,72,15,-1,72,81,146,-1,94,147,90,-1,148,146,81,-1,148,86,149,-1,150,145,148,-1,141,143,142,-1,113,150,140,-1,22,143,77,-1,139,114,140,-1,21,142,143,-1,142,139,141,-1,77,143,151,-1,146,148,145,-1,81,86,148,-1,149,90,147,-1,145,150,113,-1,149,152,150,-1,151,141,137,-1,140,152,134,-1,77,151,67,-1,135,139,134,-1,143,141,151,-1,141,135,137,-1,67,151,153,-1,148,149,150,-1,86,90,149,-1,154,39,38,-1,150,152,140,-1,99,144,94,-1,153,137,112,-1,134,155,121,-1,110,112,137,-1,121,110,135,-1,153,156,82,-1,67,153,82,-1,151,137,153,-1,152,147,155,-1,147,152,149,-1,119,39,154,-1,152,155,134,-1,157,155,144,-1,138,156,112,-1,121,157,122,-1,112,111,138,-1,122,111,110,-1,156,158,56,-1,82,156,56,-1,153,112,156,-1,155,147,144,-1,94,144,147,-1,122,126,111,-1,155,157,121,-1,157,120,159,-1,158,138,115,-1,126,122,159,-1,44,56,158,-1,125,111,126,-1,156,138,158,-1,138,125,115,-1,44,158,117,-1,144,120,157,-1,99,103,120,-1,160,115,125,-1,157,159,122,-1,119,161,159,-1,118,123,162,-1,161,124,126,-1,117,158,115,-1,160,125,124,-1,160,116,115,-1,64,117,123,-1,117,64,44,-1,120,119,159,-1,103,39,119,-1,160,124,163,-1,159,161,126,-1,161,154,130,-1,116,160,164,-1,124,130,163,-1,123,116,162,-1,163,164,160,-1,164,162,116,-1,63,123,118,-1,123,63,64,-1,154,161,119,-1,59,128,38,-1,129,165,163,-1,161,130,124,-1,129,163,130,-1,165,166,164,-1,165,164,163,-1,166,132,162,-1,166,162,164,-1,48,100,131,-1,118,162,132,-1,100,118,131,-1,154,38,128,-1,130,154,128,-1,165,133,167,-1,127,129,128,-1,166,167,168,-1,133,165,129,-1,132,168,169,-1,167,166,165,-1,131,169,136,-1,168,132,166,-1,169,131,132,-1,136,48,131,-1,170,167,171,-1,172,171,133,-1,167,133,171,-1,127,173,172,-1,172,133,127,-1,59,173,127,-1,59,174,173,-1,167,170,168,-1,175,169,168,-1,168,170,175,-1,169,176,136,-1,176,169,175,-1,176,177,136,-1,136,177,55,-1,178,107,179,-1,180,179,46,-1,107,46,179,-1,47,181,180,-1,180,46,47,-1,55,181,47,-1,55,177,181,-1,107,178,108,-1,182,109,108,-1,108,178,182,-1,109,183,106,-1,183,109,182,-1,183,174,106,-1,106,174,59,-1,
        ]
    }
}
Shape{
    appearance Appearance {
        material  Material 	{
            diffuseColor 0.7529411764705882 0.7529411764705882 0.7529411764705882
            specularColor 0.7529411764705882 0.7529411764705882 0.7529411764705882
            ambientIntensity 0.2
            transparency 0
            shininess 0.5
        }
    }
    geometry IndexedFaceSet {
        ccw TRUE
        solid FALSE
        coord DEF co Coordinate {
            point [
                0.5631 0.9843 0.3553, 0.5316 0.9843 0.3805, 0.5141 0.9843 0.4168, 0.6732 0.9843 0.3805, 0.6416 0.9843 0.3553, 0.5631 0.9843 0.5185, 0.5141 0.9843 0.4571, 0.6024 0.9843 0.3464, 0.5316 0.9843 0.4934, 0.6024 0.9843 0.5275, 0.6906 0.9843 0.4168, 0.6906 0.9843 0.4571, 0.6416 0.9843 0.5185, 0.6732 0.9843 0.4934, 0.6732 0.9843 0.4934
            ]
        }
        coordIndex [
            0,1,2,-1,3,4,5,-1,0,2,6,-1,7,6,8,-1,6,7,0,-1,9,10,3,-1,5,4,8,-1,11,10,12,-1,12,13,11,-1,3,5,9,-1,10,9,12,-1,4,7,8,-1,
        ]
    }
}
Shape{
    appearance Appearance {
        material  Material 	{
            diffuseColor 0.6549019607843137 0.6549019607843137 0.6549019607843137
            specularColor 0.7529411764705882 0.7529411764705882 0.7529411764705882
            ambientIntensity 0.2
            transparency 0
            shininess 0.5
        }
    }
    geometry IndexedFaceSet {
        ccw TRUE
        solid FALSE
        coord DEF co Coordinate {
            point [
                0.3091 2.1522 1.9685, 0.0925 2.1522 1.9685, 0.0925 2.3622 1.9685, 0.0925 1.7323 1.9685, 0.0925 1.9423 1.9685, 0.1642 1.921 1.9685, 0.3091 1.7323 1.9685, 0.2211 1.9061 1.9684, 0.2374 1.921 1.9685, 0.3091 1.9423 1.9685, 0.3091 2.3622 1.9685, 0.2008 1.9001 1.9685, 0.1804 1.9061 1.9684, 0.3091 2.3622 0.7874, 0.3091 1.6929 0.7874, 0.3091 1.6929 1.9685, 0.3484 1.5748 0.7874, 0.3484 1.5748 1.9685, 0.0925 1.6929 1.9685, 0.0925 1.6929 0.7874, 0.0925 2.3622 0.7874, 0.0531 1.5748 1.9685, 0.0531 1.5748 0.7874, 0.0531 1.5748 0.7874
            ]
        }
        coordIndex [
            0,1,2,-1,3,4,5,-1,6,7,8,-1,6,8,9,-1,2,10,0,-1,0,8,1,-1,8,0,9,-1,7,6,11,-1,1,8,5,-1,3,11,6,-1,3,5,12,-1,3,12,11,-1,1,5,4,-1,0,13,9,-1,0,10,13,-1,9,13,14,-1,9,14,6,-1,6,14,15,-1,15,14,16,-1,15,16,17,-1,3,18,19,-1,4,3,19,-1,20,1,4,-1,4,19,20,-1,20,2,1,-1,21,19,18,-1,19,21,22,-1,
        ]
    }
}
Shape{
    appearance Appearance {
        material  Material 	{
            diffuseColor 0.4392156862745098 0.3215686274509804 0.10588235294117647
            specularColor 0.7529411764705882 0.7529411764705882 0.7529411764705882
            ambientIntensity 0.2
            transparency 0
            shininess 0.5
        }
    }
    geometry IndexedFaceSet {
        ccw TRUE
        solid FALSE
        coord DEF co Coordinate {
            point [
                0.1122 1.9583 1.8741, 0.113 1.9434 1.912, 0.2886 1.9434 1.912, 0.27 1.93 1.9458, 0.1316 1.93 1.9458, 0.2894 1.9583 1.8741, 0.2722 1.9719 1.8397, 0.1294 1.9719 1.8397, 0.161 1.9814 1.8158, 0.2405 1.9814 1.8158, 0.2008 1.9847 1.8072, 0.2374 1.921 1.9685, 0.1642 1.921 1.9685, 0.2716 -0.7827 0.8722, 0.2401 -0.792 0.8956, 0.2211 1.9061 1.9684, 0.2008 1.9001 1.9685, 0.2008 -0.7953 0.9039, 0.2891 -0.7694 0.8384, 0.2891 -0.7546 0.8009, 0.2716 -0.7412 0.7672, 0.2401 -0.732 0.7438, 0.2008 -0.7287 0.7355, 0.13 -0.7412 0.7672, 0.1125 -0.7546 0.8009, 0.1615 -0.792 0.8956, 0.1804 1.9061 1.9684, 0.1615 -0.732 0.7438, 0.1125 -0.7694 0.8384, 0.13 -0.7827 0.8722, 0.13 -0.8771 0.4632, 0.1615 -0.8362 0.3971, 0.1615 -0.8956 0.4463, 0.1125 -0.7973 0.7768, 0.1125 -0.8319 0.7419, 0.1125 -0.8642 0.766, 0.1615 -0.9394 0.5098, 0.13 -0.9169 0.5211, 0.2008 -0.768 0.3574, 0.2008 -0.8409 0.3894, 0.1615 -0.721 0.5229, 0.13 -0.7279 0.4988, 0.1615 -0.7504 0.5359, 0.1615 -0.8038 0.6134, 0.2008 -0.795 0.6151, 0.1615 -0.7935 0.5829, 0.13 -0.6891 0.4934, 0.1615 -0.6891 0.5185, 0.2008 -0.7191 0.5318, 0.1125 -0.8844 0.5373, 0.1125 -0.8641 0.6019, 0.1125 -0.8484 0.5554, 0.1615 -0.7752 0.5564, 0.13 -0.7636 0.5145, 0.1125 -0.9037 0.5944, 0.2008 -0.6891 0.5275, 0.2008 -0.7964 0.6441, 0.1615 -0.8054 0.6456, 0.1615 -0.7656 0.366, 0.2008 -0.6891 0.3464, 0.1125 -0.8666 0.651, 0.1125 -0.9067 0.6545, 0.1125 -0.8556 0.6988, 0.2008 -0.7682 0.5622, 0.2008 -0.7851 0.5865, 0.1125 -0.8932 0.7132, 0.1615 -0.7826 0.7051, 0.2008 -0.7756 0.6993, 0.1615 -0.7982 0.6769, 0.1125 -0.8218 0.8088, 0.13 -0.8439 0.8376, 0.1615 -0.8591 0.8576, 0.2008 -0.8646 0.8647, 0.1125 -0.7378 0.4638, 0.1125 -0.7827 0.4836, 0.13 -0.7753 0.7479, 0.1615 -0.76 0.728, 0.2008 -0.755 0.7204, 0.13 -0.8932 0.7877, 0.13 -0.8028 0.7201, 0.1615 -0.9134 0.8027, 0.2008 -0.9206 0.8081, 0.2008 -0.7899 0.6734, 0.13 -0.9271 0.7262, 0.13 -0.8216 0.6859, 0.1615 -0.9506 0.7351, 0.2008 -0.959 0.7383, 0.13 -0.9429 0.6577, 0.13 -0.8304 0.6478, 0.1615 -0.9679 0.66, 0.2008 -0.9769 0.6608, 0.13 -0.9394 0.5876, 0.13 -0.8285 0.6087, 0.1615 -0.9641 0.5829, 0.2008 -0.9729 0.5812, 0.1125 -0.8039 0.4494, 0.13 -0.823 0.4185, 0.1125 -0.8503 0.4877, 0.13 -0.8159 0.5717, 0.2008 -0.9474 0.5058, 0.2008 -0.7454 0.5434, 0.1125 -0.8206 0.515, 0.13 -0.7938 0.5395, 0.2008 -0.9022 0.4402, 0.1125 -0.7488 0.4251, 0.13 -0.7587 0.3901, 0.1615 -0.6891 0.3553, 0.1125 -0.6891 0.4571, 0.1125 -0.6891 0.4168, 0.13 -0.6891 0.3805, 0.2891 -0.8666 0.651, 0.2891 -0.8641 0.6019, 0.2716 -0.8304 0.6478, 0.2891 -0.8218 0.8088, 0.2891 -0.7973 0.7768, 0.2716 -0.8159 0.5717, 0.2716 -0.7938 0.5395, 0.2401 -0.7935 0.5829, 0.2401 -0.7504 0.5359, 0.2401 -0.8956 0.4463, 0.2401 -0.9394 0.5098, 0.2891 -0.9067 0.6545, 0.2891 -0.9037 0.5944, 0.2401 -0.7752 0.5564, 0.2891 -0.8503 0.4877, 0.2891 -0.8484 0.5554, 0.2891 -0.8844 0.5373, 0.2401 -0.6891 0.3553, 0.2401 -0.7656 0.366, 0.2716 -0.7587 0.3901, 0.2716 -0.823 0.4185, 0.2401 -0.721 0.5229, 0.2716 -0.7279 0.4988, 0.2716 -0.6891 0.3805, 0.2891 -0.8932 0.7132, 0.2891 -0.8556 0.6988, 0.2401 -0.6891 0.5185, 0.2716 -0.8216 0.6859, 0.2716 -0.8285 0.6087, 0.2891 -0.8319 0.7419, 0.2891 -0.8642 0.766, 0.2716 -0.8028 0.7201, 0.2716 -0.7753 0.7479, 0.2401 -0.76 0.728, 0.2401 -0.9641 0.5829, 0.2716 -0.8439 0.8376, 0.2401 -0.8591 0.8576, 0.2401 -0.9679 0.66, 0.2401 -0.9134 0.8027, 0.2401 -0.9506 0.7351, 0.2716 -0.8932 0.7877, 0.2401 -0.7826 0.7051, 0.2716 -0.9271 0.7262, 0.2401 -0.7982 0.6769, 0.2401 -0.8362 0.3971, 0.2716 -0.9429 0.6577, 0.2401 -0.8054 0.6456, 0.2716 -0.9394 0.5876, 0.2401 -0.8038 0.6134, 0.2716 -0.9169 0.5211, 0.2891 -0.8206 0.515, 0.2716 -0.8771 0.4632, 0.2716 -0.7636 0.5145, 0.2891 -0.8039 0.4494, 0.2891 -0.7827 0.4836, 0.2891 -0.7488 0.4251, 0.2891 -0.7378 0.4638, 0.2891 -0.6891 0.4168, 0.2891 -0.6891 0.4571, 0.2716 -0.6891 0.4934, 0.2891 0.9843 0.4571, 0.2891 0.9843 0.4168, 0.2716 0.9843 0.3805, 0.2401 0.9843 0.3553, 0.2008 0.9843 0.3464, 0.2716 0.9843 0.4934, 0.2401 0.9843 0.5185, 0.2008 0.9843 0.5275, 0.1125 0.9843 0.4168, 0.1125 0.9843 0.4571, 0.13 0.9843 0.4934, 0.1615 0.9843 0.5185, 0.13 0.9843 0.3805, 0.1615 0.9843 0.3553, 0.1615 0.9843 0.3553
            ]
        }
        coordIndex [
            0,1,2,-1,3,1,4,-1,5,6,7,-1,8,6,9,-1,10,8,9,-1,8,7,6,-1,5,0,2,-1,7,0,5,-1,11,3,4,-1,1,3,2,-1,4,12,11,-1,2,3,13,-1,14,13,3,-1,11,14,3,-1,15,14,11,-1,15,16,17,-1,18,2,13,-1,15,17,14,-1,18,5,2,-1,5,18,19,-1,19,20,6,-1,6,5,19,-1,9,20,21,-1,20,9,6,-1,9,21,10,-1,10,21,22,-1,23,24,7,-1,25,17,26,-1,24,0,7,-1,7,8,23,-1,27,23,8,-1,10,27,8,-1,10,22,27,-1,0,24,28,-1,28,29,1,-1,1,0,28,-1,4,29,25,-1,29,4,1,-1,4,25,12,-1,25,26,12,-1,17,16,26,-1,30,31,32,-1,33,34,35,-1,32,36,37,-1,31,38,39,-1,40,41,42,-1,43,44,45,-1,46,40,47,-1,47,40,48,-1,49,50,51,-1,52,42,53,-1,54,49,37,-1,48,55,47,-1,56,43,57,-1,38,58,59,-1,60,50,54,-1,61,62,60,-1,63,52,64,-1,62,65,34,-1,66,67,68,-1,24,69,28,-1,33,69,24,-1,69,70,28,-1,29,70,71,-1,33,24,23,-1,71,25,29,-1,72,17,25,-1,53,73,74,-1,75,33,23,-1,22,76,27,-1,76,75,27,-1,77,67,66,-1,76,22,77,-1,43,56,44,-1,27,75,23,-1,77,66,76,-1,78,69,35,-1,75,76,79,-1,80,71,70,-1,33,75,34,-1,69,33,35,-1,81,72,71,-1,28,70,29,-1,78,80,70,-1,72,25,71,-1,66,79,76,-1,82,68,67,-1,83,35,65,-1,79,34,75,-1,79,66,84,-1,80,78,85,-1,34,79,62,-1,35,34,65,-1,86,81,80,-1,69,78,70,-1,83,85,78,-1,81,71,80,-1,68,84,66,-1,56,57,82,-1,87,65,61,-1,84,62,79,-1,84,68,88,-1,89,85,83,-1,62,84,60,-1,65,62,61,-1,85,86,80,-1,35,83,78,-1,83,87,89,-1,90,86,85,-1,68,57,88,-1,57,68,82,-1,91,61,54,-1,88,60,84,-1,92,88,57,-1,93,89,87,-1,60,88,50,-1,61,60,54,-1,94,90,89,-1,65,87,83,-1,91,93,87,-1,90,85,89,-1,43,92,57,-1,64,45,44,-1,95,96,97,-1,92,50,88,-1,98,92,43,-1,36,93,91,-1,92,51,50,-1,49,54,50,-1,99,94,93,-1,61,91,87,-1,37,36,91,-1,94,89,93,-1,98,43,45,-1,100,42,63,-1,51,101,97,-1,98,51,92,-1,45,102,98,-1,49,97,30,-1,51,98,101,-1,49,51,97,-1,103,99,36,-1,54,37,91,-1,37,30,32,-1,99,93,36,-1,45,52,102,-1,52,45,64,-1,74,101,102,-1,102,101,98,-1,102,53,74,-1,95,97,101,-1,101,74,95,-1,30,97,96,-1,32,39,103,-1,49,30,37,-1,96,31,30,-1,103,36,32,-1,63,42,52,-1,40,100,48,-1,95,74,104,-1,52,53,102,-1,53,41,73,-1,96,95,105,-1,74,73,104,-1,106,59,58,-1,95,104,105,-1,58,31,96,-1,105,58,96,-1,39,32,31,-1,100,40,42,-1,42,41,53,-1,46,107,41,-1,40,46,41,-1,107,108,73,-1,41,107,73,-1,108,109,104,-1,73,108,104,-1,109,106,105,-1,104,109,105,-1,106,58,105,-1,38,31,58,-1,110,111,112,-1,113,114,19,-1,115,116,117,-1,63,118,100,-1,103,119,120,-1,121,122,110,-1,117,116,123,-1,124,125,126,-1,59,127,128,-1,128,129,130,-1,131,118,132,-1,129,127,133,-1,134,121,135,-1,48,136,55,-1,137,135,110,-1,111,125,138,-1,134,139,140,-1,135,141,139,-1,142,114,139,-1,114,113,140,-1,19,114,20,-1,142,21,20,-1,114,142,20,-1,21,143,22,-1,19,18,113,-1,144,99,120,-1,113,18,145,-1,146,145,13,-1,145,18,13,-1,72,146,14,-1,13,14,146,-1,17,72,14,-1,72,81,146,-1,94,147,90,-1,148,146,81,-1,148,86,149,-1,150,145,148,-1,141,143,142,-1,113,150,140,-1,22,143,77,-1,139,114,140,-1,21,142,143,-1,142,139,141,-1,77,143,151,-1,146,148,145,-1,81,86,148,-1,149,90,147,-1,145,150,113,-1,149,152,150,-1,151,141,137,-1,140,152,134,-1,77,151,67,-1,135,139,134,-1,143,141,151,-1,141,135,137,-1,67,151,153,-1,148,149,150,-1,86,90,149,-1,154,39,38,-1,150,152,140,-1,99,144,94,-1,153,137,112,-1,134,155,121,-1,110,112,137,-1,121,110,135,-1,153,156,82,-1,67,153,82,-1,151,137,153,-1,152,147,155,-1,147,152,149,-1,119,39,154,-1,152,155,134,-1,157,155,144,-1,138,156,112,-1,121,157,122,-1,112,111,138,-1,122,111,110,-1,156,158,56,-1,82,156,56,-1,153,112,156,-1,155,147,144,-1,94,144,147,-1,122,126,111,-1,155,157,121,-1,157,120,159,-1,158,138,115,-1,126,122,159,-1,44,56,158,-1,125,111,126,-1,156,138,158,-1,138,125,115,-1,44,158,117,-1,144,120,157,-1,99,103,120,-1,160,115,125,-1,157,159,122,-1,119,161,159,-1,118,123,162,-1,161,124,126,-1,117,158,115,-1,160,125,124,-1,160,116,115,-1,64,117,123,-1,117,64,44,-1,120,119,159,-1,103,39,119,-1,160,124,163,-1,159,161,126,-1,161,154,130,-1,116,160,164,-1,124,130,163,-1,123,116,162,-1,163,164,160,-1,164,162,116,-1,63,123,118,-1,123,63,64,-1,154,161,119,-1,59,128,38,-1,129,165,163,-1,161,130,124,-1,129,163,130,-1,165,166,164,-1,165,164,163,-1,166,132,162,-1,166,162,164,-1,48,100,131,-1,118,162,132,-1,100,118,131,-1,154,38,128,-1,130,154,128,-1,165,133,167,-1,127,129,128,-1,166,167,168,-1,133,165,129,-1,132,168,169,-1,167,166,165,-1,131,169,136,-1,168,132,166,-1,169,131,132,-1,136,48,131,-1,170,167,171,-1,172,171,133,-1,167,133,171,-1,127,173,172,-1,172,133,127,-1,59,173,127,-1,59,174,173,-1,167,170,168,-1,175,169,168,-1,168,170,175,-1,169,176,136,-1,176,169,175,-1,176,177,136,-1,136,177,55,-1,178,107,179,-1,180,179,46,-1,107,46,179,-1,47,181,180,-1,180,46,47,-1,55,181,47,-1,55,177,181,-1,107,178,108,-1,182,109,108,-1,108,178,182,-1,109,183,106,-1,183,109,182,-1,183,174,106,-1,106,174,59,-1,
        ]
    }
}
Shape{
    appearance Appearance {
        material  Material 	{
            diffuseColor 0.7529411764705882 0.7529411764705882 0.7529411764705882
            specularColor 0.7529411764705882 0.7529411764705882 0.7529411764705882
            ambientIntensity 0.2
            transparency 0
            shininess 0.5
        }
    }
    geometry IndexedFaceSet {
        ccw TRUE
        solid FALSE
        coord DEF co Coordinate {
            point [
                0.1615 0.9843 0.3553, 0.13 0.9843 0.3805, 0.1125 0.9843 0.4168, 0.2716 0.9843 0.3805, 0.2401 0.9843 0.3553, 0.1615 0.9843 0.5185, 0.1125 0.9843 0.4571, 0.2008 0.9843 0.3464, 0.13 0.9843 0.4934, 0.2008 0.9843 0.5275, 0.2891 0.9843 0.4168, 0.2891 0.9843 0.4571, 0.2401 0.9843 0.5185, 0.2716 0.9843 0.4934, 0.2716 0.9843 0.4934
            ]
        }
        coordIndex [
            0,1,2,-1,3,4,5,-1,0,2,6,-1,7,6,8,-1,6,7,0,-1,9,10,3,-1,5,4,8,-1,11,10,12,-1,12,13,11,-1,3,5,9,-1,10,9,12,-1,4,7,8,-1,
        ]
    }
}
Shape{
    appearance Appearance {
        material  Material 	{
            diffuseColor 0.6549019607843137 0.6549019607843137 0.6549019607843137
            specularColor 0.7529411764705882 0.7529411764705882 0.7529411764705882
            ambientIntensity 0.2
            transparency 0
            shininess 0.5
        }
    }
    geometry IndexedFaceSet {
        ccw TRUE
        solid FALSE
        coord DEF co Coordinate {
            point [
                -0.0925 2.1522 1.9685, -0.3091 2.1522 1.9685, -0.3091 2.3622 1.9685, -0.3091 1.7323 1.9685, -0.3091 1.9423 1.9685, -0.2374 1.921 1.9685, -0.0925 1.7323 1.9685, -0.1804 1.9061 1.9684, -0.1642 1.921 1.9685, -0.0925 1.9423 1.9685, -0.0925 2.3622 1.9685, -0.2008 1.9001 1.9685, -0.2211 1.9061 1.9684, -0.0925 2.3622 0.7874, -0.0925 1.6929 0.7874, -0.0925 1.6929 1.9685, -0.0531 1.5748 0.7874, -0.0531 1.5748 1.9685, -0.3091 1.6929 1.9685, -0.3091 1.6929 0.7874, -0.3091 2.3622 0.7874, -0.3484 1.5748 1.9685, -0.3484 1.5748 0.7874, -0.3484 1.5748 0.7874
            ]
        }
        coordIndex [
            0,1,2,-1,3,4,5,-1,6,7,8,-1,6,8,9,-1,2,10,0,-1,0,8,1,-1,8,0,9,-1,7,6,11,-1,1,8,5,-1,3,11,6,-1,3,5,12,-1,3,12,11,-1,1,5,4,-1,0,13,9,-1,0,10,13,-1,9,13,14,-1,9,14,6,-1,6,14,15,-1,15,14,16,-1,15,16,17,-1,3,18,19,-1,4,3,19,-1,20,1,4,-1,4,19,20,-1,20,2,1,-1,21,19,18,-1,19,21,22,-1,
        ]
    }
}
Shape{
    appearance Appearance {
        material  Material 	{
            diffuseColor 0.4392156862745098 0.3215686274509804 0.10588235294117647
            specularColor 0.7529411764705882 0.7529411764705882 0.7529411764705882
            ambientIntensity 0.2
            transparency 0
            shininess 0.5
        }
    }
    geometry IndexedFaceSet {
        ccw TRUE
        solid FALSE
        coord DEF co Coordinate {
            point [
                -0.2894 1.9583 1.8741, -0.2886 1.9434 1.912, -0.113 1.9434 1.912, -0.1316 1.93 1.9458, -0.27 1.93 1.9458, -0.1122 1.9583 1.8741, -0.1294 1.9719 1.8397, -0.2722 1.9719 1.8397, -0.2405 1.9814 1.8158, -0.161 1.9814 1.8158, -0.2008 1.9847 1.8072, -0.1642 1.921 1.9685, -0.2374 1.921 1.9685, -0.13 -0.7827 0.8722, -0.1615 -0.792 0.8956, -0.1804 1.9061 1.9684, -0.2008 1.9001 1.9685, -0.2008 -0.7953 0.9039, -0.1125 -0.7694 0.8384, -0.1125 -0.7546 0.8009, -0.13 -0.7412 0.7672, -0.1615 -0.732 0.7438, -0.2008 -0.7287 0.7355, -0.2716 -0.7412 0.7672, -0.2891 -0.7546 0.8009, -0.2401 -0.792 0.8956, -0.2211 1.9061 1.9684, -0.2401 -0.732 0.7438, -0.2891 -0.7694 0.8384, -0.2716 -0.7827 0.8722, -0.2716 -0.8771 0.4632, -0.2401 -0.8362 0.3971, -0.2401 -0.8956 0.4463, -0.2891 -0.7973 0.7768, -0.2891 -0.8319 0.7419, -0.2891 -0.8642 0.766, -0.2401 -0.9394 0.5098, -0.2716 -0.9169 0.5211, -0.2008 -0.768 0.3574, -0.2008 -0.8409 0.3894, -0.2401 -0.721 0.5229, -0.2716 -0.7279 0.4988, -0.2401 -0.7504 0.5359, -0.2401 -0.8038 0.6134, -0.2008 -0.795 0.6151, -0.2401 -0.7935 0.5829, -0.2716 -0.6891 0.4934, -0.2401 -0.6891 0.5185, -0.2008 -0.7191 0.5318, -0.2891 -0.8844 0.5373, -0.2891 -0.8641 0.6019, -0.2891 -0.8484 0.5554, -0.2401 -0.7752 0.5564, -0.2716 -0.7636 0.5145, -0.2891 -0.9037 0.5944, -0.2008 -0.6891 0.5275, -0.2008 -0.7964 0.6441, -0.2401 -0.8054 0.6456, -0.2401 -0.7656 0.366, -0.2008 -0.6891 0.3464, -0.2891 -0.8666 0.651, -0.2891 -0.9067 0.6545, -0.2891 -0.8556 0.6988, -0.2008 -0.7682 0.5622, -0.2008 -0.7851 0.5865, -0.2891 -0.8932 0.7132, -0.2401 -0.7826 0.7051, -0.2008 -0.7756 0.6993, -0.2401 -0.7982 0.6769, -0.2891 -0.8218 0.8088, -0.2716 -0.8439 0.8376, -0.2401 -0.8591 0.8576, -0.2008 -0.8646 0.8647, -0.2891 -0.7378 0.4638, -0.2891 -0.7827 0.4836, -0.2716 -0.7753 0.7479, -0.2401 -0.76 0.728, -0.2008 -0.755 0.7204, -0.2716 -0.8932 0.7877, -0.2716 -0.8028 0.7201, -0.2401 -0.9134 0.8027, -0.2008 -0.9206 0.8081, -0.2008 -0.7899 0.6734, -0.2716 -0.9271 0.7262, -0.2716 -0.8216 0.6859, -0.2401 -0.9506 0.7351, -0.2008 -0.959 0.7383, -0.2716 -0.9429 0.6577, -0.2716 -0.8304 0.6478, -0.2401 -0.9679 0.66, -0.2008 -0.9769 0.6608, -0.2716 -0.9394 0.5876, -0.2716 -0.8285 0.6087, -0.2401 -0.9641 0.5829, -0.2008 -0.9729 0.5812, -0.2891 -0.8039 0.4494, -0.2716 -0.823 0.4185, -0.2891 -0.8503 0.4877, -0.2716 -0.8159 0.5717, -0.2008 -0.9474 0.5058, -0.2008 -0.7454 0.5434, -0.2891 -0.8206 0.515, -0.2716 -0.7938 0.5395, -0.2008 -0.9022 0.4402, -0.2891 -0.7488 0.4251, -0.2716 -0.7587 0.3901, -0.2401 -0.6891 0.3553, -0.2891 -0.6891 0.4571, -0.2891 -0.6891 0.4168, -0.2716 -0.6891 0.3805, -0.1125 -0.8666 0.651, -0.1125 -0.8641 0.6019, -0.13 -0.8304 0.6478, -0.1125 -0.8218 0.8088, -0.1125 -0.7973 0.7768, -0.13 -0.8159 0.5717, -0.13 -0.7938 0.5395, -0.1615 -0.7935 0.5829, -0.1615 -0.7504 0.5359, -0.1615 -0.8956 0.4463, -0.1615 -0.9394 0.5098, -0.1125 -0.9067 0.6545, -0.1125 -0.9037 0.5944, -0.1615 -0.7752 0.5564, -0.1125 -0.8503 0.4877, -0.1125 -0.8484 0.5554, -0.1125 -0.8844 0.5373, -0.1615 -0.6891 0.3553, -0.1615 -0.7656 0.366, -0.13 -0.7587 0.3901, -0.13 -0.823 0.4185, -0.1615 -0.721 0.5229, -0.13 -0.7279 0.4988, -0.13 -0.6891 0.3805, -0.1125 -0.8932 0.7132, -0.1125 -0.8556 0.6988, -0.1615 -0.6891 0.5185, -0.13 -0.8216 0.6859, -0.13 -0.8285 0.6087, -0.1125 -0.8319 0.7419, -0.1125 -0.8642 0.766, -0.13 -0.8028 0.7201, -0.13 -0.7753 0.7479, -0.1615 -0.76 0.728, -0.1615 -0.9641 0.5829, -0.13 -0.8439 0.8376, -0.1615 -0.8591 0.8576, -0.1615 -0.9679 0.66, -0.1615 -0.9134 0.8027, -0.1615 -0.9506 0.7351, -0.13 -0.8932 0.7877, -0.1615 -0.7826 0.7051, -0.13 -0.9271 0.7262, -0.1615 -0.7982 0.6769, -0.1615 -0.8362 0.3971, -0.13 -0.9429 0.6577, -0.1615 -0.8054 0.6456, -0.13 -0.9394 0.5876, -0.1615 -0.8038 0.6134, -0.13 -0.9169 0.5211, -0.1125 -0.8206 0.515, -0.13 -0.8771 0.4632, -0.13 -0.7636 0.5145, -0.1125 -0.8039 0.4494, -0.1125 -0.7827 0.4836, -0.1125 -0.7488 0.4251, -0.1125 -0.7378 0.4638, -0.1125 -0.6891 0.4168, -0.1125 -0.6891 0.4571, -0.13 -0.6891 0.4934, -0.1125 0.9843 0.4571, -0.1125 0.9843 0.4168, -0.13 0.9843 0.3805, -0.1615 0.9843 0.3553, -0.2008 0.9843 0.3464, -0.13 0.9843 0.4934, -0.1615 0.9843 0.5185, -0.2008 0.9843 0.5275, -0.2891 0.9843 0.4168, -0.2891 0.9843 0.4571, -0.2716 0.9843 0.4934, -0.2401 0.9843 0.5185, -0.2716 0.9843 0.3805, -0.2401 0.9843 0.3553, -0.2401 0.9843 0.3553
            ]
        }
        coordIndex [
            0,1,2,-1,3,1,4,-1,5,6,7,-1,8,6,9,-1,10,8,9,-1,8,7,6,-1,5,0,2,-1,7,0,5,-1,11,3,4,-1,1,3,2,-1,4,12,11,-1,2,3,13,-1,14,13,3,-1,11,14,3,-1,15,14,11,-1,15,16,17,-1,18,2,13,-1,15,17,14,-1,18,5,2,-1,5,18,19,-1,19,20,6,-1,6,5,19,-1,9,20,21,-1,20,9,6,-1,9,21,10,-1,10,21,22,-1,23,24,7,-1,25,17,26,-1,24,0,7,-1,7,8,23,-1,27,23,8,-1,10,27,8,-1,10,22,27,-1,0,24,28,-1,28,29,1,-1,1,0,28,-1,4,29,25,-1,29,4,1,-1,4,25,12,-1,25,26,12,-1,17,16,26,-1,30,31,32,-1,33,34,35,-1,32,36,37,-1,31,38,39,-1,40,41,42,-1,43,44,45,-1,46,40,47,-1,47,40,48,-1,49,50,51,-1,52,42,53,-1,54,49,37,-1,48,55,47,-1,56,43,57,-1,38,58,59,-1,60,50,54,-1,61,62,60,-1,63,52,64,-1,62,65,34,-1,66,67,68,-1,24,69,28,-1,33,69,24,-1,69,70,28,-1,29,70,71,-1,33,24,23,-1,71,25,29,-1,72,17,25,-1,53,73,74,-1,75,33,23,-1,22,76,27,-1,76,75,27,-1,77,67,66,-1,76,22,77,-1,43,56,44,-1,27,75,23,-1,77,66,76,-1,78,69,35,-1,75,76,79,-1,80,71,70,-1,33,75,34,-1,69,33,35,-1,81,72,71,-1,28,70,29,-1,78,80,70,-1,72,25,71,-1,66,79,76,-1,82,68,67,-1,83,35,65,-1,79,34,75,-1,79,66,84,-1,80,78,85,-1,34,79,62,-1,35,34,65,-1,86,81,80,-1,69,78,70,-1,83,85,78,-1,81,71,80,-1,68,84,66,-1,56,57,82,-1,87,65,61,-1,84,62,79,-1,84,68,88,-1,89,85,83,-1,62,84,60,-1,65,62,61,-1,85,86,80,-1,35,83,78,-1,83,87,89,-1,90,86,85,-1,68,57,88,-1,57,68,82,-1,91,61,54,-1,88,60,84,-1,92,88,57,-1,93,89,87,-1,60,88,50,-1,61,60,54,-1,94,90,89,-1,65,87,83,-1,91,93,87,-1,90,85,89,-1,43,92,57,-1,64,45,44,-1,95,96,97,-1,92,50,88,-1,98,92,43,-1,36,93,91,-1,92,51,50,-1,49,54,50,-1,99,94,93,-1,61,91,87,-1,37,36,91,-1,94,89,93,-1,98,43,45,-1,100,42,63,-1,51,101,97,-1,98,51,92,-1,45,102,98,-1,49,97,30,-1,51,98,101,-1,49,51,97,-1,103,99,36,-1,54,37,91,-1,37,30,32,-1,99,93,36,-1,45,52,102,-1,52,45,64,-1,74,101,102,-1,102,101,98,-1,102,53,74,-1,95,97,101,-1,101,74,95,-1,30,97,96,-1,32,39,103,-1,49,30,37,-1,96,31,30,-1,103,36,32,-1,63,42,52,-1,40,100,48,-1,95,74,104,-1,52,53,102,-1,53,41,73,-1,96,95,105,-1,74,73,104,-1,106,59,58,-1,95,104,105,-1,58,31,96,-1,105,58,96,-1,39,32,31,-1,100,40,42,-1,42,41,53,-1,46,107,41,-1,40,46,41,-1,107,108,73,-1,41,107,73,-1,108,109,104,-1,73,108,104,-1,109,106,105,-1,104,109,105,-1,106,58,105,-1,38,31,58,-1,110,111,112,-1,113,114,19,-1,115,116,117,-1,63,118,100,-1,103,119,120,-1,121,122,110,-1,117,116,123,-1,124,125,126,-1,59,127,128,-1,128,129,130,-1,131,118,132,-1,129,127,133,-1,134,121,135,-1,48,136,55,-1,137,135,110,-1,111,125,138,-1,134,139,140,-1,135,141,139,-1,142,114,139,-1,114,113,140,-1,19,114,20,-1,142,21,20,-1,114,142,20,-1,21,143,22,-1,19,18,113,-1,144,99,120,-1,113,18,145,-1,146,145,13,-1,145,18,13,-1,72,146,14,-1,13,14,146,-1,17,72,14,-1,72,81,146,-1,94,147,90,-1,148,146,81,-1,148,86,149,-1,150,145,148,-1,141,143,142,-1,113,150,140,-1,22,143,77,-1,139,114,140,-1,21,142,143,-1,142,139,141,-1,77,143,151,-1,146,148,145,-1,81,86,148,-1,149,90,147,-1,145,150,113,-1,149,152,150,-1,151,141,137,-1,140,152,134,-1,77,151,67,-1,135,139,134,-1,143,141,151,-1,141,135,137,-1,67,151,153,-1,148,149,150,-1,86,90,149,-1,154,39,38,-1,150,152,140,-1,99,144,94,-1,153,137,112,-1,134,155,121,-1,110,112,137,-1,121,110,135,-1,153,156,82,-1,67,153,82,-1,151,137,153,-1,152,147,155,-1,147,152,149,-1,119,39,154,-1,152,155,134,-1,157,155,144,-1,138,156,112,-1,121,157,122,-1,112,111,138,-1,122,111,110,-1,156,158,56,-1,82,156,56,-1,153,112,156,-1,155,147,144,-1,94,144,147,-1,122,126,111,-1,155,157,121,-1,157,120,159,-1,158,138,115,-1,126,122,159,-1,44,56,158,-1,125,111,126,-1,156,138,158,-1,138,125,115,-1,44,158,117,-1,144,120,157,-1,99,103,120,-1,160,115,125,-1,157,159,122,-1,119,161,159,-1,118,123,162,-1,161,124,126,-1,117,158,115,-1,160,125,124,-1,160,116,115,-1,64,117,123,-1,117,64,44,-1,120,119,159,-1,103,39,119,-1,160,124,163,-1,159,161,126,-1,161,154,130,-1,116,160,164,-1,124,130,163,-1,123,116,162,-1,163,164,160,-1,164,162,116,-1,63,123,118,-1,123,63,64,-1,154,161,119,-1,59,128,38,-1,129,165,163,-1,161,130,124,-1,129,163,130,-1,165,166,164,-1,165,164,163,-1,166,132,162,-1,166,162,164,-1,48,100,131,-1,118,162,132,-1,100,118,131,-1,154,38,128,-1,130,154,128,-1,165,133,167,-1,127,129,128,-1,166,167,168,-1,133,165,129,-1,132,168,169,-1,167,166,165,-1,131,169,136,-1,168,132,166,-1,169,131,132,-1,136,48,131,-1,170,167,171,-1,172,171,133,-1,167,133,171,-1,127,173,172,-1,172,133,127,-1,59,173,127,-1,59,174,173,-1,167,170,168,-1,175,169,168,-1,168,170,175,-1,169,176,136,-1,176,169,175,-1,176,177,136,-1,136,177,55,-1,178,107,179,-1,180,179,46,-1,107,46,179,-1,47,181,180,-1,180,46,47,-1,55,181,47,-1,55,177,181,-1,107,178,108,-1,182,109,108,-1,108,178,182,-1,109,183,106,-1,183,109,182,-1,183,174,106,-1,106,174,59,-1,
        ]
    }
}
Shape{
    appearance Appearance {
        material  Material 	{
            diffuseColor 0.7529411764705882 0.7529411764705882 0.7529411764705882
            specularColor 0.7529411764705882 0.7529411764705882 0.7529411764705882
            ambientIntensity 0.2
            transparency 0
            shininess 0.5
        }
    }
    geometry IndexedFaceSet {
        ccw TRUE
        solid FALSE
        coord DEF co Coordinate {
            point [
                -0.2401 0.9843 0.3553, -0.2716 0.9843 0.3805, -0.2891 0.9843 0.4168, -0.13 0.9843 0.3805, -0.1615 0.9843 0.3553, -0.2401 0.9843 0.5185, -0.2891 0.9843 0.4571, -0.2008 0.9843 0.3464, -0.2716 0.9843 0.4934, -0.2008 0.9843 0.5275, -0.1125 0.9843 0.4168, -0.1125 0.9843 0.4571, -0.1615 0.9843 0.5185, -0.13 0.9843 0.4934, -0.13 0.9843 0.4934
            ]
        }
        coordIndex [
            0,1,2,-1,3,4,5,-1,0,2,6,-1,7,6,8,-1,6,7,0,-1,9,10,3,-1,5,4,8,-1,11,10,12,-1,12,13,11,-1,3,5,9,-1,10,9,12,-1,4,7,8,-1,
        ]
    }
}
Shape{
    appearance Appearance {
        material  Material 	{
            diffuseColor 0.6549019607843137 0.6549019607843137 0.6549019607843137
            specularColor 0.7529411764705882 0.7529411764705882 0.7529411764705882
            ambientIntensity 0.2
            transparency 0
            shininess 0.5
        }
    }
    geometry IndexedFaceSet {
        ccw TRUE
        solid FALSE
        coord DEF co Coordinate {
            point [
                -0.4941 2.1522 1.9685, -0.7106 2.1522 1.9685, -0.7106 2.3622 1.9685, -0.7106 1.7323 1.9685, -0.7106 1.9423 1.9685, -0.6389 1.921 1.9685, -0.4941 1.7323 1.9685, -0.582 1.9061 1.9684, -0.5658 1.921 1.9685, -0.4941 1.9423 1.9685, -0.4941 2.3622 1.9685, -0.6024 1.9001 1.9685, -0.6227 1.9061 1.9684, -0.4941 2.3622 0.7874, -0.4941 1.6929 0.7874, -0.4941 1.6929 1.9685, -0.4547 1.5748 0.7874, -0.4547 1.5748 1.9685, -0.7106 1.6929 1.9685, -0.7106 1.6929 0.7874, -0.7106 2.3622 0.7874, -0.75 1.5748 1.9685, -0.75 1.5748 0.7874, -0.75 1.5748 0.7874
            ]
        }
        coordIndex [
            0,1,2,-1,3,4,5,-1,6,7,8,-1,6,8,9,-1,2,10,0,-1,0,8,1,-1,8,0,9,-1,7,6,11,-1,1,8,5,-1,3,11,6,-1,3,5,12,-1,3,12,11,-1,1,5,4,-1,0,13,9,-1,0,10,13,-1,9,13,14,-1,9,14,6,-1,6,14,15,-1,15,14,16,-1,15,16,17,-1,3,18,19,-1,4,3,19,-1,20,1,4,-1,4,19,20,-1,20,2,1,-1,21,19,18,-1,19,21,22,-1,
        ]
    }
}
Shape{
    appearance Appearance {
        material  Material 	{
            diffuseColor 0.4392156862745098 0.3215686274509804 0.10588235294117647
            specularColor 0.7529411764705882 0.7529411764705882 0.7529411764705882
            ambientIntensity 0.2
            transparency 0
            shininess 0.5
        }
    }
    geometry IndexedFaceSet {
        ccw TRUE
        solid FALSE
        coord DEF co Coordinate {
            point [
                -0.691 1.9583 1.8741, -0.6902 1.9434 1.912, -0.5145 1.9434 1.912, -0.5331 1.93 1.9458, -0.6716 1.93 1.9458, -0.5138 1.9583 1.8741, -0.5309 1.9719 1.8397, -0.6738 1.9719 1.8397, -0.6421 1.9814 1.8158, -0.5626 1.9814 1.8158, -0.6024 1.9847 1.8072, -0.5658 1.921 1.9685, -0.6389 1.921 1.9685, -0.5316 -0.7827 0.8722, -0.582 1.9061 1.9684, -0.5631 -0.792 0.8956, -0.6024 1.9001 1.9685, -0.6024 -0.7953 0.9039, -0.5141 -0.7694 0.8384, -0.5141 -0.7546 0.8009, -0.5316 -0.7412 0.7672, -0.5631 -0.732 0.7438, -0.6024 -0.7287 0.7355, -0.6732 -0.7412 0.7672, -0.6906 -0.7546 0.8009, -0.6416 -0.792 0.8956, -0.6227 1.9061 1.9684, -0.6416 -0.732 0.7438, -0.6906 -0.7694 0.8384, -0.6732 -0.7827 0.8722, -0.6732 -0.8771 0.4632, -0.6416 -0.8362 0.3971, -0.6416 -0.8956 0.4463, -0.6906 -0.7973 0.7768, -0.6906 -0.8319 0.7419, -0.6906 -0.8642 0.766, -0.6416 -0.9394 0.5098, -0.6732 -0.9169 0.5211, -0.6024 -0.768 0.3574, -0.6024 -0.8409 0.3894, -0.6416 -0.721 0.5229, -0.6732 -0.7279 0.4988, -0.6416 -0.7504 0.5359, -0.6416 -0.8038 0.6134, -0.6024 -0.795 0.6151, -0.6416 -0.7935 0.5829, -0.6732 -0.6891 0.4934, -0.6416 -0.6891 0.5185, -0.6024 -0.7191 0.5318, -0.6906 -0.8844 0.5373, -0.6906 -0.8641 0.6019, -0.6906 -0.8484 0.5554, -0.6416 -0.7752 0.5564, -0.6732 -0.7636 0.5145, -0.6906 -0.9037 0.5944, -0.6024 -0.6891 0.5275, -0.6024 -0.7964 0.6441, -0.6416 -0.8054 0.6456, -0.6416 -0.7656 0.366, -0.6024 -0.6891 0.3464, -0.6906 -0.8666 0.651, -0.6906 -0.9067 0.6545, -0.6906 -0.8556 0.6988, -0.6024 -0.7682 0.5622, -0.6024 -0.7851 0.5865, -0.6906 -0.8932 0.7132, -0.6416 -0.7826 0.7051, -0.6024 -0.7756 0.6993, -0.6416 -0.7982 0.6769, -0.6906 -0.8218 0.8088, -0.6732 -0.8439 0.8376, -0.6416 -0.8591 0.8576, -0.6024 -0.8646 0.8647, -0.6906 -0.7378 0.4638, -0.6906 -0.7827 0.4836, -0.6732 -0.7753 0.7479, -0.6416 -0.76 0.728, -0.6024 -0.755 0.7204, -0.6732 -0.8932 0.7877, -0.6732 -0.8028 0.7201, -0.6416 -0.9134 0.8027, -0.6024 -0.9206 0.8081, -0.6024 -0.7899 0.6734, -0.6732 -0.9271 0.7262, -0.6732 -0.8216 0.6859, -0.6416 -0.9506 0.7351, -0.6024 -0.959 0.7383, -0.6732 -0.9429 0.6577, -0.6732 -0.8304 0.6478, -0.6416 -0.9679 0.66, -0.6024 -0.9769 0.6608, -0.6732 -0.9394 0.5876, -0.6732 -0.8285 0.6087, -0.6416 -0.9641 0.5829, -0.6024 -0.9729 0.5812, -0.6906 -0.8039 0.4494, -0.6732 -0.823 0.4185, -0.6906 -0.8503 0.4877, -0.6732 -0.8159 0.5717, -0.6024 -0.9474 0.5058, -0.6024 -0.7454 0.5434, -0.6906 -0.8206 0.515, -0.6732 -0.7938 0.5395, -0.6024 -0.9022 0.4402, -0.6906 -0.7488 0.4251, -0.6732 -0.7587 0.3901, -0.6416 -0.6891 0.3553, -0.6906 -0.6891 0.4571, -0.6906 -0.6891 0.4168, -0.6732 -0.6891 0.3805, -0.5141 -0.8666 0.651, -0.5141 -0.8641 0.6019, -0.5316 -0.8304 0.6478, -0.5141 -0.8218 0.8088, -0.5141 -0.7973 0.7768, -0.5316 -0.8159 0.5717, -0.5316 -0.7938 0.5395, -0.5631 -0.7935 0.5829, -0.5631 -0.7504 0.5359, -0.5631 -0.8956 0.4463, -0.5631 -0.9394 0.5098, -0.5141 -0.9067 0.6545, -0.5141 -0.9037 0.5944, -0.5631 -0.7752 0.5564, -0.5141 -0.8503 0.4877, -0.5141 -0.8484 0.5554, -0.5141 -0.8844 0.5373, -0.5631 -0.6891 0.3553, -0.5631 -0.7656 0.366, -0.5316 -0.7587 0.3901, -0.5316 -0.823 0.4185, -0.5631 -0.721 0.5229, -0.5316 -0.7279 0.4988, -0.5316 -0.6891 0.3805, -0.5141 -0.8932 0.7132, -0.5141 -0.8556 0.6988, -0.5631 -0.6891 0.5185, -0.5316 -0.8216 0.6859, -0.5316 -0.8285 0.6087, -0.5141 -0.8319 0.7419, -0.5141 -0.8642 0.766, -0.5316 -0.8028 0.7201, -0.5316 -0.7753 0.7479, -0.5631 -0.76 0.728, -0.5631 -0.9641 0.5829, -0.5316 -0.8439 0.8376, -0.5631 -0.8591 0.8576, -0.5631 -0.9679 0.66, -0.5631 -0.9134 0.8027, -0.5631 -0.9506 0.7351, -0.5316 -0.8932 0.7877, -0.5631 -0.7826 0.7051, -0.5316 -0.9271 0.7262, -0.5631 -0.7982 0.6769, -0.5631 -0.8362 0.3971, -0.5316 -0.9429 0.6577, -0.5631 -0.8054 0.6456, -0.5316 -0.9394 0.5876, -0.5631 -0.8038 0.6134, -0.5316 -0.9169 0.5211, -0.5141 -0.8206 0.515, -0.5316 -0.8771 0.4632, -0.5316 -0.7636 0.5145, -0.5141 -0.8039 0.4494, -0.5141 -0.7827 0.4836, -0.5141 -0.7488 0.4251, -0.5141 -0.7378 0.4638, -0.5141 -0.6891 0.4168, -0.5141 -0.6891 0.4571, -0.5316 -0.6891 0.4934, -0.5141 0.9843 0.4571, -0.5141 0.9843 0.4168, -0.5316 0.9843 0.3805, -0.5631 0.9843 0.3553, -0.6024 0.9843 0.3464, -0.5316 0.9843 0.4934, -0.5631 0.9843 0.5185, -0.6024 0.9843 0.5275, -0.6906 0.9843 0.4168, -0.6906 0.9843 0.4571, -0.6732 0.9843 0.4934, -0.6416 0.9843 0.5185, -0.6732 0.9843 0.3805, -0.6416 0.9843 0.3553, -0.6416 0.9843 0.3553
            ]
        }
        coordIndex [
            0,1,2,-1,3,1,4,-1,5,6,7,-1,8,6,9,-1,10,8,9,-1,8,7,6,-1,5,0,2,-1,7,0,5,-1,11,3,4,-1,1,3,2,-1,4,12,11,-1,2,3,13,-1,14,15,11,-1,3,15,13,-1,15,3,11,-1,14,16,17,-1,13,18,2,-1,14,17,15,-1,18,5,2,-1,5,18,19,-1,19,20,6,-1,6,5,19,-1,9,20,21,-1,20,9,6,-1,9,21,10,-1,10,21,22,-1,23,24,7,-1,25,17,26,-1,24,0,7,-1,7,8,23,-1,27,23,8,-1,10,27,8,-1,10,22,27,-1,0,24,28,-1,28,29,1,-1,1,0,28,-1,4,29,25,-1,29,4,1,-1,4,25,12,-1,25,26,12,-1,17,16,26,-1,30,31,32,-1,33,34,35,-1,32,36,37,-1,31,38,39,-1,40,41,42,-1,43,44,45,-1,46,40,47,-1,47,40,48,-1,49,50,51,-1,52,42,53,-1,54,49,37,-1,48,55,47,-1,56,43,57,-1,38,58,59,-1,60,50,54,-1,61,62,60,-1,63,52,64,-1,62,65,34,-1,66,67,68,-1,24,69,28,-1,33,69,24,-1,69,70,28,-1,29,70,71,-1,33,24,23,-1,71,25,29,-1,72,17,25,-1,53,73,74,-1,75,33,23,-1,22,76,27,-1,76,75,27,-1,77,67,66,-1,76,22,77,-1,43,56,44,-1,27,75,23,-1,77,66,76,-1,78,69,35,-1,75,76,79,-1,80,71,70,-1,33,75,34,-1,69,33,35,-1,81,72,71,-1,28,70,29,-1,78,80,70,-1,72,25,71,-1,66,79,76,-1,82,68,67,-1,83,35,65,-1,79,34,75,-1,79,66,84,-1,80,78,85,-1,34,79,62,-1,35,34,65,-1,86,81,80,-1,69,78,70,-1,83,85,78,-1,81,71,80,-1,68,84,66,-1,56,57,82,-1,87,65,61,-1,84,62,79,-1,84,68,88,-1,89,85,83,-1,62,84,60,-1,65,62,61,-1,85,86,80,-1,35,83,78,-1,83,87,89,-1,90,86,85,-1,68,57,88,-1,57,68,82,-1,91,61,54,-1,88,60,84,-1,92,88,57,-1,93,89,87,-1,60,88,50,-1,61,60,54,-1,94,90,89,-1,65,87,83,-1,91,93,87,-1,90,85,89,-1,43,92,57,-1,64,45,44,-1,95,96,97,-1,92,50,88,-1,98,92,43,-1,36,93,91,-1,92,51,50,-1,49,54,50,-1,99,94,93,-1,61,91,87,-1,37,36,91,-1,94,89,93,-1,98,43,45,-1,100,42,63,-1,51,101,97,-1,98,51,92,-1,45,102,98,-1,49,97,30,-1,51,98,101,-1,49,51,97,-1,103,99,36,-1,54,37,91,-1,37,30,32,-1,99,93,36,-1,45,52,102,-1,52,45,64,-1,74,101,102,-1,102,101,98,-1,102,53,74,-1,95,97,101,-1,101,74,95,-1,30,97,96,-1,32,39,103,-1,49,30,37,-1,96,31,30,-1,103,36,32,-1,63,42,52,-1,40,100,48,-1,95,74,104,-1,52,53,102,-1,53,41,73,-1,96,95,105,-1,74,73,104,-1,106,59,58,-1,95,104,105,-1,58,31,96,-1,105,58,96,-1,39,32,31,-1,100,40,42,-1,42,41,53,-1,46,107,41,-1,40,46,41,-1,107,108,73,-1,41,107,73,-1,108,109,104,-1,73,108,104,-1,109,106,105,-1,104,109,105,-1,106,58,105,-1,38,31,58,-1,110,111,112,-1,113,114,19,-1,115,116,117,-1,63,118,100,-1,103,119,120,-1,121,122,110,-1,117,116,123,-1,124,125,126,-1,59,127,128,-1,128,129,130,-1,131,118,132,-1,129,127,133,-1,134,121,135,-1,48,136,55,-1,137,135,110,-1,111,125,138,-1,134,139,140,-1,135,141,139,-1,142,114,139,-1,114,113,140,-1,19,114,20,-1,142,21,20,-1,114,142,20,-1,21,143,22,-1,19,18,113,-1,144,99,120,-1,113,18,145,-1,146,145,13,-1,145,18,13,-1,72,146,15,-1,13,15,146,-1,17,72,15,-1,72,81,146,-1,94,147,90,-1,148,146,81,-1,148,86,149,-1,150,145,148,-1,141,143,142,-1,113,150,140,-1,22,143,77,-1,139,114,140,-1,21,142,143,-1,142,139,141,-1,77,143,151,-1,146,148,145,-1,81,86,148,-1,149,90,147,-1,145,150,113,-1,149,152,150,-1,151,141,137,-1,140,152,134,-1,77,151,67,-1,135,139,134,-1,143,141,151,-1,141,135,137,-1,67,151,153,-1,148,149,150,-1,86,90,149,-1,154,39,38,-1,150,152,140,-1,99,144,94,-1,153,137,112,-1,134,155,121,-1,110,112,137,-1,121,110,135,-1,153,156,82,-1,67,153,82,-1,151,137,153,-1,152,147,155,-1,147,152,149,-1,119,39,154,-1,152,155,134,-1,157,155,144,-1,138,156,112,-1,121,157,122,-1,112,111,138,-1,122,111,110,-1,156,158,56,-1,82,156,56,-1,153,112,156,-1,155,147,144,-1,94,144,147,-1,122,126,111,-1,155,157,121,-1,157,120,159,-1,158,138,115,-1,126,122,159,-1,44,56,158,-1,125,111,126,-1,156,138,158,-1,138,125,115,-1,44,158,117,-1,144,120,157,-1,99,103,120,-1,160,115,125,-1,157,159,122,-1,119,161,159,-1,118,123,162,-1,161,124,126,-1,117,158,115,-1,160,125,124,-1,160,116,115,-1,64,117,123,-1,117,64,44,-1,120,119,159,-1,103,39,119,-1,160,124,163,-1,159,161,126,-1,161,154,130,-1,116,160,164,-1,124,130,163,-1,123,116,162,-1,163,164,160,-1,164,162,116,-1,63,123,118,-1,123,63,64,-1,154,161,119,-1,59,128,38,-1,129,165,163,-1,161,130,124,-1,129,163,130,-1,165,166,164,-1,165,164,163,-1,166,132,162,-1,166,162,164,-1,48,100,131,-1,118,162,132,-1,100,118,131,-1,154,38,128,-1,130,154,128,-1,165,133,167,-1,127,129,128,-1,166,167,168,-1,133,165,129,-1,132,168,169,-1,167,166,165,-1,131,169,136,-1,168,132,166,-1,169,131,132,-1,136,48,131,-1,170,167,171,-1,172,171,133,-1,167,133,171,-1,127,173,172,-1,172,133,127,-1,59,173,127,-1,59,174,173,-1,167,170,168,-1,175,169,168,-1,168,170,175,-1,169,176,136,-1,176,169,175,-1,176,177,136,-1,136,177,55,-1,178,107,179,-1,180,179,46,-1,107,46,179,-1,47,181,180,-1,180,46,47,-1,55,181,47,-1,55,177,181,-1,107,178,108,-1,182,109,108,-1,108,178,182,-1,109,183,106,-1,183,109,182,-1,183,174,106,-1,106,174,59,-1,
        ]
    }
}
Shape{
    appearance Appearance {
        material  Material 	{
            diffuseColor 0.7529411764705882 0.7529411764705882 0.7529411764705882
            specularColor 0.7529411764705882 0.7529411764705882 0.7529411764705882
            ambientIntensity 0.2
            transparency 0
            shininess 0.5
        }
    }
    geometry IndexedFaceSet {
        ccw TRUE
        solid FALSE
        coord DEF co Coordinate {
            point [
                -0.6416 0.9843 0.3553, -0.6732 0.9843 0.3805, -0.6906 0.9843 0.4168, -0.5316 0.9843 0.3805, -0.5631 0.9843 0.3553, -0.6416 0.9843 0.5185, -0.6906 0.9843 0.4571, -0.6024 0.9843 0.3464, -0.6732 0.9843 0.4934, -0.6024 0.9843 0.5275, -0.5141 0.9843 0.4168, -0.5141 0.9843 0.4571, -0.5631 0.9843 0.5185, -0.5316 0.9843 0.4934, -0.5316 0.9843 0.4934
            ]
        }
        coordIndex [
            0,1,2,-1,3,4,5,-1,0,2,6,-1,7,6,8,-1,6,7,0,-1,9,10,3,-1,5,4,8,-1,11,10,12,-1,12,13,11,-1,3,5,9,-1,10,9,12,-1,4,7,8,-1,
        ]
    }
}
Shape{
    appearance Appearance {
        material  Material 	{
            diffuseColor 0.6549019607843137 0.6549019607843137 0.6549019607843137
            specularColor 0.7529411764705882 0.7529411764705882 0.7529411764705882
            ambientIntensity 0.2
            transparency 0
            shininess 0.5
        }
    }
    geometry IndexedFaceSet {
        ccw TRUE
        solid FALSE
        coord DEF co Coordinate {
            point [
                -0.7874 -2.3622 4.2913, -1.8307 -2.3622 4.2913, -1.6732 -2.2047 4.1339, -0.7874 -2.2047 4.1339, -0.7874 -1.5748 4.1339, -0.7874 -1.5748 4.5276, -0.7874 -2.2441 4.5276, -0.7874 -2.3622 4.4094, -0.7874 -2.3276 4.493, -0.7874 -2.3532 4.4546, -0.7874 -2.2893 4.5186, -2.4606 -2.3276 4.493, -2.4606 -2.2893 4.5186, -2.4606 -2.2441 4.5276, -2.4606 -2.3532 4.4546, -2.4606 -2.3622 4.4094, 0.7874 -2.3532 4.4546, 2.4606 -2.3461 4.4688, 0.7874 -2.3276 4.493, 0.7874 -2.3622 4.4094, 2.4606 -2.3581 4.4404, 2.4606 -2.3622 4.4094, 2.4606 -2.3276 4.493, 2.4606 -2.3028 4.5119, 0.7874 -2.2893 4.5186, 0.7874 -2.2441 4.5276, 2.4606 -2.275 4.5234, 2.4606 -2.2441 4.5276, -2.5024 -2.3473 4.4488, -2.5441 -2.3031 4.4685, -2.5378 -2.3306 4.432, -2.52 -2.2441 4.5115, -2.5441 -2.2441 4.493, -2.5378 -2.2667 4.496, -2.5746 -2.2441 4.4404, -2.5697 -2.2761 4.4414, -2.5631 -2.2441 4.4682, -2.4915 -2.2441 4.5234, -2.5024 -2.2834 4.5127, -2.5787 -2.2441 4.4094, -2.5746 -2.275 4.4094, -2.5626 -2.3035 4.4094, -2.5194 -2.3465 4.4094, -2.5058 -2.3213 4.4866, -2.4915 -2.3581 4.4094, -2.5441 -2.3276 4.4094, -2.4606 -2.3622 0.1181, -2.5441 -2.3276 0.1181, -2.5058 -2.3532 0.1181, -2.5787 -2.2441 0.1181, -2.5697 -2.2893 0.1181, -2.5194 -2.2441 0.0157, -2.4915 -2.2441 0.0041, -2.4926 -2.2761 0.009, -2.5746 -2.2441 0.0872, -2.5626 -2.2441 0.0587, -2.5639 -2.2834 0.0764, -2.5471 -2.2667 0.041, -2.5441 -2.2441 0.0346, -2.4606 -2.3035 0.0161, -2.5197 -2.3031 0.0346, -2.4606 -2.2441 0.0, -2.4606 -2.275 0.0041, -2.4832 -2.3306 0.041, -2.5 -2.3473 0.0764, -2.5378 -2.3213 0.0729, -2.4606 -2.3465 0.0594, -2.4606 -2.3581 0.0872, -2.4606 -2.3276 0.0346, 2.4606 -2.275 0.0041, 2.4606 -2.2441 0.0, 2.4606 -2.3465 0.0594, 2.4606 -2.3276 0.0346, 2.4606 -2.3035 0.0161, 2.4606 -2.3622 0.1181, 2.4606 -2.3581 0.0872, 2.4926 -2.2761 0.009, 2.4832 -2.3306 0.041, 2.5639 -2.2834 0.0764, 2.5378 -2.3213 0.0729, 2.5471 -2.2667 0.041, 2.52 -2.2441 0.0161, 2.5197 -2.3031 0.0346, 2.4915 -2.2441 0.0041, 2.5441 -2.3276 0.1181, 2.5631 -2.2441 0.0594, 2.5697 -2.2893 0.1181, 2.5058 -2.3532 0.1181, 2.5 -2.3473 0.0764, 2.5746 -2.2441 0.0872, 2.5787 -2.2441 0.1181, 2.5441 -2.2441 0.0346, 2.5746 -2.275 4.4094, 2.5787 -2.2441 4.4094, 2.5194 -2.3465 4.4094, 2.5441 -2.3276 4.4094, 2.5626 -2.3035 4.4094, 2.4915 -2.3581 4.4094, 2.5787 2.2441 4.4094, 2.5787 -0.2756 0.1181, 2.5787 2.2441 0.1181, 2.5593 -0.4207 0.0532, 2.5737 -0.35 0.084, 2.5359 -0.4886 0.0271, 2.5031 -0.5542 0.0079, 2.4606 -0.6165 0.0, 2.5511 -0.1031 0.0421, 2.5292 -0.0472 0.0219, 2.5441 2.2441 0.0346, 2.52 2.2441 0.0161, 2.4999 0.0085 0.0067, 2.4606 0.0654 0.0, 2.4915 2.2441 0.0041, 2.4606 2.2441 0.0, 2.5631 2.2441 0.0594, 2.5746 2.2441 0.0872, 2.5665 -0.1602 0.0658, 2.5757 -0.2179 0.0915, 1.4764 -0.2756 0.0, 1.4764 -0.2756 -0.6693, 1.4872 -0.3842 -0.6693, 1.5192 -0.4886 0.0, 1.4872 -0.3842 0.0, 1.5192 -0.4886 -0.6693, 1.5712 -0.5847 -0.6693, 1.6411 -0.6686 -0.6693, 1.5712 -0.5847 0.0, 1.7261 -0.737 -0.6693, 1.6411 -0.6686 0.0, 1.823 -0.7874 -0.6693, 1.7261 -0.737 0.0, 1.823 -0.7874 0.0, 1.4872 -0.1669 0.0, 1.5192 -0.0626 0.0, 1.4872 -0.1669 -0.6693, 1.5192 -0.0626 -0.6693, 1.5712 0.0335 0.0, 1.6411 0.1174 0.0, 1.5712 0.0335 -0.6693, 1.7261 0.1859 0.0, 1.6411 0.1174 -0.6693, 1.7261 0.1859 -0.6693, 1.823 0.2362 0.0, 1.823 0.2362 -0.6693, 2.5679 -0.1669 -0.9055, 2.5359 -0.0625 -0.9055, 2.4839 0.0335 -0.9055, 2.4141 0.1174 -0.9055, 2.329 0.1859 -0.9055, 2.3948 0.1354 0.0, 2.2321 0.2362 -0.9055, 2.3179 0.1929 0.0, 2.2321 0.2362 0.0, 2.5787 -0.2756 -0.9055, 2.5679 -0.3842 -0.9055, 2.5359 -0.4886 -0.9055, 2.4839 -0.5847 -0.9055, 2.4141 -0.6686 -0.9055, 2.3948 -0.6866 0.0, 2.329 -0.737 -0.9055, 2.3179 -0.7441 0.0, 2.2321 -0.7874 -0.9055, 2.2321 -0.7874 0.0, 1.7175 -0.7874 -0.6693, 1.4317 -0.2198 -0.6693, 1.6279 0.1698 -0.6693, 1.7175 0.2362 -0.6693, 1.493 -0.5447 -0.6693, 1.5522 -0.6391 -0.6693, 1.4317 -0.3313 -0.6693, 1.4524 -0.4409 -0.6693, 1.493 -0.0065 -0.6693, 1.5522 0.088 -0.6693, 1.4524 -0.1103 -0.6693, 1.6279 -0.721 -0.6693, 1.5842 -0.7874 -0.748, 1.6507 -0.7874 -0.7064, 1.5034 -0.7043 -0.748, 1.3898 -0.5032 -0.748, 1.4379 -0.6086 -0.748, 1.3603 -0.1601 -0.748, 1.3504 -0.2756 -0.748, 1.3603 -0.3911 -0.748, 1.4379 0.0574 -0.748, 1.3898 -0.048 -0.748, 1.5842 0.2362 -0.748, 1.5034 0.1531 -0.748, 1.6509 0.2362 -0.7063, 1.8701 -0.7874 -0.3937, 1.8701 -0.7874 -1.0043, 2.0549 -0.7874 -0.2386, 2.0002 -0.7874 -0.2386, 1.8796 -0.7874 -0.3398, 1.9488 -0.7874 -0.2573, 1.9069 -0.7874 -0.2925, 2.1063 -0.7874 -0.2573, 2.1482 -0.7874 -0.2925, 2.1755 -0.7874 -0.3398, 2.185 -0.7874 -0.3937, 2.185 -0.7874 -0.9212, 2.2085 -0.7874 -0.9139, 1.7027 -0.7874 -0.9371, 1.5842 -0.7874 -0.8661, 1.8148 -0.7874 -0.989, 1.8412 -0.7874 -0.9976, 1.5337 -0.4249 -1.0146, 1.5756 -0.4071 -1.0236, 1.5722 -0.5181 -1.0146, 1.8412 0.2362 -0.9976, 1.7828 0.1786 -1.0146, 1.8148 0.2362 -0.989, 1.6991 -0.6735 -1.0146, 1.6472 -0.6788 -0.989, 1.628 -0.6021 -1.0146, 1.529 -0.5178 -0.989, 1.7261 -0.7407 -0.989, 1.5808 -0.6036 -0.989, 1.6561 -0.5648 -1.0236, 1.5141 -0.326 -1.0146, 1.4935 -0.4241 -0.989, 1.8701 -0.7551 -1.0186, 1.7828 -0.7298 -1.0146, 1.7893 -0.6816 -1.0236, 1.5589 -0.3199 -1.0236, 1.8701 -0.7192 -1.0236, 1.4755 -0.3254 -0.989, 1.5141 -0.2252 -1.0146, 1.4756 -0.2252 -0.989, 1.5589 -0.2311 -1.0236, 1.4937 -0.1267 -0.989, 1.5337 -0.1263 -1.0146, 1.5292 -0.033 -0.989, 1.5722 -0.0331 -1.0146, 1.581 0.0528 -0.989, 1.628 0.0509 -1.0146, 1.6991 0.1223 -1.0146, 1.6474 0.1278 -0.989, 1.7261 0.1895 -0.989, 1.8701 0.2362 -1.0043, 1.8701 0.2039 -1.0186, 1.7893 0.1305 -1.0236, 1.8701 0.168 -1.0236, 1.7176 0.0787 -1.0236, 1.6565 0.0141 -1.0236, 1.6086 -0.0609 -1.0236, 1.5757 -0.1436 -1.0236, 1.6084 -0.4897 -1.0236, 1.7172 -0.6295 -1.0236, 1.8701 0.2362 -0.3937, 2.4016 -0.3631 -1.0236, 2.4016 -0.1881 -1.0236, 2.4117 -0.2756 -1.0236, 2.3719 -0.1053 -1.0236, 2.3719 -0.4459 -1.0236, 2.3241 -0.0314 -1.0236, 2.2607 0.0297 -1.0236, 2.3241 -0.5198 -1.0236, 2.2607 -0.5809 -1.0236, 2.185 0.0748 -1.0236, 2.185 -0.626 -1.0236, 2.4931 -0.3197 -0.989, 2.4542 -0.3234 -1.0146, 2.4931 -0.2316 -0.989, 2.4765 -0.4065 -0.989, 2.4331 -0.4166 -1.0146, 2.4439 -0.4885 -0.989, 2.3918 -0.5029 -1.0146, 2.3325 -0.5779 -1.0146, 2.3965 -0.5629 -0.989, 2.3361 -0.627 -0.989, 2.258 -0.6378 -1.0146, 2.185 -0.6757 -1.0144, 2.265 -0.6785 -0.989, 2.185 -0.7159 -0.989, 2.4542 -0.2278 -1.0146, 2.4331 -0.1345 -1.0146, 2.4766 -0.1452 -0.989, 2.3918 -0.0483 -1.0146, 2.4442 -0.0632 -0.989, 2.3969 0.0112 -0.989, 2.3325 0.0267 -1.0146, 2.258 0.0867 -1.0146, 2.3365 0.0755 -0.989, 2.185 0.1245 -1.0144, 2.185 0.1648 -0.989, 2.265 0.1273 -0.989, 2.185 0.2362 -0.9212, 2.185 -0.751 -0.9559, 2.185 0.2362 -0.3937, 2.185 0.1998 -0.9559, 2.2085 0.2362 -0.9138, 1.5842 0.2362 -0.8661, 1.7027 0.2362 -0.9371, 2.1063 0.2362 -0.2573, 2.0549 0.2362 -0.2386, 2.1482 0.2362 -0.2925, 2.1755 0.2362 -0.3398, 2.0002 0.2362 -0.2386, 1.9069 0.2362 -0.2925, 1.9488 0.2362 -0.2573, 1.8796 0.2362 -0.3398, 1.3898 -0.5032 -0.8661, 1.3603 -0.3911 -0.8661, 1.4379 -0.6086 -0.8661, 1.5034 -0.7043 -0.8661, 1.3504 -0.2756 -0.8661, 1.3603 -0.1601 -0.8661, 1.3898 -0.048 -0.8661, 1.4379 0.0574 -0.8661, 1.5034 0.1531 -0.8661, 2.4926 2.2761 0.009, 2.5471 2.2667 0.041, 2.5 2.3473 0.0764, 2.5378 2.3213 0.0729, 2.4832 2.3306 0.041, 2.4606 2.3028 0.0157, 2.5197 2.3031 0.0346, 2.4606 2.275 0.0041, 2.5441 2.3276 0.1181, 2.4606 2.3461 0.0587, 2.5058 2.3532 0.1181, 2.5697 2.2893 0.1181, 2.5639 2.2834 0.0764, 2.4606 2.3581 0.0872, 2.4606 2.3622 0.1181, 2.4606 2.3276 0.0346, 2.4915 2.3581 4.4094, 2.4606 2.3622 4.4094, 2.5631 2.3028 4.4094, 2.5441 2.3276 4.4094, 2.52 2.3461 4.4094, 2.5746 2.275 4.4094, 2.5058 2.3213 4.4866, 2.4606 2.3276 4.493, 2.5024 2.2834 4.5127, 2.4606 2.3532 4.4546, 2.5024 2.3473 4.4488, 2.5697 2.2761 4.4414, 2.5631 2.2441 4.4682, 2.5746 2.2441 4.4404, 2.52 2.2441 4.5115, 2.4915 2.2441 4.5234, 2.5378 2.3306 4.432, 2.4606 2.2893 4.5186, 2.4606 2.2441 4.5276, 2.5441 2.3031 4.4685, 2.5378 2.2667 4.496, 2.5441 2.2441 4.493, 2.5697 -2.2441 4.4546, 2.5058 -2.2441 4.5186, 2.5441 -2.2441 4.493, 2.4926 -2.3532 4.4414, 2.4832 -2.3213 4.496, 2.5639 -2.2859 4.4488, 2.5378 -2.2893 4.4866, 2.5471 -2.3213 4.432, 2.5197 -2.3276 4.4685, 2.5 -2.2859 4.5127, 0.7874 -1.5748 4.5276, 1.2402 -1.5748 4.5276, -2.4606 2.2441 4.5276, 1.2402 -0.2953 4.5276, -1.2402 -0.2953 4.5276, -1.2402 -1.5748 4.5276, -1.2402 -1.5748 4.1339, -1.2402 -0.2953 4.1339, 1.2402 -0.2953 4.1339, 1.2402 -1.5748 4.1339, 0.7874 -1.5748 4.1339, 0.7874 -2.3622 4.2913, 0.7874 -2.2047 4.1339, 1.6732 -2.2047 4.1339, 1.8307 -2.3622 4.2913, 1.8307 -2.3622 3.622, 1.6732 -2.2047 3.4646, -2.5631 2.2441 4.4682, -2.5746 2.2441 4.4404, -2.5787 2.2441 4.4094, -2.52 2.2441 4.5115, -2.4915 2.2441 4.5234, -2.5441 2.2441 4.493, -2.5787 -0.2756 0.1181, -2.5787 2.2441 0.1181, -2.4606 -0.6165 0.0, -2.5597 -0.4193 0.0538, -2.5366 -0.487 0.0277, -2.5036 -0.5535 0.0081, -2.5738 -0.3495 0.0842, -2.4915 2.2441 0.0041, -2.4606 0.0654 0.0, -2.4996 0.0089 0.0066, -2.5665 -0.1598 0.0656, -2.5626 2.2441 0.0587, -2.5509 -0.1026 0.0419, -2.5289 -0.0466 0.0217, -2.5441 2.2441 0.0346, -2.5194 2.2441 0.0157, -2.5757 -0.2178 0.0915, -2.5746 2.2441 0.0872, -2.4606 2.2441 0.0, -1.4872 -0.3842 -0.6693, -1.4764 -0.2756 -0.6693, -1.4872 -0.3842 -0.0, -1.4764 -0.2756 -0.0, -1.5192 -0.4886 -0.0, -1.5192 -0.4886 -0.6693, -1.5712 -0.5847 -0.0, -1.5712 -0.5847 -0.6693, -1.6411 -0.6686 -0.0, -1.7261 -0.737 0.0, -1.6411 -0.6686 -0.6693, -1.7261 -0.737 -0.6693, -1.823 -0.7874 0.0, -1.823 -0.7874 -0.6693, -1.4872 -0.1669 -0.6693, -1.5192 -0.0626 -0.6693, -1.4872 -0.1669 -0.0, -1.5192 -0.0626 0.0, -1.5712 0.0335 -0.6693, -1.6411 0.1174 -0.6693, -1.5712 0.0335 0.0, -1.7261 0.1859 -0.6693, -1.6411 0.1174 -0.0, -1.7261 0.1859 0.0, -1.823 0.2362 -0.6693, -1.823 0.2362 0.0, -2.5679 -0.3842 -0.9055, -2.5359 -0.4886 -0.9055, -2.4839 -0.5847 -0.9055, -2.4141 -0.6686 -0.9055, -2.3948 -0.6866 -0.0, -2.329 -0.737 -0.9055, -2.2321 -0.7874 -0.9055, -2.3179 -0.7441 -0.0, -2.2321 -0.7874 0.0, -2.5787 -0.2756 -0.9055, -2.5679 -0.1669 -0.9055, -2.5359 -0.0625 -0.9055, -2.4839 0.0335 -0.9055, -2.3948 0.1354 0.0, -2.4141 0.1174 -0.9055, -2.329 0.1859 -0.9055, -2.3179 0.1929 0.0, -2.2321 0.2362 -0.9055, -2.2321 0.2362 0.0, -1.8148 0.2362 -0.989, -1.7027 0.2362 -0.9371, -1.5842 0.2362 -0.8661, -1.6511 0.2362 -0.7062, -1.5842 0.2362 -0.748, -1.8701 0.2362 -1.0043, -1.8412 0.2362 -0.9976, -2.185 0.2362 -0.3937, -2.2085 0.2362 -0.9138, -2.185 0.2362 -0.9212, -1.8701 0.2362 -0.3937, -2.0549 0.2362 -0.2386, -2.1063 0.2362 -0.2573, -2.1482 0.2362 -0.2925, -2.1755 0.2362 -0.3398, -2.0002 0.2362 -0.2386, -1.9069 0.2362 -0.2925, -1.9488 0.2362 -0.2573, -1.8796 0.2362 -0.3398, -1.7175 0.2362 -0.6693, -1.5808 0.0525 -0.989, -1.5722 -0.0331 -1.0146, -1.628 0.0509 -1.0146, -1.8412 -0.7874 -0.9976, -1.7828 -0.7298 -1.0146, -1.8148 -0.7874 -0.989, -1.5337 -0.1263 -1.0146, -1.529 -0.0334 -0.989, -1.6565 0.0141 -1.0236, -1.5757 -0.1436 -1.0236, -1.7261 0.1895 -0.989, -1.6472 0.1276 -0.989, -1.6991 0.1223 -1.0146, -1.7893 0.1305 -1.0236, -1.8701 0.2039 -1.0186, -1.7828 0.1786 -1.0146, -1.8701 0.168 -1.0236, -1.5141 -0.2252 -1.0146, -1.5589 -0.2311 -1.0236, -1.4935 -0.1271 -0.989, -1.4755 -0.2257 -0.989, -1.5141 -0.326 -1.0146, -1.4756 -0.326 -0.989, -1.5589 -0.3199 -1.0236, -1.4937 -0.4245 -0.989, -1.5337 -0.4249 -1.0146, -1.5292 -0.5182 -0.989, -1.5722 -0.5181 -1.0146, -1.581 -0.6039 -0.989, -1.628 -0.6021 -1.0146, -1.6991 -0.6735 -1.0146, -1.6474 -0.6789 -0.989, -1.7261 -0.7407 -0.989, -1.8701 -0.7874 -1.0043, -1.8701 -0.7551 -1.0186, -1.7893 -0.6816 -1.0236, -1.8701 -0.7192 -1.0236, -1.7172 -0.6295 -1.0236, -1.6561 -0.5648 -1.0236, -1.6084 -0.4897 -1.0236, -1.5756 -0.4071 -1.0236, -1.6086 -0.0609 -1.0236, -1.7176 0.0787 -1.0236, -1.8701 -0.7874 -0.3937, -2.4016 -0.3631 -1.0236, -2.4117 -0.2756 -1.0236, -2.4016 -0.1881 -1.0236, -2.3719 -0.1053 -1.0236, -2.3719 -0.4459 -1.0236, -2.3241 -0.0314 -1.0236, -2.2607 0.0297 -1.0236, -2.3241 -0.5198 -1.0236, -2.2607 -0.5809 -1.0236, -2.185 0.0748 -1.0236, -2.185 -0.626 -1.0236, -2.185 -0.7159 -0.989, -2.185 -0.6757 -1.0144, -2.185 -0.751 -0.9559, -2.185 -0.7874 -0.9212, -2.185 -0.7874 -0.3937, -2.185 0.1998 -0.9559, -2.185 0.1245 -1.0144, -2.185 0.1648 -0.989, -2.265 0.1273 -0.989, -2.3969 0.0112 -0.989, -2.3365 0.0755 -0.989, -2.4766 -0.1452 -0.989, -2.4931 -0.2316 -0.989, -2.4442 -0.0632 -0.989, -2.4765 -0.4065 -0.989, -2.4439 -0.4885 -0.989, -2.4931 -0.3197 -0.989, -2.3361 -0.627 -0.989, -2.3965 -0.5629 -0.989, -2.265 -0.6785 -0.989, -2.2085 -0.7874 -0.9138, -2.0002 -0.7874 -0.2386, -2.0549 -0.7874 -0.2386, -1.9069 -0.7874 -0.2925, -1.8796 -0.7874 -0.3398, -1.9488 -0.7874 -0.2573, -2.1063 -0.7874 -0.2573, -2.1755 -0.7874 -0.3398, -2.1482 -0.7874 -0.2925, -1.651 -0.7874 -0.7063, -1.7028 -0.7874 -0.9371, -1.5842 -0.7874 -0.8661, -1.5842 -0.7874 -0.748, -1.7175 -0.7874 -0.6693, -1.4317 -0.2198 -0.6693, -1.6279 0.1698 -0.6693, -1.5522 -0.6391 -0.6693, -1.6279 -0.721 -0.6693, -1.4317 -0.3313 -0.6693, -1.4524 -0.4409 -0.6693, -1.493 -0.5447 -0.6693, -1.493 -0.0065 -0.6693, -1.5522 0.088 -0.6693, -1.4524 -0.1103 -0.6693, -1.3603 -0.1601 -0.748, -1.3898 -0.048 -0.748, -1.4379 0.0574 -0.748, -1.5034 0.1531 -0.748, -1.3504 -0.2756 -0.748, -1.3603 -0.3911 -0.748, -1.3898 -0.5032 -0.748, -1.4379 -0.6086 -0.748, -1.5034 -0.7043 -0.748, -1.3504 -0.2756 -0.8661, -1.3603 -0.1601 -0.8661, -1.3898 -0.048 -0.8661, -1.4379 0.0574 -0.8661, -1.5034 0.1531 -0.8661, -1.3603 -0.3911 -0.8661, -1.3898 -0.5032 -0.8661, -1.4379 -0.6086 -0.8661, -1.5034 -0.7043 -0.8661, -2.4542 -0.2278 -1.0146, -2.4331 -0.1345 -1.0146, -2.3918 -0.0483 -1.0146, -2.3325 0.0267 -1.0146, -2.258 0.0867 -1.0146, -2.4542 -0.3234 -1.0146, -2.4331 -0.4166 -1.0146, -2.3918 -0.5029 -1.0146, -2.3325 -0.5779 -1.0146, -2.258 -0.6378 -1.0146, -2.5697 2.2761 0.0861, -2.5024 2.2834 0.0149, -2.5378 2.2667 0.0316, -2.4606 2.2893 0.009, -2.5626 2.3035 0.1181, -2.5441 2.3031 0.0591, -2.5746 2.275 0.1181, -2.5378 2.3306 0.0955, -2.5024 2.3473 0.0788, -2.5058 2.3213 0.041, -2.5194 2.3465 0.1181, -2.4606 2.3532 0.0729, -2.4606 2.3276 0.0346, -2.4915 2.3581 0.1181, -2.4606 2.3622 0.1181, -2.5441 2.3276 0.1181, -2.5697 2.2893 4.4094, -2.4606 2.3622 4.4094, -2.5058 2.3532 4.4094, -2.5441 2.3276 4.4094, -2.4926 2.2761 4.5186, -2.5639 2.2834 4.4512, -2.5471 2.2667 4.4866, -2.4606 2.3035 4.5115, -2.5197 2.3031 4.493, -2.4606 2.275 4.5234, -2.4832 2.3306 4.4866, -2.5 2.3473 4.4512, -2.5378 2.3213 4.4546, -2.4606 2.3465 4.4682, -2.4606 2.3581 4.4404, -2.4606 2.3276 4.493, -1.8307 -2.3622 3.622, -1.6732 -2.2047 3.4646, -1.9685 -2.2047 3.4646, -2.126 -2.3622 3.622, -1.9685 0.5906 3.4646, -1.6732 0.5906 3.4646, -1.6732 0.5906 2.6772, -1.9685 0.5906 2.6772, 1.6732 0.5906 3.4646, 1.6732 0.5906 2.6772, 1.9685 0.5906 2.6772, 1.9685 0.5906 3.4646, -1.6732 1.5748 2.6772, -1.9685 1.5748 2.6772, -1.9685 -2.2047 0.7874, -1.9685 1.5748 0.7874, -2.126 -2.3622 0.6299, -2.126 -2.3622 0.6299
            ]
        }
        coordIndex [
            0,1,2,-1,0,2,3,-1,4,0,3,-1,5,6,7,-1,0,4,5,-1,0,5,7,-1,8,9,6,-1,6,9,7,-1,6,10,8,-1,11,8,10,-1,6,12,10,-1,11,10,12,-1,13,12,6,-1,14,8,11,-1,9,14,15,-1,14,9,8,-1,9,15,7,-1,16,17,18,-1,16,19,20,-1,20,17,16,-1,19,21,20,-1,22,18,17,-1,18,23,24,-1,23,18,22,-1,25,24,26,-1,23,26,24,-1,25,26,27,-1,28,29,30,-1,31,32,33,-1,34,35,36,-1,37,31,38,-1,36,35,29,-1,12,13,37,-1,39,40,34,-1,35,41,29,-1,33,36,29,-1,33,32,36,-1,30,42,28,-1,28,14,43,-1,14,11,43,-1,14,44,15,-1,11,12,38,-1,37,38,12,-1,28,44,14,-1,11,38,43,-1,28,43,29,-1,42,44,28,-1,43,38,33,-1,31,33,38,-1,30,41,45,-1,43,33,29,-1,41,30,29,-1,42,30,45,-1,34,40,35,-1,41,35,40,-1,44,46,15,-1,41,47,45,-1,44,42,48,-1,40,49,50,-1,50,41,40,-1,39,49,40,-1,47,42,45,-1,50,47,41,-1,44,48,46,-1,42,47,48,-1,51,52,53,-1,54,55,56,-1,57,55,58,-1,49,54,50,-1,53,57,51,-1,59,60,53,-1,61,62,52,-1,53,60,57,-1,63,64,65,-1,57,58,51,-1,63,66,64,-1,48,47,64,-1,47,65,64,-1,48,67,46,-1,50,56,65,-1,54,56,50,-1,64,67,48,-1,50,65,47,-1,65,60,63,-1,66,67,64,-1,56,57,60,-1,55,57,56,-1,63,59,68,-1,56,60,65,-1,59,63,60,-1,66,63,68,-1,52,62,53,-1,59,53,62,-1,69,61,70,-1,71,68,72,-1,73,59,62,-1,74,67,75,-1,66,75,67,-1,46,67,74,-1,66,68,71,-1,66,71,75,-1,72,59,73,-1,68,59,72,-1,69,62,61,-1,73,62,69,-1,73,76,77,-1,72,73,77,-1,78,79,80,-1,76,81,82,-1,69,70,83,-1,77,76,82,-1,79,78,84,-1,80,85,78,-1,86,84,78,-1,87,88,79,-1,73,69,76,-1,89,90,86,-1,74,75,87,-1,88,75,71,-1,75,88,87,-1,77,71,72,-1,78,89,86,-1,87,79,84,-1,79,82,80,-1,85,89,78,-1,88,77,82,-1,71,77,88,-1,80,81,91,-1,88,82,79,-1,81,80,82,-1,85,80,91,-1,69,83,76,-1,81,76,83,-1,92,90,93,-1,94,84,95,-1,92,96,86,-1,97,74,87,-1,87,94,97,-1,21,74,97,-1,84,96,95,-1,87,84,94,-1,92,86,90,-1,96,84,86,-1,98,93,99,-1,93,90,99,-1,99,100,98,-1,85,91,101,-1,102,89,85,-1,85,101,102,-1,99,89,102,-1,99,90,89,-1,101,91,103,-1,103,81,104,-1,81,103,91,-1,105,104,83,-1,81,83,104,-1,105,83,70,-1,106,107,108,-1,109,107,110,-1,107,109,108,-1,111,112,110,-1,109,110,112,-1,113,112,111,-1,114,106,108,-1,114,115,116,-1,116,106,114,-1,117,115,100,-1,115,117,116,-1,117,100,99,-1,118,119,120,-1,121,122,123,-1,122,120,123,-1,124,121,123,-1,125,126,124,-1,124,126,121,-1,125,127,128,-1,126,125,128,-1,129,130,127,-1,130,128,127,-1,118,120,122,-1,129,131,130,-1,132,119,118,-1,132,133,134,-1,134,119,132,-1,135,133,136,-1,133,135,134,-1,137,138,136,-1,135,136,138,-1,137,139,140,-1,140,138,137,-1,141,139,142,-1,139,141,140,-1,141,142,143,-1,116,144,106,-1,107,106,145,-1,144,145,106,-1,145,146,110,-1,110,107,145,-1,111,146,147,-1,146,111,110,-1,148,149,147,-1,111,147,149,-1,148,150,151,-1,151,149,148,-1,150,152,151,-1,144,116,117,-1,144,117,153,-1,102,153,99,-1,153,117,99,-1,102,101,154,-1,154,153,102,-1,155,101,103,-1,101,155,154,-1,156,155,104,-1,103,104,155,-1,105,157,156,-1,156,104,105,-1,158,157,105,-1,159,158,160,-1,158,159,157,-1,159,160,161,-1,161,160,162,-1,127,163,129,-1,125,163,127,-1,119,134,164,-1,165,140,166,-1,167,168,123,-1,123,168,124,-1,119,169,120,-1,170,167,120,-1,119,164,169,-1,171,135,172,-1,134,171,173,-1,138,165,172,-1,166,141,143,-1,141,166,140,-1,165,138,140,-1,138,172,135,-1,135,171,134,-1,173,164,134,-1,120,169,170,-1,123,120,167,-1,124,168,174,-1,163,125,174,-1,174,125,124,-1,174,175,176,-1,174,168,177,-1,163,174,176,-1,178,179,167,-1,180,181,164,-1,182,170,169,-1,183,171,172,-1,171,183,184,-1,185,186,165,-1,172,165,186,-1,165,166,187,-1,187,185,165,-1,172,186,183,-1,171,184,173,-1,173,180,164,-1,180,173,184,-1,181,182,169,-1,181,169,164,-1,170,178,167,-1,182,178,170,-1,168,179,177,-1,167,179,168,-1,174,177,175,-1,188,129,189,-1,190,131,191,-1,131,188,192,-1,188,131,129,-1,191,131,193,-1,192,194,131,-1,190,195,162,-1,162,131,190,-1,162,196,197,-1,196,162,195,-1,198,199,200,-1,197,198,162,-1,198,161,162,-1,200,161,198,-1,131,194,193,-1,163,201,129,-1,176,201,163,-1,175,202,176,-1,201,176,202,-1,129,201,203,-1,189,129,204,-1,203,204,129,-1,205,206,207,-1,208,209,210,-1,211,212,213,-1,214,205,207,-1,215,212,211,-1,207,213,216,-1,213,207,217,-1,218,205,219,-1,220,221,222,-1,221,204,203,-1,189,204,221,-1,221,215,211,-1,215,221,203,-1,223,205,218,-1,222,224,220,-1,225,226,218,-1,226,225,227,-1,228,218,226,-1,229,230,227,-1,226,227,230,-1,231,232,230,-1,230,229,231,-1,232,233,234,-1,233,232,231,-1,235,234,236,-1,233,236,234,-1,235,236,237,-1,235,237,209,-1,238,209,208,-1,239,209,238,-1,240,209,241,-1,210,209,237,-1,241,209,239,-1,235,240,242,-1,240,235,209,-1,242,243,234,-1,242,234,235,-1,243,244,232,-1,243,232,234,-1,244,245,230,-1,244,230,232,-1,245,228,226,-1,245,226,230,-1,228,223,218,-1,205,223,206,-1,219,225,218,-1,207,206,246,-1,214,219,205,-1,217,207,246,-1,216,214,207,-1,247,213,217,-1,212,216,213,-1,213,247,211,-1,222,211,247,-1,222,221,211,-1,189,221,220,-1,189,220,224,-1,241,188,224,-1,224,188,189,-1,248,188,241,-1,239,238,241,-1,248,241,238,-1,249,250,251,-1,252,249,253,-1,249,252,250,-1,252,253,254,-1,255,254,256,-1,253,256,254,-1,255,256,257,-1,255,257,258,-1,257,259,258,-1,206,223,228,-1,222,247,242,-1,246,206,245,-1,228,245,206,-1,246,244,217,-1,244,246,245,-1,217,244,243,-1,247,243,242,-1,243,247,217,-1,240,222,242,-1,240,241,224,-1,224,222,240,-1,260,261,262,-1,263,264,261,-1,261,260,263,-1,264,265,266,-1,265,264,263,-1,267,266,268,-1,265,268,266,-1,267,268,269,-1,267,269,270,-1,259,257,270,-1,271,259,270,-1,272,273,271,-1,271,270,272,-1,274,262,261,-1,274,275,276,-1,262,274,276,-1,275,277,278,-1,278,277,279,-1,279,277,280,-1,280,277,254,-1,281,282,280,-1,279,280,282,-1,283,281,258,-1,284,285,283,-1,281,285,282,-1,267,257,256,-1,272,270,269,-1,257,267,270,-1,256,253,266,-1,256,266,267,-1,253,249,264,-1,253,264,266,-1,264,249,261,-1,249,251,261,-1,261,251,274,-1,251,250,274,-1,274,250,275,-1,252,275,250,-1,278,276,275,-1,275,252,277,-1,254,277,252,-1,254,255,280,-1,281,283,285,-1,280,255,281,-1,258,281,255,-1,259,271,273,-1,286,258,259,-1,259,273,287,-1,199,259,287,-1,286,259,199,-1,198,288,199,-1,288,286,199,-1,258,286,289,-1,283,258,284,-1,258,289,284,-1,276,278,145,-1,273,161,200,-1,276,145,144,-1,146,145,278,-1,282,148,147,-1,147,146,279,-1,285,148,282,-1,147,279,282,-1,278,279,146,-1,150,285,284,-1,284,290,150,-1,148,285,150,-1,289,286,290,-1,262,276,144,-1,284,289,290,-1,144,153,262,-1,260,262,153,-1,154,263,260,-1,260,153,154,-1,263,155,265,-1,155,263,154,-1,268,265,156,-1,155,156,265,-1,157,269,268,-1,268,156,157,-1,269,159,272,-1,159,269,157,-1,273,272,161,-1,159,161,272,-1,199,287,200,-1,200,287,273,-1,291,185,187,-1,150,290,288,-1,291,187,292,-1,187,166,292,-1,166,143,292,-1,286,288,290,-1,292,143,210,-1,152,150,288,-1,238,143,248,-1,152,293,294,-1,295,152,296,-1,152,288,296,-1,152,295,293,-1,142,152,297,-1,294,297,152,-1,298,142,299,-1,142,297,299,-1,142,298,300,-1,143,142,248,-1,142,300,248,-1,210,143,208,-1,238,208,143,-1,296,288,198,-1,294,293,195,-1,295,197,196,-1,193,298,299,-1,190,191,297,-1,192,300,194,-1,298,194,300,-1,248,192,188,-1,192,248,300,-1,193,299,191,-1,193,194,298,-1,190,297,294,-1,191,299,297,-1,195,293,196,-1,190,294,195,-1,295,296,197,-1,293,295,196,-1,198,197,296,-1,301,182,302,-1,301,178,182,-1,181,302,182,-1,303,178,301,-1,304,202,177,-1,303,304,179,-1,179,304,177,-1,175,177,202,-1,303,179,178,-1,181,305,302,-1,180,305,181,-1,306,180,184,-1,180,306,305,-1,183,307,184,-1,306,184,307,-1,183,186,308,-1,308,307,183,-1,309,186,185,-1,186,309,308,-1,309,185,291,-1,302,225,219,-1,305,225,302,-1,214,301,219,-1,303,301,214,-1,304,216,212,-1,303,214,216,-1,216,304,303,-1,304,212,202,-1,219,301,302,-1,215,201,202,-1,215,203,201,-1,215,202,212,-1,227,225,305,-1,306,227,305,-1,306,307,229,-1,229,227,306,-1,231,307,308,-1,307,231,229,-1,309,233,308,-1,231,308,233,-1,309,291,236,-1,236,233,309,-1,291,237,236,-1,210,237,292,-1,237,291,292,-1,109,310,311,-1,108,109,311,-1,312,313,314,-1,310,315,316,-1,112,113,317,-1,311,310,316,-1,313,312,318,-1,314,319,312,-1,320,318,312,-1,321,322,313,-1,109,112,310,-1,323,324,320,-1,100,115,321,-1,322,115,114,-1,115,322,321,-1,311,114,108,-1,312,323,320,-1,321,313,318,-1,313,316,314,-1,319,323,312,-1,322,311,316,-1,114,311,322,-1,314,315,325,-1,322,316,313,-1,315,314,316,-1,319,314,325,-1,112,317,310,-1,315,310,317,-1,326,324,327,-1,328,318,329,-1,326,330,320,-1,331,100,321,-1,321,328,331,-1,98,100,331,-1,318,330,329,-1,321,318,328,-1,326,320,324,-1,330,318,320,-1,332,333,334,-1,335,333,332,-1,335,332,336,-1,337,338,339,-1,327,335,326,-1,340,334,341,-1,330,336,342,-1,334,343,341,-1,344,341,343,-1,338,345,346,-1,345,338,337,-1,342,336,345,-1,98,331,339,-1,328,345,337,-1,346,340,347,-1,333,343,334,-1,338,346,347,-1,336,326,335,-1,336,332,345,-1,330,326,336,-1,332,334,346,-1,340,346,334,-1,342,328,329,-1,332,346,345,-1,328,342,345,-1,330,342,329,-1,339,331,337,-1,328,337,331,-1,339,338,348,-1,93,98,339,-1,349,340,341,-1,340,350,347,-1,344,27,341,-1,349,341,27,-1,338,347,350,-1,349,350,340,-1,339,348,93,-1,338,350,348,-1,17,351,352,-1,22,17,352,-1,353,354,355,-1,351,94,356,-1,20,21,97,-1,352,351,356,-1,354,353,350,-1,355,96,353,-1,348,350,353,-1,348,92,93,-1,17,20,351,-1,349,357,354,-1,27,26,349,-1,357,26,23,-1,26,357,349,-1,352,23,22,-1,353,92,348,-1,349,354,350,-1,354,356,355,-1,96,92,353,-1,357,352,356,-1,23,352,357,-1,355,94,95,-1,357,356,354,-1,94,355,356,-1,96,355,95,-1,20,97,351,-1,94,351,97,-1,358,25,359,-1,360,361,344,-1,362,361,360,-1,361,27,344,-1,27,359,25,-1,13,362,360,-1,363,6,5,-1,361,359,27,-1,13,363,362,-1,6,363,13,-1,362,363,364,-1,364,365,362,-1,361,362,365,-1,365,366,361,-1,359,361,366,-1,366,367,359,-1,358,359,367,-1,367,368,358,-1,369,19,358,-1,25,19,16,-1,24,25,18,-1,18,25,16,-1,358,19,25,-1,368,369,358,-1,368,370,369,-1,371,369,370,-1,369,371,372,-1,371,373,372,-1,373,371,374,-1,363,5,4,-1,4,364,363,-1,36,375,376,-1,377,39,34,-1,378,37,379,-1,31,380,32,-1,360,379,13,-1,37,13,379,-1,380,31,378,-1,378,31,37,-1,32,375,36,-1,380,375,32,-1,34,376,377,-1,36,376,34,-1,39,377,381,-1,377,382,381,-1,381,49,39,-1,52,383,61,-1,55,384,58,-1,51,385,386,-1,54,381,387,-1,387,55,54,-1,49,381,54,-1,387,384,55,-1,384,385,58,-1,51,386,52,-1,58,385,51,-1,383,52,386,-1,388,389,390,-1,391,392,393,-1,394,395,396,-1,397,382,398,-1,398,391,397,-1,381,382,397,-1,395,393,392,-1,398,392,391,-1,394,396,390,-1,393,395,394,-1,389,388,399,-1,390,396,388,-1,400,401,402,-1,401,403,402,-1,404,405,400,-1,406,405,404,-1,404,400,402,-1,407,405,406,-1,406,408,407,-1,409,410,408,-1,411,410,409,-1,410,407,408,-1,412,413,411,-1,409,412,411,-1,401,414,403,-1,414,415,416,-1,416,403,414,-1,417,415,418,-1,415,417,416,-1,419,420,418,-1,417,418,420,-1,419,421,422,-1,422,420,419,-1,423,421,424,-1,421,423,422,-1,423,424,425,-1,426,384,387,-1,384,427,385,-1,427,384,426,-1,428,386,427,-1,385,427,386,-1,428,429,383,-1,383,386,428,-1,430,429,431,-1,429,430,383,-1,432,433,431,-1,430,431,433,-1,434,433,432,-1,435,426,387,-1,435,387,381,-1,397,436,435,-1,435,381,397,-1,391,393,436,-1,391,436,397,-1,393,437,436,-1,437,394,390,-1,393,394,437,-1,389,438,390,-1,437,390,438,-1,389,439,440,-1,440,438,389,-1,441,439,442,-1,439,441,440,-1,441,442,443,-1,443,442,444,-1,445,424,446,-1,447,448,449,-1,450,424,451,-1,443,452,453,-1,452,454,453,-1,443,444,452,-1,450,455,424,-1,444,456,457,-1,458,459,444,-1,444,459,452,-1,444,457,458,-1,425,460,444,-1,456,444,460,-1,461,462,425,-1,425,462,460,-1,425,463,461,-1,424,455,425,-1,425,455,463,-1,464,446,424,-1,424,445,451,-1,447,446,448,-1,446,464,448,-1,465,466,467,-1,468,469,470,-1,471,466,472,-1,466,473,467,-1,474,466,471,-1,475,476,477,-1,478,479,480,-1,445,475,480,-1,480,451,445,-1,475,477,480,-1,481,479,478,-1,451,480,450,-1,467,477,476,-1,471,482,483,-1,484,482,471,-1,485,486,482,-1,486,485,487,-1,488,482,486,-1,489,490,487,-1,486,487,490,-1,491,492,490,-1,490,489,491,-1,492,493,494,-1,493,492,491,-1,495,494,496,-1,493,496,494,-1,495,496,497,-1,495,497,469,-1,498,469,468,-1,499,469,498,-1,500,469,501,-1,470,469,497,-1,501,469,499,-1,495,500,502,-1,500,495,469,-1,502,503,494,-1,502,494,495,-1,503,504,492,-1,503,492,494,-1,504,505,490,-1,504,490,492,-1,505,488,486,-1,505,486,490,-1,488,483,482,-1,471,483,474,-1,484,485,482,-1,466,474,506,-1,472,484,471,-1,473,466,506,-1,465,472,466,-1,507,467,473,-1,476,465,467,-1,467,507,477,-1,478,477,507,-1,478,480,477,-1,450,480,479,-1,481,450,479,-1,498,501,499,-1,455,450,481,-1,481,508,455,-1,501,498,508,-1,508,481,501,-1,507,502,500,-1,503,473,506,-1,501,481,478,-1,483,488,505,-1,504,474,505,-1,474,504,506,-1,483,505,474,-1,503,506,504,-1,473,502,507,-1,473,503,502,-1,501,478,500,-1,478,507,500,-1,509,510,511,-1,512,513,509,-1,509,511,512,-1,512,514,513,-1,515,516,514,-1,513,514,516,-1,515,517,516,-1,515,518,517,-1,517,518,519,-1,519,520,521,-1,454,519,518,-1,519,522,520,-1,523,522,519,-1,454,523,519,-1,524,523,452,-1,452,523,454,-1,518,525,454,-1,526,527,518,-1,518,527,525,-1,528,441,443,-1,529,440,530,-1,528,443,527,-1,436,531,532,-1,438,533,437,-1,534,535,427,-1,536,426,435,-1,537,431,429,-1,429,538,537,-1,539,520,432,-1,432,431,539,-1,522,523,540,-1,540,432,520,-1,522,540,520,-1,429,428,538,-1,539,431,537,-1,428,535,538,-1,535,428,427,-1,536,534,426,-1,426,534,427,-1,436,532,435,-1,435,532,536,-1,437,533,531,-1,436,437,531,-1,438,440,529,-1,533,438,529,-1,530,441,528,-1,530,440,441,-1,527,443,453,-1,454,525,453,-1,527,453,525,-1,541,412,542,-1,412,543,544,-1,508,412,544,-1,541,545,412,-1,542,434,546,-1,434,542,412,-1,434,547,548,-1,548,546,434,-1,524,540,523,-1,547,434,524,-1,524,434,432,-1,498,413,508,-1,508,413,412,-1,540,524,432,-1,412,545,543,-1,549,550,551,-1,551,552,549,-1,550,549,553,-1,413,550,553,-1,550,413,470,-1,413,498,468,-1,470,413,468,-1,541,460,545,-1,541,456,460,-1,462,543,545,-1,545,460,462,-1,544,543,461,-1,462,461,543,-1,544,463,508,-1,463,544,461,-1,508,463,455,-1,542,456,541,-1,546,457,542,-1,456,542,457,-1,458,546,548,-1,546,458,457,-1,548,547,459,-1,459,458,548,-1,459,547,452,-1,547,524,452,-1,554,414,401,-1,411,553,410,-1,555,464,419,-1,407,556,405,-1,407,410,557,-1,401,400,558,-1,559,400,560,-1,401,558,554,-1,561,562,415,-1,414,563,561,-1,418,562,555,-1,464,424,421,-1,421,419,464,-1,555,419,418,-1,418,415,562,-1,415,414,561,-1,563,414,554,-1,400,559,558,-1,405,560,400,-1,556,407,557,-1,560,405,556,-1,557,410,553,-1,411,413,553,-1,554,564,563,-1,561,563,565,-1,564,565,563,-1,566,562,561,-1,561,565,566,-1,562,567,555,-1,567,562,566,-1,448,464,555,-1,449,555,567,-1,564,554,568,-1,448,555,449,-1,568,554,558,-1,569,558,559,-1,558,569,568,-1,560,570,559,-1,569,559,570,-1,560,556,571,-1,571,570,560,-1,572,556,557,-1,556,572,571,-1,572,557,552,-1,552,557,549,-1,557,553,549,-1,568,573,574,-1,575,564,574,-1,568,574,564,-1,575,576,565,-1,565,564,575,-1,566,576,577,-1,576,566,565,-1,447,567,577,-1,566,577,567,-1,449,567,447,-1,569,573,568,-1,578,569,570,-1,569,578,573,-1,571,579,570,-1,578,570,579,-1,571,572,580,-1,580,579,571,-1,581,572,552,-1,572,581,580,-1,581,552,551,-1,485,484,574,-1,472,575,484,-1,576,575,472,-1,573,485,574,-1,575,574,484,-1,576,465,577,-1,465,476,577,-1,447,577,476,-1,475,447,476,-1,446,447,475,-1,576,472,465,-1,475,445,446,-1,487,485,573,-1,578,487,573,-1,578,579,489,-1,489,487,578,-1,491,579,580,-1,579,491,489,-1,581,493,580,-1,491,580,493,-1,581,551,496,-1,496,493,581,-1,551,497,496,-1,470,497,550,-1,497,551,550,-1,532,582,536,-1,531,583,582,-1,582,532,531,-1,583,533,584,-1,533,583,531,-1,585,584,529,-1,533,529,584,-1,585,529,530,-1,585,530,586,-1,518,515,586,-1,526,518,586,-1,528,527,526,-1,526,586,528,-1,587,536,582,-1,587,588,534,-1,536,587,534,-1,588,589,535,-1,535,589,538,-1,538,589,590,-1,590,589,516,-1,591,537,590,-1,538,590,537,-1,521,591,519,-1,520,539,521,-1,591,539,537,-1,585,515,514,-1,528,586,530,-1,515,585,586,-1,514,512,584,-1,514,584,585,-1,512,511,583,-1,512,583,584,-1,583,511,582,-1,511,510,582,-1,582,510,587,-1,510,509,587,-1,587,509,588,-1,513,588,509,-1,535,534,588,-1,588,513,589,-1,516,589,513,-1,516,517,590,-1,591,521,539,-1,590,517,591,-1,519,591,517,-1,392,398,592,-1,388,396,593,-1,594,396,395,-1,399,388,595,-1,592,594,392,-1,596,597,592,-1,382,598,398,-1,592,597,594,-1,599,600,601,-1,594,395,392,-1,599,602,600,-1,603,604,600,-1,604,601,600,-1,603,605,606,-1,595,593,601,-1,388,593,595,-1,600,605,603,-1,595,601,604,-1,601,597,599,-1,602,605,600,-1,593,594,597,-1,396,594,593,-1,599,596,607,-1,593,597,601,-1,596,599,597,-1,602,599,607,-1,398,598,592,-1,596,592,598,-1,598,377,608,-1,609,605,610,-1,611,602,607,-1,606,605,609,-1,611,610,602,-1,605,602,610,-1,611,596,608,-1,607,596,611,-1,377,598,382,-1,608,596,598,-1,378,379,612,-1,376,375,613,-1,614,375,380,-1,377,376,608,-1,612,614,378,-1,615,616,612,-1,360,617,379,-1,612,616,614,-1,618,619,620,-1,614,380,378,-1,618,621,619,-1,610,611,619,-1,611,620,619,-1,610,622,609,-1,608,613,620,-1,376,613,608,-1,619,622,610,-1,608,620,611,-1,620,616,618,-1,621,622,619,-1,613,614,616,-1,375,614,613,-1,618,615,623,-1,613,616,620,-1,615,618,616,-1,621,618,623,-1,379,617,612,-1,615,612,617,-1,617,344,343,-1,327,622,335,-1,333,621,623,-1,609,622,327,-1,333,335,621,-1,622,621,335,-1,333,615,343,-1,623,615,333,-1,344,617,360,-1,343,615,617,-1,624,625,2,-1,624,2,1,-1,624,626,625,-1,626,624,627,-1,625,626,628,-1,628,629,625,-1,628,630,629,-1,630,628,631,-1,632,633,634,-1,632,634,635,-1,636,630,631,-1,636,631,637,-1,626,638,631,-1,639,637,631,-1,631,638,639,-1,631,628,626,-1,627,638,626,-1,638,627,640,-1,
        ]
    }
}
Shape{
    appearance Appearance {
        material  Material 	{
            diffuseColor 1.0 0.9098039215686274 0.403921568627451
            specularColor 0.7529411764705882 0.7529411764705882 0.7529411764705882
            ambientIntensity 0.2
            transparency 0
            shininess 0.5
        }
    }
    geometry IndexedFaceSet {
        ccw TRUE
        solid FALSE
        coord DEF co Coordinate {
            point [
                -1.1122 1.5748 0.315, -1.1122 -2.3622 0.6299, -1.1122 -2.3622 0.315, -1.1122 -2.2047 0.7874, -1.1122 1.5748 0.7874, -1.1122 1.5748 0.7874
            ]
        }
        coordIndex [
            0,1,2,-1,3,1,4,-1,1,0,4,-1,
        ]
    }
}
Shape{
    appearance Appearance {
        material  Material 	{
            diffuseColor 0.6549019607843137 0.6549019607843137 0.6549019607843137
            specularColor 0.7529411764705882 0.7529411764705882 0.7529411764705882
            ambientIntensity 0.2
            transparency 0
            shininess 0.5
        }
    }
    geometry IndexedFaceSet {
        ccw TRUE
        solid FALSE
        coord DEF co Coordinate {
            point [
                0.7106 -0.3636 0.7225, 0.8957 -0.3288 0.7573, 0.7106 -0.3288 0.7573, 0.7106 -0.2849 0.7797, 0.8957 -0.2849 0.7797, 0.8957 -0.2362 0.7874, 0.7106 -0.2362 0.7874, 0.8957 -0.3636 0.7225, 0.7106 -0.386 0.6786, 0.8957 -0.386 0.6786, 0.7106 -0.3937 0.6299, 0.8957 -0.3937 0.6299, 0.8957 -0.3937 0.6299
            ]
        }
        coordIndex [
            0,1,2,-1,3,2,4,-1,1,4,2,-1,5,6,3,-1,3,4,5,-1,1,0,7,-1,7,8,9,-1,8,7,0,-1,8,10,9,-1,9,10,11,-1,
        ]
    }
}
Shape{
    appearance Appearance {
        material  Material 	{
            diffuseColor 0.7529411764705882 0.7529411764705882 0.7529411764705882
            specularColor 0.7529411764705882 0.7529411764705882 0.7529411764705882
            ambientIntensity 0.2
            transparency 0
            shininess 0.5
        }
    }
    geometry IndexedFaceSet {
        ccw TRUE
        solid FALSE
        coord DEF co Coordinate {
            point [
                0.7106 -0.3636 0.7225, 0.7106 -0.3288 0.7573, 0.7106 -0.2362 0.7874, 0.7106 -0.2849 0.7797, 0.7106 -0.386 0.6786, 0.7106 1.5748 0.7874, 0.7106 -0.3937 0.6299, 0.7106 1.5748 0.315, 0.7106 -0.3937 0.315, -0.3091 1.5748 0.315, -0.3091 -0.3937 0.6299, -0.3091 -0.3937 0.315, -0.3091 1.5748 0.7874, -0.3091 -0.2362 0.7874, -0.3091 -0.386 0.6786, -0.3091 -0.3288 0.7573, -0.3091 -0.3636 0.7225, -0.3091 -0.2849 0.7797, -0.3091 -0.2849 0.7797
            ]
        }
        coordIndex [
            0,1,2,-1,2,1,3,-1,4,0,2,-1,4,5,6,-1,5,4,2,-1,6,5,7,-1,6,7,8,-1,9,10,11,-1,10,9,12,-1,13,14,12,-1,14,10,12,-1,15,16,13,-1,13,16,14,-1,13,17,15,-1,
        ]
    }
}
Shape{
    appearance Appearance {
        material  Material 	{
            diffuseColor 0.6549019607843137 0.6549019607843137 0.6549019607843137
            specularColor 0.7529411764705882 0.7529411764705882 0.7529411764705882
            ambientIntensity 0.2
            transparency 0
            shininess 0.5
        }
    }
    geometry IndexedFaceSet {
        ccw TRUE
        solid FALSE
        coord DEF co Coordinate {
            point [
                -0.3091 -0.3636 0.7225, -0.4941 -0.3636 0.7225, -0.4941 -0.386 0.6786, -0.4941 -0.3937 0.6299, -0.3091 -0.3937 0.6299, -0.3091 -0.386 0.6786, -0.4941 -0.2849 0.7797, -0.3091 -0.2849 0.7797, -0.3091 -0.2362 0.7874, -0.4941 -0.3288 0.7573, -0.3091 -0.3288 0.7573, -0.4941 -0.2362 0.7874, -0.4941 -0.2362 0.7874
            ]
        }
        coordIndex [
            0,1,2,-1,3,4,5,-1,6,7,8,-1,7,9,10,-1,9,1,10,-1,6,8,11,-1,6,9,7,-1,0,2,5,-1,10,1,0,-1,3,5,2,-1,
        ]
    }
}
Shape{
    appearance Appearance {
        material  Material 	{
            diffuseColor 0.7529411764705882 0.7529411764705882 0.7529411764705882
            specularColor 0.7529411764705882 0.7529411764705882 0.7529411764705882
            ambientIntensity 0.2
            transparency 0
            shininess 0.5
        }
    }
    geometry IndexedFaceSet {
        ccw TRUE
        solid FALSE
        coord DEF co Coordinate {
            point [
                -0.0925 -0.3636 0.7225, -0.0925 -0.3288 0.7573, -0.0925 -0.2362 0.7874, -0.0925 -0.2849 0.7797, -0.0925 -0.386 0.6786, -0.0925 1.5748 0.7874, -0.0925 -0.3937 0.6299, -0.0925 1.5748 0.315, -0.0925 -0.3937 0.315, -0.0925 -0.3937 0.315
            ]
        }
        coordIndex [
            0,1,2,-1,2,1,3,-1,4,0,2,-1,4,5,6,-1,5,4,2,-1,6,5,7,-1,6,7,8,-1,
        ]
    }
}
Shape{
    appearance Appearance {
        material  Material 	{
            diffuseColor 0.6549019607843137 0.6549019607843137 0.6549019607843137
            specularColor 0.7529411764705882 0.7529411764705882 0.7529411764705882
            ambientIntensity 0.2
            transparency 0
            shininess 0.5
        }
    }
    geometry IndexedFaceSet {
        ccw TRUE
        solid FALSE
        coord DEF co Coordinate {
            point [
                -0.0925 -0.3636 0.7225, 0.0925 -0.3288 0.7573, -0.0925 -0.3288 0.7573, -0.0925 -0.2849 0.7797, 0.0925 -0.2849 0.7797, 0.0925 -0.2362 0.7874, -0.0925 -0.2362 0.7874, 0.0925 -0.3636 0.7225, -0.0925 -0.386 0.6786, 0.0925 -0.386 0.6786, -0.0925 -0.3937 0.6299, 0.0925 -0.3937 0.6299, 0.0925 1.5748 0.7874, 0.0925 1.0335 0.315, 0.0925 1.5748 0.315, 0.0925 2.2441 0.0394, 0.0925 2.3002 0.063, 0.0925 2.3166 0.0876, 0.0925 2.3228 0.1181, 0.0925 2.3228 0.315, 0.0925 2.2746 0.0456, 0.0925 1.0335 0.0394, 0.0925 -0.3937 0.315, 0.1767 0.9279 0.315, 0.2249 0.9279 0.315, 0.2002 0.9253 0.0394, 0.2771 0.9567 0.0394, 0.2417 0.9333 0.0394, 0.2683 0.9488 0.315, 0.2983 0.9865 0.315, 0.3007 0.9919 0.0394, 0.3091 1.0335 0.315, 0.3091 1.0335 0.0394, 0.1588 0.9338 0.0394, 0.1333 0.9488 0.315, 0.124 0.9574 0.0394, 0.1008 0.9919 0.0394, 0.1032 0.9865 0.315, 0.1103 0.943 0.0053, 0.0826 0.9845 0.0053, 0.0959 0.99 0.0197, 0.1573 0.9286 0.0197, 0.1518 0.9153 0.0053, 0.1205 0.9532 0.0197, 0.2442 0.9286 0.0197, 0.2498 0.9153 0.0053, 0.2008 0.9199 0.0197, 0.3484 1.0335 0.0, 0.3372 0.977 0.0, 0.319 0.9845 0.0053, 0.2811 0.9532 0.0197, 0.2913 0.943 0.0053, 0.3143 1.0335 0.0197, 0.3057 0.99 0.0197, 0.3287 1.0335 0.0053, 0.3052 0.9291 0.0, 0.2573 0.8971 0.0, 0.2008 0.9055 0.0053, 0.0872 1.0335 0.0197, 0.0531 1.0335 0.0, 0.0728 1.0335 0.0053, 0.0644 0.977 0.0, 0.0964 0.9291 0.0, 0.1443 0.8971 0.0, 0.2008 0.8858 0.0, 0.0728 2.2441 0.0053, 0.0872 2.2441 0.0197, 0.0531 2.2441 0.0, 0.0872 2.2818 0.0272, 0.0872 2.335 0.0804, 0.0728 2.3483 0.0749, 0.0728 2.3569 0.1181, 0.0872 2.3137 0.0485, 0.0872 2.3425 0.1181, 0.0531 2.2893 0.009, 0.0531 2.3276 0.0346, 0.0728 2.2873 0.0139, 0.0531 2.3622 0.1181, 0.0531 2.3532 0.0729, 0.0728 2.3239 0.0383, 0.0728 2.3569 0.315, 0.0872 2.3425 0.315, 0.0531 2.3622 0.315, -0.0872 2.3425 0.315, -0.3143 2.3425 0.315, -0.0728 2.3569 0.315, -0.3287 2.3569 0.315, -0.3091 2.3228 0.315, -0.2983 1.9865 0.315, -0.3091 2.0335 0.315, -0.2824 2.004 0.315, -0.1767 1.9279 0.315, -0.1443 1.9725 0.315, -0.1333 1.9488 0.315, -0.2572 1.9725 0.315, -0.2249 1.9279 0.315, -0.2683 1.9488 0.315, -0.1806 1.955 0.315, -0.2913 2.0433 0.315, -0.1192 2.0826 0.315, -0.1443 2.1141 0.315, -0.0925 2.3228 0.315, -0.0531 2.3622 0.315, -0.3484 2.3622 0.315, -0.2209 1.955 0.315, -0.1032 1.9865 0.315, -0.1192 2.004 0.315, -0.0925 2.0335 0.315, -0.1102 2.0433 0.315, -0.1806 2.1316 0.315, -0.2209 2.1316 0.315, -0.2572 2.1141 0.315, -0.2824 2.0826 0.315, 0.3091 2.3228 0.315, 0.3287 2.3569 0.315, 0.3484 2.3622 0.315, 0.3143 2.3425 0.315, 0.3091 1.5748 0.315, -0.3287 2.3569 0.1181, -0.3091 2.3228 0.1181, -0.3143 2.3425 0.1181, -0.3484 2.3622 0.1181, -0.3091 2.3002 0.063, -0.3091 2.2441 0.0394, -0.3091 2.2746 0.0456, -0.3091 2.3166 0.0876, -0.3091 2.0335 0.0394, -0.3007 1.9919 0.0394, -0.2014 1.9253 0.0394, -0.2427 1.9338 0.0394, -0.2776 1.9574 0.0394, -0.1245 1.9567 0.0394, -0.1599 1.9333 0.0394, -0.1008 1.9919 0.0394, -0.0925 2.0335 0.0394, -0.2913 1.943 0.0053, -0.319 1.9845 0.0053, -0.3057 1.99 0.0197, -0.2442 1.9286 0.0197, -0.2498 1.9153 0.0053, -0.2811 1.9532 0.0197, -0.1573 1.9286 0.0197, -0.1518 1.9153 0.0053, -0.2008 1.9199 0.0197, -0.0531 2.0335 0.0, -0.0644 1.977 0.0, -0.0826 1.9845 0.0053, -0.1205 1.9532 0.0197, -0.1103 1.943 0.0053, -0.0872 2.0335 0.0197, -0.0959 1.99 0.0197, -0.0728 2.0335 0.0053, -0.0964 1.9291 0.0, -0.1443 1.8971 0.0, -0.2008 1.9055 0.0053, -0.3143 2.0335 0.0197, -0.3484 2.0335 0.0, -0.3287 2.0335 0.0053, -0.3372 1.977 0.0, -0.3052 1.9291 0.0, -0.2573 1.8971 0.0, -0.2008 1.8858 0.0, -0.3287 2.2441 0.0053, -0.3143 2.2441 0.0197, -0.3484 2.2441 0.0, -0.3143 2.2818 0.0272, -0.3143 2.335 0.0804, -0.3287 2.3483 0.0749, -0.3143 2.3137 0.0485, -0.3484 2.2893 0.009, -0.3484 2.3276 0.0346, -0.3287 2.2873 0.0139, -0.3484 2.3532 0.0729, -0.3287 2.3239 0.0383, -0.0531 2.2441 0.0, -0.0925 2.2441 0.0394, -0.0872 2.2441 0.0197, -0.0728 2.2441 0.0053, -0.0728 2.3239 0.0383, -0.0531 2.3532 0.0729, -0.0531 2.3276 0.0346, -0.0925 2.2746 0.0456, -0.0872 2.2818 0.0272, -0.0872 2.335 0.0804, -0.0728 2.3483 0.0749, -0.0872 2.3137 0.0485, -0.0872 2.3425 0.1181, -0.0728 2.3569 0.1181, -0.0925 2.3166 0.0876, -0.0925 2.3228 0.1181, -0.0531 2.3622 0.1181, -0.0728 2.2873 0.0139, -0.0925 2.2992 0.062, -0.0531 2.2893 0.009, 0.3091 2.2441 0.0394, 0.3091 2.2992 0.062, 0.3091 2.2746 0.0456, 0.3091 -0.2362 0.7874, 0.3091 -0.3288 0.7573, 0.3091 -0.2849 0.7797, 0.3091 2.3166 0.0876, 0.3091 2.3228 0.1181, 0.3091 -0.3636 0.7225, 0.3091 -0.3937 0.6299, 0.3091 -0.386 0.6786, 0.3091 1.5748 0.7874, 0.3091 -0.3937 0.315, 0.3484 2.2441 0.0, 0.3143 2.2441 0.0197, 0.3287 2.2441 0.0053, 0.3287 2.3239 0.0383, 0.3484 2.3532 0.0729, 0.3484 2.3276 0.0346, 0.3143 2.2818 0.0272, 0.3143 2.335 0.0804, 0.3287 2.3483 0.0749, 0.3143 2.3137 0.0485, 0.3143 2.3425 0.1181, 0.3287 2.3569 0.1181, 0.3484 2.3622 0.1181, 0.3287 2.2873 0.0139, 0.3484 2.2893 0.009, 0.4941 -0.3636 0.7225, 0.4941 -0.3937 0.6299, 0.4941 -0.386 0.6786, 0.4941 -0.2849 0.7797, 0.4941 -0.2362 0.7874, 0.4941 -0.3288 0.7573, 0.4941 -0.3288 0.7573
            ]
        }
        coordIndex [
            0,1,2,-1,3,2,4,-1,1,4,2,-1,5,6,3,-1,3,4,5,-1,1,0,7,-1,7,8,9,-1,8,7,0,-1,8,10,9,-1,9,10,11,-1,9,5,7,-1,1,7,5,-1,1,5,4,-1,12,5,11,-1,5,9,11,-1,13,14,12,-1,13,12,11,-1,15,16,17,-1,14,18,19,-1,18,15,17,-1,20,16,15,-1,21,15,18,-1,21,18,14,-1,14,13,21,-1,22,13,11,-1,23,24,25,-1,26,27,28,-1,25,24,27,-1,26,28,29,-1,29,30,26,-1,24,28,27,-1,30,29,31,-1,30,31,32,-1,23,25,33,-1,34,33,35,-1,33,34,23,-1,35,36,37,-1,37,34,35,-1,37,36,13,-1,36,21,13,-1,38,39,40,-1,41,42,43,-1,40,21,36,-1,42,38,43,-1,44,45,46,-1,47,48,49,-1,50,51,44,-1,52,53,30,-1,53,54,49,-1,32,52,30,-1,48,55,51,-1,49,50,53,-1,45,55,56,-1,49,51,50,-1,41,46,57,-1,42,41,57,-1,40,39,58,-1,35,43,36,-1,59,60,61,-1,60,58,39,-1,39,61,60,-1,21,40,58,-1,38,40,43,-1,62,61,39,-1,36,43,40,-1,41,35,33,-1,63,62,38,-1,39,38,62,-1,35,41,43,-1,46,33,25,-1,64,63,42,-1,38,42,63,-1,33,46,41,-1,44,25,27,-1,56,64,57,-1,42,57,64,-1,25,44,46,-1,50,27,26,-1,56,57,45,-1,46,45,57,-1,27,50,44,-1,26,30,53,-1,55,45,51,-1,44,51,45,-1,53,50,26,-1,52,54,53,-1,47,49,54,-1,48,51,49,-1,60,65,66,-1,15,21,58,-1,58,60,66,-1,59,67,65,-1,59,65,60,-1,15,58,66,-1,68,20,15,-1,69,70,71,-1,72,69,16,-1,18,17,73,-1,74,75,76,-1,66,65,76,-1,66,68,15,-1,76,68,66,-1,73,69,71,-1,65,67,74,-1,71,70,77,-1,73,17,69,-1,74,76,65,-1,78,77,70,-1,76,75,79,-1,20,68,72,-1,76,79,68,-1,75,78,79,-1,20,72,16,-1,68,79,72,-1,79,78,70,-1,72,79,70,-1,16,69,17,-1,72,70,69,-1,71,80,81,-1,19,18,73,-1,73,71,81,-1,77,82,80,-1,77,80,71,-1,19,73,81,-1,83,84,85,-1,85,84,86,-1,87,84,83,-1,88,89,90,-1,91,92,93,-1,94,95,96,-1,91,95,97,-1,96,90,94,-1,90,89,98,-1,99,100,101,-1,86,102,85,-1,101,87,83,-1,86,103,102,-1,95,104,97,-1,105,106,107,-1,96,88,90,-1,95,94,104,-1,97,92,91,-1,92,106,93,-1,93,106,105,-1,107,108,99,-1,107,106,108,-1,107,99,101,-1,101,109,110,-1,100,109,101,-1,111,87,110,-1,101,110,87,-1,112,98,89,-1,89,87,112,-1,87,111,112,-1,14,19,113,-1,114,81,80,-1,80,82,115,-1,80,115,114,-1,114,116,81,-1,81,116,19,-1,14,113,117,-1,19,116,113,-1,118,86,84,-1,87,119,120,-1,120,118,84,-1,121,103,86,-1,121,86,118,-1,87,120,84,-1,122,123,124,-1,123,125,119,-1,122,125,123,-1,89,126,123,-1,119,89,123,-1,119,87,89,-1,127,126,89,-1,128,129,95,-1,130,88,96,-1,105,131,93,-1,91,93,132,-1,133,105,107,-1,105,133,131,-1,134,133,107,-1,132,128,91,-1,93,131,132,-1,95,129,96,-1,91,128,95,-1,130,127,88,-1,129,130,96,-1,89,88,127,-1,135,136,137,-1,138,139,140,-1,137,126,127,-1,139,135,140,-1,141,142,143,-1,144,145,146,-1,147,148,141,-1,149,150,133,-1,150,151,146,-1,134,149,133,-1,145,152,148,-1,146,147,150,-1,142,152,153,-1,146,148,147,-1,138,143,154,-1,139,138,154,-1,137,136,155,-1,130,140,127,-1,156,157,158,-1,157,155,136,-1,136,158,157,-1,126,137,155,-1,135,137,140,-1,159,158,136,-1,127,140,137,-1,138,130,129,-1,160,159,135,-1,136,135,159,-1,130,138,140,-1,143,129,128,-1,161,160,139,-1,135,139,160,-1,129,143,138,-1,141,128,132,-1,153,161,154,-1,139,154,161,-1,128,141,143,-1,147,132,131,-1,153,154,142,-1,143,142,154,-1,132,147,141,-1,131,133,150,-1,152,142,148,-1,141,148,142,-1,150,147,131,-1,149,151,150,-1,144,146,151,-1,145,148,146,-1,157,162,163,-1,123,126,155,-1,155,157,163,-1,156,164,162,-1,156,162,157,-1,123,155,163,-1,165,124,123,-1,166,167,118,-1,168,166,122,-1,119,125,120,-1,169,170,171,-1,163,162,171,-1,163,165,123,-1,171,165,163,-1,120,166,118,-1,162,164,169,-1,118,167,121,-1,120,125,166,-1,169,171,162,-1,172,121,167,-1,171,170,173,-1,124,165,168,-1,171,173,165,-1,170,172,173,-1,124,168,122,-1,165,173,168,-1,173,172,167,-1,168,173,167,-1,122,166,125,-1,168,167,166,-1,151,174,144,-1,134,175,176,-1,149,176,177,-1,151,149,177,-1,134,176,149,-1,174,151,177,-1,178,179,180,-1,175,181,182,-1,183,184,185,-1,183,186,187,-1,186,183,188,-1,189,186,188,-1,184,178,185,-1,179,184,190,-1,191,177,176,-1,185,181,192,-1,174,177,193,-1,191,176,182,-1,177,191,193,-1,175,182,176,-1,178,182,185,-1,180,193,191,-1,181,185,182,-1,188,183,192,-1,180,191,178,-1,182,178,191,-1,192,183,185,-1,183,187,184,-1,190,184,187,-1,178,184,179,-1,85,187,186,-1,189,101,83,-1,83,85,186,-1,102,190,187,-1,102,187,85,-1,189,83,186,-1,175,192,181,-1,175,134,107,-1,188,192,175,-1,188,175,189,-1,101,189,107,-1,189,175,107,-1,194,195,196,-1,197,198,199,-1,195,194,200,-1,200,194,201,-1,113,201,117,-1,201,194,117,-1,198,197,202,-1,203,204,197,-1,197,204,202,-1,31,203,205,-1,197,205,203,-1,206,203,31,-1,205,117,31,-1,117,32,31,-1,32,117,194,-1,54,207,47,-1,32,194,208,-1,52,208,209,-1,54,52,209,-1,32,208,52,-1,207,54,209,-1,210,211,212,-1,194,196,213,-1,214,215,216,-1,214,217,218,-1,217,214,200,-1,201,217,200,-1,215,210,216,-1,211,215,219,-1,220,209,208,-1,216,196,195,-1,207,209,221,-1,220,208,213,-1,209,220,221,-1,194,213,208,-1,210,213,216,-1,212,221,220,-1,196,216,213,-1,200,214,195,-1,212,220,210,-1,213,210,220,-1,195,214,216,-1,214,218,215,-1,219,215,218,-1,210,215,211,-1,114,218,217,-1,201,113,116,-1,116,114,217,-1,115,219,218,-1,115,218,114,-1,201,116,217,-1,222,202,204,-1,203,223,224,-1,199,225,226,-1,225,198,227,-1,198,202,227,-1,199,226,197,-1,199,198,225,-1,222,204,224,-1,227,202,222,-1,203,224,204,-1,
        ]
    }
}
Shape{
    appearance Appearance {
        material  Material 	{
            diffuseColor 0.7529411764705882 0.7529411764705882 0.7529411764705882
            specularColor 0.7529411764705882 0.7529411764705882 0.7529411764705882
            ambientIntensity 0.2
            transparency 0
            shininess 0.5
        }
    }
    geometry IndexedFaceSet {
        ccw TRUE
        solid FALSE
        coord DEF co Coordinate {
            point [
                0.4941 1.5748 0.315, 0.4941 -0.3937 0.6299, 0.4941 -0.3937 0.315, 0.4941 1.5748 0.7874, 0.4941 -0.2362 0.7874, 0.4941 -0.386 0.6786, 0.4941 -0.3288 0.7573, 0.4941 -0.3636 0.7225, 0.4941 -0.2849 0.7797, 0.4941 -0.2849 0.7797
            ]
        }
        coordIndex [
            0,1,2,-1,1,0,3,-1,4,5,3,-1,5,1,3,-1,6,7,4,-1,4,7,5,-1,4,8,6,-1,
        ]
    }
}
Shape{
    appearance Appearance {
        material  Material 	{
            diffuseColor 0.4392156862745098 0.3215686274509804 0.10588235294117647
            specularColor 0.7529411764705882 0.7529411764705882 0.7529411764705882
            ambientIntensity 0.2
            transparency 0
            shininess 0.5
        }
    }
    geometry IndexedFaceSet {
        ccw TRUE
        solid FALSE
        coord DEF co Coordinate {
            point [
                -0.1806 1.955 -0.8661, -0.2209 1.955 0.315, -0.2209 1.955 -0.8661, -0.2572 1.9725 -0.8661, -0.2572 1.9725 0.315, -0.2824 2.004 0.315, -0.2824 2.004 -0.8661, -0.2913 2.0433 0.315, -0.2913 2.0433 -0.8661, -0.1806 1.955 0.315, -0.1443 1.9725 -0.8661, -0.1443 1.9725 0.315, -0.1192 2.004 -0.8661, -0.1192 2.004 0.315, -0.1102 2.0433 -0.8661, -0.1102 2.0433 0.315, -0.2209 2.1316 -0.8661, -0.1806 2.1316 0.315, -0.1806 2.1316 -0.8661, -0.1443 2.1141 -0.8661, -0.1443 2.1141 0.315, -0.1192 2.0826 0.315, -0.1192 2.0826 -0.8661, -0.2209 2.1316 0.315, -0.2572 2.1141 -0.8661, -0.2572 2.1141 0.315, -0.2824 2.0826 -0.8661, -0.2824 2.0826 0.315, -0.2824 2.0826 0.315
            ]
        }
        coordIndex [
            0,1,2,-1,3,2,4,-1,1,4,2,-1,5,6,3,-1,3,4,5,-1,7,6,5,-1,7,8,6,-1,1,0,9,-1,10,11,9,-1,9,0,10,-1,11,12,13,-1,12,11,10,-1,12,14,13,-1,13,14,15,-1,16,17,18,-1,19,18,20,-1,17,20,18,-1,21,22,19,-1,19,20,21,-1,15,22,21,-1,15,14,22,-1,17,16,23,-1,24,25,23,-1,23,16,24,-1,25,26,27,-1,26,25,24,-1,26,8,27,-1,27,8,7,-1,26,24,16,-1,3,6,22,-1,26,16,18,-1,8,18,19,-1,18,8,26,-1,14,2,3,-1,22,6,19,-1,0,2,12,-1,12,10,0,-1,3,22,14,-1,2,14,12,-1,6,8,19,-1,
        ]
    }
}
Shape{
    appearance Appearance {
        material  Material 	{
            diffuseColor 0.6549019607843137 0.6549019607843137 0.6549019607843137
            specularColor 0.7529411764705882 0.7529411764705882 0.7529411764705882
            ambientIntensity 0.2
            transparency 0
            shininess 0.5
        }
    }
    geometry IndexedFaceSet {
        ccw TRUE
        solid FALSE
        coord DEF co Coordinate {
            point [
                -0.7303 2.3569 0.1181, -0.7303 2.3569 0.315, -0.7159 2.3425 0.315, -0.7106 2.3228 0.315, -0.7106 2.3228 0.1181, -0.7159 2.3425 0.1181, -0.75 2.3622 0.1181, -0.75 2.3622 0.315, -0.75 2.3622 0.315
            ]
        }
        coordIndex [
            0,1,2,-1,3,4,5,-1,5,0,2,-1,6,7,1,-1,6,1,0,-1,3,5,2,-1,
        ]
    }
}
Shape{
    appearance Appearance {
        material  Material 	{
            diffuseColor 0.4392156862745098 0.3215686274509804 0.10588235294117647
            specularColor 0.7529411764705882 0.7529411764705882 0.7529411764705882
            ambientIntensity 0.2
            transparency 0
            shininess 0.5
        }
    }
    geometry IndexedFaceSet {
        ccw TRUE
        solid FALSE
        coord DEF co Coordinate {
            point [
                -0.9838 1.955 -0.8661, -1.0241 1.955 0.315, -1.0241 1.955 -0.8661, -1.0604 1.9725 -0.8661, -1.0604 1.9725 0.315, -1.0855 2.004 0.315, -1.0855 2.004 -0.8661, -1.0945 2.0433 0.315, -1.0945 2.0433 -0.8661, -0.9838 1.955 0.315, -0.9475 1.9725 -0.8661, -0.9475 1.9725 0.315, -0.9224 2.004 -0.8661, -0.9224 2.004 0.315, -0.9134 2.0433 -0.8661, -0.9134 2.0433 0.315, -1.0241 2.1316 -0.8661, -0.9838 2.1316 0.315, -0.9838 2.1316 -0.8661, -0.9475 2.1141 -0.8661, -0.9475 2.1141 0.315, -0.9224 2.0826 0.315, -0.9224 2.0826 -0.8661, -1.0241 2.1316 0.315, -1.0604 2.1141 -0.8661, -1.0604 2.1141 0.315, -1.0855 2.0826 -0.8661, -1.0855 2.0826 0.315, -1.0855 2.0826 0.315
            ]
        }
        coordIndex [
            0,1,2,-1,3,2,4,-1,1,4,2,-1,5,6,3,-1,3,4,5,-1,7,6,5,-1,7,8,6,-1,1,0,9,-1,10,11,9,-1,9,0,10,-1,11,12,13,-1,12,11,10,-1,12,14,13,-1,13,14,15,-1,16,17,18,-1,19,18,20,-1,17,20,18,-1,21,22,19,-1,19,20,21,-1,15,22,21,-1,15,14,22,-1,17,16,23,-1,24,25,23,-1,23,16,24,-1,25,26,27,-1,26,25,24,-1,26,8,27,-1,27,8,7,-1,26,24,16,-1,3,6,22,-1,26,16,18,-1,8,18,19,-1,18,8,26,-1,14,2,3,-1,22,6,19,-1,0,2,12,-1,12,10,0,-1,3,22,14,-1,2,14,12,-1,6,8,19,-1,
        ]
    }
}
Shape{
    appearance Appearance {
        material  Material 	{
            diffuseColor 0.6549019607843137 0.6549019607843137 0.6549019607843137
            specularColor 0.7529411764705882 0.7529411764705882 0.7529411764705882
            ambientIntensity 0.2
            transparency 0
            shininess 0.5
        }
    }
    geometry IndexedFaceSet {
        ccw TRUE
        solid FALSE
        coord DEF co Coordinate {
            point [
                0.7303 2.3239 0.0383, 0.75 2.3532 0.0729, 0.75 2.3276 0.0346, 0.7106 2.2441 0.0394, 0.7106 2.2746 0.0456, 0.7159 2.2818 0.0272, 0.7159 2.335 0.0804, 0.7303 2.3483 0.0749, 0.7159 2.3137 0.0485, 0.7159 2.3425 0.1181, 0.7303 2.3569 0.1181, 0.7106 2.3166 0.0876, 0.7106 2.3228 0.1181, 0.75 2.3622 0.1181, 0.7303 2.2873 0.0139, 0.7303 2.2441 0.0053, 0.7159 2.2441 0.0197, 0.7106 2.2992 0.062, 0.75 2.2441 0.0, 0.75 2.2893 0.009, 0.7303 2.3569 0.315, 0.7106 2.3228 0.315, 0.7159 2.3425 0.315, 0.75 2.3622 0.315, 0.7106 2.0335 0.0394, 0.7106 2.0335 0.315, 0.7303 2.0335 0.0053, 0.75 2.0335 0.0, 0.7159 2.0335 0.0197, 0.4888 2.2818 0.0272, 0.4941 2.2746 0.0456, 0.4941 2.2441 0.0394, 0.4888 2.335 0.0804, 0.4744 2.3483 0.0749, 0.4744 2.3569 0.1181, 0.4888 2.3137 0.0485, 0.4941 2.3002 0.063, 0.4941 2.3228 0.1181, 0.4941 2.3166 0.0876, 0.4888 2.3425 0.1181, 0.4547 2.2893 0.009, 0.4547 2.3276 0.0346, 0.4744 2.2873 0.0139, 0.4888 2.2441 0.0197, 0.4744 2.2441 0.0053, 0.4547 2.2441 0.0, 0.4547 2.3622 0.1181, 0.4547 2.3532 0.0729, 0.4744 2.3239 0.0383, 0.4744 2.0335 0.0053, 0.4941 2.0335 0.0394, 0.4888 2.0335 0.0197, 0.4547 2.0335 0.0, 0.4941 2.0335 0.315, 0.4941 2.3228 0.315, 0.4744 2.3569 0.315, 0.4888 2.3425 0.315, 0.4547 2.3622 0.315, 0.4547 2.3622 0.315
            ]
        }
        coordIndex [
            0,1,2,-1,3,4,5,-1,6,7,8,-1,6,9,10,-1,9,6,11,-1,12,9,11,-1,7,0,8,-1,1,7,13,-1,14,15,16,-1,8,4,17,-1,18,15,19,-1,14,16,5,-1,15,14,19,-1,3,5,16,-1,0,5,8,-1,2,19,14,-1,4,8,5,-1,11,6,17,-1,2,14,0,-1,5,0,14,-1,17,6,8,-1,6,10,7,-1,13,7,10,-1,0,7,1,-1,20,10,9,-1,12,21,22,-1,22,20,9,-1,23,13,10,-1,23,10,20,-1,12,22,9,-1,3,17,4,-1,3,24,25,-1,11,17,3,-1,11,3,12,-1,21,12,25,-1,12,3,25,-1,26,18,27,-1,24,3,16,-1,28,16,15,-1,26,28,15,-1,24,16,28,-1,18,26,15,-1,29,30,31,-1,32,33,34,-1,35,32,36,-1,37,38,39,-1,40,41,42,-1,43,44,42,-1,43,29,31,-1,42,29,43,-1,39,32,34,-1,44,45,40,-1,34,33,46,-1,39,38,32,-1,40,42,44,-1,47,46,33,-1,42,41,48,-1,30,29,35,-1,42,48,29,-1,41,47,48,-1,30,35,36,-1,29,48,35,-1,48,47,33,-1,35,48,33,-1,36,32,38,-1,35,33,32,-1,49,44,43,-1,31,50,51,-1,51,49,43,-1,52,45,44,-1,52,44,49,-1,31,51,43,-1,36,31,30,-1,31,38,37,-1,36,38,31,-1,53,50,31,-1,37,53,31,-1,37,54,53,-1,34,55,56,-1,54,37,39,-1,39,34,56,-1,46,57,55,-1,46,55,34,-1,54,39,56,-1,
        ]
    }
}
Shape{
    appearance Appearance {
        material  Material 	{
            diffuseColor 0.4392156862745098 0.3215686274509804 0.10588235294117647
            specularColor 0.7529411764705882 0.7529411764705882 0.7529411764705882
            ambientIntensity 0.2
            transparency 0
            shininess 0.5
        }
    }
    geometry IndexedFaceSet {
        ccw TRUE
        solid FALSE
        coord DEF co Coordinate {
            point [
                0.6225 1.955 -0.8661, 0.5822 1.955 0.315, 0.5822 1.955 -0.8661, 0.5459 1.9725 -0.8661, 0.5459 1.9725 0.315, 0.5208 2.004 0.315, 0.5208 2.004 -0.8661, 0.5118 2.0433 0.315, 0.5118 2.0433 -0.8661, 0.6225 1.955 0.315, 0.6588 1.9725 -0.8661, 0.6588 1.9725 0.315, 0.6839 2.004 -0.8661, 0.6839 2.004 0.315, 0.6929 2.0433 -0.8661, 0.6929 2.0433 0.315, 0.5822 2.1316 -0.8661, 0.6225 2.1316 0.315, 0.6225 2.1316 -0.8661, 0.6588 2.1141 -0.8661, 0.6588 2.1141 0.315, 0.6839 2.0826 0.315, 0.6839 2.0826 -0.8661, 0.5822 2.1316 0.315, 0.5459 2.1141 -0.8661, 0.5459 2.1141 0.315, 0.5208 2.0826 -0.8661, 0.5208 2.0826 0.315, 0.5208 2.0826 0.315
            ]
        }
        coordIndex [
            0,1,2,-1,3,2,4,-1,1,4,2,-1,5,6,3,-1,3,4,5,-1,7,6,5,-1,7,8,6,-1,1,0,9,-1,10,11,9,-1,9,0,10,-1,11,12,13,-1,12,11,10,-1,12,14,13,-1,13,14,15,-1,16,17,18,-1,19,18,20,-1,17,20,18,-1,21,22,19,-1,19,20,21,-1,15,22,21,-1,15,14,22,-1,17,16,23,-1,24,25,23,-1,23,16,24,-1,25,26,27,-1,26,25,24,-1,26,8,27,-1,27,8,7,-1,26,24,16,-1,3,6,22,-1,26,16,18,-1,8,18,19,-1,18,8,26,-1,14,2,3,-1,22,6,19,-1,0,2,12,-1,12,10,0,-1,3,22,14,-1,2,14,12,-1,6,8,19,-1,
        ]
    }
}
Shape{
    appearance Appearance {
        material  Material 	{
            diffuseColor 0.2549019607843137 0.2549019607843137 0.2549019607843137
            specularColor 0.7529411764705882 0.7529411764705882 0.7529411764705882
            ambientIntensity 0.2
            transparency 0
            shininess 0.5
        }
    }
    geometry IndexedFaceSet {
        ccw TRUE
        solid FALSE
        coord DEF co Coordinate {
            point [
                -1.2078 -0.952 0.0, -1.2078 -0.952 -0.0197, -1.2078 -1.5032 -0.0197, -1.2078 -1.5032 0.0, -1.1389 -1.5032 -0.0197, -1.1389 -1.5032 0.0, -1.1389 -1.0224 -0.0197, -1.1389 -1.0224 0.0, -0.7944 -1.0224 -0.0197, -0.7944 -1.0224 0.0, -0.7944 -0.952 -0.0197, -0.7944 -0.952 0.0, -0.5992 -1.3977 -0.0197, -0.6681 -1.4211 -0.0197, -0.6221 -1.3625 -0.0197, -0.2547 -1.3625 -0.0197, -0.2662 -1.4211 -0.0197, -0.3236 -1.3625 -0.0197, -0.5762 -0.9638 -0.0197, -0.5188 -1.0224 -0.0197, -0.5647 -1.0341 -0.0197, -0.4154 -1.0224 -0.0197, -0.358 -0.9638 -0.0197, -0.3695 -1.0341 -0.0197, -0.3121 -0.9872 -0.0197, -0.3351 -1.0576 -0.0197, -0.4154 -0.952 -0.0197, -0.5188 -0.952 -0.0197, -0.5992 -1.0576 -0.0197, -0.6221 -0.9872 -0.0197, -0.6221 -1.0928 -0.0197, -0.6681 -1.0341 -0.0197, -0.691 -1.081 -0.0197, -0.6336 -1.1397 -0.0197, -0.691 -1.3742 -0.0197, -0.6336 -1.3156 -0.0197, -0.7025 -1.3156 -0.0197, -0.7025 -1.1397 -0.0197, -0.5647 -1.4211 -0.0197, -0.6221 -1.468 -0.0197, -0.5762 -1.4915 -0.0197, -0.5188 -1.4329 -0.0197, -0.4154 -1.5032 -0.0197, -0.5188 -1.5032 -0.0197, -0.4154 -1.4329 -0.0197, -0.3695 -1.4211 -0.0197, -0.358 -1.4915 -0.0197, -0.3351 -1.3977 -0.0197, -0.3121 -1.468 -0.0197, -0.2662 -1.0341 -0.0197, -0.3236 -1.0928 -0.0197, -0.2547 -1.0928 -0.0197, -0.1628 -0.952 -0.0197, -0.0939 -1.21 -0.0197, -0.1628 -1.5032 -0.0197, -0.0939 -1.2804 -0.0197, 0.2506 -0.952 -0.0197, -0.0939 -1.0224 -0.0197, 0.2046 -1.21 -0.0197, 0.2046 -1.2804 -0.0197, -0.0939 -1.4329 -0.0197, 0.2506 -1.4329 -0.0197, 0.2506 -1.5032 -0.0197, 0.2506 -1.0224 -0.0197, 0.7903 -1.081 -0.0197, 0.7329 -1.1397 -0.0197, 0.7214 -1.0928 -0.0197, 0.8018 -1.1397 -0.0197, 0.7329 -1.3156 -0.0197, 0.8018 -1.3156 -0.0197, 0.7673 -1.4211 -0.0197, 0.6984 -1.3977 -0.0197, 0.7214 -1.3625 -0.0197, 0.664 -1.4211 -0.0197, 0.7214 -1.468 -0.0197, 0.6754 -1.4915 -0.0197, 0.618 -1.4329 -0.0197, 0.618 -1.5032 -0.0197, 0.7903 -1.3742 -0.0197, 0.4113 -1.4329 -0.0197, 0.3424 -1.5032 -0.0197, 0.4113 -1.0224 -0.0197, 0.3424 -0.952 -0.0197, 0.618 -1.0224 -0.0197, 0.6754 -0.9638 -0.0197, 0.664 -1.0341 -0.0197, 0.6984 -1.0576 -0.0197, 0.7214 -0.9872 -0.0197, 0.7673 -1.0341 -0.0197, 0.618 -0.952 -0.0197, 1.3529 -0.952 -0.0197, 1.1692 -1.5032 -0.0197, 1.2266 -1.1397 -0.0197, 1.0085 -1.0928 -0.0197, 0.8936 -0.952 -0.0197, 0.9625 -0.952 -0.0197, 1.0199 -1.1397 -0.0197, 1.284 -0.952 -0.0197, 1.2381 -1.0928 -0.0197, 1.0774 -1.5032 -0.0197, 1.1233 -1.4563 -0.0197, -0.3236 -1.0928 0.0, -0.2547 -1.0928 0.0, -0.2662 -1.0341 0.0, -0.3121 -0.9872 0.0, -0.358 -0.9638 0.0, -0.4154 -0.952 0.0, -0.5188 -0.952 0.0, -0.5762 -0.9638 0.0, -0.6221 -0.9872 0.0, -0.6681 -1.0341 0.0, -0.691 -1.081 0.0, -0.7025 -1.1397 0.0, -0.3351 -1.0576 0.0, -0.3695 -1.0341 0.0, -0.4154 -1.0224 0.0, -0.5188 -1.0224 0.0, -0.5647 -1.0341 0.0, -0.5992 -1.0576 0.0, -0.6221 -1.0928 0.0, -0.6336 -1.1397 0.0, -0.6336 -1.3156 0.0, -0.6221 -1.3625 0.0, -0.5992 -1.3977 0.0, -0.5647 -1.4211 0.0, -0.5188 -1.4329 0.0, -0.4154 -1.4329 0.0, -0.3695 -1.4211 0.0, -0.3351 -1.3977 0.0, -0.3236 -1.3625 0.0, -0.2547 -1.3625 0.0, -0.2662 -1.4211 0.0, -0.3121 -1.468 0.0, -0.358 -1.4915 0.0, -0.4154 -1.5032 0.0, -0.5188 -1.5032 0.0, -0.5762 -1.4915 0.0, -0.6221 -1.468 0.0, -0.6681 -1.4211 0.0, -0.691 -1.3742 0.0, -0.7025 -1.3156 0.0, -0.0939 -1.0224 0.0, 0.2506 -1.0224 0.0, 0.2506 -0.952 0.0, -0.1628 -0.952 0.0, -0.1628 -1.5032 0.0, 0.2506 -1.5032 0.0, 0.2506 -1.4329 0.0, -0.0939 -1.4329 0.0, -0.0939 -1.2804 0.0, 0.2046 -1.2804 0.0, 0.2046 -1.21 0.0, -0.0939 -1.21 0.0, 0.3424 -1.5032 0.0, 0.618 -1.5032 0.0, 0.6754 -1.4915 0.0, 0.7214 -1.468 0.0, 0.7673 -1.4211 0.0, 0.7903 -1.3742 0.0, 0.8018 -1.3156 0.0, 0.8018 -1.1397 0.0, 0.7903 -1.081 0.0, 0.7673 -1.0341 0.0, 0.7214 -0.9872 0.0, 0.6754 -0.9638 0.0, 0.618 -0.952 0.0, 0.3424 -0.952 0.0, 0.618 -1.4329 0.0, 0.4113 -1.4329 0.0, 0.4113 -1.0224 0.0, 0.618 -1.0224 0.0, 0.664 -1.0341 0.0, 0.6984 -1.0576 0.0, 0.7214 -1.0928 0.0, 0.7329 -1.1397 0.0, 0.7329 -1.3156 0.0, 0.7214 -1.3625 0.0, 0.6984 -1.3977 0.0, 0.664 -1.4211 0.0, 1.0774 -1.5032 0.0, 1.1692 -1.5032 0.0, 1.3529 -0.952 0.0, 1.284 -0.952 0.0, 1.2381 -1.0928 0.0, 1.0085 -1.0928 0.0, 0.9625 -0.952 0.0, 0.8936 -0.952 0.0, 1.2266 -1.1397 0.0, 1.1233 -1.4563 0.0, 1.0199 -1.1397 0.0, 1.0199 -1.1397 0.0
            ]
        }
        coordIndex [
            0,1,2,-1,0,2,3,-1,3,2,4,-1,3,4,5,-1,5,4,6,-1,5,6,7,-1,7,6,8,-1,7,8,9,-1,9,8,10,-1,9,10,11,-1,11,10,1,-1,11,1,0,-1,6,10,8,-1,6,2,1,-1,6,4,2,-1,10,6,1,-1,12,13,14,-1,15,16,17,-1,18,19,20,-1,21,22,23,-1,23,24,25,-1,26,19,27,-1,28,29,20,-1,30,31,28,-1,32,31,30,-1,30,33,32,-1,14,34,35,-1,33,36,37,-1,38,39,12,-1,40,39,38,-1,41,40,38,-1,42,43,44,-1,45,46,44,-1,47,48,45,-1,17,16,47,-1,25,49,50,-1,16,48,47,-1,48,46,45,-1,46,42,44,-1,43,41,44,-1,43,40,41,-1,12,39,13,-1,13,34,14,-1,34,36,35,-1,35,36,33,-1,37,32,33,-1,28,31,29,-1,20,29,18,-1,18,27,19,-1,26,21,19,-1,26,22,21,-1,22,24,23,-1,24,49,25,-1,49,51,50,-1,52,53,54,-1,53,55,54,-1,52,56,57,-1,55,58,59,-1,60,61,62,-1,62,54,60,-1,60,54,55,-1,58,55,53,-1,53,52,57,-1,56,63,57,-1,64,65,66,-1,67,65,64,-1,67,68,65,-1,67,69,68,-1,70,71,72,-1,73,71,74,-1,75,73,74,-1,75,76,73,-1,76,75,77,-1,68,78,72,-1,79,77,80,-1,81,80,82,-1,83,84,85,-1,79,76,77,-1,86,85,87,-1,74,71,70,-1,70,72,78,-1,78,68,69,-1,86,88,66,-1,88,64,66,-1,88,86,87,-1,87,85,84,-1,89,83,81,-1,84,83,89,-1,80,81,79,-1,89,81,82,-1,90,91,92,-1,93,94,95,-1,93,96,94,-1,97,90,98,-1,92,96,98,-1,92,98,90,-1,91,99,100,-1,96,93,98,-1,91,100,92,-1,100,99,96,-1,94,96,99,-1,101,50,51,-1,101,51,102,-1,102,51,49,-1,102,49,103,-1,103,49,24,-1,103,24,104,-1,104,24,22,-1,104,22,105,-1,105,22,26,-1,105,26,106,-1,106,26,27,-1,106,27,107,-1,107,27,18,-1,107,18,108,-1,108,18,29,-1,108,29,109,-1,109,29,31,-1,109,31,110,-1,110,31,32,-1,110,32,111,-1,111,32,37,-1,111,37,112,-1,113,25,50,-1,113,50,101,-1,114,23,25,-1,114,25,113,-1,115,21,23,-1,115,23,114,-1,116,19,21,-1,116,21,115,-1,117,20,19,-1,117,19,116,-1,118,28,20,-1,118,20,117,-1,119,30,28,-1,119,28,118,-1,120,33,30,-1,120,30,119,-1,121,35,33,-1,121,33,120,-1,122,14,35,-1,122,35,121,-1,123,12,14,-1,123,14,122,-1,124,38,12,-1,124,12,123,-1,125,41,38,-1,125,38,124,-1,126,44,41,-1,126,41,125,-1,127,45,44,-1,127,44,126,-1,128,47,45,-1,128,45,127,-1,129,17,47,-1,129,47,128,-1,130,15,17,-1,130,17,129,-1,131,16,15,-1,131,15,130,-1,132,48,16,-1,132,16,131,-1,133,46,48,-1,133,48,132,-1,134,42,46,-1,134,46,133,-1,135,43,42,-1,135,42,134,-1,136,40,43,-1,136,43,135,-1,137,39,40,-1,137,40,136,-1,138,13,39,-1,138,39,137,-1,139,34,13,-1,139,13,138,-1,140,36,34,-1,140,34,139,-1,141,57,63,-1,141,63,142,-1,142,63,56,-1,142,56,143,-1,143,56,52,-1,143,52,144,-1,144,52,54,-1,144,54,145,-1,145,54,62,-1,145,62,146,-1,146,62,61,-1,146,61,147,-1,147,61,60,-1,147,60,148,-1,148,60,55,-1,148,55,149,-1,149,55,59,-1,149,59,150,-1,150,59,58,-1,150,58,151,-1,151,58,53,-1,151,53,152,-1,152,53,57,-1,152,57,141,-1,153,80,77,-1,153,77,154,-1,154,77,75,-1,154,75,155,-1,155,75,74,-1,155,74,156,-1,156,74,70,-1,156,70,157,-1,157,70,78,-1,157,78,158,-1,158,78,69,-1,158,69,159,-1,159,69,67,-1,159,67,160,-1,160,67,64,-1,160,64,161,-1,161,64,88,-1,161,88,162,-1,162,88,87,-1,162,87,163,-1,163,87,84,-1,163,84,164,-1,164,84,89,-1,164,89,165,-1,165,89,82,-1,165,82,166,-1,166,82,80,-1,166,80,153,-1,167,76,79,-1,167,79,168,-1,168,79,81,-1,168,81,169,-1,169,81,83,-1,169,83,170,-1,170,83,85,-1,170,85,171,-1,171,85,86,-1,171,86,172,-1,172,86,66,-1,172,66,173,-1,173,66,65,-1,173,65,174,-1,174,65,68,-1,174,68,175,-1,175,68,72,-1,175,72,176,-1,176,72,71,-1,176,71,177,-1,177,71,73,-1,177,73,178,-1,178,73,76,-1,178,76,167,-1,179,99,91,-1,179,91,180,-1,180,91,90,-1,180,90,181,-1,181,90,97,-1,181,97,182,-1,182,97,98,-1,182,98,183,-1,183,98,93,-1,183,93,184,-1,184,93,95,-1,184,95,185,-1,185,95,94,-1,185,94,186,-1,186,94,99,-1,186,99,179,-1,187,92,100,-1,187,100,188,-1,188,100,96,-1,188,96,189,-1,189,96,92,-1,189,92,187,-1,
        ]
    }
}
Shape{
    appearance Appearance {
        material  Material 	{
            diffuseColor 0.7529411764705882 0.7529411764705882 0.7529411764705882
            specularColor 0.7529411764705882 0.7529411764705882 0.7529411764705882
            ambientIntensity 0.2
            transparency 0
            shininess 0.5
        }
    }
    geometry IndexedFaceSet {
        ccw TRUE
        solid FALSE
        coord DEF co Coordinate {
            point [
                -0.6588 0.9725 0.315, -0.5208 1.0826 0.315, -0.6839 1.004 0.315, -0.5822 0.955 0.315, -0.5208 1.004 0.315, -0.6225 0.955 0.315, -0.5459 0.9725 0.315, -0.5118 1.0433 0.315, -0.5459 1.1141 0.315, -0.5822 1.1316 0.315, -0.6929 1.0433 0.315, -0.6225 1.1316 0.315, -0.6839 1.0826 0.315, -0.6588 1.1141 0.315, -0.6588 1.1141 0.315
            ]
        }
        coordIndex [
            0,1,2,-1,3,4,5,-1,4,3,6,-1,7,0,5,-1,5,4,7,-1,8,9,10,-1,9,11,12,-1,13,12,11,-1,9,12,10,-1,2,1,8,-1,2,8,10,-1,1,0,7,-1,
        ]
    }
}
Shape{
    appearance Appearance {
        material  Material 	{
            diffuseColor 0.4392156862745098 0.3215686274509804 0.10588235294117647
            specularColor 0.7529411764705882 0.7529411764705882 0.7529411764705882
            ambientIntensity 0.2
            transparency 0
            shininess 0.5
        }
    }
    geometry IndexedFaceSet {
        ccw TRUE
        solid FALSE
        coord DEF co Coordinate {
            point [
                -0.5822 0.955 -0.8661, -0.6225 0.955 0.315, -0.6225 0.955 -0.8661, -0.6588 0.9725 -0.8661, -0.6588 0.9725 0.315, -0.6839 1.004 0.315, -0.6839 1.004 -0.8661, -0.6929 1.0433 0.315, -0.6929 1.0433 -0.8661, -0.5822 0.955 0.315, -0.5459 0.9725 -0.8661, -0.5459 0.9725 0.315, -0.5208 1.004 -0.8661, -0.5208 1.004 0.315, -0.5118 1.0433 -0.8661, -0.5118 1.0433 0.315, -0.6225 1.1316 -0.8661, -0.5822 1.1316 0.315, -0.5822 1.1316 -0.8661, -0.5459 1.1141 -0.8661, -0.5459 1.1141 0.315, -0.5208 1.0826 0.315, -0.5208 1.0826 -0.8661, -0.6225 1.1316 0.315, -0.6588 1.1141 -0.8661, -0.6588 1.1141 0.315, -0.6839 1.0826 -0.8661, -0.6839 1.0826 0.315, -0.6839 1.0826 0.315
            ]
        }
        coordIndex [
            0,1,2,-1,3,2,4,-1,1,4,2,-1,5,6,3,-1,3,4,5,-1,7,6,5,-1,7,8,6,-1,1,0,9,-1,10,11,9,-1,9,0,10,-1,11,12,13,-1,12,11,10,-1,12,14,13,-1,13,14,15,-1,16,17,18,-1,19,18,20,-1,17,20,18,-1,21,22,19,-1,19,20,21,-1,15,22,21,-1,15,14,22,-1,17,16,23,-1,24,25,23,-1,23,16,24,-1,25,26,27,-1,26,25,24,-1,26,8,27,-1,27,8,7,-1,26,24,16,-1,3,6,22,-1,26,16,18,-1,8,18,19,-1,18,8,26,-1,14,2,3,-1,22,6,19,-1,0,2,12,-1,12,10,0,-1,3,22,14,-1,2,14,12,-1,6,8,19,-1,
        ]
    }
}
Shape{
    appearance Appearance {
        material  Material 	{
            diffuseColor 0.7529411764705882 0.7529411764705882 0.7529411764705882
            specularColor 0.7529411764705882 0.7529411764705882 0.7529411764705882
            ambientIntensity 0.2
            transparency 0
            shininess 0.5
        }
    }
    geometry IndexedFaceSet {
        ccw TRUE
        solid FALSE
        coord DEF co Coordinate {
            point [
                0.1443 0.9725 0.315, 0.2824 1.0826 0.315, 0.1192 1.004 0.315, 0.2209 0.955 0.315, 0.2824 1.004 0.315, 0.1806 0.955 0.315, 0.2572 0.9725 0.315, 0.2913 1.0433 0.315, 0.2572 1.1141 0.315, 0.2209 1.1316 0.315, 0.1102 1.0433 0.315, 0.1806 1.1316 0.315, 0.1192 1.0826 0.315, 0.1443 1.1141 0.315, 0.1443 1.1141 0.315
            ]
        }
        coordIndex [
            0,1,2,-1,3,4,5,-1,4,3,6,-1,7,0,5,-1,5,4,7,-1,8,9,10,-1,9,11,12,-1,13,12,11,-1,9,12,10,-1,2,1,8,-1,2,8,10,-1,1,0,7,-1,
        ]
    }
}
Shape{
    appearance Appearance {
        material  Material 	{
            diffuseColor 0.4392156862745098 0.3215686274509804 0.10588235294117647
            specularColor 0.7529411764705882 0.7529411764705882 0.7529411764705882
            ambientIntensity 0.2
            transparency 0
            shininess 0.5
        }
    }
    geometry IndexedFaceSet {
        ccw TRUE
        solid FALSE
        coord DEF co Coordinate {
            point [
                0.2209 0.955 -0.8661, 0.1806 0.955 0.315, 0.1806 0.955 -0.8661, 0.1443 0.9725 -0.8661, 0.1443 0.9725 0.315, 0.1192 1.004 0.315, 0.1192 1.004 -0.8661, 0.1102 1.0433 0.315, 0.1102 1.0433 -0.8661, 0.2209 0.955 0.315, 0.2572 0.9725 -0.8661, 0.2572 0.9725 0.315, 0.2824 1.004 -0.8661, 0.2824 1.004 0.315, 0.2913 1.0433 -0.8661, 0.2913 1.0433 0.315, 0.1806 1.1316 -0.8661, 0.2209 1.1316 0.315, 0.2209 1.1316 -0.8661, 0.2572 1.1141 -0.8661, 0.2572 1.1141 0.315, 0.2824 1.0826 0.315, 0.2824 1.0826 -0.8661, 0.1806 1.1316 0.315, 0.1443 1.1141 -0.8661, 0.1443 1.1141 0.315, 0.1192 1.0826 -0.8661, 0.1192 1.0826 0.315, 0.1192 1.0826 0.315
            ]
        }
        coordIndex [
            0,1,2,-1,3,2,4,-1,1,4,2,-1,5,6,3,-1,3,4,5,-1,7,6,5,-1,7,8,6,-1,1,0,9,-1,10,11,9,-1,9,0,10,-1,11,12,13,-1,12,11,10,-1,12,14,13,-1,13,14,15,-1,16,17,18,-1,19,18,20,-1,17,20,18,-1,21,22,19,-1,19,20,21,-1,15,22,21,-1,15,14,22,-1,17,16,23,-1,24,25,23,-1,23,16,24,-1,25,26,27,-1,26,25,24,-1,26,8,27,-1,27,8,7,-1,26,24,16,-1,3,6,22,-1,26,16,18,-1,8,18,19,-1,18,8,26,-1,14,2,3,-1,22,6,19,-1,0,2,12,-1,12,10,0,-1,3,22,14,-1,2,14,12,-1,6,8,19,-1,
        ]
    }
}
Shape{
    appearance Appearance {
        material  Material 	{
            diffuseColor 0.7529411764705882 0.7529411764705882 0.7529411764705882
            specularColor 0.7529411764705882 0.7529411764705882 0.7529411764705882
            ambientIntensity 0.2
            transparency 0
            shininess 0.5
        }
    }
    geometry IndexedFaceSet {
        ccw TRUE
        solid FALSE
        coord DEF co Coordinate {
            point [
                0.9475 0.9725 0.315, 1.0855 1.0826 0.315, 0.9224 1.004 0.315, 1.0241 0.955 0.315, 1.0855 1.004 0.315, 0.9838 0.955 0.315, 1.0604 0.9725 0.315, 1.0945 1.0433 0.315, 1.0604 1.1141 0.315, 1.0241 1.1316 0.315, 0.9134 1.0433 0.315, 0.9838 1.1316 0.315, 0.9224 1.0826 0.315, 0.9475 1.1141 0.315, 0.9475 1.1141 0.315
            ]
        }
        coordIndex [
            0,1,2,-1,3,4,5,-1,4,3,6,-1,7,0,5,-1,5,4,7,-1,8,9,10,-1,9,11,12,-1,13,12,11,-1,9,12,10,-1,2,1,8,-1,2,8,10,-1,1,0,7,-1,
        ]
    }
}
Shape{
    appearance Appearance {
        material  Material 	{
            diffuseColor 0.4392156862745098 0.3215686274509804 0.10588235294117647
            specularColor 0.7529411764705882 0.7529411764705882 0.7529411764705882
            ambientIntensity 0.2
            transparency 0
            shininess 0.5
        }
    }
    geometry IndexedFaceSet {
        ccw TRUE
        solid FALSE
        coord DEF co Coordinate {
            point [
                1.0241 0.955 -0.8661, 0.9838 0.955 0.315, 0.9838 0.955 -0.8661, 0.9475 0.9725 -0.8661, 0.9475 0.9725 0.315, 0.9224 1.004 0.315, 0.9224 1.004 -0.8661, 0.9134 1.0433 0.315, 0.9134 1.0433 -0.8661, 1.0241 0.955 0.315, 1.0604 0.9725 -0.8661, 1.0604 0.9725 0.315, 1.0855 1.004 -0.8661, 1.0855 1.004 0.315, 1.0945 1.0433 -0.8661, 1.0945 1.0433 0.315, 0.9838 1.1316 -0.8661, 1.0241 1.1316 0.315, 1.0241 1.1316 -0.8661, 1.0604 1.1141 -0.8661, 1.0604 1.1141 0.315, 1.0855 1.0826 0.315, 1.0855 1.0826 -0.8661, 0.9838 1.1316 0.315, 0.9475 1.1141 -0.8661, 0.9475 1.1141 0.315, 0.9224 1.0826 -0.8661, 0.9224 1.0826 0.315, 0.9224 1.0826 0.315
            ]
        }
        coordIndex [
            0,1,2,-1,3,2,4,-1,1,4,2,-1,5,6,3,-1,3,4,5,-1,7,6,5,-1,7,8,6,-1,1,0,9,-1,10,11,9,-1,9,0,10,-1,11,12,13,-1,12,11,10,-1,12,14,13,-1,13,14,15,-1,16,17,18,-1,19,18,20,-1,17,20,18,-1,21,22,19,-1,19,20,21,-1,15,22,21,-1,15,14,22,-1,17,16,23,-1,24,25,23,-1,23,16,24,-1,25,26,27,-1,26,25,24,-1,26,8,27,-1,27,8,7,-1,26,24,16,-1,3,6,22,-1,26,16,18,-1,8,18,19,-1,18,8,26,-1,14,2,3,-1,22,6,19,-1,0,2,12,-1,12,10,0,-1,3,22,14,-1,2,14,12,-1,6,8,19,-1,
        ]
    }
}