ISO-10303-21;
HEADER;
FILE_DESCRIPTION((''),'2;1');
FILE_NAME('RJ45-TH_RC02901','2022-12-01T11:21:17',('win'),(''),
'CREO PARAMETRIC BY PTC INC, 2020033','CREO PARAMETRIC BY PTC INC, 2020033','');
FILE_SCHEMA(('AUTOMOTIVE_DESIGN { 1 0 10303 214 1 1 1 1 }'));
ENDSEC;
DATA;
#19=DIRECTION('',(0.E0,1.E0,0.E0));
#20=VECTOR('',#19,9.999999999999E-3);
#21=CARTESIAN_POINT('',(-3.151070729641E-1,6.E0,6.881754013934E0));
#22=LINE('',#21,#20);
#23=DIRECTION('',(0.E0,1.E0,0.E0));
#24=VECTOR('',#23,9.999999999999E-3);
#25=CARTESIAN_POINT('',(-3.151070729641E-1,6.E0,6.820897772536E0));
#26=LINE('',#25,#24);
#27=DIRECTION('',(-1.249000902703E-14,1.E0,0.E0));
#28=VECTOR('',#27,9.999999999999E-3);
#29=CARTESIAN_POINT('',(-3.361284426366E-2,6.E0,6.820897772536E0));
#30=LINE('',#29,#28);
#31=DIRECTION('',(1.E0,0.E0,0.E0));
#32=VECTOR('',#31,5.5E-1);
#33=CARTESIAN_POINT('',(-2.825E0,6.E0,2.E0));
#34=LINE('',#33,#32);
#35=DIRECTION('',(0.E0,0.E0,-1.E0));
#36=VECTOR('',#35,3.E0);
#37=CARTESIAN_POINT('',(-2.825E0,6.E0,5.E0));
#38=LINE('',#37,#36);
#39=DIRECTION('',(-1.E0,0.E0,0.E0));
#40=VECTOR('',#39,5.5E-1);
#41=CARTESIAN_POINT('',(-2.275E0,6.E0,5.E0));
#42=LINE('',#41,#40);
#43=DIRECTION('',(0.E0,0.E0,1.E0));
#44=VECTOR('',#43,3.E0);
#45=CARTESIAN_POINT('',(-2.275E0,6.E0,2.E0));
#46=LINE('',#45,#44);
#47=DIRECTION('',(1.E0,0.E0,0.E0));
#48=VECTOR('',#47,5.5E-1);
#49=CARTESIAN_POINT('',(-1.805E0,6.E0,2.E0));
#50=LINE('',#49,#48);
#51=DIRECTION('',(0.E0,0.E0,-1.E0));
#52=VECTOR('',#51,3.E0);
#53=CARTESIAN_POINT('',(-1.805E0,6.E0,5.E0));
#54=LINE('',#53,#52);
#55=DIRECTION('',(-1.E0,0.E0,0.E0));
#56=VECTOR('',#55,5.5E-1);
#57=CARTESIAN_POINT('',(-1.255E0,6.E0,5.E0));
#58=LINE('',#57,#56);
#59=DIRECTION('',(0.E0,0.E0,1.E0));
#60=VECTOR('',#59,3.E0);
#61=CARTESIAN_POINT('',(-1.255E0,6.E0,2.E0));
#62=LINE('',#61,#60);
#63=DIRECTION('',(1.E0,0.E0,0.E0));
#64=VECTOR('',#63,5.5E-1);
#65=CARTESIAN_POINT('',(-7.85E-1,6.E0,2.E0));
#66=LINE('',#65,#64);
#67=DIRECTION('',(0.E0,0.E0,-1.E0));
#68=VECTOR('',#67,3.E0);
#69=CARTESIAN_POINT('',(-7.85E-1,6.E0,5.E0));
#70=LINE('',#69,#68);
#71=DIRECTION('',(-1.E0,0.E0,0.E0));
#72=VECTOR('',#71,5.5E-1);
#73=CARTESIAN_POINT('',(-2.35E-1,6.E0,5.E0));
#74=LINE('',#73,#72);
#75=DIRECTION('',(0.E0,0.E0,1.E0));
#76=VECTOR('',#75,3.E0);
#77=CARTESIAN_POINT('',(-2.35E-1,6.E0,2.E0));
#78=LINE('',#77,#76);
#79=DIRECTION('',(1.E0,0.E0,0.E0));
#80=VECTOR('',#79,5.5E-1);
#81=CARTESIAN_POINT('',(2.35E-1,6.E0,2.E0));
#82=LINE('',#81,#80);
#83=DIRECTION('',(0.E0,0.E0,-1.E0));
#84=VECTOR('',#83,3.E0);
#85=CARTESIAN_POINT('',(2.35E-1,6.E0,5.E0));
#86=LINE('',#85,#84);
#87=DIRECTION('',(-1.E0,0.E0,0.E0));
#88=VECTOR('',#87,5.5E-1);
#89=CARTESIAN_POINT('',(7.85E-1,6.E0,5.E0));
#90=LINE('',#89,#88);
#91=DIRECTION('',(0.E0,0.E0,1.E0));
#92=VECTOR('',#91,3.E0);
#93=CARTESIAN_POINT('',(7.85E-1,6.E0,2.E0));
#94=LINE('',#93,#92);
#95=DIRECTION('',(1.E0,0.E0,0.E0));
#96=VECTOR('',#95,5.5E-1);
#97=CARTESIAN_POINT('',(1.255E0,6.E0,2.E0));
#98=LINE('',#97,#96);
#99=DIRECTION('',(0.E0,0.E0,-1.E0));
#100=VECTOR('',#99,3.E0);
#101=CARTESIAN_POINT('',(1.255E0,6.E0,5.E0));
#102=LINE('',#101,#100);
#103=DIRECTION('',(-1.E0,0.E0,0.E0));
#104=VECTOR('',#103,5.5E-1);
#105=CARTESIAN_POINT('',(1.805E0,6.E0,5.E0));
#106=LINE('',#105,#104);
#107=DIRECTION('',(0.E0,0.E0,1.E0));
#108=VECTOR('',#107,3.E0);
#109=CARTESIAN_POINT('',(1.805E0,6.E0,2.E0));
#110=LINE('',#109,#108);
#111=DIRECTION('',(1.E0,0.E0,0.E0));
#112=VECTOR('',#111,5.5E-1);
#113=CARTESIAN_POINT('',(2.275E0,6.E0,2.E0));
#114=LINE('',#113,#112);
#115=DIRECTION('',(0.E0,0.E0,-1.E0));
#116=VECTOR('',#115,3.E0);
#117=CARTESIAN_POINT('',(2.275E0,6.E0,5.E0));
#118=LINE('',#117,#116);
#119=DIRECTION('',(-1.E0,0.E0,0.E0));
#120=VECTOR('',#119,5.5E-1);
#121=CARTESIAN_POINT('',(2.825E0,6.E0,5.E0));
#122=LINE('',#121,#120);
#123=DIRECTION('',(0.E0,0.E0,1.E0));
#124=VECTOR('',#123,3.E0);
#125=CARTESIAN_POINT('',(2.825E0,6.E0,2.E0));
#126=LINE('',#125,#124);
#127=DIRECTION('',(0.E0,0.E0,-1.E0));
#128=VECTOR('',#127,4.999999991619E-1);
#129=CARTESIAN_POINT('',(1.155E0,6.E0,8.E-1));
#130=LINE('',#129,#128);
#131=DIRECTION('',(0.E0,0.E0,1.E0));
#132=VECTOR('',#131,4.999999991619E-1);
#133=CARTESIAN_POINT('',(1.905E0,6.E0,3.000000008381E-1));
#134=LINE('',#133,#132);
#135=DIRECTION('',(1.E0,0.E0,0.E0));
#136=VECTOR('',#135,2.7E-1);
#137=CARTESIAN_POINT('',(1.905E0,6.E0,3.000000008381E-1));
#138=LINE('',#137,#136);
#139=DIRECTION('',(0.E0,0.E0,-1.E0));
#140=VECTOR('',#139,4.999999991619E-1);
#141=CARTESIAN_POINT('',(2.175E0,6.E0,8.E-1));
#142=LINE('',#141,#140);
#143=DIRECTION('',(0.E0,0.E0,1.E0));
#144=VECTOR('',#143,4.999999991619E-1);
#145=CARTESIAN_POINT('',(2.925E0,6.E0,3.000000008381E-1));
#146=LINE('',#145,#144);
#147=DIRECTION('',(1.E0,0.E0,-2.520656866191E-10));
#148=VECTOR('',#147,3.325E0);
#149=CARTESIAN_POINT('',(2.925E0,6.E0,3.000000008381E-1));
#150=LINE('',#149,#148);
#151=DIRECTION('',(0.E0,0.E0,-1.E0));
#152=VECTOR('',#151,1.09E1);
#153=CARTESIAN_POINT('',(6.25E0,6.E0,1.12E1));
#154=LINE('',#153,#152);
#155=DIRECTION('',(-1.E0,0.E0,0.E0));
#156=VECTOR('',#155,1.25E1);
#157=CARTESIAN_POINT('',(6.25E0,6.E0,1.12E1));
#158=LINE('',#157,#156);
#159=DIRECTION('',(0.E0,0.E0,-1.E0));
#160=VECTOR('',#159,1.09E1);
#161=CARTESIAN_POINT('',(-6.25E0,6.E0,1.12E1));
#162=LINE('',#161,#160);
#163=DIRECTION('',(1.E0,0.E0,2.520655196683E-10));
#164=VECTOR('',#163,3.325E0);
#165=CARTESIAN_POINT('',(-6.25E0,6.E0,3.E-1));
#166=LINE('',#165,#164);
#167=DIRECTION('',(0.E0,0.E0,-1.E0));
#168=VECTOR('',#167,4.999999991619E-1);
#169=CARTESIAN_POINT('',(-2.925E0,6.E0,8.E-1));
#170=LINE('',#169,#168);
#171=DIRECTION('',(0.E0,0.E0,1.E0));
#172=VECTOR('',#171,4.999999991619E-1);
#173=CARTESIAN_POINT('',(-2.175E0,6.E0,3.000000008381E-1));
#174=LINE('',#173,#172);
#175=DIRECTION('',(1.E0,0.E0,0.E0));
#176=VECTOR('',#175,2.7E-1);
#177=CARTESIAN_POINT('',(-2.175E0,6.E0,3.000000008381E-1));
#178=LINE('',#177,#176);
#179=DIRECTION('',(0.E0,0.E0,-1.E0));
#180=VECTOR('',#179,4.999999991619E-1);
#181=CARTESIAN_POINT('',(-1.905E0,6.E0,8.E-1));
#182=LINE('',#181,#180);
#183=DIRECTION('',(0.E0,0.E0,1.E0));
#184=VECTOR('',#183,4.999999991619E-1);
#185=CARTESIAN_POINT('',(-1.155E0,6.E0,3.000000008381E-1));
#186=LINE('',#185,#184);
#187=DIRECTION('',(1.E0,0.E0,0.E0));
#188=VECTOR('',#187,2.7E-1);
#189=CARTESIAN_POINT('',(-1.155E0,6.E0,3.000000008381E-1));
#190=LINE('',#189,#188);
#191=DIRECTION('',(0.E0,0.E0,-1.E0));
#192=VECTOR('',#191,4.999999991619E-1);
#193=CARTESIAN_POINT('',(-8.85E-1,6.E0,8.E-1));
#194=LINE('',#193,#192);
#195=DIRECTION('',(0.E0,0.E0,1.E0));
#196=VECTOR('',#195,4.999999991619E-1);
#197=CARTESIAN_POINT('',(-1.35E-1,6.E0,3.000000008381E-1));
#198=LINE('',#197,#196);
#199=DIRECTION('',(1.E0,0.E0,0.E0));
#200=VECTOR('',#199,2.7E-1);
#201=CARTESIAN_POINT('',(-1.35E-1,6.E0,3.000000008381E-1));
#202=LINE('',#201,#200);
#203=DIRECTION('',(0.E0,0.E0,-1.E0));
#204=VECTOR('',#203,4.999999991619E-1);
#205=CARTESIAN_POINT('',(1.35E-1,6.E0,8.E-1));
#206=LINE('',#205,#204);
#207=DIRECTION('',(0.E0,0.E0,1.E0));
#208=VECTOR('',#207,4.999999991619E-1);
#209=CARTESIAN_POINT('',(8.85E-1,6.E0,3.000000008381E-1));
#210=LINE('',#209,#208);
#211=DIRECTION('',(1.E0,0.E0,0.E0));
#212=VECTOR('',#211,2.7E-1);
#213=CARTESIAN_POINT('',(8.85E-1,6.E0,3.000000008381E-1));
#214=LINE('',#213,#212);
#215=CARTESIAN_POINT('',(2.005115725638E0,6.E0,6.097484980364E0));
#216=DIRECTION('',(0.E0,1.E0,0.E0));
#217=DIRECTION('',(1.E0,0.E0,0.E0));
#218=AXIS2_PLACEMENT_3D('',#215,#216,#217);
#220=CARTESIAN_POINT('',(2.005115725638E0,6.E0,6.097484980364E0));
#221=DIRECTION('',(0.E0,1.E0,0.E0));
#222=DIRECTION('',(-1.E0,0.E0,0.E0));
#223=AXIS2_PLACEMENT_3D('',#220,#221,#222);
#225=DIRECTION('',(0.E0,0.E0,1.E0));
#226=VECTOR('',#225,6.085624139814E-2);
#227=CARTESIAN_POINT('',(-3.151070729641E-1,6.E0,6.820897772536E0));
#228=LINE('',#227,#226);
#229=DIRECTION('',(1.E0,0.E0,0.E0));
#230=VECTOR('',#229,2.125874979720E-1);
#231=CARTESIAN_POINT('',(-3.151070729641E-1,6.E0,6.881754013934E0));
#232=LINE('',#231,#230);
#233=DIRECTION('',(0.E0,0.E0,1.E0));
#234=VECTOR('',#233,4.729321360501E-1);
#235=CARTESIAN_POINT('',(-1.025195749921E-1,6.E0,6.881754013934E0));
#236=LINE('',#235,#234);
#237=DIRECTION('',(1.E0,0.E0,0.E0));
#238=VECTOR('',#237,6.890673072849E-2);
#239=CARTESIAN_POINT('',(-1.025195749921E-1,6.E0,7.354686149985E0));
#240=LINE('',#239,#238);
#241=DIRECTION('',(0.E0,0.E0,-1.E0));
#242=VECTOR('',#241,5.337883774482E-1);
#243=CARTESIAN_POINT('',(-3.361284426366E-2,6.E0,7.354686149985E0));
#244=LINE('',#243,#242);
#245=DIRECTION('',(-1.E0,0.E0,0.E0));
#246=VECTOR('',#245,2.814942287005E-1);
#247=CARTESIAN_POINT('',(-3.361284426366E-2,6.E0,6.820897772536E0));
#248=LINE('',#247,#246);
#249=CARTESIAN_POINT('',(-7.365979466708E-1,6.E0,6.843002505960E0));
#250=CARTESIAN_POINT('',(-7.365979466708E-1,6.E0,6.865016273400E0));
#251=CARTESIAN_POINT('',(-7.365979466708E-1,6.E0,6.887030040841E0));
#252=CARTESIAN_POINT('',(-7.365979466708E-1,6.E0,6.909043808281E0));
#254=CARTESIAN_POINT('',(-7.365979466708E-1,6.E0,7.269814889564E0));
#255=CARTESIAN_POINT('',(-6.988226544477E-1,6.E0,7.290861123799E0));
#256=CARTESIAN_POINT('',(-6.026042145516E-1,6.E0,7.316960788315E0));
#257=CARTESIAN_POINT('',(-4.417374078661E-1,6.E0,7.257322345542E0));
#258=CARTESIAN_POINT('',(-3.930905570889E-1,6.E0,7.085140076199E0));
#259=CARTESIAN_POINT('',(-4.389757121638E-1,6.E0,6.914993699933E0));
#260=CARTESIAN_POINT('',(-5.977275326750E-1,6.E0,6.857366525479E0));
#261=CARTESIAN_POINT('',(-6.960536872681E-1,6.E0,6.884377021091E0));
#262=CARTESIAN_POINT('',(-7.365979466708E-1,6.E0,6.909043808281E0));
#264=CARTESIAN_POINT('',(-7.365979466708E-1,6.E0,7.269814889564E0));
#265=CARTESIAN_POINT('',(-7.365979466708E-1,6.E0,7.293829908590E0));
#266=CARTESIAN_POINT('',(-7.365979466708E-1,6.E0,7.317844927616E0));
#267=CARTESIAN_POINT('',(-7.365979466708E-1,6.E0,7.341859946641E0));
#269=CARTESIAN_POINT('',(-7.365979466708E-1,6.E0,6.843002505960E0));
#270=CARTESIAN_POINT('',(-6.920799318384E-1,6.E0,6.819506887017E0));
#271=CARTESIAN_POINT('',(-5.740922572452E-1,6.E0,6.796776620238E0));
#272=CARTESIAN_POINT('',(-3.786721989544E-1,6.E0,6.862853181163E0));
#273=CARTESIAN_POINT('',(-3.138486200823E-1,6.E0,7.083986066970E0));
#274=CARTESIAN_POINT('',(-3.859855774766E-1,6.E0,7.307287276307E0));
#275=CARTESIAN_POINT('',(-5.828196904953E-1,6.E0,7.376472321302E0));
#276=CARTESIAN_POINT('',(-6.973549360221E-1,6.E0,7.358908139796E0));
#277=CARTESIAN_POINT('',(-7.365979466708E-1,6.E0,7.341859946641E0));
#279=DIRECTION('',(0.E0,0.E0,1.E0));
#280=VECTOR('',#279,6.085624139814E-2);
#281=CARTESIAN_POINT('',(-1.130526128085E0,6.E0,6.820897772536E0));
#282=LINE('',#281,#280);
#283=DIRECTION('',(1.E0,0.E0,0.E0));
#284=VECTOR('',#283,2.181819058133E-1);
#285=CARTESIAN_POINT('',(-1.130526128085E0,6.E0,6.881754013934E0));
#286=LINE('',#285,#284);
#287=DIRECTION('',(0.E0,0.E0,1.E0));
#288=VECTOR('',#287,1.795668468076E-1);
#289=CARTESIAN_POINT('',(-9.123442222722E-1,6.E0,6.881754013934E0));
#290=LINE('',#289,#288);
#291=DIRECTION('',(-1.E0,0.E0,0.E0));
#292=VECTOR('',#291,1.908921114627E-1);
#293=CARTESIAN_POINT('',(-9.123442222722E-1,6.E0,7.061320860742E0));
#294=LINE('',#293,#292);
#295=DIRECTION('',(0.E0,0.E0,1.E0));
#296=VECTOR('',#295,6.112913933976E-2);
#297=CARTESIAN_POINT('',(-1.103236333735E0,6.E0,7.061320860742E0));
#298=LINE('',#297,#296);
#299=DIRECTION('',(1.E0,0.E0,0.E0));
#300=VECTOR('',#299,1.908921114627E-1);
#301=CARTESIAN_POINT('',(-1.103236333735E0,6.E0,7.122450000082E0));
#302=LINE('',#301,#300);
#303=DIRECTION('',(0.E0,0.E0,1.E0));
#304=VECTOR('',#303,1.708341126214E-1);
#305=CARTESIAN_POINT('',(-9.123442222722E-1,6.E0,7.122450000082E0));
#306=LINE('',#305,#304);
#307=DIRECTION('',(-1.E0,0.E0,0.E0));
#308=VECTOR('',#307,2.060379473260E-1);
#309=CARTESIAN_POINT('',(-9.123442222722E-1,6.E0,7.293284112703E0));
#310=LINE('',#309,#308);
#311=DIRECTION('',(0.E0,0.E0,1.E0));
#312=VECTOR('',#311,6.140203728137E-2);
#313=CARTESIAN_POINT('',(-1.118382169598E0,6.E0,7.293284112703E0));
#314=LINE('',#313,#312);
#315=DIRECTION('',(1.E0,0.E0,0.E0));
#316=VECTOR('',#315,2.749446780544E-1);
#317=CARTESIAN_POINT('',(-1.118382169598E0,6.E0,7.354686149985E0));
#318=LINE('',#317,#316);
#319=DIRECTION('',(0.E0,0.E0,-1.E0));
#320=VECTOR('',#319,5.337883774482E-1);
#321=CARTESIAN_POINT('',(-8.434374915437E-1,6.E0,7.354686149985E0));
#322=LINE('',#321,#320);
#323=DIRECTION('',(-1.E0,0.E0,0.E0));
#324=VECTOR('',#323,2.870886365417E-1);
#325=CARTESIAN_POINT('',(-8.434374915437E-1,6.E0,6.820897772536E0));
#326=LINE('',#325,#324);
#327=CARTESIAN_POINT('',(-1.300268648929E0,6.E0,7.293284112703E0));
#328=CARTESIAN_POINT('',(-1.327149096361E0,6.E0,7.293284112703E0));
#329=CARTESIAN_POINT('',(-1.354029543792E0,6.E0,7.293284112703E0));
#330=CARTESIAN_POINT('',(-1.380909991224E0,6.E0,7.293284112703E0));
#332=CARTESIAN_POINT('',(-1.377771664881E0,6.E0,6.881754013934E0));
#333=CARTESIAN_POINT('',(-1.433829021771E0,6.E0,6.881754013935E0));
#334=CARTESIAN_POINT('',(-1.557608946786E0,6.E0,6.915715032248E0));
#335=CARTESIAN_POINT('',(-1.611844531632E0,6.E0,7.091216053806E0));
#336=CARTESIAN_POINT('',(-1.555711557288E0,6.E0,7.264813932976E0));
#337=CARTESIAN_POINT('',(-1.434919295006E0,6.E0,7.293284112704E0));
#338=CARTESIAN_POINT('',(-1.380909991224E0,6.E0,7.293284112703E0));
#340=CARTESIAN_POINT('',(-1.377771664881E0,6.E0,6.881754013934E0));
#341=CARTESIAN_POINT('',(-1.351937326231E0,6.E0,6.881754013934E0));
#342=CARTESIAN_POINT('',(-1.326102987582E0,6.E0,6.881754013934E0));
#343=CARTESIAN_POINT('',(-1.300268648933E0,6.E0,6.881754013934E0));
#345=CARTESIAN_POINT('',(-1.300268648933E0,6.E0,6.881754013934E0));
#346=CARTESIAN_POINT('',(-1.300268648932E0,6.E0,7.018930713524E0));
#347=CARTESIAN_POINT('',(-1.300268648931E0,6.E0,7.156107413114E0));
#348=CARTESIAN_POINT('',(-1.300268648929E0,6.E0,7.293284112703E0));
#350=CARTESIAN_POINT('',(-1.231361918203E0,6.E0,6.820897772536E0));
#351=CARTESIAN_POINT('',(-1.280301616067E0,6.E0,6.820897772536E0));
#352=CARTESIAN_POINT('',(-1.329241313932E0,6.E0,6.820897772536E0));
#353=CARTESIAN_POINT('',(-1.378181011797E0,6.E0,6.820897772536E0));
#355=CARTESIAN_POINT('',(-1.383638970663E0,6.E0,7.354686149985E0));
#356=CARTESIAN_POINT('',(-1.454914822312E0,6.E0,7.354686149985E0));
#357=CARTESIAN_POINT('',(-1.606964783984E0,6.E0,7.311242998399E0));
#358=CARTESIAN_POINT('',(-1.694582086182E0,6.E0,7.091882389876E0));
#359=CARTESIAN_POINT('',(-1.608745552213E0,6.E0,6.868236668338E0));
#360=CARTESIAN_POINT('',(-1.451628155564E0,6.E0,6.820897772537E0));
#361=CARTESIAN_POINT('',(-1.378181011797E0,6.E0,6.820897772536E0));
#363=CARTESIAN_POINT('',(-1.383638970663E0,6.E0,7.354686149985E0));
#364=CARTESIAN_POINT('',(-1.332879953175E0,6.E0,7.354686149985E0));
#365=CARTESIAN_POINT('',(-1.282120935687E0,6.E0,7.354686149985E0));
#366=CARTESIAN_POINT('',(-1.231361918199E0,6.E0,7.354686149985E0));
#368=CARTESIAN_POINT('',(-1.231361918199E0,6.E0,7.354686149985E0));
#369=CARTESIAN_POINT('',(-1.231361918200E0,6.E0,7.176756690835E0));
#370=CARTESIAN_POINT('',(-1.231361918202E0,6.E0,6.998827231686E0));
#371=CARTESIAN_POINT('',(-1.231361918203E0,6.E0,6.820897772536E0));
#373=CARTESIAN_POINT('',(-1.943352652743E0,6.E0,7.249074645856E0));
#374=CARTESIAN_POINT('',(-1.939095199489E0,6.E0,7.261174776156E0));
#375=CARTESIAN_POINT('',(-1.936379131977E0,6.E0,7.273814213173E0));
#376=CARTESIAN_POINT('',(-1.934238794126E0,6.E0,7.286461664116E0));
#378=CARTESIAN_POINT('',(-1.943352652743E0,6.E0,7.249074645856E0));
#379=CARTESIAN_POINT('',(-1.970233100176E0,6.E0,7.175119303172E0));
#380=CARTESIAN_POINT('',(-1.997113547608E0,6.E0,7.101163960488E0));
#381=CARTESIAN_POINT('',(-2.023993995041E0,6.E0,7.027208617804E0));
#383=CARTESIAN_POINT('',(-2.023993995041E0,6.E0,7.027208617804E0));
#384=CARTESIAN_POINT('',(-1.964274828409E0,6.E0,7.027208617804E0));
#385=CARTESIAN_POINT('',(-1.904555661778E0,6.E0,7.027208617804E0));
#386=CARTESIAN_POINT('',(-1.844836495146E0,6.E0,7.027208617804E0));
#388=CARTESIAN_POINT('',(-1.844836495146E0,6.E0,7.027208617804E0));
#389=CARTESIAN_POINT('',(-1.871444044635E0,6.E0,7.101163960488E0));
#390=CARTESIAN_POINT('',(-1.898051594124E0,6.E0,7.175119303172E0));
#391=CARTESIAN_POINT('',(-1.924659143614E0,6.E0,7.249074645856E0));
#393=CARTESIAN_POINT('',(-1.934238794126E0,6.E0,7.286461664116E0));
#394=CARTESIAN_POINT('',(-1.932193663486E0,6.E0,7.273760326460E0));
#395=CARTESIAN_POINT('',(-1.929176323661E0,6.E0,7.261120459320E0));
#396=CARTESIAN_POINT('',(-1.924659143614E0,6.E0,7.249074645856E0));
#398=DIRECTION('',(3.559357243710E-1,0.E0,9.345104387413E-1));
#399=VECTOR('',#398,5.711957355631E-1);
#400=CARTESIAN_POINT('',(-2.175861700593E0,6.E0,6.820897772536E0));
#401=LINE('',#400,#399);
#402=DIRECTION('',(1.E0,0.E0,0.E0));
#403=VECTOR('',#402,7.368244473946E-2);
#404=CARTESIAN_POINT('',(-1.972552732698E0,6.E0,7.354686149985E0));
#405=LINE('',#404,#403);
#406=DIRECTION('',(3.559357243682E-1,0.E0,-9.345104387424E-1));
#407=VECTOR('',#406,5.711957355624E-1);
#408=CARTESIAN_POINT('',(-1.898870287958E0,6.E0,7.354686149985E0));
#409=LINE('',#408,#407);
#410=DIRECTION('',(-1.E0,0.E0,0.E0));
#411=VECTOR('',#410,7.613852622853E-2);
#412=CARTESIAN_POINT('',(-1.695561320065E0,6.E0,6.820897772536E0));
#413=LINE('',#412,#411);
#414=DIRECTION('',(-3.315284184079E-1,0.E0,9.434452330623E-1));
#415=VECTOR('',#414,1.547523848163E-1);
#416=CARTESIAN_POINT('',(-1.771699846293E0,6.E0,6.820897772536E0));
#417=LINE('',#416,#415);
#418=DIRECTION('',(-1.E0,0.E0,0.E0));
#419=VECTOR('',#418,2.222753749647E-1);
#420=CARTESIAN_POINT('',(-1.823004659676E0,6.E0,6.966898172296E0));
#421=LINE('',#420,#419);
#422=DIRECTION('',(-3.493954794714E-1,0.E0,-9.369753459537E-1));
#423=VECTOR('',#422,1.558209619820E-1);
#424=CARTESIAN_POINT('',(-2.045280034641E0,6.E0,6.966898172296E0));
#425=LINE('',#424,#423);
#426=DIRECTION('',(-1.E0,0.E0,0.E0));
#427=VECTOR('',#426,7.613852622853E-2);
#428=CARTESIAN_POINT('',(-2.099723174365E0,6.E0,6.820897772536E0));
#429=LINE('',#428,#427);
#430=DIRECTION('',(0.E0,0.E0,1.E0));
#431=VECTOR('',#430,6.085624139814E-2);
#432=CARTESIAN_POINT('',(-3.207014808054E-1,6.E0,5.974095453915E0));
#433=LINE('',#432,#431);
#434=DIRECTION('',(1.E0,0.E0,0.E0));
#435=VECTOR('',#434,2.181819058132E-1);
#436=CARTESIAN_POINT('',(-3.207014808054E-1,6.E0,6.034951695313E0));
#437=LINE('',#436,#435);
#438=DIRECTION('',(0.E0,0.E0,1.E0));
#439=VECTOR('',#438,1.795668468076E-1);
#440=CARTESIAN_POINT('',(-1.025195749921E-1,6.E0,6.034951695313E0));
#441=LINE('',#440,#439);
#442=DIRECTION('',(-1.E0,0.E0,0.E0));
#443=VECTOR('',#442,1.908921114627E-1);
#444=CARTESIAN_POINT('',(-1.025195749921E-1,6.E0,6.214518542121E0));
#445=LINE('',#444,#443);
#446=DIRECTION('',(0.E0,0.E0,1.E0));
#447=VECTOR('',#446,6.112913933976E-2);
#448=CARTESIAN_POINT('',(-2.934116864549E-1,6.E0,6.214518542121E0));
#449=LINE('',#448,#447);
#450=DIRECTION('',(1.E0,0.E0,0.E0));
#451=VECTOR('',#450,1.908921114627E-1);
#452=CARTESIAN_POINT('',(-2.934116864549E-1,6.E0,6.275647681460E0));
#453=LINE('',#452,#451);
#454=DIRECTION('',(0.E0,0.E0,1.E0));
#455=VECTOR('',#454,1.708341126214E-1);
#456=CARTESIAN_POINT('',(-1.025195749921E-1,6.E0,6.275647681460E0));
#457=LINE('',#456,#455);
#458=DIRECTION('',(-1.E0,0.E0,0.E0));
#459=VECTOR('',#458,2.060379473260E-1);
#460=CARTESIAN_POINT('',(-1.025195749921E-1,6.E0,6.446481794082E0));
#461=LINE('',#460,#459);
#462=DIRECTION('',(0.E0,0.E0,1.E0));
#463=VECTOR('',#462,6.140203728137E-2);
#464=CARTESIAN_POINT('',(-3.085575223181E-1,6.E0,6.446481794082E0));
#465=LINE('',#464,#463);
#466=DIRECTION('',(1.E0,0.E0,0.E0));
#467=VECTOR('',#466,2.749446780544E-1);
#468=CARTESIAN_POINT('',(-3.085575223181E-1,6.E0,6.507883831363E0));
#469=LINE('',#468,#467);
#470=DIRECTION('',(0.E0,0.E0,-1.E0));
#471=VECTOR('',#470,5.337883774482E-1);
#472=CARTESIAN_POINT('',(-3.361284426366E-2,6.E0,6.507883831363E0));
#473=LINE('',#472,#471);
#474=DIRECTION('',(-1.E0,0.E0,0.E0));
#475=VECTOR('',#474,2.870886365417E-1);
#476=CARTESIAN_POINT('',(-3.361284426366E-2,6.E0,5.974095453915E0));
#477=LINE('',#476,#475);
#478=CARTESIAN_POINT('',(-5.349263664380E-1,6.E0,6.153389402781E0));
#479=CARTESIAN_POINT('',(-5.646722422769E-1,6.E0,6.157391905952E0));
#480=CARTESIAN_POINT('',(-5.944181181159E-1,6.E0,6.161394409124E0));
#481=CARTESIAN_POINT('',(-6.241639939549E-1,6.E0,6.165396912295E0));
#483=CARTESIAN_POINT('',(-6.241639939549E-1,6.E0,6.165396912295E0));
#484=CARTESIAN_POINT('',(-6.241639939549E-1,6.E0,6.153207470820E0));
#485=CARTESIAN_POINT('',(-6.241639939549E-1,6.E0,6.141018029344E0));
#486=CARTESIAN_POINT('',(-6.241639939549E-1,6.E0,6.128828587868E0));
#488=CARTESIAN_POINT('',(-5.349263664380E-1,6.E0,6.153389402781E0));
#489=CARTESIAN_POINT('',(-5.122126222322E-1,6.E0,6.150215429792E0));
#490=CARTESIAN_POINT('',(-4.668620632121E-1,6.E0,6.142599127110E0));
#491=CARTESIAN_POINT('',(-4.457865523152E-1,6.E0,6.082256994748E0));
#492=CARTESIAN_POINT('',(-4.677666826352E-1,6.E0,6.029645856332E0));
#493=CARTESIAN_POINT('',(-5.321781922534E-1,6.E0,6.012301788664E0));
#494=CARTESIAN_POINT('',(-6.054883490439E-1,6.E0,6.043420119332E0));
#495=CARTESIAN_POINT('',(-6.241639939549E-1,6.E0,6.101199776866E0));
#496=CARTESIAN_POINT('',(-6.241639939549E-1,6.E0,6.128828587868E0));
#498=CARTESIAN_POINT('',(-6.241639939549E-1,6.E0,6.033041409707E0));
#499=CARTESIAN_POINT('',(-6.241639939549E-1,6.E0,6.013392757776E0));
#500=CARTESIAN_POINT('',(-6.241639939549E-1,6.E0,5.993744105846E0));
#501=CARTESIAN_POINT('',(-6.241639939549E-1,6.E0,5.974095453915E0));
#503=CARTESIAN_POINT('',(-6.241639939549E-1,6.E0,5.974095453915E0));
#504=CARTESIAN_POINT('',(-6.464506593395E-1,6.E0,5.974095453915E0));
#505=CARTESIAN_POINT('',(-6.687373247240E-1,6.E0,5.974095453915E0));
#506=CARTESIAN_POINT('',(-6.910239901085E-1,6.E0,5.974095453915E0));
#508=CARTESIAN_POINT('',(-6.910239901085E-1,6.E0,5.974095453915E0));
#509=CARTESIAN_POINT('',(-6.910239901079E-1,6.E0,6.055873870977E0));
#510=CARTESIAN_POINT('',(-6.910239901073E-1,6.E0,6.137652288040E0));
#511=CARTESIAN_POINT('',(-6.910239901067E-1,6.E0,6.219430705102E0));
#513=CARTESIAN_POINT('',(-4.219466178333E-1,6.E0,6.328589882497E0));
#514=CARTESIAN_POINT('',(-4.603271499660E-1,6.E0,6.352698953223E0));
#515=CARTESIAN_POINT('',(-5.745462712752E-1,6.E0,6.398976128239E0));
#516=CARTESIAN_POINT('',(-6.910239901067E-1,6.E0,6.286024078675E0));
#517=CARTESIAN_POINT('',(-6.910239901067E-1,6.E0,6.219430705102E0));
#519=CARTESIAN_POINT('',(-4.219466178333E-1,6.E0,6.328589882497E0));
#520=CARTESIAN_POINT('',(-4.219466178333E-1,6.E0,6.306939978980E0));
#521=CARTESIAN_POINT('',(-4.219466178333E-1,6.E0,6.285290075463E0));
#522=CARTESIAN_POINT('',(-4.219466178333E-1,6.E0,6.263640171946E0));
#524=CARTESIAN_POINT('',(-6.241639939531E-1,6.E0,6.216428827726E0));
#525=CARTESIAN_POINT('',(-6.241639939531E-1,6.E0,6.256809220016E0));
#526=CARTESIAN_POINT('',(-5.456155874577E-1,6.E0,6.347121235831E0));
#527=CARTESIAN_POINT('',(-4.564277748973E-1,6.E0,6.291624879129E0));
#528=CARTESIAN_POINT('',(-4.219466178333E-1,6.E0,6.263640171946E0));
#530=CARTESIAN_POINT('',(-6.241639939531E-1,6.E0,6.216428827726E0));
#531=CARTESIAN_POINT('',(-5.865040777527E-1,6.E0,6.211152800820E0));
#532=CARTESIAN_POINT('',(-5.488441615524E-1,6.E0,6.205876773914E0));
#533=CARTESIAN_POINT('',(-5.111842453521E-1,6.E0,6.200600747007E0));
#535=CARTESIAN_POINT('',(-6.241639939549E-1,6.E0,6.033041409707E0));
#536=CARTESIAN_POINT('',(-6.012692258164E-1,6.E0,5.993657663476E0));
#537=CARTESIAN_POINT('',(-5.208536290844E-1,6.E0,5.949260047762E0));
#538=CARTESIAN_POINT('',(-4.097526254240E-1,6.E0,5.982581857678E0));
#539=CARTESIAN_POINT('',(-3.565771967144E-1,6.E0,6.109088839047E0));
#540=CARTESIAN_POINT('',(-4.526020951446E-1,6.E0,6.192448538399E0));
#541=CARTESIAN_POINT('',(-5.111842453521E-1,6.E0,6.200600747007E0));
#543=CARTESIAN_POINT('',(-7.816261073444E-1,6.E0,6.056510632846E0));
#544=CARTESIAN_POINT('',(-7.816261073444E-1,6.E0,6.033496239612E0));
#545=CARTESIAN_POINT('',(-7.816261073445E-1,6.E0,6.010481846379E0));
#546=CARTESIAN_POINT('',(-7.816261073445E-1,6.E0,5.987467453145E0));
#548=CARTESIAN_POINT('',(-1.020821154807E0,6.E0,6.282197232103E0));
#549=CARTESIAN_POINT('',(-9.925570945497E-1,6.E0,6.300318687007E0));
#550=CARTESIAN_POINT('',(-9.404978461534E-1,6.E0,6.314871745522E0));
#551=CARTESIAN_POINT('',(-8.710035753878E-1,6.E0,6.304844694533E0));
#552=CARTESIAN_POINT('',(-8.435644682269E-1,6.E0,6.259880235873E0));
#553=CARTESIAN_POINT('',(-8.689754936577E-1,6.E0,6.208104958617E0));
#554=CARTESIAN_POINT('',(-9.397515146176E-1,6.E0,6.189073970395E0));
#555=CARTESIAN_POINT('',(-1.017779663435E0,6.E0,6.157727200725E0));
#556=CARTESIAN_POINT('',(-1.051530502953E0,6.E0,6.068608901034E0));
#557=CARTESIAN_POINT('',(-9.986103688953E-1,6.E0,5.976335038441E0));
#558=CARTESIAN_POINT('',(-8.871353993180E-1,6.E0,5.958726393842E0));
#559=CARTESIAN_POINT('',(-8.131759633160E-1,6.E0,5.971692525158E0));
#560=CARTESIAN_POINT('',(-7.816261073445E-1,6.E0,5.987467453145E0));
#562=CARTESIAN_POINT('',(-1.020821154807E0,6.E0,6.282197232103E0));
#563=CARTESIAN_POINT('',(-1.020821154807E0,6.E0,6.303847135619E0));
#564=CARTESIAN_POINT('',(-1.020821154807E0,6.E0,6.325497039135E0));
#565=CARTESIAN_POINT('',(-1.020821154807E0,6.E0,6.347146942651E0));
#567=CARTESIAN_POINT('',(-7.816261073444E-1,6.E0,6.056510632846E0));
#568=CARTESIAN_POINT('',(-8.130012464663E-1,6.E0,6.033920532678E0));
#569=CARTESIAN_POINT('',(-8.750889146325E-1,6.E0,5.999745087362E0));
#570=CARTESIAN_POINT('',(-9.885235129869E-1,6.E0,6.050832709546E0));
#571=CARTESIAN_POINT('',(-9.479987247740E-1,6.E0,6.124279741080E0));
#572=CARTESIAN_POINT('',(-8.769118786462E-1,6.E0,6.140582805172E0));
#573=CARTESIAN_POINT('',(-7.994473006204E-1,6.E0,6.175658083443E0));
#574=CARTESIAN_POINT('',(-7.709626491237E-1,6.E0,6.262710045820E0));
#575=CARTESIAN_POINT('',(-8.214560611190E-1,6.E0,6.350953804312E0));
#576=CARTESIAN_POINT('',(-9.254211340166E-1,6.E0,6.370176399282E0));
#577=CARTESIAN_POINT('',(-9.924951267572E-1,6.E0,6.358810601261E0));
#578=CARTESIAN_POINT('',(-1.020821154807E0,6.E0,6.347146942651E0));
#580=CARTESIAN_POINT('',(-1.257322510006E0,6.E0,6.037407776802E0));
#581=CARTESIAN_POINT('',(-1.254308870237E0,6.E0,6.047868864635E0));
#582=CARTESIAN_POINT('',(-1.251295230467E0,6.E0,6.058329952469E0));
#583=CARTESIAN_POINT('',(-1.248281590697E0,6.E0,6.068791040302E0));
#585=CARTESIAN_POINT('',(-1.248281590697E0,6.E0,6.068791040302E0));
#586=CARTESIAN_POINT('',(-1.215079007574E0,6.E0,6.164305320521E0));
#587=CARTESIAN_POINT('',(-1.181876424451E0,6.E0,6.259819600739E0));
#588=CARTESIAN_POINT('',(-1.148673841328E0,6.E0,6.355333880957E0));
#590=CARTESIAN_POINT('',(-1.148673841328E0,6.E0,6.355333880957E0));
#591=CARTESIAN_POINT('',(-1.123749162491E0,6.E0,6.355333880957E0));
#592=CARTESIAN_POINT('',(-1.098824483653E0,6.E0,6.355333880957E0));
#593=CARTESIAN_POINT('',(-1.073899804815E0,6.E0,6.355333880957E0));
#595=CARTESIAN_POINT('',(-1.073899804815E0,6.E0,6.355333880957E0));
#596=CARTESIAN_POINT('',(-1.123749162491E0,6.E0,6.228527303220E0));
#597=CARTESIAN_POINT('',(-1.173598520166E0,6.E0,6.101720725484E0));
#598=CARTESIAN_POINT('',(-1.223447877841E0,6.E0,5.974914147747E0));
#600=CARTESIAN_POINT('',(-1.223447877841E0,6.E0,5.974914147747E0));
#601=CARTESIAN_POINT('',(-1.213669034866E0,6.E0,5.951808788532E0));
#602=CARTESIAN_POINT('',(-1.203890191891E0,6.E0,5.928703429316E0));
#603=CARTESIAN_POINT('',(-1.194111348916E0,6.E0,5.905598070101E0));
#605=CARTESIAN_POINT('',(-1.087681150961E0,6.E0,5.859478317655E0));
#606=CARTESIAN_POINT('',(-1.099674036191E0,6.E0,5.854731133917E0));
#607=CARTESIAN_POINT('',(-1.142080555802E0,6.E0,5.842580836162E0));
#608=CARTESIAN_POINT('',(-1.182861536892E0,6.E0,5.878841760418E0));
#609=CARTESIAN_POINT('',(-1.194111348916E0,6.E0,5.905598070101E0));
#611=CARTESIAN_POINT('',(-1.087681150961E0,6.E0,5.859478317655E0));
#612=CARTESIAN_POINT('',(-1.087681150961E0,6.E0,5.839647733761E0));
#613=CARTESIAN_POINT('',(-1.087681150961E0,6.E0,5.819817149867E0));
#614=CARTESIAN_POINT('',(-1.087681150961E0,6.E0,5.799986565972E0));
#616=CARTESIAN_POINT('',(-1.266838650856E0,6.E0,5.916513987842E0));
#617=CARTESIAN_POINT('',(-1.244414995098E0,6.E0,5.859884755502E0));
#618=CARTESIAN_POINT('',(-1.178745846091E0,6.E0,5.784002738570E0));
#619=CARTESIAN_POINT('',(-1.101561864866E0,6.E0,5.795838306647E0));
#620=CARTESIAN_POINT('',(-1.087681150961E0,6.E0,5.799986565972E0));
#622=CARTESIAN_POINT('',(-1.266838650856E0,6.E0,5.916513987842E0));
#623=CARTESIAN_POINT('',(-1.324511082911E0,6.E0,6.062787285547E0));
#624=CARTESIAN_POINT('',(-1.382183514966E0,6.E0,6.209060583252E0));
#625=CARTESIAN_POINT('',(-1.439855947021E0,6.E0,6.355333880957E0));
#627=CARTESIAN_POINT('',(-1.439855947021E0,6.E0,6.355333880957E0));
#628=CARTESIAN_POINT('',(-1.416750587808E0,6.E0,6.355333880957E0));
#629=CARTESIAN_POINT('',(-1.393645228594E0,6.E0,6.355333880957E0));
#630=CARTESIAN_POINT('',(-1.370539869381E0,6.E0,6.355333880957E0));
#632=CARTESIAN_POINT('',(-1.370539869381E0,6.E0,6.355333880957E0));
#633=CARTESIAN_POINT('',(-1.335836347567E0,6.E0,6.259637668777E0));
#634=CARTESIAN_POINT('',(-1.301132825754E0,6.E0,6.163941456596E0));
#635=CARTESIAN_POINT('',(-1.266429303940E0,6.E0,6.068245244415E0));
#637=CARTESIAN_POINT('',(-1.257322510006E0,6.E0,6.037407776802E0));
#638=CARTESIAN_POINT('',(-1.259346579685E0,6.E0,6.047932939150E0));
#639=CARTESIAN_POINT('',(-1.263291987231E0,6.E0,6.057996676497E0));
#640=CARTESIAN_POINT('',(-1.266429303940E0,6.E0,6.068245244415E0));
#642=DIRECTION('',(0.E0,0.E0,1.E0));
#643=VECTOR('',#642,6.085624139814E-2);
#644=CARTESIAN_POINT('',(-1.798989640644E0,6.E0,5.974095453915E0));
#645=LINE('',#644,#643);
#646=DIRECTION('',(1.E0,0.E0,0.E0));
#647=VECTOR('',#646,2.181819058133E-1);
#648=CARTESIAN_POINT('',(-1.798989640644E0,6.E0,6.034951695313E0));
#649=LINE('',#648,#647);
#650=DIRECTION('',(0.E0,0.E0,1.E0));
#651=VECTOR('',#650,1.795668468076E-1);
#652=CARTESIAN_POINT('',(-1.580807734831E0,6.E0,6.034951695313E0));
#653=LINE('',#652,#651);
#654=DIRECTION('',(-1.E0,0.E0,0.E0));
#655=VECTOR('',#654,1.908921114627E-1);
#656=CARTESIAN_POINT('',(-1.580807734831E0,6.E0,6.214518542121E0));
#657=LINE('',#656,#655);
#658=DIRECTION('',(0.E0,0.E0,1.E0));
#659=VECTOR('',#658,6.112913933976E-2);
#660=CARTESIAN_POINT('',(-1.771699846293E0,6.E0,6.214518542121E0));
#661=LINE('',#660,#659);
#662=DIRECTION('',(1.E0,0.E0,0.E0));
#663=VECTOR('',#662,1.908921114627E-1);
#664=CARTESIAN_POINT('',(-1.771699846293E0,6.E0,6.275647681460E0));
#665=LINE('',#664,#663);
#666=DIRECTION('',(0.E0,0.E0,1.E0));
#667=VECTOR('',#666,1.708341126214E-1);
#668=CARTESIAN_POINT('',(-1.580807734831E0,6.E0,6.275647681460E0));
#669=LINE('',#668,#667);
#670=DIRECTION('',(-1.E0,0.E0,0.E0));
#671=VECTOR('',#670,2.060379473260E-1);
#672=CARTESIAN_POINT('',(-1.580807734831E0,6.E0,6.446481794082E0));
#673=LINE('',#672,#671);
#674=DIRECTION('',(0.E0,0.E0,1.E0));
#675=VECTOR('',#674,6.140203728137E-2);
#676=CARTESIAN_POINT('',(-1.786845682157E0,6.E0,6.446481794082E0));
#677=LINE('',#676,#675);
#678=DIRECTION('',(1.E0,0.E0,0.E0));
#679=VECTOR('',#678,2.749446780544E-1);
#680=CARTESIAN_POINT('',(-1.786845682157E0,6.E0,6.507883831363E0));
#681=LINE('',#680,#679);
#682=DIRECTION('',(0.E0,0.E0,-1.E0));
#683=VECTOR('',#682,5.337883774482E-1);
#684=CARTESIAN_POINT('',(-1.511901004102E0,6.E0,6.507883831363E0));
#685=LINE('',#684,#683);
#686=DIRECTION('',(-1.E0,0.E0,0.E0));
#687=VECTOR('',#686,2.870886365417E-1);
#688=CARTESIAN_POINT('',(-1.511901004102E0,6.E0,5.974095453915E0));
#689=LINE('',#688,#687);
#690=CARTESIAN_POINT('',(-1.968732161486E0,6.E0,6.446481794082E0));
#691=CARTESIAN_POINT('',(-1.995612608919E0,6.E0,6.446481794082E0));
#692=CARTESIAN_POINT('',(-2.022493056351E0,6.E0,6.446481794082E0));
#693=CARTESIAN_POINT('',(-2.049373503784E0,6.E0,6.446481794082E0));
#695=CARTESIAN_POINT('',(-2.046235177435E0,6.E0,6.034951695313E0));
#696=CARTESIAN_POINT('',(-2.102292534326E0,6.E0,6.034951695313E0));
#697=CARTESIAN_POINT('',(-2.226072459343E0,6.E0,6.068912713625E0));
#698=CARTESIAN_POINT('',(-2.280308044182E0,6.E0,6.244413735185E0));
#699=CARTESIAN_POINT('',(-2.224175069844E0,6.E0,6.418011614353E0));
#700=CARTESIAN_POINT('',(-2.103382807565E0,6.E0,6.446481794082E0));
#701=CARTESIAN_POINT('',(-2.049373503784E0,6.E0,6.446481794082E0));
#703=CARTESIAN_POINT('',(-2.046235177435E0,6.E0,6.034951695313E0));
#704=CARTESIAN_POINT('',(-2.020400838786E0,6.E0,6.034951695313E0));
#705=CARTESIAN_POINT('',(-1.994566500137E0,6.E0,6.034951695313E0));
#706=CARTESIAN_POINT('',(-1.968732161488E0,6.E0,6.034951695313E0));
#708=CARTESIAN_POINT('',(-1.968732161488E0,6.E0,6.034951695313E0));
#709=CARTESIAN_POINT('',(-1.968732161487E0,6.E0,6.172128394903E0));
#710=CARTESIAN_POINT('',(-1.968732161487E0,6.E0,6.309305094492E0));
#711=CARTESIAN_POINT('',(-1.968732161486E0,6.E0,6.446481794082E0));
#713=CARTESIAN_POINT('',(-1.899825430761E0,6.E0,5.974095453915E0));
#714=CARTESIAN_POINT('',(-1.948765128626E0,6.E0,5.974095453915E0));
#715=CARTESIAN_POINT('',(-1.997704826490E0,6.E0,5.974095453915E0));
#716=CARTESIAN_POINT('',(-2.046644524355E0,6.E0,5.974095453915E0));
#718=CARTESIAN_POINT('',(-2.052102483220E0,6.E0,6.507883831363E0));
#719=CARTESIAN_POINT('',(-2.123378334868E0,6.E0,6.507883831363E0));
#720=CARTESIAN_POINT('',(-2.275428296542E0,6.E0,6.464440679781E0));
#721=CARTESIAN_POINT('',(-2.363045598744E0,6.E0,6.245080071255E0));
#722=CARTESIAN_POINT('',(-2.277209064765E0,6.E0,6.021434349723E0));
#723=CARTESIAN_POINT('',(-2.120091668122E0,6.E0,5.974095453915E0));
#724=CARTESIAN_POINT('',(-2.046644524355E0,6.E0,5.974095453915E0));
#726=CARTESIAN_POINT('',(-2.052102483220E0,6.E0,6.507883831363E0));
#727=CARTESIAN_POINT('',(-2.001343465733E0,6.E0,6.507883831363E0));
#728=CARTESIAN_POINT('',(-1.950584448246E0,6.E0,6.507883831363E0));
#729=CARTESIAN_POINT('',(-1.899825430759E0,6.E0,6.507883831363E0));
#731=CARTESIAN_POINT('',(-1.899825430759E0,6.E0,6.507883831363E0));
#732=CARTESIAN_POINT('',(-1.899825430760E0,6.E0,6.329954372214E0));
#733=CARTESIAN_POINT('',(-1.899825430761E0,6.E0,6.152024913064E0));
#734=CARTESIAN_POINT('',(-1.899825430761E0,6.E0,5.974095453915E0));
#736=CARTESIAN_POINT('',(-2.611816165298E0,6.E0,6.402272327238E0));
#737=CARTESIAN_POINT('',(-2.607557827077E0,6.E0,6.414374972719E0));
#738=CARTESIAN_POINT('',(-2.604809373800E0,6.E0,6.427009265599E0));
#739=CARTESIAN_POINT('',(-2.602668591052E0,6.E0,6.439659345490E0));
#741=CARTESIAN_POINT('',(-2.611816165298E0,6.E0,6.402272327238E0));
#742=CARTESIAN_POINT('',(-2.638696612732E0,6.E0,6.328316984554E0));
#743=CARTESIAN_POINT('',(-2.665577060167E0,6.E0,6.254361641870E0));
#744=CARTESIAN_POINT('',(-2.692457507601E0,6.E0,6.180406299186E0));
#746=CARTESIAN_POINT('',(-2.692457507601E0,6.E0,6.180406299186E0));
#747=CARTESIAN_POINT('',(-2.632738340970E0,6.E0,6.180406299186E0));
#748=CARTESIAN_POINT('',(-2.573019174338E0,6.E0,6.180406299186E0));
#749=CARTESIAN_POINT('',(-2.513300007706E0,6.E0,6.180406299186E0));
#751=CARTESIAN_POINT('',(-2.513300007706E0,6.E0,6.180406299186E0));
#752=CARTESIAN_POINT('',(-2.539907557194E0,6.E0,6.254361641870E0));
#753=CARTESIAN_POINT('',(-2.566515106681E0,6.E0,6.328316984554E0));
#754=CARTESIAN_POINT('',(-2.593122656168E0,6.E0,6.402272327238E0));
#756=CARTESIAN_POINT('',(-2.602668591052E0,6.E0,6.439659345490E0));
#757=CARTESIAN_POINT('',(-2.600623903129E0,6.E0,6.426960757344E0));
#758=CARTESIAN_POINT('',(-2.597638858373E0,6.E0,6.414315533093E0));
#759=CARTESIAN_POINT('',(-2.593122656168E0,6.E0,6.402272327238E0));
#761=DIRECTION('',(3.559357243710E-1,0.E0,9.345104387413E-1));
#762=VECTOR('',#761,5.711957355631E-1);
#763=CARTESIAN_POINT('',(-2.844325213151E0,6.E0,5.974095453915E0));
#764=LINE('',#763,#762);
#765=DIRECTION('',(1.E0,0.E0,0.E0));
#766=VECTOR('',#765,7.368244473946E-2);
#767=CARTESIAN_POINT('',(-2.641016245256E0,6.E0,6.507883831363E0));
#768=LINE('',#767,#766);
#769=DIRECTION('',(3.559357243682E-1,0.E0,-9.345104387424E-1));
#770=VECTOR('',#769,5.711957355624E-1);
#771=CARTESIAN_POINT('',(-2.567333800517E0,6.E0,6.507883831363E0));
#772=LINE('',#771,#770);
#773=DIRECTION('',(-1.E0,0.E0,0.E0));
#774=VECTOR('',#773,7.613852622853E-2);
#775=CARTESIAN_POINT('',(-2.364024832623E0,6.E0,5.974095453915E0));
#776=LINE('',#775,#774);
#777=DIRECTION('',(-3.315284184079E-1,0.E0,9.434452330623E-1));
#778=VECTOR('',#777,1.547523848163E-1);
#779=CARTESIAN_POINT('',(-2.440163358852E0,6.E0,5.974095453915E0));
#780=LINE('',#779,#778);
#781=DIRECTION('',(-1.E0,0.E0,0.E0));
#782=VECTOR('',#781,2.222753749647E-1);
#783=CARTESIAN_POINT('',(-2.491468172235E0,6.E0,6.120095853675E0));
#784=LINE('',#783,#782);
#785=DIRECTION('',(-3.493954794714E-1,0.E0,-9.369753459537E-1));
#786=VECTOR('',#785,1.558209619820E-1);
#787=CARTESIAN_POINT('',(-2.713743547200E0,6.E0,6.120095853675E0));
#788=LINE('',#787,#786);
#789=DIRECTION('',(-1.E0,0.E0,0.E0));
#790=VECTOR('',#789,7.613852622853E-2);
#791=CARTESIAN_POINT('',(-2.768186686923E0,6.E0,5.974095453915E0));
#792=LINE('',#791,#790);
#793=CARTESIAN_POINT('',(7.792722928639E-1,6.E0,7.000738047525E0));
#794=CARTESIAN_POINT('',(8.209464807248E-1,6.E0,7.114395081167E0));
#795=CARTESIAN_POINT('',(1.000641534446E0,6.E0,7.377558856550E0));
#796=CARTESIAN_POINT('',(1.475124962226E0,6.E0,7.559805994762E0));
#797=CARTESIAN_POINT('',(1.907044991758E0,6.E0,7.419160412536E0));
#798=CARTESIAN_POINT('',(2.074948497587E0,6.E0,7.245437696821E0));
#799=CARTESIAN_POINT('',(2.122766271657E0,6.E0,7.182906731817E0));
#801=CARTESIAN_POINT('',(2.122766271657E0,6.E0,7.182906731817E0));
#802=CARTESIAN_POINT('',(2.151746910021E0,6.E0,7.186529328884E0));
#803=CARTESIAN_POINT('',(2.337603088868E0,6.E0,7.207364249130E0));
#804=CARTESIAN_POINT('',(2.694204248076E0,6.E0,7.054423022002E0));
#805=CARTESIAN_POINT('',(2.886338172935E0,6.E0,6.584470896932E0));
#806=CARTESIAN_POINT('',(2.720326416979E0,6.E0,6.152651195829E0));
#807=CARTESIAN_POINT('',(2.476142788729E0,6.E0,6.009326181936E0));
#808=CARTESIAN_POINT('',(2.361862739919E0,6.E0,5.979834579120E0));
#810=CARTESIAN_POINT('',(2.361862739919E0,6.E0,5.979834579120E0));
#811=CARTESIAN_POINT('',(2.316181157978E0,6.E0,5.839275886079E0));
#812=CARTESIAN_POINT('',(1.964910653082E0,6.E0,5.567984066108E0));
#813=CARTESIAN_POINT('',(1.615058776967E0,6.E0,5.935568648609E0));
#814=CARTESIAN_POINT('',(1.621802453191E0,6.E0,6.126581597923E0));
#815=CARTESIAN_POINT('',(1.621802453191E0,6.E0,6.139232200497E0));
#817=CARTESIAN_POINT('',(1.621802453191E0,6.E0,6.139232200497E0));
#818=CARTESIAN_POINT('',(1.444694017167E0,6.E0,6.232846654712E0));
#819=CARTESIAN_POINT('',(1.267585581143E0,6.E0,6.326461108927E0));
#820=CARTESIAN_POINT('',(1.090477145118E0,6.E0,6.420075563142E0));
#822=CARTESIAN_POINT('',(1.090477145118E0,6.E0,6.420075563142E0));
#823=CARTESIAN_POINT('',(1.129693993792E0,6.E0,6.487123771257E0));
#824=CARTESIAN_POINT('',(1.168910842467E0,6.E0,6.554171979372E0));
#825=CARTESIAN_POINT('',(1.208127691141E0,6.E0,6.621220187487E0));
#827=CARTESIAN_POINT('',(1.208127691141E0,6.E0,6.621220187487E0));
#828=CARTESIAN_POINT('',(1.377645760795E0,6.E0,6.532665969476E0));
#829=CARTESIAN_POINT('',(1.547163830449E0,6.E0,6.444111751464E0));
#830=CARTESIAN_POINT('',(1.716681900103E0,6.E0,6.355557533453E0));
#832=CARTESIAN_POINT('',(1.716681900103E0,6.E0,6.355557533453E0));
#833=CARTESIAN_POINT('',(1.784477219657E0,6.E0,6.434652120824E0));
#834=CARTESIAN_POINT('',(2.042666751248E0,6.E0,6.560339348652E0));
#835=CARTESIAN_POINT('',(2.307836366894E0,6.E0,6.370453271524E0));
#836=CARTESIAN_POINT('',(2.358067436087E0,6.E0,6.234111719797E0));
#838=CARTESIAN_POINT('',(2.358067436087E0,6.E0,6.234111719797E0));
#839=CARTESIAN_POINT('',(2.484438429355E0,6.E0,6.291881330491E0));
#840=CARTESIAN_POINT('',(2.727352930934E0,6.E0,6.626402161825E0));
#841=CARTESIAN_POINT('',(2.315079360102E0,6.E0,7.027355923682E0));
#842=CARTESIAN_POINT('',(2.064867252986E0,6.E0,6.941709690033E0));
#843=CARTESIAN_POINT('',(2.005115653251E0,6.E0,6.905858745383E0));
#845=CARTESIAN_POINT('',(2.005115653251E0,6.E0,6.905858745383E0));
#846=CARTESIAN_POINT('',(1.938115226119E0,6.E0,7.103333738066E0));
#847=CARTESIAN_POINT('',(1.466677016287E0,6.E0,7.469925657628E0));
#848=CARTESIAN_POINT('',(9.921956199283E-1,6.E0,7.031693374405E0));
#849=CARTESIAN_POINT('',(9.652362085994E-1,6.E0,6.795798300314E0));
#851=CARTESIAN_POINT('',(9.652362085994E-1,6.E0,6.795798300314E0));
#852=CARTESIAN_POINT('',(9.551157361925E-1,6.E0,6.795798300314E0));
#853=CARTESIAN_POINT('',(8.060132015530E-1,6.E0,6.801197207762E0));
#854=CARTESIAN_POINT('',(4.914241888253E-1,6.E0,6.508480940409E0));
#855=CARTESIAN_POINT('',(7.781746057897E-1,6.E0,6.213549821959E0));
#856=CARTESIAN_POINT('',(9.121037646560E-1,6.E0,6.203750157801E0));
#858=CARTESIAN_POINT('',(9.121037646560E-1,6.E0,6.203750157801E0));
#859=CARTESIAN_POINT('',(9.690314762351E-1,6.E0,6.203750157801E0));
#860=CARTESIAN_POINT('',(1.025959187814E0,6.E0,6.203750157801E0));
#861=CARTESIAN_POINT('',(1.082886899394E0,6.E0,6.203750157801E0));
#863=CARTESIAN_POINT('',(1.082886899394E0,6.E0,6.203750157801E0));
#864=CARTESIAN_POINT('',(1.090581938312E0,6.E0,6.203750157801E0));
#865=CARTESIAN_POINT('',(1.151869406380E0,6.E0,6.225149585823E0));
#866=CARTESIAN_POINT('',(1.282874866376E0,6.E0,6.087813386725E0));
#867=CARTESIAN_POINT('',(1.166845365102E0,6.E0,5.975593957291E0));
#868=CARTESIAN_POINT('',(1.113248171841E0,6.E0,5.972244188618E0));
#870=CARTESIAN_POINT('',(1.113248171841E0,6.E0,5.972244188618E0));
#871=CARTESIAN_POINT('',(1.046199987855E0,6.E0,5.972244188618E0));
#872=CARTESIAN_POINT('',(9.791518038687E-1,6.E0,5.972244188618E0));
#873=CARTESIAN_POINT('',(9.121036198826E-1,6.E0,5.972244188618E0));
#875=CARTESIAN_POINT('',(9.121036198826E-1,6.E0,5.972244188618E0));
#876=CARTESIAN_POINT('',(9.083084487624E-1,6.E0,5.972244188618E0));
#877=CARTESIAN_POINT('',(9.045132776423E-1,6.E0,5.972244188618E0));
#878=CARTESIAN_POINT('',(9.007181065221E-1,6.E0,5.972244188618E0));
#880=CARTESIAN_POINT('',(9.007181065221E-1,6.E0,5.972244188618E0));
#881=CARTESIAN_POINT('',(8.969229354014E-1,6.E0,5.972244188618E0));
#882=CARTESIAN_POINT('',(8.931277642806E-1,6.E0,5.972244188618E0));
#883=CARTESIAN_POINT('',(8.893325931599E-1,6.E0,5.972244188618E0));
#885=CARTESIAN_POINT('',(8.893325931599E-1,6.E0,5.972244188618E0));
#886=CARTESIAN_POINT('',(7.613748135381E-1,6.E0,5.983211970407E0));
#887=CARTESIAN_POINT('',(5.076791206469E-1,6.E0,6.109980065650E0));
#888=CARTESIAN_POINT('',(3.087737458031E-1,6.E0,6.580891958122E0));
#889=CARTESIAN_POINT('',(5.811900710329E-1,6.E0,6.938185759966E0));
#890=CARTESIAN_POINT('',(7.792722928639E-1,6.E0,7.000738047525E0));
#892=DIRECTION('',(1.E0,0.E0,0.E0));
#893=VECTOR('',#892,4.7E-1);
#894=CARTESIAN_POINT('',(-2.275E0,-6.E-1,2.E0));
#895=LINE('',#894,#893);
#896=DIRECTION('',(0.E0,-1.E0,0.E0));
#897=VECTOR('',#896,4.6E0);
#898=CARTESIAN_POINT('',(-2.275E0,4.E0,2.E0));
#899=LINE('',#898,#897);
#900=DIRECTION('',(-1.E0,0.E0,0.E0));
#901=VECTOR('',#900,2.175E0);
#902=CARTESIAN_POINT('',(-2.825E0,-5.6E0,2.E0));
#903=LINE('',#902,#901);
#904=DIRECTION('',(0.E0,1.E0,0.E0));
#905=VECTOR('',#904,9.6E0);
#906=CARTESIAN_POINT('',(-5.E0,-5.6E0,2.E0));
#907=LINE('',#906,#905);
#908=DIRECTION('',(-3.162277660168E-1,-9.486832980505E-1,0.E0));
#909=VECTOR('',#908,3.162277660168E-1);
#910=CARTESIAN_POINT('',(-2.825E0,4.3E0,2.E0));
#911=LINE('',#910,#909);
#912=DIRECTION('',(0.E0,1.E0,0.E0));
#913=VECTOR('',#912,1.7E0);
#914=CARTESIAN_POINT('',(-2.825E0,4.3E0,2.E0));
#915=LINE('',#914,#913);
#916=DIRECTION('',(-3.162277660168E-1,9.486832980505E-1,0.E0));
#917=VECTOR('',#916,3.162277660168E-1);
#918=CARTESIAN_POINT('',(-2.175E0,4.E0,2.E0));
#919=LINE('',#918,#917);
#920=DIRECTION('',(-3.162277660168E-1,-9.486832980505E-1,0.E0));
#921=VECTOR('',#920,3.162277660168E-1);
#922=CARTESIAN_POINT('',(-1.805E0,4.3E0,2.E0));
#923=LINE('',#922,#921);
#924=DIRECTION('',(0.E0,1.E0,0.E0));
#925=VECTOR('',#924,1.7E0);
#926=CARTESIAN_POINT('',(-1.805E0,4.3E0,2.E0));
#927=LINE('',#926,#925);
#928=DIRECTION('',(-3.162277660168E-1,9.486832980505E-1,0.E0));
#929=VECTOR('',#928,3.162277660168E-1);
#930=CARTESIAN_POINT('',(-1.155E0,4.E0,2.E0));
#931=LINE('',#930,#929);
#932=DIRECTION('',(-3.162277660168E-1,-9.486832980505E-1,0.E0));
#933=VECTOR('',#932,3.162277660168E-1);
#934=CARTESIAN_POINT('',(-7.85E-1,4.3E0,2.E0));
#935=LINE('',#934,#933);
#936=DIRECTION('',(0.E0,1.E0,0.E0));
#937=VECTOR('',#936,1.7E0);
#938=CARTESIAN_POINT('',(-7.85E-1,4.3E0,2.E0));
#939=LINE('',#938,#937);
#940=DIRECTION('',(-3.162277660168E-1,9.486832980505E-1,0.E0));
#941=VECTOR('',#940,3.162277660168E-1);
#942=CARTESIAN_POINT('',(-1.35E-1,4.E0,2.E0));
#943=LINE('',#942,#941);
#944=DIRECTION('',(-3.162277660168E-1,-9.486832980505E-1,0.E0));
#945=VECTOR('',#944,3.162277660168E-1);
#946=CARTESIAN_POINT('',(2.35E-1,4.3E0,2.E0));
#947=LINE('',#946,#945);
#948=DIRECTION('',(0.E0,1.E0,0.E0));
#949=VECTOR('',#948,1.7E0);
#950=CARTESIAN_POINT('',(2.35E-1,4.3E0,2.E0));
#951=LINE('',#950,#949);
#952=DIRECTION('',(-3.162277660168E-1,9.486832980505E-1,0.E0));
#953=VECTOR('',#952,3.162277660168E-1);
#954=CARTESIAN_POINT('',(8.85E-1,4.E0,2.E0));
#955=LINE('',#954,#953);
#956=DIRECTION('',(-3.162277660168E-1,-9.486832980505E-1,0.E0));
#957=VECTOR('',#956,3.162277660168E-1);
#958=CARTESIAN_POINT('',(1.255E0,4.3E0,2.E0));
#959=LINE('',#958,#957);
#960=DIRECTION('',(0.E0,1.E0,0.E0));
#961=VECTOR('',#960,1.7E0);
#962=CARTESIAN_POINT('',(1.255E0,4.3E0,2.E0));
#963=LINE('',#962,#961);
#964=DIRECTION('',(-3.162277660168E-1,9.486832980505E-1,0.E0));
#965=VECTOR('',#964,3.162277660168E-1);
#966=CARTESIAN_POINT('',(1.905E0,4.E0,2.E0));
#967=LINE('',#966,#965);
#968=DIRECTION('',(-3.162277660168E-1,-9.486832980505E-1,0.E0));
#969=VECTOR('',#968,3.162277660168E-1);
#970=CARTESIAN_POINT('',(2.275E0,4.3E0,2.E0));
#971=LINE('',#970,#969);
#972=DIRECTION('',(0.E0,1.E0,0.E0));
#973=VECTOR('',#972,1.7E0);
#974=CARTESIAN_POINT('',(2.275E0,4.3E0,2.E0));
#975=LINE('',#974,#973);
#976=DIRECTION('',(-3.162277660168E-1,9.486832980505E-1,0.E0));
#977=VECTOR('',#976,3.162277660168E-1);
#978=CARTESIAN_POINT('',(2.925E0,4.E0,2.E0));
#979=LINE('',#978,#977);
#980=DIRECTION('',(-1.E0,0.E0,0.E0));
#981=VECTOR('',#980,2.175E0);
#982=CARTESIAN_POINT('',(5.E0,-5.6E0,2.E0));
#983=LINE('',#982,#981);
#984=DIRECTION('',(0.E0,1.E0,0.E0));
#985=VECTOR('',#984,4.6E0);
#986=CARTESIAN_POINT('',(2.275E0,-6.E-1,2.E0));
#987=LINE('',#986,#985);
#988=DIRECTION('',(1.E0,0.E0,0.E0));
#989=VECTOR('',#988,4.7E-1);
#990=CARTESIAN_POINT('',(1.805E0,-6.E-1,2.E0));
#991=LINE('',#990,#989);
#992=DIRECTION('',(0.E0,1.E0,0.E0));
#993=VECTOR('',#992,4.6E0);
#994=CARTESIAN_POINT('',(1.805E0,-6.E-1,2.E0));
#995=LINE('',#994,#993);
#996=DIRECTION('',(0.E0,1.E0,0.E0));
#997=VECTOR('',#996,4.6E0);
#998=CARTESIAN_POINT('',(1.255E0,-6.E-1,2.E0));
#999=LINE('',#998,#997);
#1000=DIRECTION('',(1.E0,0.E0,0.E0));
#1001=VECTOR('',#1000,4.7E-1);
#1002=CARTESIAN_POINT('',(7.85E-1,-6.E-1,2.E0));
#1003=LINE('',#1002,#1001);
#1004=DIRECTION('',(0.E0,1.E0,0.E0));
#1005=VECTOR('',#1004,4.6E0);
#1006=CARTESIAN_POINT('',(7.85E-1,-6.E-1,2.E0));
#1007=LINE('',#1006,#1005);
#1008=DIRECTION('',(0.E0,1.E0,0.E0));
#1009=VECTOR('',#1008,4.6E0);
#1010=CARTESIAN_POINT('',(2.35E-1,-6.E-1,2.E0));
#1011=LINE('',#1010,#1009);
#1012=DIRECTION('',(1.E0,0.E0,0.E0));
#1013=VECTOR('',#1012,4.7E-1);
#1014=CARTESIAN_POINT('',(-2.35E-1,-6.E-1,2.E0));
#1015=LINE('',#1014,#1013);
#1016=DIRECTION('',(0.E0,1.E0,0.E0));
#1017=VECTOR('',#1016,4.6E0);
#1018=CARTESIAN_POINT('',(-2.35E-1,-6.E-1,2.E0));
#1019=LINE('',#1018,#1017);
#1020=DIRECTION('',(0.E0,1.E0,0.E0));
#1021=VECTOR('',#1020,4.6E0);
#1022=CARTESIAN_POINT('',(-7.85E-1,-6.E-1,2.E0));
#1023=LINE('',#1022,#1021);
#1024=DIRECTION('',(1.E0,0.E0,0.E0));
#1025=VECTOR('',#1024,4.7E-1);
#1026=CARTESIAN_POINT('',(-1.255E0,-6.E-1,2.E0));
#1027=LINE('',#1026,#1025);
#1028=DIRECTION('',(0.E0,1.E0,0.E0));
#1029=VECTOR('',#1028,4.6E0);
#1030=CARTESIAN_POINT('',(-1.255E0,-6.E-1,2.E0));
#1031=LINE('',#1030,#1029);
#1032=DIRECTION('',(0.E0,1.E0,0.E0));
#1033=VECTOR('',#1032,4.6E0);
#1034=CARTESIAN_POINT('',(-1.805E0,-6.E-1,2.E0));
#1035=LINE('',#1034,#1033);
#1036=DIRECTION('',(0.E0,0.E0,1.E0));
#1037=VECTOR('',#1036,7.E-1);
#1038=CARTESIAN_POINT('',(-1.805E0,2.625E0,1.E-1));
#1039=LINE('',#1038,#1037);
#1040=CARTESIAN_POINT('',(-1.805E0,-6.E-1,1.6E0));
#1041=DIRECTION('',(1.E0,0.E0,0.E0));
#1042=DIRECTION('',(0.E0,0.E0,1.E0));
#1043=AXIS2_PLACEMENT_3D('',#1040,#1041,#1042);
#1045=DIRECTION('',(0.E0,-4.263256414561E-14,-1.E0));
#1046=VECTOR('',#1045,5.E-1);
#1047=CARTESIAN_POINT('',(-1.805E0,5.9E0,8.E-1));
#1048=LINE('',#1047,#1046);
#1049=CARTESIAN_POINT('',(-1.805E0,5.7E0,3.E-1));
#1050=DIRECTION('',(-1.E0,0.E0,0.E0));
#1051=DIRECTION('',(0.E0,1.E0,0.E0));
#1052=AXIS2_PLACEMENT_3D('',#1049,#1050,#1051);
#1054=DIRECTION('',(0.E0,-1.E0,0.E0));
#1055=VECTOR('',#1054,3.075E0);
#1056=CARTESIAN_POINT('',(-1.805E0,5.7E0,1.E-1));
#1057=LINE('',#1056,#1055);
#1058=CARTESIAN_POINT('',(-1.53E0,2.625E0,8.E-1));
#1059=DIRECTION('',(0.E0,0.E0,-1.E0));
#1060=DIRECTION('',(1.E0,0.E0,0.E0));
#1061=AXIS2_PLACEMENT_3D('',#1058,#1059,#1060);
#1063=CARTESIAN_POINT('',(-1.53E0,2.625E0,1.E-1));
#1064=DIRECTION('',(0.E0,0.E0,-1.E0));
#1065=DIRECTION('',(1.E0,0.E0,0.E0));
#1066=AXIS2_PLACEMENT_3D('',#1063,#1064,#1065);
#1068=CARTESIAN_POINT('',(-1.905E0,2.625E0,1.E-1));
#1069=DIRECTION('',(0.E0,-1.E0,0.E0));
#1070=DIRECTION('',(0.E0,0.E0,-1.E0));
#1071=AXIS2_PLACEMENT_3D('',#1068,#1069,#1070);
#1073=CARTESIAN_POINT('',(-1.53E0,2.625E0,0.E0));
#1074=DIRECTION('',(0.E0,0.E0,1.E0));
#1075=DIRECTION('',(-9.999999950740E-1,9.925703939591E-5,0.E0));
#1076=AXIS2_PLACEMENT_3D('',#1073,#1074,#1075);
#1078=CARTESIAN_POINT('',(-1.155E0,2.625E0,1.E-1));
#1079=DIRECTION('',(0.E0,-1.E0,0.E0));
#1080=DIRECTION('',(-1.E0,0.E0,-2.373101715136E-14));
#1081=AXIS2_PLACEMENT_3D('',#1078,#1079,#1080);
#1083=CARTESIAN_POINT('',(-1.905E0,5.7E0,1.E-1));
#1084=DIRECTION('',(0.E0,-1.E0,0.E0));
#1085=DIRECTION('',(0.E0,0.E0,-1.E0));
#1086=AXIS2_PLACEMENT_3D('',#1083,#1084,#1085);
#1088=CARTESIAN_POINT('',(-1.905E0,5.9E0,3.E-1));
#1089=DIRECTION('',(0.E0,0.E0,-1.E0));
#1090=DIRECTION('',(0.E0,1.E0,0.E0));
#1091=AXIS2_PLACEMENT_3D('',#1088,#1089,#1090);
#1093=CARTESIAN_POINT('',(-1.905E0,5.7E0,3.E-1));
#1094=DIRECTION('',(-1.E0,0.E0,0.E0));
#1095=DIRECTION('',(0.E0,1.E0,0.E0));
#1096=AXIS2_PLACEMENT_3D('',#1093,#1094,#1095);
#1098=CARTESIAN_POINT('',(-2.175E0,5.7E0,3.E-1));
#1099=DIRECTION('',(1.E0,0.E0,0.E0));
#1100=DIRECTION('',(0.E0,0.E0,-1.E0));
#1101=AXIS2_PLACEMENT_3D('',#1098,#1099,#1100);
#1103=CARTESIAN_POINT('',(-2.925E0,5.7E0,3.E-1));
#1104=DIRECTION('',(-1.E0,0.E0,0.E0));
#1105=DIRECTION('',(0.E0,1.E0,0.E0));
#1106=AXIS2_PLACEMENT_3D('',#1103,#1104,#1105);
#1108=CARTESIAN_POINT('',(1.35E-1,5.7E0,3.E-1));
#1109=DIRECTION('',(-1.E0,0.E0,0.E0));
#1110=DIRECTION('',(0.E0,1.E0,0.E0));
#1111=AXIS2_PLACEMENT_3D('',#1108,#1109,#1110);
#1113=CARTESIAN_POINT('',(-1.35E-1,5.7E0,3.E-1));
#1114=DIRECTION('',(1.E0,0.E0,0.E0));
#1115=DIRECTION('',(0.E0,0.E0,-1.E0));
#1116=AXIS2_PLACEMENT_3D('',#1113,#1114,#1115);
#1118=CARTESIAN_POINT('',(-8.85E-1,5.7E0,3.E-1));
#1119=DIRECTION('',(-1.E0,0.E0,0.E0));
#1120=DIRECTION('',(0.E0,1.E0,0.E0));
#1121=AXIS2_PLACEMENT_3D('',#1118,#1119,#1120);
#1123=CARTESIAN_POINT('',(-1.155E0,5.7E0,3.E-1));
#1124=DIRECTION('',(1.E0,0.E0,0.E0));
#1125=DIRECTION('',(0.E0,0.E0,-1.E0));
#1126=AXIS2_PLACEMENT_3D('',#1123,#1124,#1125);
#1128=CARTESIAN_POINT('',(2.925E0,5.7E0,3.E-1));
#1129=DIRECTION('',(1.E0,0.E0,0.E0));
#1130=DIRECTION('',(0.E0,0.E0,-1.E0));
#1131=AXIS2_PLACEMENT_3D('',#1128,#1129,#1130);
#1133=CARTESIAN_POINT('',(2.175E0,5.7E0,3.E-1));
#1134=DIRECTION('',(-1.E0,0.E0,0.E0));
#1135=DIRECTION('',(0.E0,1.E0,0.E0));
#1136=AXIS2_PLACEMENT_3D('',#1133,#1134,#1135);
#1138=CARTESIAN_POINT('',(1.905E0,5.7E0,3.E-1));
#1139=DIRECTION('',(1.E0,0.E0,0.E0));
#1140=DIRECTION('',(0.E0,0.E0,-1.E0));
#1141=AXIS2_PLACEMENT_3D('',#1138,#1139,#1140);
#1143=CARTESIAN_POINT('',(1.155E0,5.7E0,3.E-1));
#1144=DIRECTION('',(-1.E0,0.E0,0.E0));
#1145=DIRECTION('',(0.E0,1.E0,0.E0));
#1146=AXIS2_PLACEMENT_3D('',#1143,#1144,#1145);
#1148=CARTESIAN_POINT('',(8.85E-1,5.7E0,3.E-1));
#1149=DIRECTION('',(1.E0,0.E0,0.E0));
#1150=DIRECTION('',(0.E0,0.E0,-1.E0));
#1151=AXIS2_PLACEMENT_3D('',#1148,#1149,#1150);
#1153=CARTESIAN_POINT('',(-2.175E0,5.7E0,1.E-1));
#1154=DIRECTION('',(0.E0,1.E0,0.E0));
#1155=DIRECTION('',(0.E0,0.E0,-1.E0));
#1156=AXIS2_PLACEMENT_3D('',#1153,#1154,#1155);
#1158=CARTESIAN_POINT('',(-2.175E0,5.9E0,3.E-1));
#1159=DIRECTION('',(0.E0,0.E0,1.E0));
#1160=DIRECTION('',(0.E0,1.E0,0.E0));
#1161=AXIS2_PLACEMENT_3D('',#1158,#1159,#1160);
#1163=CARTESIAN_POINT('',(-2.175E0,5.9E0,8.E-1));
#1164=DIRECTION('',(0.E0,0.E0,1.E0));
#1165=DIRECTION('',(0.E0,1.E0,0.E0));
#1166=AXIS2_PLACEMENT_3D('',#1163,#1164,#1165);
#1168=DIRECTION('',(0.E0,0.E0,1.E0));
#1169=VECTOR('',#1168,7.E-1);
#1170=CARTESIAN_POINT('',(-2.275E0,5.165E0,1.E-1));
#1171=LINE('',#1170,#1169);
#1172=DIRECTION('',(0.E0,1.E0,4.837770890014E-14));
#1173=VECTOR('',#1172,5.35E-1);
#1174=CARTESIAN_POINT('',(-2.275E0,5.165E0,1.E-1));
#1175=LINE('',#1174,#1173);
#1176=CARTESIAN_POINT('',(-2.275E0,5.7E0,3.E-1));
#1177=DIRECTION('',(1.E0,0.E0,0.E0));
#1178=DIRECTION('',(0.E0,0.E0,-1.E0));
#1179=AXIS2_PLACEMENT_3D('',#1176,#1177,#1178);
#1181=DIRECTION('',(0.E0,2.309263891220E-14,1.E0));
#1182=VECTOR('',#1181,5.E-1);
#1183=CARTESIAN_POINT('',(-2.275E0,5.9E0,3.E-1));
#1184=LINE('',#1183,#1182);
#1185=DIRECTION('',(-1.E0,0.E0,0.E0));
#1186=VECTOR('',#1185,7.5E-1);
#1187=CARTESIAN_POINT('',(-2.175E0,6.E0,8.E-1));
#1188=LINE('',#1187,#1186);
#1189=DIRECTION('',(0.E0,1.E0,0.E0));
#1190=VECTOR('',#1189,7.35E-1);
#1191=CARTESIAN_POINT('',(-2.825E0,5.165E0,8.E-1));
#1192=LINE('',#1191,#1190);
#1193=CARTESIAN_POINT('',(-2.55E0,5.165E0,8.E-1));
#1194=DIRECTION('',(0.E0,0.E0,-1.E0));
#1195=DIRECTION('',(1.E0,0.E0,0.E0));
#1196=AXIS2_PLACEMENT_3D('',#1193,#1194,#1195);
#1198=DIRECTION('',(0.E0,-1.E0,0.E0));
#1199=VECTOR('',#1198,7.35E-1);
#1200=CARTESIAN_POINT('',(-2.275E0,5.9E0,8.E-1));
#1201=LINE('',#1200,#1199);
#1202=DIRECTION('',(0.E0,-1.E0,0.E0));
#1203=VECTOR('',#1202,1.9E0);
#1204=CARTESIAN_POINT('',(-1.255E0,5.9E0,8.E-1));
#1205=LINE('',#1204,#1203);
#1206=DIRECTION('',(-1.E0,0.E0,0.E0));
#1207=VECTOR('',#1206,7.5E-1);
#1208=CARTESIAN_POINT('',(-1.155E0,6.E0,8.E-1));
#1209=LINE('',#1208,#1207);
#1210=DIRECTION('',(0.E0,1.E0,0.E0));
#1211=VECTOR('',#1210,1.9E0);
#1212=CARTESIAN_POINT('',(-1.805E0,4.E0,8.E-1));
#1213=LINE('',#1212,#1211);
#1214=CARTESIAN_POINT('',(-2.55E0,5.19E0,8.E-1));
#1215=DIRECTION('',(0.E0,0.E0,-1.E0));
#1216=DIRECTION('',(1.E0,0.E0,0.E0));
#1217=AXIS2_PLACEMENT_3D('',#1214,#1215,#1216);
#1219=CARTESIAN_POINT('',(-2.55E0,5.19E0,8.E-1));
#1220=DIRECTION('',(0.E0,0.E0,-1.E0));
#1221=DIRECTION('',(-1.E0,0.E0,0.E0));
#1222=AXIS2_PLACEMENT_3D('',#1219,#1220,#1221);
#1224=CARTESIAN_POINT('',(-2.925E0,5.9E0,8.E-1));
#1225=DIRECTION('',(0.E0,0.E0,1.E0));
#1226=DIRECTION('',(1.E0,0.E0,0.E0));
#1227=AXIS2_PLACEMENT_3D('',#1224,#1225,#1226);
#1229=DIRECTION('',(0.E0,0.E0,1.E0));
#1230=VECTOR('',#1229,7.E-1);
#1231=CARTESIAN_POINT('',(-2.825E0,5.165E0,1.E-1));
#1232=LINE('',#1231,#1230);
#1233=DIRECTION('',(0.E0,-4.263256414561E-14,-1.E0));
#1234=VECTOR('',#1233,5.E-1);
#1235=CARTESIAN_POINT('',(-2.825E0,5.9E0,8.E-1));
#1236=LINE('',#1235,#1234);
#1237=CARTESIAN_POINT('',(-2.825E0,5.7E0,3.E-1));
#1238=DIRECTION('',(-1.E0,0.E0,0.E0));
#1239=DIRECTION('',(0.E0,1.E0,2.109423746788E-14));
#1240=AXIS2_PLACEMENT_3D('',#1237,#1238,#1239);
#1242=DIRECTION('',(0.E0,-1.E0,-2.357926937814E-14));
#1243=VECTOR('',#1242,5.35E-1);
#1244=CARTESIAN_POINT('',(-2.825E0,5.7E0,1.E-1));
#1245=LINE('',#1244,#1243);
#1246=CARTESIAN_POINT('',(-2.925E0,5.9E0,3.E-1));
#1247=DIRECTION('',(0.E0,0.E0,-1.E0));
#1248=DIRECTION('',(0.E0,1.E0,0.E0));
#1249=AXIS2_PLACEMENT_3D('',#1246,#1247,#1248);
#1251=CARTESIAN_POINT('',(-2.925E0,5.7E0,1.E-1));
#1252=DIRECTION('',(0.E0,-1.E0,0.E0));
#1253=DIRECTION('',(0.E0,0.E0,-1.E0));
#1254=AXIS2_PLACEMENT_3D('',#1251,#1252,#1253);
#1256=DIRECTION('',(4.604888566345E-10,-1.E0,0.E0));
#1257=VECTOR('',#1256,5.349875921637E-1);
#1258=CARTESIAN_POINT('',(1.155E0,5.699999999294E0,0.E0));
#1259=LINE('',#1258,#1257);
#1260=DIRECTION('',(1.E0,0.E0,0.E0));
#1261=VECTOR('',#1260,2.7E-1);
#1262=CARTESIAN_POINT('',(8.85E-1,5.699999999294E0,0.E0));
#1263=LINE('',#1262,#1261);
#1264=DIRECTION('',(4.845867385830E-7,9.999999999999E-1,-1.083149158143E-11));
#1265=VECTOR('',#1264,3.074989521975E0);
#1266=CARTESIAN_POINT('',(8.849985099009E-1,2.625010477319E0,
3.330672312026E-11));
#1267=LINE('',#1266,#1265);
#1268=DIRECTION('',(8.011612886265E-11,-1.E0,0.E0));
#1269=VECTOR('',#1268,3.074987592164E0);
#1270=CARTESIAN_POINT('',(1.35E-1,5.699999999294E0,0.E0));
#1271=LINE('',#1270,#1269);
#1272=DIRECTION('',(1.E0,0.E0,0.E0));
#1273=VECTOR('',#1272,2.7E-1);
#1274=CARTESIAN_POINT('',(-1.35E-1,5.699999999294E0,0.E0));
#1275=LINE('',#1274,#1273);
#1276=DIRECTION('',(2.785286593377E-6,9.999999999961E-1,-6.225677653873E-11));
#1277=VECTOR('',#1276,5.349895219766E-1);
#1278=CARTESIAN_POINT('',(-1.350014900991E-1,5.165010477319E0,
3.330672312026E-11));
#1279=LINE('',#1278,#1277);
#1280=DIRECTION('',(4.604886491113E-10,-1.E0,0.E0));
#1281=VECTOR('',#1280,5.349875921637E-1);
#1282=CARTESIAN_POINT('',(-8.85E-1,5.699999999294E0,0.E0));
#1283=LINE('',#1282,#1281);
#1284=DIRECTION('',(1.E0,0.E0,0.E0));
#1285=VECTOR('',#1284,2.7E-1);
#1286=CARTESIAN_POINT('',(-1.155E0,5.699999999294E0,0.E0));
#1287=LINE('',#1286,#1285);
#1288=DIRECTION('',(4.845867385830E-7,9.999999999999E-1,-1.083149158143E-11));
#1289=VECTOR('',#1288,3.074989521975E0);
#1290=CARTESIAN_POINT('',(-1.155001490099E0,2.625010477319E0,
3.330672312026E-11));
#1291=LINE('',#1290,#1289);
#1292=DIRECTION('',(8.011589418041E-11,-1.E0,0.E0));
#1293=VECTOR('',#1292,3.074987592164E0);
#1294=CARTESIAN_POINT('',(-1.905E0,5.699999999294E0,0.E0));
#1295=LINE('',#1294,#1293);
#1296=DIRECTION('',(1.E0,0.E0,0.E0));
#1297=VECTOR('',#1296,2.7E-1);
#1298=CARTESIAN_POINT('',(-2.175E0,5.699999999294E0,0.E0));
#1299=LINE('',#1298,#1297);
#1300=DIRECTION('',(2.785286594259E-6,9.999999999961E-1,-6.225677653873E-11));
#1301=VECTOR('',#1300,5.349895219766E-1);
#1302=CARTESIAN_POINT('',(-2.175001490099E0,5.165010477319E0,
3.330672312026E-11));
#1303=LINE('',#1302,#1301);
#1304=DIRECTION('',(4.604905168195E-10,-1.E0,0.E0));
#1305=VECTOR('',#1304,5.349875921637E-1);
#1306=CARTESIAN_POINT('',(-2.925E0,5.699999999294E0,0.E0));
#1307=LINE('',#1306,#1305);
#1308=DIRECTION('',(1.E0,-2.124362507125E-10,0.E0));
#1309=VECTOR('',#1308,3.325E0);
#1310=CARTESIAN_POINT('',(-6.25E0,5.7E0,0.E0));
#1311=LINE('',#1310,#1309);
#1312=DIRECTION('',(0.E0,1.E0,0.E0));
#1313=VECTOR('',#1312,5.533974596216E0);
#1314=CARTESIAN_POINT('',(-6.25E0,1.660254037844E-1,0.E0));
#1315=LINE('',#1314,#1313);
#1316=CARTESIAN_POINT('',(-5.15E0,-7.E-1,0.E0));
#1317=DIRECTION('',(0.E0,0.E0,-1.E0));
#1318=DIRECTION('',(-7.857142857143E-1,6.185895741317E-1,0.E0));
#1319=AXIS2_PLACEMENT_3D('',#1316,#1317,#1318);
#1321=DIRECTION('',(-1.E0,0.E0,0.E0));
#1322=VECTOR('',#1321,1.039230484541E0);
#1323=CARTESIAN_POINT('',(-4.630384757729E0,6.E-1,0.E0));
#1324=LINE('',#1323,#1322);
#1325=DIRECTION('',(1.E0,0.E0,0.E0));
#1326=VECTOR('',#1325,1.039230484541E0);
#1327=CARTESIAN_POINT('',(-5.669615242271E0,-2.E0,0.E0));
#1328=LINE('',#1327,#1326);
#1329=CARTESIAN_POINT('',(-5.15E0,-7.E-1,0.E0));
#1330=DIRECTION('',(0.E0,0.E0,-1.E0));
#1331=DIRECTION('',(-3.711537444790E-1,-9.285714285714E-1,0.E0));
#1332=AXIS2_PLACEMENT_3D('',#1329,#1330,#1331);
#1334=DIRECTION('',(0.E0,1.E0,0.E0));
#1335=VECTOR('',#1334,4.133974596216E0);
#1336=CARTESIAN_POINT('',(-6.25E0,-5.7E0,0.E0));
#1337=LINE('',#1336,#1335);
#1338=DIRECTION('',(-1.E0,0.E0,0.E0));
#1339=VECTOR('',#1338,1.25E1);
#1340=CARTESIAN_POINT('',(6.25E0,-5.7E0,0.E0));
#1341=LINE('',#1340,#1339);
#1342=DIRECTION('',(0.E0,-1.E0,0.E0));
#1343=VECTOR('',#1342,4.133974596216E0);
#1344=CARTESIAN_POINT('',(6.25E0,-1.566025403784E0,0.E0));
#1345=LINE('',#1344,#1343);
#1346=CARTESIAN_POINT('',(5.15E0,-7.E-1,0.E0));
#1347=DIRECTION('',(0.E0,0.E0,1.E0));
#1348=DIRECTION('',(3.711537444790E-1,-9.285714285714E-1,0.E0));
#1349=AXIS2_PLACEMENT_3D('',#1346,#1347,#1348);
#1351=DIRECTION('',(-1.E0,0.E0,0.E0));
#1352=VECTOR('',#1351,1.039230484541E0);
#1353=CARTESIAN_POINT('',(5.669615242271E0,-2.E0,0.E0));
#1354=LINE('',#1353,#1352);
#1355=DIRECTION('',(1.E0,0.E0,0.E0));
#1356=VECTOR('',#1355,1.039230484541E0);
#1357=CARTESIAN_POINT('',(4.630384757729E0,6.E-1,0.E0));
#1358=LINE('',#1357,#1356);
#1359=CARTESIAN_POINT('',(5.15E0,-7.E-1,0.E0));
#1360=DIRECTION('',(0.E0,0.E0,1.E0));
#1361=DIRECTION('',(7.857142857143E-1,6.185895741317E-1,0.E0));
#1362=AXIS2_PLACEMENT_3D('',#1359,#1360,#1361);
#1364=DIRECTION('',(0.E0,-1.E0,0.E0));
#1365=VECTOR('',#1364,5.533974596216E0);
#1366=CARTESIAN_POINT('',(6.25E0,5.7E0,0.E0));
#1367=LINE('',#1366,#1365);
#1368=DIRECTION('',(1.E0,2.124365178338E-10,0.E0));
#1369=VECTOR('',#1368,3.325E0);
#1370=CARTESIAN_POINT('',(2.925E0,5.699999999294E0,0.E0));
#1371=LINE('',#1370,#1369);
#1372=DIRECTION('',(4.845867385830E-7,9.999999999999E-1,-1.083149158143E-11));
#1373=VECTOR('',#1372,3.074989521975E0);
#1374=CARTESIAN_POINT('',(2.924998509901E0,2.625010477319E0,
3.330672312026E-11));
#1375=LINE('',#1374,#1373);
#1376=DIRECTION('',(8.011589418041E-11,-1.E0,0.E0));
#1377=VECTOR('',#1376,3.074987592164E0);
#1378=CARTESIAN_POINT('',(2.175E0,5.699999999294E0,0.E0));
#1379=LINE('',#1378,#1377);
#1380=DIRECTION('',(1.E0,0.E0,0.E0));
#1381=VECTOR('',#1380,2.7E-1);
#1382=CARTESIAN_POINT('',(1.905E0,5.699999999294E0,0.E0));
#1383=LINE('',#1382,#1381);
#1384=DIRECTION('',(2.785286593429E-6,9.999999999961E-1,-6.225677653873E-11));
#1385=VECTOR('',#1384,5.349895219766E-1);
#1386=CARTESIAN_POINT('',(1.904998509901E0,5.165010477319E0,
3.330672312026E-11));
#1387=LINE('',#1386,#1385);
#1388=CARTESIAN_POINT('',(1.53E0,5.165E0,1.E-1));
#1389=DIRECTION('',(0.E0,0.E0,-1.E0));
#1390=DIRECTION('',(1.E0,0.E0,0.E0));
#1391=AXIS2_PLACEMENT_3D('',#1388,#1389,#1390);
#1393=CARTESIAN_POINT('',(1.155E0,5.165E0,1.E-1));
#1394=DIRECTION('',(0.E0,-1.E0,0.E0));
#1395=DIRECTION('',(0.E0,0.E0,-1.E0));
#1396=AXIS2_PLACEMENT_3D('',#1393,#1394,#1395);
#1398=CARTESIAN_POINT('',(1.53E0,5.165E0,0.E0));
#1399=DIRECTION('',(0.E0,0.E0,1.E0));
#1400=DIRECTION('',(-9.999999950740E-1,9.925703939473E-5,0.E0));
#1401=AXIS2_PLACEMENT_3D('',#1398,#1399,#1400);
#1403=CARTESIAN_POINT('',(1.905E0,5.165E0,1.E-1));
#1404=DIRECTION('',(0.E0,-1.E0,0.E0));
#1405=DIRECTION('',(-1.E0,0.E0,-2.373101715136E-14));
#1406=AXIS2_PLACEMENT_3D('',#1403,#1404,#1405);
#1408=DIRECTION('',(-1.E0,0.E0,0.E0));
#1409=VECTOR('',#1408,7.5E-1);
#1410=CARTESIAN_POINT('',(1.905E0,6.E0,8.E-1));
#1411=LINE('',#1410,#1409);
#1412=DIRECTION('',(0.E0,1.E0,0.E0));
#1413=VECTOR('',#1412,7.35E-1);
#1414=CARTESIAN_POINT('',(1.255E0,5.165E0,8.E-1));
#1415=LINE('',#1414,#1413);
#1416=CARTESIAN_POINT('',(1.53E0,5.165E0,8.E-1));
#1417=DIRECTION('',(0.E0,0.E0,-1.E0));
#1418=DIRECTION('',(1.E0,0.E0,0.E0));
#1419=AXIS2_PLACEMENT_3D('',#1416,#1417,#1418);
#1421=DIRECTION('',(0.E0,-1.E0,0.E0));
#1422=VECTOR('',#1421,7.35E-1);
#1423=CARTESIAN_POINT('',(1.805E0,5.9E0,8.E-1));
#1424=LINE('',#1423,#1422);
#1425=DIRECTION('',(0.E0,-1.E0,0.E0));
#1426=VECTOR('',#1425,1.9E0);
#1427=CARTESIAN_POINT('',(2.825E0,5.9E0,8.E-1));
#1428=LINE('',#1427,#1426);
#1429=DIRECTION('',(-1.E0,0.E0,0.E0));
#1430=VECTOR('',#1429,7.5E-1);
#1431=CARTESIAN_POINT('',(2.925E0,6.E0,8.E-1));
#1432=LINE('',#1431,#1430);
#1433=DIRECTION('',(0.E0,1.E0,0.E0));
#1434=VECTOR('',#1433,1.9E0);
#1435=CARTESIAN_POINT('',(2.275E0,4.E0,8.E-1));
#1436=LINE('',#1435,#1434);
#1437=CARTESIAN_POINT('',(1.53E0,5.19E0,8.E-1));
#1438=DIRECTION('',(0.E0,0.E0,-1.E0));
#1439=DIRECTION('',(1.E0,0.E0,0.E0));
#1440=AXIS2_PLACEMENT_3D('',#1437,#1438,#1439);
#1442=CARTESIAN_POINT('',(1.53E0,5.19E0,8.E-1));
#1443=DIRECTION('',(0.E0,0.E0,-1.E0));
#1444=DIRECTION('',(-1.E0,0.E0,0.E0));
#1445=AXIS2_PLACEMENT_3D('',#1442,#1443,#1444);
#1447=CARTESIAN_POINT('',(1.155E0,5.9E0,8.E-1));
#1448=DIRECTION('',(0.E0,0.E0,1.E0));
#1449=DIRECTION('',(1.E0,0.E0,0.E0));
#1450=AXIS2_PLACEMENT_3D('',#1447,#1448,#1449);
#1452=DIRECTION('',(0.E0,0.E0,1.E0));
#1453=VECTOR('',#1452,7.E-1);
#1454=CARTESIAN_POINT('',(1.255E0,5.165E0,1.E-1));
#1455=LINE('',#1454,#1453);
#1456=DIRECTION('',(0.E0,-4.263256414561E-14,-1.E0));
#1457=VECTOR('',#1456,5.E-1);
#1458=CARTESIAN_POINT('',(1.255E0,5.9E0,8.E-1));
#1459=LINE('',#1458,#1457);
#1460=CARTESIAN_POINT('',(1.255E0,5.7E0,3.E-1));
#1461=DIRECTION('',(-1.E0,0.E0,0.E0));
#1462=DIRECTION('',(0.E0,1.E0,2.109423746788E-14));
#1463=AXIS2_PLACEMENT_3D('',#1460,#1461,#1462);
#1465=DIRECTION('',(0.E0,-1.E0,-2.360520916843E-14));
#1466=VECTOR('',#1465,5.35E-1);
#1467=CARTESIAN_POINT('',(1.255E0,5.7E0,1.E-1));
#1468=LINE('',#1467,#1466);
#1469=CARTESIAN_POINT('',(1.155E0,5.9E0,3.E-1));
#1470=DIRECTION('',(0.E0,0.E0,-1.E0));
#1471=DIRECTION('',(0.E0,1.E0,0.E0));
#1472=AXIS2_PLACEMENT_3D('',#1469,#1470,#1471);
#1474=CARTESIAN_POINT('',(1.155E0,5.7E0,1.E-1));
#1475=DIRECTION('',(0.E0,-1.E0,0.E0));
#1476=DIRECTION('',(0.E0,0.E0,-1.E0));
#1477=AXIS2_PLACEMENT_3D('',#1474,#1475,#1476);
#1479=DIRECTION('',(0.E0,0.E0,1.E0));
#1480=VECTOR('',#1479,7.E-1);
#1481=CARTESIAN_POINT('',(1.805E0,5.165E0,1.E-1));
#1482=LINE('',#1481,#1480);
#1483=DIRECTION('',(0.E0,1.E0,4.778109372335E-14));
#1484=VECTOR('',#1483,5.35E-1);
#1485=CARTESIAN_POINT('',(1.805E0,5.165E0,1.E-1));
#1486=LINE('',#1485,#1484);
#1487=CARTESIAN_POINT('',(1.805E0,5.7E0,3.E-1));
#1488=DIRECTION('',(1.E0,0.E0,0.E0));
#1489=DIRECTION('',(0.E0,0.E0,-1.E0));
#1490=AXIS2_PLACEMENT_3D('',#1487,#1488,#1489);
#1492=DIRECTION('',(0.E0,2.309263891220E-14,1.E0));
#1493=VECTOR('',#1492,5.E-1);
#1494=CARTESIAN_POINT('',(1.805E0,5.9E0,3.E-1));
#1495=LINE('',#1494,#1493);
#1496=CARTESIAN_POINT('',(1.905E0,5.7E0,1.E-1));
#1497=DIRECTION('',(0.E0,1.E0,0.E0));
#1498=DIRECTION('',(0.E0,0.E0,-1.E0));
#1499=AXIS2_PLACEMENT_3D('',#1496,#1497,#1498);
#1501=CARTESIAN_POINT('',(1.905E0,5.9E0,3.E-1));
#1502=DIRECTION('',(0.E0,0.E0,1.E0));
#1503=DIRECTION('',(0.E0,1.E0,0.E0));
#1504=AXIS2_PLACEMENT_3D('',#1501,#1502,#1503);
#1506=CARTESIAN_POINT('',(1.905E0,5.9E0,8.E-1));
#1507=DIRECTION('',(0.E0,0.E0,1.E0));
#1508=DIRECTION('',(0.E0,1.E0,0.E0));
#1509=AXIS2_PLACEMENT_3D('',#1506,#1507,#1508);
#1511=DIRECTION('',(0.E0,0.E0,1.E0));
#1512=VECTOR('',#1511,7.E-1);
#1513=CARTESIAN_POINT('',(2.825E0,2.625E0,1.E-1));
#1514=LINE('',#1513,#1512);
#1515=DIRECTION('',(0.E0,1.E0,0.E0));
#1516=VECTOR('',#1515,3.075E0);
#1517=CARTESIAN_POINT('',(2.825E0,2.625E0,1.E-1));
#1518=LINE('',#1517,#1516);
#1519=CARTESIAN_POINT('',(2.825E0,5.7E0,3.E-1));
#1520=DIRECTION('',(1.E0,0.E0,0.E0));
#1521=DIRECTION('',(0.E0,0.E0,-1.E0));
#1522=AXIS2_PLACEMENT_3D('',#1519,#1520,#1521);
#1524=DIRECTION('',(0.E0,2.309263891220E-14,1.E0));
#1525=VECTOR('',#1524,5.E-1);
#1526=CARTESIAN_POINT('',(2.825E0,5.9E0,3.E-1));
#1527=LINE('',#1526,#1525);
#1528=DIRECTION('',(0.E0,-1.E0,0.E0));
#1529=VECTOR('',#1528,9.6E0);
#1530=CARTESIAN_POINT('',(2.825E0,4.E0,2.E0));
#1531=LINE('',#1530,#1529);
#1532=CARTESIAN_POINT('',(2.55E0,2.625E0,8.E-1));
#1533=DIRECTION('',(0.E0,0.E0,-1.E0));
#1534=DIRECTION('',(1.E0,0.E0,0.E0));
#1535=AXIS2_PLACEMENT_3D('',#1532,#1533,#1534);
#1537=DIRECTION('',(0.E0,0.E0,1.E0));
#1538=VECTOR('',#1537,7.E-1);
#1539=CARTESIAN_POINT('',(2.275E0,2.625E0,1.E-1));
#1540=LINE('',#1539,#1538);
#1541=CARTESIAN_POINT('',(2.275E0,-6.E-1,1.6E0));
#1542=DIRECTION('',(1.E0,0.E0,0.E0));
#1543=DIRECTION('',(0.E0,0.E0,1.E0));
#1544=AXIS2_PLACEMENT_3D('',#1541,#1542,#1543);
#1546=DIRECTION('',(0.E0,-3.907985046681E-14,-1.E0));
#1547=VECTOR('',#1546,5.E-1);
#1548=CARTESIAN_POINT('',(2.275E0,5.9E0,8.E-1));
#1549=LINE('',#1548,#1547);
#1550=CARTESIAN_POINT('',(2.275E0,5.7E0,3.E-1));
#1551=DIRECTION('',(-1.E0,0.E0,0.E0));
#1552=DIRECTION('',(0.E0,1.E0,0.E0));
#1553=AXIS2_PLACEMENT_3D('',#1550,#1551,#1552);
#1555=DIRECTION('',(0.E0,-1.E0,0.E0));
#1556=VECTOR('',#1555,3.075E0);
#1557=CARTESIAN_POINT('',(2.275E0,5.7E0,1.E-1));
#1558=LINE('',#1557,#1556);
#1559=DIRECTION('',(0.E0,1.E0,0.E0));
#1560=VECTOR('',#1559,3.625E0);
#1561=CARTESIAN_POINT('',(2.275E0,-1.E0,8.E-1));
#1562=LINE('',#1561,#1560);
#1563=DIRECTION('',(0.E0,-1.E0,0.E0));
#1564=VECTOR('',#1563,8.625E0);
#1565=CARTESIAN_POINT('',(2.825E0,2.625E0,8.E-1));
#1566=LINE('',#1565,#1564);
#1567=DIRECTION('',(0.E0,1.E0,0.E0));
#1568=VECTOR('',#1567,1.E1);
#1569=CARTESIAN_POINT('',(-2.825E0,-6.E0,8.E-1));
#1570=LINE('',#1569,#1568);
#1571=DIRECTION('',(0.E0,1.E0,0.E0));
#1572=VECTOR('',#1571,3.625E0);
#1573=CARTESIAN_POINT('',(-1.805E0,-1.E0,8.E-1));
#1574=LINE('',#1573,#1572);
#1575=DIRECTION('',(0.E0,-1.E0,0.E0));
#1576=VECTOR('',#1575,3.625E0);
#1577=CARTESIAN_POINT('',(-1.255E0,2.625E0,8.E-1));
#1578=LINE('',#1577,#1576);
#1579=DIRECTION('',(0.E0,1.E0,0.E0));
#1580=VECTOR('',#1579,5.E0);
#1581=CARTESIAN_POINT('',(-7.85E-1,-1.E0,8.E-1));
#1582=LINE('',#1581,#1580);
#1583=DIRECTION('',(0.E0,1.E0,0.E0));
#1584=VECTOR('',#1583,3.625E0);
#1585=CARTESIAN_POINT('',(2.35E-1,-1.E0,8.E-1));
#1586=LINE('',#1585,#1584);
#1587=DIRECTION('',(0.E0,-1.E0,0.E0));
#1588=VECTOR('',#1587,3.625E0);
#1589=CARTESIAN_POINT('',(7.85E-1,2.625E0,8.E-1));
#1590=LINE('',#1589,#1588);
#1591=DIRECTION('',(0.E0,1.E0,0.E0));
#1592=VECTOR('',#1591,5.E0);
#1593=CARTESIAN_POINT('',(1.255E0,-1.E0,8.E-1));
#1594=LINE('',#1593,#1592);
#1595=DIRECTION('',(1.E0,0.E0,0.E0));
#1596=VECTOR('',#1595,5.65E0);
#1597=CARTESIAN_POINT('',(-2.825E0,-6.E0,8.E-1));
#1598=LINE('',#1597,#1596);
#1599=DIRECTION('',(0.E0,0.E0,1.E0));
#1600=VECTOR('',#1599,8.E-1);
#1601=CARTESIAN_POINT('',(2.825E0,-6.E0,8.E-1));
#1602=LINE('',#1601,#1600);
#1603=DIRECTION('',(-1.E0,0.E0,0.E0));
#1604=VECTOR('',#1603,2.575E0);
#1605=CARTESIAN_POINT('',(5.4E0,-6.E0,1.6E0));
#1606=LINE('',#1605,#1604);
#1607=DIRECTION('',(0.E0,0.E0,-1.E0));
#1608=VECTOR('',#1607,7.6E0);
#1609=CARTESIAN_POINT('',(5.4E0,-6.E0,9.2E0));
#1610=LINE('',#1609,#1608);
#1611=DIRECTION('',(1.E0,0.E0,0.E0));
#1612=VECTOR('',#1611,7.5E-1);
#1613=CARTESIAN_POINT('',(4.65E0,-6.E0,9.2E0));
#1614=LINE('',#1613,#1612);
#1615=DIRECTION('',(0.E0,0.E0,1.E0));
#1616=VECTOR('',#1615,1.7E0);
#1617=CARTESIAN_POINT('',(4.65E0,-6.E0,9.2E0));
#1618=LINE('',#1617,#1616);
#1619=DIRECTION('',(-1.E0,0.E0,0.E0));
#1620=VECTOR('',#1619,2.65E0);
#1621=CARTESIAN_POINT('',(4.65E0,-6.E0,1.09E1));
#1622=LINE('',#1621,#1620);
#1623=DIRECTION('',(0.E0,0.E0,-1.E0));
#1624=VECTOR('',#1623,3.E-1);
#1625=CARTESIAN_POINT('',(2.E0,-6.E0,1.12E1));
#1626=LINE('',#1625,#1624);
#1627=DIRECTION('',(1.E0,0.E0,0.E0));
#1628=VECTOR('',#1627,4.25E0);
#1629=CARTESIAN_POINT('',(2.E0,-6.E0,1.12E1));
#1630=LINE('',#1629,#1628);
#1631=DIRECTION('',(0.E0,0.E0,-1.E0));
#1632=VECTOR('',#1631,1.09E1);
#1633=CARTESIAN_POINT('',(6.25E0,-6.E0,1.12E1));
#1634=LINE('',#1633,#1632);
#1635=DIRECTION('',(-1.E0,0.E0,0.E0));
#1636=VECTOR('',#1635,1.25E1);
#1637=CARTESIAN_POINT('',(6.25E0,-6.E0,3.E-1));
#1638=LINE('',#1637,#1636);
#1639=DIRECTION('',(0.E0,0.E0,-1.E0));
#1640=VECTOR('',#1639,1.09E1);
#1641=CARTESIAN_POINT('',(-6.25E0,-6.E0,1.12E1));
#1642=LINE('',#1641,#1640);
#1643=DIRECTION('',(1.E0,0.E0,0.E0));
#1644=VECTOR('',#1643,4.25E0);
#1645=CARTESIAN_POINT('',(-6.25E0,-6.E0,1.12E1));
#1646=LINE('',#1645,#1644);
#1647=DIRECTION('',(0.E0,0.E0,-1.E0));
#1648=VECTOR('',#1647,3.E-1);
#1649=CARTESIAN_POINT('',(-2.E0,-6.E0,1.12E1));
#1650=LINE('',#1649,#1648);
#1651=DIRECTION('',(-1.E0,0.E0,0.E0));
#1652=VECTOR('',#1651,2.65E0);
#1653=CARTESIAN_POINT('',(-2.E0,-6.E0,1.09E1));
#1654=LINE('',#1653,#1652);
#1655=DIRECTION('',(0.E0,0.E0,-1.E0));
#1656=VECTOR('',#1655,1.7E0);
#1657=CARTESIAN_POINT('',(-4.65E0,-6.E0,1.09E1));
#1658=LINE('',#1657,#1656);
#1659=DIRECTION('',(1.E0,0.E0,0.E0));
#1660=VECTOR('',#1659,7.5E-1);
#1661=CARTESIAN_POINT('',(-5.4E0,-6.E0,9.2E0));
#1662=LINE('',#1661,#1660);
#1663=DIRECTION('',(0.E0,0.E0,1.E0));
#1664=VECTOR('',#1663,7.6E0);
#1665=CARTESIAN_POINT('',(-5.4E0,-6.E0,1.6E0));
#1666=LINE('',#1665,#1664);
#1667=DIRECTION('',(-1.E0,0.E0,0.E0));
#1668=VECTOR('',#1667,2.575E0);
#1669=CARTESIAN_POINT('',(-2.825E0,-6.E0,1.6E0));
#1670=LINE('',#1669,#1668);
#1671=DIRECTION('',(0.E0,0.E0,-1.E0));
#1672=VECTOR('',#1671,8.E-1);
#1673=CARTESIAN_POINT('',(-2.825E0,-6.E0,1.6E0));
#1674=LINE('',#1673,#1672);
#1675=DIRECTION('',(0.E0,7.071067811865E-1,7.071067811865E-1));
#1676=VECTOR('',#1675,5.656854249492E-1);
#1677=CARTESIAN_POINT('',(2.825E0,-6.E0,1.6E0));
#1678=LINE('',#1677,#1676);
#1679=DIRECTION('',(0.E0,7.071067811865E-1,7.071067811865E-1));
#1680=VECTOR('',#1679,5.656854249492E-1);
#1681=CARTESIAN_POINT('',(-2.825E0,-6.E0,1.6E0));
#1682=LINE('',#1681,#1680);
#1683=DIRECTION('',(-5.773502691896E-1,-5.773502691896E-1,-5.773502691896E-1));
#1684=VECTOR('',#1683,6.928203230276E-1);
#1685=CARTESIAN_POINT('',(-5.E0,-5.6E0,2.E0));
#1686=LINE('',#1685,#1684);
#1687=DIRECTION('',(5.773502691896E-1,-5.773502691896E-1,-5.773502691896E-1));
#1688=VECTOR('',#1687,6.928203230275E-1);
#1689=CARTESIAN_POINT('',(5.E0,-5.6E0,2.E0));
#1690=LINE('',#1689,#1688);
#1691=DIRECTION('',(0.E0,0.E0,-1.E0));
#1692=VECTOR('',#1691,6.8E0);
#1693=CARTESIAN_POINT('',(5.E0,-5.6E0,8.8E0));
#1694=LINE('',#1693,#1692);
#1695=DIRECTION('',(0.E0,1.E0,0.E0));
#1696=VECTOR('',#1695,9.6E0);
#1697=CARTESIAN_POINT('',(5.E0,-5.6E0,2.E0));
#1698=LINE('',#1697,#1696);
#1699=DIRECTION('',(0.E0,-1.E0,0.E0));
#1700=VECTOR('',#1699,2.5E0);
#1701=CARTESIAN_POINT('',(5.E0,4.E0,6.8E0));
#1702=LINE('',#1701,#1700);
#1703=DIRECTION('',(0.E0,0.E0,-1.E0));
#1704=VECTOR('',#1703,2.E0);
#1705=CARTESIAN_POINT('',(5.E0,1.5E0,8.8E0));
#1706=LINE('',#1705,#1704);
#1707=DIRECTION('',(1.E0,0.E0,0.E0));
#1708=VECTOR('',#1707,5.5E-1);
#1709=CARTESIAN_POINT('',(-2.825E0,4.E0,2.E0));
#1710=LINE('',#1709,#1708);
#1711=DIRECTION('',(0.E0,0.E0,1.E0));
#1712=VECTOR('',#1711,1.2E0);
#1713=CARTESIAN_POINT('',(-2.275E0,4.E0,8.E-1));
#1714=LINE('',#1713,#1712);
#1715=DIRECTION('',(1.E0,0.E0,0.E0));
#1716=VECTOR('',#1715,5.5E-1);
#1717=CARTESIAN_POINT('',(-2.825E0,4.E0,8.E-1));
#1718=LINE('',#1717,#1716);
#1719=DIRECTION('',(0.E0,0.E0,-1.E0));
#1720=VECTOR('',#1719,1.2E0);
#1721=CARTESIAN_POINT('',(-2.825E0,4.E0,2.E0));
#1722=LINE('',#1721,#1720);
#1723=DIRECTION('',(1.E0,0.E0,0.E0));
#1724=VECTOR('',#1723,5.5E-1);
#1725=CARTESIAN_POINT('',(-7.85E-1,4.E0,2.E0));
#1726=LINE('',#1725,#1724);
#1727=DIRECTION('',(0.E0,0.E0,1.E0));
#1728=VECTOR('',#1727,1.2E0);
#1729=CARTESIAN_POINT('',(-2.35E-1,4.E0,8.E-1));
#1730=LINE('',#1729,#1728);
#1731=DIRECTION('',(1.E0,0.E0,0.E0));
#1732=VECTOR('',#1731,5.5E-1);
#1733=CARTESIAN_POINT('',(-7.85E-1,4.E0,8.E-1));
#1734=LINE('',#1733,#1732);
#1735=DIRECTION('',(0.E0,0.E0,-1.E0));
#1736=VECTOR('',#1735,1.2E0);
#1737=CARTESIAN_POINT('',(-7.85E-1,4.E0,2.E0));
#1738=LINE('',#1737,#1736);
#1739=DIRECTION('',(1.E0,0.E0,0.E0));
#1740=VECTOR('',#1739,5.5E-1);
#1741=CARTESIAN_POINT('',(1.255E0,4.E0,2.E0));
#1742=LINE('',#1741,#1740);
#1743=DIRECTION('',(0.E0,0.E0,1.E0));
#1744=VECTOR('',#1743,1.2E0);
#1745=CARTESIAN_POINT('',(1.805E0,4.E0,8.E-1));
#1746=LINE('',#1745,#1744);
#1747=DIRECTION('',(1.E0,0.E0,0.E0));
#1748=VECTOR('',#1747,5.5E-1);
#1749=CARTESIAN_POINT('',(1.255E0,4.E0,8.E-1));
#1750=LINE('',#1749,#1748);
#1751=DIRECTION('',(0.E0,0.E0,-1.E0));
#1752=VECTOR('',#1751,1.2E0);
#1753=CARTESIAN_POINT('',(1.255E0,4.E0,2.E0));
#1754=LINE('',#1753,#1752);
#1755=DIRECTION('',(0.E0,0.E0,-1.E0));
#1756=VECTOR('',#1755,1.2E0);
#1757=CARTESIAN_POINT('',(-1.805E0,4.E0,2.E0));
#1758=LINE('',#1757,#1756);
#1759=DIRECTION('',(1.E0,0.E0,0.E0));
#1760=VECTOR('',#1759,5.5E-1);
#1761=CARTESIAN_POINT('',(-1.805E0,4.E0,2.E0));
#1762=LINE('',#1761,#1760);
#1763=DIRECTION('',(0.E0,0.E0,1.E0));
#1764=VECTOR('',#1763,1.2E0);
#1765=CARTESIAN_POINT('',(-1.255E0,4.E0,8.E-1));
#1766=LINE('',#1765,#1764);
#1767=DIRECTION('',(1.E0,0.E0,0.E0));
#1768=VECTOR('',#1767,5.5E-1);
#1769=CARTESIAN_POINT('',(-1.805E0,4.E0,8.E-1));
#1770=LINE('',#1769,#1768);
#1771=DIRECTION('',(0.E0,0.E0,-1.E0));
#1772=VECTOR('',#1771,1.2E0);
#1773=CARTESIAN_POINT('',(2.35E-1,4.E0,2.E0));
#1774=LINE('',#1773,#1772);
#1775=DIRECTION('',(1.E0,0.E0,0.E0));
#1776=VECTOR('',#1775,5.5E-1);
#1777=CARTESIAN_POINT('',(2.35E-1,4.E0,2.E0));
#1778=LINE('',#1777,#1776);
#1779=DIRECTION('',(0.E0,0.E0,1.E0));
#1780=VECTOR('',#1779,1.2E0);
#1781=CARTESIAN_POINT('',(7.85E-1,4.E0,8.E-1));
#1782=LINE('',#1781,#1780);
#1783=DIRECTION('',(1.E0,0.E0,0.E0));
#1784=VECTOR('',#1783,5.5E-1);
#1785=CARTESIAN_POINT('',(2.35E-1,4.E0,8.E-1));
#1786=LINE('',#1785,#1784);
#1787=DIRECTION('',(0.E0,0.E0,-1.E0));
#1788=VECTOR('',#1787,1.2E0);
#1789=CARTESIAN_POINT('',(2.275E0,4.E0,2.E0));
#1790=LINE('',#1789,#1788);
#1791=DIRECTION('',(1.E0,0.E0,0.E0));
#1792=VECTOR('',#1791,5.5E-1);
#1793=CARTESIAN_POINT('',(2.275E0,4.E0,2.E0));
#1794=LINE('',#1793,#1792);
#1795=DIRECTION('',(0.E0,0.E0,1.E0));
#1796=VECTOR('',#1795,1.2E0);
#1797=CARTESIAN_POINT('',(2.825E0,4.E0,8.E-1));
#1798=LINE('',#1797,#1796);
#1799=DIRECTION('',(1.E0,0.E0,0.E0));
#1800=VECTOR('',#1799,5.5E-1);
#1801=CARTESIAN_POINT('',(2.275E0,4.E0,8.E-1));
#1802=LINE('',#1801,#1800);
#1803=DIRECTION('',(0.E0,0.E0,-1.E0));
#1804=VECTOR('',#1803,1.8E0);
#1805=CARTESIAN_POINT('',(-4.25E0,4.E0,6.8E0));
#1806=LINE('',#1805,#1804);
#1807=DIRECTION('',(1.E0,0.E0,0.E0));
#1808=VECTOR('',#1807,1.325E0);
#1809=CARTESIAN_POINT('',(-4.25E0,4.E0,5.E0));
#1810=LINE('',#1809,#1808);
#1811=DIRECTION('',(0.E0,0.E0,1.E0));
#1812=VECTOR('',#1811,3.E0);
#1813=CARTESIAN_POINT('',(-2.925E0,4.E0,2.E0));
#1814=LINE('',#1813,#1812);
#1815=DIRECTION('',(1.E0,0.E0,0.E0));
#1816=VECTOR('',#1815,2.075E0);
#1817=CARTESIAN_POINT('',(-5.E0,4.E0,2.E0));
#1818=LINE('',#1817,#1816);
#1819=DIRECTION('',(0.E0,0.E0,-1.E0));
#1820=VECTOR('',#1819,4.8E0);
#1821=CARTESIAN_POINT('',(-5.E0,4.E0,6.8E0));
#1822=LINE('',#1821,#1820);
#1823=DIRECTION('',(1.E0,0.E0,0.E0));
#1824=VECTOR('',#1823,7.5E-1);
#1825=CARTESIAN_POINT('',(-5.E0,4.E0,6.8E0));
#1826=LINE('',#1825,#1824);
#1827=DIRECTION('',(1.E0,0.E0,0.E0));
#1828=VECTOR('',#1827,2.7E-1);
#1829=CARTESIAN_POINT('',(-2.175E0,4.E0,5.E0));
#1830=LINE('',#1829,#1828);
#1831=DIRECTION('',(0.E0,0.E0,1.E0));
#1832=VECTOR('',#1831,3.E0);
#1833=CARTESIAN_POINT('',(-1.905E0,4.E0,2.E0));
#1834=LINE('',#1833,#1832);
#1835=DIRECTION('',(1.E0,0.E0,0.E0));
#1836=VECTOR('',#1835,2.7E-1);
#1837=CARTESIAN_POINT('',(-2.175E0,4.E0,2.E0));
#1838=LINE('',#1837,#1836);
#1839=DIRECTION('',(0.E0,0.E0,-1.E0));
#1840=VECTOR('',#1839,3.E0);
#1841=CARTESIAN_POINT('',(-2.175E0,4.E0,5.E0));
#1842=LINE('',#1841,#1840);
#1843=DIRECTION('',(1.E0,0.E0,0.E0));
#1844=VECTOR('',#1843,2.7E-1);
#1845=CARTESIAN_POINT('',(-1.155E0,4.E0,5.E0));
#1846=LINE('',#1845,#1844);
#1847=DIRECTION('',(0.E0,0.E0,1.E0));
#1848=VECTOR('',#1847,3.E0);
#1849=CARTESIAN_POINT('',(-8.85E-1,4.E0,2.E0));
#1850=LINE('',#1849,#1848);
#1851=DIRECTION('',(1.E0,0.E0,0.E0));
#1852=VECTOR('',#1851,2.7E-1);
#1853=CARTESIAN_POINT('',(-1.155E0,4.E0,2.E0));
#1854=LINE('',#1853,#1852);
#1855=DIRECTION('',(0.E0,0.E0,-1.E0));
#1856=VECTOR('',#1855,3.E0);
#1857=CARTESIAN_POINT('',(-1.155E0,4.E0,5.E0));
#1858=LINE('',#1857,#1856);
#1859=DIRECTION('',(1.E0,0.E0,0.E0));
#1860=VECTOR('',#1859,2.7E-1);
#1861=CARTESIAN_POINT('',(-1.35E-1,4.E0,5.E0));
#1862=LINE('',#1861,#1860);
#1863=DIRECTION('',(0.E0,0.E0,1.E0));
#1864=VECTOR('',#1863,3.E0);
#1865=CARTESIAN_POINT('',(1.35E-1,4.E0,2.E0));
#1866=LINE('',#1865,#1864);
#1867=DIRECTION('',(1.E0,0.E0,0.E0));
#1868=VECTOR('',#1867,2.7E-1);
#1869=CARTESIAN_POINT('',(-1.35E-1,4.E0,2.E0));
#1870=LINE('',#1869,#1868);
#1871=DIRECTION('',(0.E0,0.E0,-1.E0));
#1872=VECTOR('',#1871,3.E0);
#1873=CARTESIAN_POINT('',(-1.35E-1,4.E0,5.E0));
#1874=LINE('',#1873,#1872);
#1875=DIRECTION('',(1.E0,0.E0,0.E0));
#1876=VECTOR('',#1875,2.7E-1);
#1877=CARTESIAN_POINT('',(8.85E-1,4.E0,5.E0));
#1878=LINE('',#1877,#1876);
#1879=DIRECTION('',(0.E0,0.E0,1.E0));
#1880=VECTOR('',#1879,3.E0);
#1881=CARTESIAN_POINT('',(1.155E0,4.E0,2.E0));
#1882=LINE('',#1881,#1880);
#1883=DIRECTION('',(1.E0,0.E0,0.E0));
#1884=VECTOR('',#1883,2.7E-1);
#1885=CARTESIAN_POINT('',(8.85E-1,4.E0,2.E0));
#1886=LINE('',#1885,#1884);
#1887=DIRECTION('',(0.E0,0.E0,-1.E0));
#1888=VECTOR('',#1887,3.E0);
#1889=CARTESIAN_POINT('',(8.85E-1,4.E0,5.E0));
#1890=LINE('',#1889,#1888);
#1891=DIRECTION('',(1.E0,0.E0,0.E0));
#1892=VECTOR('',#1891,2.7E-1);
#1893=CARTESIAN_POINT('',(1.905E0,4.E0,5.E0));
#1894=LINE('',#1893,#1892);
#1895=DIRECTION('',(0.E0,0.E0,1.E0));
#1896=VECTOR('',#1895,3.E0);
#1897=CARTESIAN_POINT('',(2.175E0,4.E0,2.E0));
#1898=LINE('',#1897,#1896);
#1899=DIRECTION('',(1.E0,0.E0,0.E0));
#1900=VECTOR('',#1899,2.7E-1);
#1901=CARTESIAN_POINT('',(1.905E0,4.E0,2.E0));
#1902=LINE('',#1901,#1900);
#1903=DIRECTION('',(0.E0,0.E0,-1.E0));
#1904=VECTOR('',#1903,3.E0);
#1905=CARTESIAN_POINT('',(1.905E0,4.E0,5.E0));
#1906=LINE('',#1905,#1904);
#1907=DIRECTION('',(1.E0,0.E0,0.E0));
#1908=VECTOR('',#1907,1.325E0);
#1909=CARTESIAN_POINT('',(2.925E0,4.E0,5.E0));
#1910=LINE('',#1909,#1908);
#1911=DIRECTION('',(0.E0,0.E0,-1.E0));
#1912=VECTOR('',#1911,1.8E0);
#1913=CARTESIAN_POINT('',(4.25E0,4.E0,6.8E0));
#1914=LINE('',#1913,#1912);
#1915=DIRECTION('',(-1.E0,0.E0,0.E0));
#1916=VECTOR('',#1915,7.5E-1);
#1917=CARTESIAN_POINT('',(5.E0,4.E0,6.8E0));
#1918=LINE('',#1917,#1916);
#1919=DIRECTION('',(0.E0,0.E0,1.E0));
#1920=VECTOR('',#1919,4.8E0);
#1921=CARTESIAN_POINT('',(5.E0,4.E0,2.E0));
#1922=LINE('',#1921,#1920);
#1923=DIRECTION('',(1.E0,0.E0,0.E0));
#1924=VECTOR('',#1923,2.075E0);
#1925=CARTESIAN_POINT('',(2.925E0,4.E0,2.E0));
#1926=LINE('',#1925,#1924);
#1927=DIRECTION('',(0.E0,0.E0,-1.E0));
#1928=VECTOR('',#1927,3.E0);
#1929=CARTESIAN_POINT('',(2.925E0,4.E0,5.E0));
#1930=LINE('',#1929,#1928);
#1931=CARTESIAN_POINT('',(-2.275E0,-6.E-1,1.6E0));
#1932=DIRECTION('',(-1.E0,0.E0,0.E0));
#1933=DIRECTION('',(0.E0,-1.E0,0.E0));
#1934=AXIS2_PLACEMENT_3D('',#1931,#1932,#1933);
#1936=DIRECTION('',(0.E0,1.E0,0.E0));
#1937=VECTOR('',#1936,5.E0);
#1938=CARTESIAN_POINT('',(-2.275E0,-1.E0,8.E-1));
#1939=LINE('',#1938,#1937);
#1940=DIRECTION('',(1.E0,0.E0,0.E0));
#1941=VECTOR('',#1940,4.7E-1);
#1942=CARTESIAN_POINT('',(-2.275E0,-1.E0,1.6E0));
#1943=LINE('',#1942,#1941);
#1944=DIRECTION('',(0.E0,0.E0,1.E0));
#1945=VECTOR('',#1944,8.E-1);
#1946=CARTESIAN_POINT('',(-1.805E0,-1.E0,8.E-1));
#1947=LINE('',#1946,#1945);
#1948=DIRECTION('',(1.E0,0.E0,0.E0));
#1949=VECTOR('',#1948,4.7E-1);
#1950=CARTESIAN_POINT('',(-2.275E0,-1.E0,8.E-1));
#1951=LINE('',#1950,#1949);
#1952=DIRECTION('',(0.E0,0.E0,1.E0));
#1953=VECTOR('',#1952,8.E-1);
#1954=CARTESIAN_POINT('',(-2.275E0,-1.E0,8.E-1));
#1955=LINE('',#1954,#1953);
#1956=DIRECTION('',(1.E0,0.E0,0.E0));
#1957=VECTOR('',#1956,4.7E-1);
#1958=CARTESIAN_POINT('',(-1.255E0,-1.E0,1.6E0));
#1959=LINE('',#1958,#1957);
#1960=DIRECTION('',(0.E0,0.E0,1.E0));
#1961=VECTOR('',#1960,8.E-1);
#1962=CARTESIAN_POINT('',(-7.85E-1,-1.E0,8.E-1));
#1963=LINE('',#1962,#1961);
#1964=DIRECTION('',(1.E0,0.E0,0.E0));
#1965=VECTOR('',#1964,4.7E-1);
#1966=CARTESIAN_POINT('',(-1.255E0,-1.E0,8.E-1));
#1967=LINE('',#1966,#1965);
#1968=DIRECTION('',(0.E0,0.E0,1.E0));
#1969=VECTOR('',#1968,8.E-1);
#1970=CARTESIAN_POINT('',(-1.255E0,-1.E0,8.E-1));
#1971=LINE('',#1970,#1969);
#1972=DIRECTION('',(1.E0,0.E0,0.E0));
#1973=VECTOR('',#1972,4.7E-1);
#1974=CARTESIAN_POINT('',(-2.35E-1,-1.E0,1.6E0));
#1975=LINE('',#1974,#1973);
#1976=DIRECTION('',(0.E0,0.E0,1.E0));
#1977=VECTOR('',#1976,8.E-1);
#1978=CARTESIAN_POINT('',(2.35E-1,-1.E0,8.E-1));
#1979=LINE('',#1978,#1977);
#1980=DIRECTION('',(1.E0,0.E0,0.E0));
#1981=VECTOR('',#1980,4.7E-1);
#1982=CARTESIAN_POINT('',(-2.35E-1,-1.E0,8.E-1));
#1983=LINE('',#1982,#1981);
#1984=DIRECTION('',(0.E0,0.E0,1.E0));
#1985=VECTOR('',#1984,8.E-1);
#1986=CARTESIAN_POINT('',(-2.35E-1,-1.E0,8.E-1));
#1987=LINE('',#1986,#1985);
#1988=DIRECTION('',(1.E0,0.E0,0.E0));
#1989=VECTOR('',#1988,4.7E-1);
#1990=CARTESIAN_POINT('',(7.85E-1,-1.E0,1.6E0));
#1991=LINE('',#1990,#1989);
#1992=DIRECTION('',(0.E0,0.E0,1.E0));
#1993=VECTOR('',#1992,8.E-1);
#1994=CARTESIAN_POINT('',(1.255E0,-1.E0,8.E-1));
#1995=LINE('',#1994,#1993);
#1996=DIRECTION('',(1.E0,0.E0,0.E0));
#1997=VECTOR('',#1996,4.7E-1);
#1998=CARTESIAN_POINT('',(7.85E-1,-1.E0,8.E-1));
#1999=LINE('',#1998,#1997);
#2000=DIRECTION('',(0.E0,0.E0,1.E0));
#2001=VECTOR('',#2000,8.E-1);
#2002=CARTESIAN_POINT('',(7.85E-1,-1.E0,8.E-1));
#2003=LINE('',#2002,#2001);
#2004=DIRECTION('',(1.E0,0.E0,0.E0));
#2005=VECTOR('',#2004,4.7E-1);
#2006=CARTESIAN_POINT('',(1.805E0,-1.E0,1.6E0));
#2007=LINE('',#2006,#2005);
#2008=DIRECTION('',(0.E0,0.E0,1.E0));
#2009=VECTOR('',#2008,8.E-1);
#2010=CARTESIAN_POINT('',(2.275E0,-1.E0,8.E-1));
#2011=LINE('',#2010,#2009);
#2012=DIRECTION('',(1.E0,0.E0,0.E0));
#2013=VECTOR('',#2012,4.7E-1);
#2014=CARTESIAN_POINT('',(1.805E0,-1.E0,8.E-1));
#2015=LINE('',#2014,#2013);
#2016=DIRECTION('',(0.E0,0.E0,1.E0));
#2017=VECTOR('',#2016,8.E-1);
#2018=CARTESIAN_POINT('',(1.805E0,-1.E0,8.E-1));
#2019=LINE('',#2018,#2017);
#2020=DIRECTION('',(0.E0,0.E0,1.E0));
#2021=VECTOR('',#2020,7.E-1);
#2022=CARTESIAN_POINT('',(-1.255E0,2.625E0,1.E-1));
#2023=LINE('',#2022,#2021);
#2024=DIRECTION('',(0.E0,1.E0,0.E0));
#2025=VECTOR('',#2024,3.075E0);
#2026=CARTESIAN_POINT('',(-1.255E0,2.625E0,1.E-1));
#2027=LINE('',#2026,#2025);
#2028=CARTESIAN_POINT('',(-1.255E0,5.7E0,3.E-1));
#2029=DIRECTION('',(1.E0,0.E0,0.E0));
#2030=DIRECTION('',(0.E0,0.E0,-1.E0));
#2031=AXIS2_PLACEMENT_3D('',#2028,#2029,#2030);
#2033=DIRECTION('',(0.E0,2.309263891220E-14,1.E0));
#2034=VECTOR('',#2033,5.E-1);
#2035=CARTESIAN_POINT('',(-1.255E0,5.9E0,3.E-1));
#2036=LINE('',#2035,#2034);
#2037=CARTESIAN_POINT('',(-1.255E0,-6.E-1,1.6E0));
#2038=DIRECTION('',(-1.E0,0.E0,0.E0));
#2039=DIRECTION('',(0.E0,-1.E0,0.E0));
#2040=AXIS2_PLACEMENT_3D('',#2037,#2038,#2039);
#2042=CARTESIAN_POINT('',(-1.155E0,5.7E0,1.E-1));
#2043=DIRECTION('',(0.E0,1.E0,0.E0));
#2044=DIRECTION('',(0.E0,0.E0,-1.E0));
#2045=AXIS2_PLACEMENT_3D('',#2042,#2043,#2044);
#2047=CARTESIAN_POINT('',(-1.155E0,5.9E0,3.E-1));
#2048=DIRECTION('',(0.E0,0.E0,1.E0));
#2049=DIRECTION('',(0.E0,1.E0,0.E0));
#2050=AXIS2_PLACEMENT_3D('',#2047,#2048,#2049);
#2052=CARTESIAN_POINT('',(-1.155E0,5.9E0,8.E-1));
#2053=DIRECTION('',(0.E0,0.E0,1.E0));
#2054=DIRECTION('',(0.E0,1.E0,0.E0));
#2055=AXIS2_PLACEMENT_3D('',#2052,#2053,#2054);
#2057=CARTESIAN_POINT('',(-7.85E-1,-6.E-1,1.6E0));
#2058=DIRECTION('',(1.E0,0.E0,0.E0));
#2059=DIRECTION('',(0.E0,0.E0,1.E0));
#2060=AXIS2_PLACEMENT_3D('',#2057,#2058,#2059);
#2062=DIRECTION('',(0.E0,0.E0,1.E0));
#2063=VECTOR('',#2062,7.E-1);
#2064=CARTESIAN_POINT('',(2.35E-1,2.625E0,1.E-1));
#2065=LINE('',#2064,#2063);
#2066=CARTESIAN_POINT('',(2.35E-1,-6.E-1,1.6E0));
#2067=DIRECTION('',(1.E0,0.E0,0.E0));
#2068=DIRECTION('',(0.E0,0.E0,1.E0));
#2069=AXIS2_PLACEMENT_3D('',#2066,#2067,#2068);
#2071=DIRECTION('',(0.E0,-4.263256414561E-14,-1.E0));
#2072=VECTOR('',#2071,5.E-1);
#2073=CARTESIAN_POINT('',(2.35E-1,5.9E0,8.E-1));
#2074=LINE('',#2073,#2072);
#2075=CARTESIAN_POINT('',(2.35E-1,5.7E0,3.E-1));
#2076=DIRECTION('',(-1.E0,0.E0,0.E0));
#2077=DIRECTION('',(0.E0,1.E0,0.E0));
#2078=AXIS2_PLACEMENT_3D('',#2075,#2076,#2077);
#2080=DIRECTION('',(0.E0,-1.E0,0.E0));
#2081=VECTOR('',#2080,3.075E0);
#2082=CARTESIAN_POINT('',(2.35E-1,5.7E0,1.E-1));
#2083=LINE('',#2082,#2081);
#2084=CARTESIAN_POINT('',(5.1E-1,2.625E0,8.E-1));
#2085=DIRECTION('',(0.E0,0.E0,-1.E0));
#2086=DIRECTION('',(1.E0,0.E0,0.E0));
#2087=AXIS2_PLACEMENT_3D('',#2084,#2085,#2086);
#2089=CARTESIAN_POINT('',(5.1E-1,2.625E0,1.E-1));
#2090=DIRECTION('',(0.E0,0.E0,-1.E0));
#2091=DIRECTION('',(1.E0,0.E0,0.E0));
#2092=AXIS2_PLACEMENT_3D('',#2089,#2090,#2091);
#2094=CARTESIAN_POINT('',(1.35E-1,2.625E0,1.E-1));
#2095=DIRECTION('',(0.E0,-1.E0,0.E0));
#2096=DIRECTION('',(0.E0,0.E0,-1.E0));
#2097=AXIS2_PLACEMENT_3D('',#2094,#2095,#2096);
#2099=CARTESIAN_POINT('',(5.1E-1,2.625E0,0.E0));
#2100=DIRECTION('',(0.E0,0.E0,1.E0));
#2101=DIRECTION('',(-9.999999950740E-1,9.925703939473E-5,0.E0));
#2102=AXIS2_PLACEMENT_3D('',#2099,#2100,#2101);
#2104=CARTESIAN_POINT('',(8.85E-1,2.625E0,1.E-1));
#2105=DIRECTION('',(0.E0,-1.E0,0.E0));
#2106=DIRECTION('',(-1.E0,0.E0,-2.373101715136E-14));
#2107=AXIS2_PLACEMENT_3D('',#2104,#2105,#2106);
#2109=CARTESIAN_POINT('',(1.35E-1,5.7E0,1.E-1));
#2110=DIRECTION('',(0.E0,-1.E0,0.E0));
#2111=DIRECTION('',(0.E0,0.E0,-1.E0));
#2112=AXIS2_PLACEMENT_3D('',#2109,#2110,#2111);
#2114=CARTESIAN_POINT('',(1.35E-1,5.9E0,3.E-1));
#2115=DIRECTION('',(0.E0,0.E0,-1.E0));
#2116=DIRECTION('',(0.E0,1.E0,0.E0));
#2117=AXIS2_PLACEMENT_3D('',#2114,#2115,#2116);
#2119=CARTESIAN_POINT('',(1.35E-1,5.9E0,8.E-1));
#2120=DIRECTION('',(0.E0,0.E0,1.E0));
#2121=DIRECTION('',(1.E0,0.E0,0.E0));
#2122=AXIS2_PLACEMENT_3D('',#2119,#2120,#2121);
#2124=DIRECTION('',(-1.E0,0.E0,0.E0));
#2125=VECTOR('',#2124,7.5E-1);
#2126=CARTESIAN_POINT('',(-1.35E-1,6.E0,8.E-1));
#2127=LINE('',#2126,#2125);
#2128=DIRECTION('',(0.E0,1.E0,0.E0));
#2129=VECTOR('',#2128,7.35E-1);
#2130=CARTESIAN_POINT('',(-7.85E-1,5.165E0,8.E-1));
#2131=LINE('',#2130,#2129);
#2132=CARTESIAN_POINT('',(-5.1E-1,5.165E0,8.E-1));
#2133=DIRECTION('',(0.E0,0.E0,-1.E0));
#2134=DIRECTION('',(1.E0,0.E0,0.E0));
#2135=AXIS2_PLACEMENT_3D('',#2132,#2133,#2134);
#2137=DIRECTION('',(0.E0,-1.E0,0.E0));
#2138=VECTOR('',#2137,7.35E-1);
#2139=CARTESIAN_POINT('',(-2.35E-1,5.9E0,8.E-1));
#2140=LINE('',#2139,#2138);
#2141=DIRECTION('',(0.E0,-1.E0,0.E0));
#2142=VECTOR('',#2141,1.9E0);
#2143=CARTESIAN_POINT('',(7.85E-1,5.9E0,8.E-1));
#2144=LINE('',#2143,#2142);
#2145=DIRECTION('',(-1.E0,0.E0,0.E0));
#2146=VECTOR('',#2145,7.5E-1);
#2147=CARTESIAN_POINT('',(8.85E-1,6.E0,8.E-1));
#2148=LINE('',#2147,#2146);
#2149=DIRECTION('',(0.E0,1.E0,0.E0));
#2150=VECTOR('',#2149,1.9E0);
#2151=CARTESIAN_POINT('',(2.35E-1,4.E0,8.E-1));
#2152=LINE('',#2151,#2150);
#2153=CARTESIAN_POINT('',(-5.1E-1,5.19E0,8.E-1));
#2154=DIRECTION('',(0.E0,0.E0,-1.E0));
#2155=DIRECTION('',(1.E0,0.E0,0.E0));
#2156=AXIS2_PLACEMENT_3D('',#2153,#2154,#2155);
#2158=CARTESIAN_POINT('',(-5.1E-1,5.19E0,8.E-1));
#2159=DIRECTION('',(0.E0,0.E0,-1.E0));
#2160=DIRECTION('',(-1.E0,0.E0,0.E0));
#2161=AXIS2_PLACEMENT_3D('',#2158,#2159,#2160);
#2163=CARTESIAN_POINT('',(-8.85E-1,5.9E0,8.E-1));
#2164=DIRECTION('',(0.E0,0.E0,1.E0));
#2165=DIRECTION('',(1.E0,0.E0,0.E0));
#2166=AXIS2_PLACEMENT_3D('',#2163,#2164,#2165);
#2168=DIRECTION('',(0.E0,0.E0,1.E0));
#2169=VECTOR('',#2168,7.E-1);
#2170=CARTESIAN_POINT('',(-7.85E-1,5.165E0,1.E-1));
#2171=LINE('',#2170,#2169);
#2172=DIRECTION('',(0.E0,-4.618527782441E-14,-1.E0));
#2173=VECTOR('',#2172,5.E-1);
#2174=CARTESIAN_POINT('',(-7.85E-1,5.9E0,8.E-1));
#2175=LINE('',#2174,#2173);
#2176=CARTESIAN_POINT('',(-7.85E-1,5.7E0,3.E-1));
#2177=DIRECTION('',(-1.E0,0.E0,0.E0));
#2178=DIRECTION('',(0.E0,1.E0,2.109423746788E-14));
#2179=AXIS2_PLACEMENT_3D('',#2176,#2177,#2178);
#2181=DIRECTION('',(0.E0,-1.E0,-2.347551021696E-14));
#2182=VECTOR('',#2181,5.35E-1);
#2183=CARTESIAN_POINT('',(-7.85E-1,5.7E0,1.E-1));
#2184=LINE('',#2183,#2182);
#2185=CARTESIAN_POINT('',(-5.1E-1,5.165E0,1.E-1));
#2186=DIRECTION('',(0.E0,0.E0,-1.E0));
#2187=DIRECTION('',(1.E0,0.E0,0.E0));
#2188=AXIS2_PLACEMENT_3D('',#2185,#2186,#2187);
#2190=CARTESIAN_POINT('',(-8.85E-1,5.165E0,1.E-1));
#2191=DIRECTION('',(0.E0,-1.E0,0.E0));
#2192=DIRECTION('',(0.E0,0.E0,-1.E0));
#2193=AXIS2_PLACEMENT_3D('',#2190,#2191,#2192);
#2195=CARTESIAN_POINT('',(-5.1E-1,5.165E0,0.E0));
#2196=DIRECTION('',(0.E0,0.E0,1.E0));
#2197=DIRECTION('',(-9.999999950740E-1,9.925703938999E-5,0.E0));
#2198=AXIS2_PLACEMENT_3D('',#2195,#2196,#2197);
#2200=CARTESIAN_POINT('',(-1.35E-1,5.165E0,1.E-1));
#2201=DIRECTION('',(0.E0,-1.E0,0.E0));
#2202=DIRECTION('',(-1.E0,0.E0,-2.373101715136E-14));
#2203=AXIS2_PLACEMENT_3D('',#2200,#2201,#2202);
#2205=CARTESIAN_POINT('',(-8.85E-1,5.7E0,1.E-1));
#2206=DIRECTION('',(0.E0,-1.E0,0.E0));
#2207=DIRECTION('',(0.E0,0.E0,-1.E0));
#2208=AXIS2_PLACEMENT_3D('',#2205,#2206,#2207);
#2210=CARTESIAN_POINT('',(-8.85E-1,5.9E0,3.E-1));
#2211=DIRECTION('',(0.E0,0.E0,-1.E0));
#2212=DIRECTION('',(0.E0,1.E0,0.E0));
#2213=AXIS2_PLACEMENT_3D('',#2210,#2211,#2212);
#2215=CARTESIAN_POINT('',(-1.35E-1,5.7E0,1.E-1));
#2216=DIRECTION('',(0.E0,1.E0,0.E0));
#2217=DIRECTION('',(0.E0,0.E0,-1.E0));
#2218=AXIS2_PLACEMENT_3D('',#2215,#2216,#2217);
#2220=CARTESIAN_POINT('',(-1.35E-1,5.9E0,3.E-1));
#2221=DIRECTION('',(0.E0,0.E0,1.E0));
#2222=DIRECTION('',(0.E0,1.E0,0.E0));
#2223=AXIS2_PLACEMENT_3D('',#2220,#2221,#2222);
#2225=CARTESIAN_POINT('',(-1.35E-1,5.9E0,8.E-1));
#2226=DIRECTION('',(0.E0,0.E0,1.E0));
#2227=DIRECTION('',(0.E0,1.E0,0.E0));
#2228=AXIS2_PLACEMENT_3D('',#2225,#2226,#2227);
#2230=DIRECTION('',(0.E0,0.E0,1.E0));
#2231=VECTOR('',#2230,7.E-1);
#2232=CARTESIAN_POINT('',(-2.35E-1,5.165E0,1.E-1));
#2233=LINE('',#2232,#2231);
#2234=DIRECTION('',(0.E0,1.E0,4.850740785161E-14));
#2235=VECTOR('',#2234,5.35E-1);
#2236=CARTESIAN_POINT('',(-2.35E-1,5.165E0,1.E-1));
#2237=LINE('',#2236,#2235);
#2238=CARTESIAN_POINT('',(-2.35E-1,5.7E0,3.E-1));
#2239=DIRECTION('',(1.E0,0.E0,0.E0));
#2240=DIRECTION('',(0.E0,0.E0,-1.E0));
#2241=AXIS2_PLACEMENT_3D('',#2238,#2239,#2240);
#2243=DIRECTION('',(0.E0,2.309263891220E-14,1.E0));
#2244=VECTOR('',#2243,5.E-1);
#2245=CARTESIAN_POINT('',(-2.35E-1,5.9E0,3.E-1));
#2246=LINE('',#2245,#2244);
#2247=DIRECTION('',(0.E0,0.E0,1.E0));
#2248=VECTOR('',#2247,7.E-1);
#2249=CARTESIAN_POINT('',(7.85E-1,2.625E0,1.E-1));
#2250=LINE('',#2249,#2248);
#2251=DIRECTION('',(0.E0,1.E0,0.E0));
#2252=VECTOR('',#2251,3.075E0);
#2253=CARTESIAN_POINT('',(7.85E-1,2.625E0,1.E-1));
#2254=LINE('',#2253,#2252);
#2255=CARTESIAN_POINT('',(7.85E-1,5.7E0,3.E-1));
#2256=DIRECTION('',(1.E0,0.E0,0.E0));
#2257=DIRECTION('',(0.E0,0.E0,-1.E0));
#2258=AXIS2_PLACEMENT_3D('',#2255,#2256,#2257);
#2260=DIRECTION('',(0.E0,2.309263891220E-14,1.E0));
#2261=VECTOR('',#2260,5.E-1);
#2262=CARTESIAN_POINT('',(7.85E-1,5.9E0,3.E-1));
#2263=LINE('',#2262,#2261);
#2264=CARTESIAN_POINT('',(7.85E-1,-6.E-1,1.6E0));
#2265=DIRECTION('',(-1.E0,0.E0,0.E0));
#2266=DIRECTION('',(0.E0,-1.E0,0.E0));
#2267=AXIS2_PLACEMENT_3D('',#2264,#2265,#2266);
#2269=CARTESIAN_POINT('',(8.85E-1,5.7E0,1.E-1));
#2270=DIRECTION('',(0.E0,1.E0,0.E0));
#2271=DIRECTION('',(0.E0,0.E0,-1.E0));
#2272=AXIS2_PLACEMENT_3D('',#2269,#2270,#2271);
#2274=CARTESIAN_POINT('',(8.85E-1,5.9E0,3.E-1));
#2275=DIRECTION('',(0.E0,0.E0,1.E0));
#2276=DIRECTION('',(0.E0,1.E0,0.E0));
#2277=AXIS2_PLACEMENT_3D('',#2274,#2275,#2276);
#2279=CARTESIAN_POINT('',(8.85E-1,5.9E0,8.E-1));
#2280=DIRECTION('',(0.E0,0.E0,1.E0));
#2281=DIRECTION('',(0.E0,1.E0,0.E0));
#2282=AXIS2_PLACEMENT_3D('',#2279,#2280,#2281);
#2284=CARTESIAN_POINT('',(1.255E0,-6.E-1,1.6E0));
#2285=DIRECTION('',(1.E0,0.E0,0.E0));
#2286=DIRECTION('',(0.E0,0.E0,1.E0));
#2287=AXIS2_PLACEMENT_3D('',#2284,#2285,#2286);
#2289=DIRECTION('',(0.E0,0.E0,-1.E0));
#2290=VECTOR('',#2289,3.E0);
#2291=CARTESIAN_POINT('',(-2.8E-1,5.19E0,8.E-1));
#2292=LINE('',#2291,#2290);
#2293=DIRECTION('',(0.E0,0.E0,-1.E0));
#2294=VECTOR('',#2293,3.E0);
#2295=CARTESIAN_POINT('',(-7.4E-1,5.19E0,8.E-1));
#2296=LINE('',#2295,#2294);
#2297=CARTESIAN_POINT('',(-5.1E-1,5.19E0,-2.2E0));
#2298=DIRECTION('',(0.E0,0.E0,-1.E0));
#2299=DIRECTION('',(1.E0,0.E0,0.E0));
#2300=AXIS2_PLACEMENT_3D('',#2297,#2298,#2299);
#2302=CARTESIAN_POINT('',(-5.1E-1,5.19E0,-2.2E0));
#2303=DIRECTION('',(0.E0,0.E0,-1.E0));
#2304=DIRECTION('',(-1.E0,0.E0,0.E0));
#2305=AXIS2_PLACEMENT_3D('',#2302,#2303,#2304);
#2307=DIRECTION('',(0.E0,1.E0,0.E0));
#2308=VECTOR('',#2307,5.E0);
#2309=CARTESIAN_POINT('',(-2.35E-1,-1.E0,8.E-1));
#2310=LINE('',#2309,#2308);
#2311=CARTESIAN_POINT('',(-2.35E-1,-6.E-1,1.6E0));
#2312=DIRECTION('',(-1.E0,0.E0,0.E0));
#2313=DIRECTION('',(0.E0,-1.E0,0.E0));
#2314=AXIS2_PLACEMENT_3D('',#2311,#2312,#2313);
#2316=DIRECTION('',(0.E0,1.E0,0.E0));
#2317=VECTOR('',#2316,5.E0);
#2318=CARTESIAN_POINT('',(1.805E0,-1.E0,8.E-1));
#2319=LINE('',#2318,#2317);
#2320=CARTESIAN_POINT('',(1.805E0,-6.E-1,1.6E0));
#2321=DIRECTION('',(-1.E0,0.E0,0.E0));
#2322=DIRECTION('',(0.E0,-1.E0,0.E0));
#2323=AXIS2_PLACEMENT_3D('',#2320,#2321,#2322);
#2325=DIRECTION('',(0.E0,1.E0,0.E0));
#2326=VECTOR('',#2325,9.6E0);
#2327=CARTESIAN_POINT('',(-2.825E0,-5.6E0,2.E0));
#2328=LINE('',#2327,#2326);
#2329=DIRECTION('',(0.E0,1.E0,0.E0));
#2330=VECTOR('',#2329,1.E1);
#2331=CARTESIAN_POINT('',(-4.25E0,-5.6E0,1.05E1));
#2332=LINE('',#2331,#2330);
#2333=DIRECTION('',(0.E0,-1.E0,0.E0));
#2334=VECTOR('',#2333,2.5E0);
#2335=CARTESIAN_POINT('',(-4.25E0,4.E0,6.8E0));
#2336=LINE('',#2335,#2334);
#2337=DIRECTION('',(0.E0,0.E0,-1.E0));
#2338=VECTOR('',#2337,1.7E0);
#2339=CARTESIAN_POINT('',(-4.25E0,-5.6E0,1.05E1));
#2340=LINE('',#2339,#2338);
#2341=DIRECTION('',(-1.E0,0.E0,0.E0));
#2342=VECTOR('',#2341,2.25E0);
#2343=CARTESIAN_POINT('',(-2.E0,-5.6E0,1.05E1));
#2344=LINE('',#2343,#2342);
#2345=DIRECTION('',(0.E0,1.E0,0.E0));
#2346=VECTOR('',#2345,1.6E0);
#2347=CARTESIAN_POINT('',(-2.E0,-5.6E0,1.05E1));
#2348=LINE('',#2347,#2346);
#2349=DIRECTION('',(1.E0,0.E0,0.E0));
#2350=VECTOR('',#2349,1.15E0);
#2351=CARTESIAN_POINT('',(-3.15E0,-4.E0,1.05E1));
#2352=LINE('',#2351,#2350);
#2353=DIRECTION('',(0.E0,-1.E0,0.E0));
#2354=VECTOR('',#2353,3.25E0);
#2355=CARTESIAN_POINT('',(-3.15E0,-7.5E-1,1.05E1));
#2356=LINE('',#2355,#2354);
#2357=DIRECTION('',(-1.E0,0.E0,0.E0));
#2358=VECTOR('',#2357,6.3E0);
#2359=CARTESIAN_POINT('',(3.15E0,-7.5E-1,1.05E1));
#2360=LINE('',#2359,#2358);
#2361=DIRECTION('',(0.E0,1.E0,0.E0));
#2362=VECTOR('',#2361,3.25E0);
#2363=CARTESIAN_POINT('',(3.15E0,-4.E0,1.05E1));
#2364=LINE('',#2363,#2362);
#2365=DIRECTION('',(-1.E0,0.E0,0.E0));
#2366=VECTOR('',#2365,1.15E0);
#2367=CARTESIAN_POINT('',(3.15E0,-4.E0,1.05E1));
#2368=LINE('',#2367,#2366);
#2369=DIRECTION('',(0.E0,1.E0,0.E0));
#2370=VECTOR('',#2369,1.6E0);
#2371=CARTESIAN_POINT('',(2.E0,-5.6E0,1.05E1));
#2372=LINE('',#2371,#2370);
#2373=DIRECTION('',(-1.E0,0.E0,0.E0));
#2374=VECTOR('',#2373,2.25E0);
#2375=CARTESIAN_POINT('',(4.25E0,-5.6E0,1.05E1));
#2376=LINE('',#2375,#2374);
#2377=DIRECTION('',(0.E0,1.E0,0.E0));
#2378=VECTOR('',#2377,4.E-1);
#2379=CARTESIAN_POINT('',(4.25E0,4.E0,5.E0));
#2380=LINE('',#2379,#2378);
#2381=DIRECTION('',(0.E0,-1.E0,0.E0));
#2382=VECTOR('',#2381,1.E1);
#2383=CARTESIAN_POINT('',(4.25E0,4.4E0,1.05E1));
#2384=LINE('',#2383,#2382);
#2385=DIRECTION('',(0.E0,0.E0,1.E0));
#2386=VECTOR('',#2385,1.7E0);
#2387=CARTESIAN_POINT('',(4.25E0,-5.6E0,8.8E0));
#2388=LINE('',#2387,#2386);
#2389=DIRECTION('',(0.E0,1.E0,0.E0));
#2390=VECTOR('',#2389,7.1E0);
#2391=CARTESIAN_POINT('',(4.25E0,-5.6E0,8.8E0));
#2392=LINE('',#2391,#2390);
#2393=DIRECTION('',(0.E0,-1.E0,0.E0));
#2394=VECTOR('',#2393,2.5E0);
#2395=CARTESIAN_POINT('',(4.25E0,4.E0,6.8E0));
#2396=LINE('',#2395,#2394);
#2397=DIRECTION('',(0.E0,0.E0,1.E0));
#2398=VECTOR('',#2397,2.E0);
#2399=CARTESIAN_POINT('',(-4.25E0,1.5E0,6.8E0));
#2400=LINE('',#2399,#2398);
#2401=DIRECTION('',(1.E0,0.E0,0.E0));
#2402=VECTOR('',#2401,7.5E-1);
#2403=CARTESIAN_POINT('',(-5.E0,1.5E0,6.8E0));
#2404=LINE('',#2403,#2402);
#2405=DIRECTION('',(1.E0,0.E0,0.E0));
#2406=VECTOR('',#2405,7.5E-1);
#2407=CARTESIAN_POINT('',(4.25E0,1.5E0,6.8E0));
#2408=LINE('',#2407,#2406);
#2409=DIRECTION('',(0.E0,0.E0,-1.E0));
#2410=VECTOR('',#2409,2.E0);
#2411=CARTESIAN_POINT('',(4.25E0,1.5E0,8.8E0));
#2412=LINE('',#2411,#2410);
#2413=DIRECTION('',(1.E0,0.E0,0.E0));
#2414=VECTOR('',#2413,7.5E-1);
#2415=CARTESIAN_POINT('',(-5.E0,-5.6E0,8.8E0));
#2416=LINE('',#2415,#2414);
#2417=DIRECTION('',(0.E0,1.E0,0.E0));
#2418=VECTOR('',#2417,7.1E0);
#2419=CARTESIAN_POINT('',(-4.25E0,-5.6E0,8.8E0));
#2420=LINE('',#2419,#2418);
#2421=DIRECTION('',(-1.E0,0.E0,0.E0));
#2422=VECTOR('',#2421,7.5E-1);
#2423=CARTESIAN_POINT('',(-4.25E0,1.5E0,8.8E0));
#2424=LINE('',#2423,#2422);
#2425=DIRECTION('',(-5.773502691896E-1,-5.773502691896E-1,5.773502691896E-1));
#2426=VECTOR('',#2425,6.928203230276E-1);
#2427=CARTESIAN_POINT('',(-4.25E0,-5.6E0,8.8E0));
#2428=LINE('',#2427,#2426);
#2429=DIRECTION('',(-5.773502691896E-1,-5.773502691896E-1,5.773502691896E-1));
#2430=VECTOR('',#2429,6.928203230276E-1);
#2431=CARTESIAN_POINT('',(-4.25E0,-5.6E0,1.05E1));
#2432=LINE('',#2431,#2430);
#2433=DIRECTION('',(0.E0,0.E0,-1.E0));
#2434=VECTOR('',#2433,1.E0);
#2435=CARTESIAN_POINT('',(-2.E0,-4.E0,1.15E1));
#2436=LINE('',#2435,#2434);
#2437=DIRECTION('',(0.E0,7.071067811865E-1,-7.071067811865E-1));
#2438=VECTOR('',#2437,5.656854249492E-1);
#2439=CARTESIAN_POINT('',(-2.E0,-6.E0,1.09E1));
#2440=LINE('',#2439,#2438);
#2441=CARTESIAN_POINT('',(-2.E0,-5.7E0,1.12E1));
#2442=DIRECTION('',(1.E0,0.E0,0.E0));
#2443=DIRECTION('',(0.E0,-2.072416312634E-14,1.E0));
#2444=AXIS2_PLACEMENT_3D('',#2441,#2442,#2443);
#2446=CARTESIAN_POINT('',(2.E0,-5.7E0,1.12E1));
#2447=DIRECTION('',(1.E0,0.E0,0.E0));
#2448=DIRECTION('',(0.E0,-2.368475785867E-14,1.E0));
#2449=AXIS2_PLACEMENT_3D('',#2446,#2447,#2448);
#2451=CARTESIAN_POINT('',(-6.25E0,-5.7E0,1.12E1));
#2452=DIRECTION('',(-1.E0,0.E0,0.E0));
#2453=DIRECTION('',(0.E0,-1.E0,0.E0));
#2454=AXIS2_PLACEMENT_3D('',#2451,#2452,#2453);
#2456=CARTESIAN_POINT('',(-6.25E0,-5.7E0,1.12E1));
#2457=DIRECTION('',(0.E0,0.E0,1.E0));
#2458=DIRECTION('',(-1.E0,0.E0,0.E0));
#2459=AXIS2_PLACEMENT_3D('',#2456,#2457,#2458);
#2461=CARTESIAN_POINT('',(-6.25E0,-5.7E0,1.12E1));
#2462=DIRECTION('',(0.E0,-1.E0,0.E0));
#2463=DIRECTION('',(0.E0,0.E0,1.E0));
#2464=AXIS2_PLACEMENT_3D('',#2461,#2462,#2463);
#2466=CARTESIAN_POINT('',(-6.25E0,-5.7E0,3.E-1));
#2467=DIRECTION('',(0.E0,0.E0,-1.E0));
#2468=DIRECTION('',(0.E0,-1.E0,0.E0));
#2469=AXIS2_PLACEMENT_3D('',#2466,#2467,#2468);
#2471=CARTESIAN_POINT('',(-6.25E0,-5.7E0,3.E-1));
#2472=DIRECTION('',(-1.E0,0.E0,0.E0));
#2473=DIRECTION('',(0.E0,0.E0,-1.E0));
#2474=AXIS2_PLACEMENT_3D('',#2471,#2472,#2473);
#2476=CARTESIAN_POINT('',(-6.25E0,-5.7E0,3.E-1));
#2477=DIRECTION('',(0.E0,-1.E0,0.E0));
#2478=DIRECTION('',(-1.E0,0.E0,0.E0));
#2479=AXIS2_PLACEMENT_3D('',#2476,#2477,#2478);
#2481=CARTESIAN_POINT('',(6.25E0,-5.7E0,3.E-1));
#2482=DIRECTION('',(1.E0,0.E0,0.E0));
#2483=DIRECTION('',(0.E0,-1.E0,0.E0));
#2484=AXIS2_PLACEMENT_3D('',#2481,#2482,#2483);
#2486=CARTESIAN_POINT('',(6.25E0,-5.7E0,3.E-1));
#2487=DIRECTION('',(0.E0,0.E0,-1.E0));
#2488=DIRECTION('',(1.E0,0.E0,0.E0));
#2489=AXIS2_PLACEMENT_3D('',#2486,#2487,#2488);
#2491=CARTESIAN_POINT('',(6.25E0,-5.7E0,3.E-1));
#2492=DIRECTION('',(0.E0,-1.E0,0.E0));
#2493=DIRECTION('',(0.E0,0.E0,-1.E0));
#2494=AXIS2_PLACEMENT_3D('',#2491,#2492,#2493);
#2496=DIRECTION('',(0.E0,-1.E0,0.E0));
#2497=VECTOR('',#2496,6.4E0);
#2498=CARTESIAN_POINT('',(6.55E0,5.7E0,3.E-1));
#2499=LINE('',#2498,#2497);
#2500=DIRECTION('',(0.E0,-1.E0,0.E0));
#2501=VECTOR('',#2500,5.E0);
#2502=CARTESIAN_POINT('',(6.55E0,-7.E-1,3.E-1));
#2503=LINE('',#2502,#2501);
#2504=DIRECTION('',(0.E0,0.E0,-1.E0));
#2505=VECTOR('',#2504,1.09E1);
#2506=CARTESIAN_POINT('',(6.55E0,-5.7E0,1.12E1));
#2507=LINE('',#2506,#2505);
#2508=DIRECTION('',(0.E0,1.E0,0.E0));
#2509=VECTOR('',#2508,1.14E1);
#2510=CARTESIAN_POINT('',(6.55E0,-5.7E0,1.12E1));
#2511=LINE('',#2510,#2509);
#2512=DIRECTION('',(0.E0,0.E0,-1.E0));
#2513=VECTOR('',#2512,1.09E1);
#2514=CARTESIAN_POINT('',(6.55E0,5.7E0,1.12E1));
#2515=LINE('',#2514,#2513);
#2516=CARTESIAN_POINT('',(6.55E0,-7.E-1,3.E-1));
#2517=CARTESIAN_POINT('',(6.55E0,-7.404275360393E-1,2.812856872753E-1));
#2518=CARTESIAN_POINT('',(6.546491662342E0,-8.200650563181E-1,
2.444271055722E-1));
#2519=CARTESIAN_POINT('',(6.531711171116E0,-9.350976016005E-1,
1.922579122525E-1));
#2520=CARTESIAN_POINT('',(6.507924042963E0,-1.046927341223E0,
1.436077326871E-1));
#2521=CARTESIAN_POINT('',(6.475328455965E0,-1.155889643209E0,
9.934534334011E-2));
#2522=CARTESIAN_POINT('',(6.433663558410E0,-1.262702141871E0,
6.042182253845E-2));
#2523=CARTESIAN_POINT('',(6.382715883913E0,-1.367081369693E0,
2.857936759238E-2));
#2524=CARTESIAN_POINT('',(6.321934686370E0,-1.468995175070E0,
6.162850901652E-3));
#2525=CARTESIAN_POINT('',(6.274960041846E0,-1.534321892651E0,0.E0));
#2526=CARTESIAN_POINT('',(6.25E0,-1.566025403784E0,0.E0));
#2528=CARTESIAN_POINT('',(6.25E0,1.660254037844E-1,0.E0));
#2529=CARTESIAN_POINT('',(6.282409367596E0,1.248599781522E-1,0.E0));
#2530=CARTESIAN_POINT('',(6.340463616217E0,4.147720512415E-2,
1.029534562689E-2));
#2531=CARTESIAN_POINT('',(6.407378515003E0,-7.955637047294E-2,
4.150487461999E-2));
#2532=CARTESIAN_POINT('',(6.459956787609E0,-2.003379490087E-1,
8.250966524767E-2));
#2533=CARTESIAN_POINT('',(6.500432711099E0,-3.233328460057E-1,
1.309979943825E-1));
#2534=CARTESIAN_POINT('',(6.529228473450E0,-4.486600589149E-1,
1.849503085449E-1));
#2535=CARTESIAN_POINT('',(6.546259031555E0,-5.744388163826E-1,
2.418753126085E-1));
#2536=CARTESIAN_POINT('',(6.55E0,-6.581932078560E-1,2.806472157631E-1));
#2537=CARTESIAN_POINT('',(6.55E0,-7.E-1,3.E-1));
#2539=CARTESIAN_POINT('',(5.15E0,-7.E-1,-1.7E0));
#2540=DIRECTION('',(0.E0,0.E0,-1.E0));
#2541=DIRECTION('',(-3.711537444790E-1,-9.285714285714E-1,0.E0));
#2542=AXIS2_PLACEMENT_3D('',#2539,#2540,#2541);
#2544=DIRECTION('',(0.E0,0.E0,1.E0));
#2545=VECTOR('',#2544,1.7E0);
#2546=CARTESIAN_POINT('',(4.630384757729E0,6.E-1,-1.7E0));
#2547=LINE('',#2546,#2545);
#2548=CARTESIAN_POINT('',(5.15E0,-7.E-1,0.E0));
#2549=DIRECTION('',(0.E0,0.E0,1.E0));
#2550=DIRECTION('',(-3.711537444790E-1,9.285714285714E-1,0.E0));
#2551=AXIS2_PLACEMENT_3D('',#2548,#2549,#2550);
#2553=DIRECTION('',(0.E0,0.E0,1.E0));
#2554=VECTOR('',#2553,1.7E0);
#2555=CARTESIAN_POINT('',(4.630384757729E0,-2.E0,-1.7E0));
#2556=LINE('',#2555,#2554);
#2557=DIRECTION('',(1.446035683082E-6,8.249218180450E-8,9.999999999990E-1));
#2558=VECTOR('',#2557,2.300001302133E0);
#2559=CARTESIAN_POINT('',(5.669611916387E0,-2.000000189732E0,
-2.300001302131E0));
#2560=LINE('',#2559,#2558);
#2561=DIRECTION('',(1.630107587374E-6,1.298277471573E-7,9.999999999987E-1));
#2562=VECTOR('',#2561,2.300000890972E0);
#2563=CARTESIAN_POINT('',(5.669611493022E0,5.999997013961E-1,
-2.300000890969E0));
#2564=LINE('',#2563,#2562);
#2565=CARTESIAN_POINT('',(5.15E0,-7.E-1,-1.7E0));
#2566=DIRECTION('',(0.E0,0.E0,1.E0));
#2567=DIRECTION('',(-5.181939123030E-1,8.552631578948E-1,0.E0));
#2568=AXIS2_PLACEMENT_3D('',#2565,#2566,#2567);
#2570=DIRECTION('',(-1.E0,0.E0,0.E0));
#2571=VECTOR('',#2570,2.680395044299E-1);
#2572=CARTESIAN_POINT('',(4.630384757729E0,6.E-1,-1.7E0));
#2573=LINE('',#2572,#2571);
#2574=DIRECTION('',(-1.E0,0.E0,0.E0));
#2575=VECTOR('',#2574,2.680395044299E-1);
#2576=CARTESIAN_POINT('',(4.630384757729E0,-2.E0,-1.7E0));
#2577=LINE('',#2576,#2575);
#2578=CARTESIAN_POINT('',(4.609544443375E0,-2.E0,-2.512132034356E0));
#2579=CARTESIAN_POINT('',(4.630878114919E0,-2.E0,-2.520321652708E0));
#2580=CARTESIAN_POINT('',(4.675692127775E0,-2.E0,-2.534811026088E0));
#2581=CARTESIAN_POINT('',(4.724560704356E0,-2.E0,-2.546034510831E0));
#2582=CARTESIAN_POINT('',(4.75E0,-2.E0,-2.550936214518E0));
#2584=CARTESIAN_POINT('',(4.023768687603E0,-2.000000111559E0,
-2.200000796779E0));
#2585=CARTESIAN_POINT('',(4.092620618299E0,-2.000000111559E0,
-2.245084007672E0));
#2586=CARTESIAN_POINT('',(4.227553429200E0,-1.999999947939E0,
-2.328722579660E0));
#2587=CARTESIAN_POINT('',(4.422692414360E0,-2.000000014875E0,
-2.433506799340E0));
#2588=CARTESIAN_POINT('',(4.547997671815E0,-2.E0,-2.488505319711E0));
#2589=CARTESIAN_POINT('',(4.609544443375E0,-2.E0,-2.512132034356E0));
#2591=CARTESIAN_POINT('',(4.362345253299E0,-2.E0,-1.7E0));
#2592=CARTESIAN_POINT('',(4.305691053868E0,-2.E0,-1.729357861252E0));
#2593=CARTESIAN_POINT('',(4.192813663557E0,-1.999999999990E0,
-1.792467528162E0));
#2594=CARTESIAN_POINT('',(4.080185939843E0,-2.000000000020E0,
-1.863057867805E0));
#2595=CARTESIAN_POINT('',(4.023767342338E0,-2.000000000020E0,
-1.899999999778E0));
#2597=CARTESIAN_POINT('',(5.55E0,-2.E0,-2.339853653634E0));
#2598=CARTESIAN_POINT('',(5.569739977331E0,-2.E0,-2.334048409651E0));
#2599=CARTESIAN_POINT('',(5.609416107734E0,-1.999999905134E0,
-2.321595039221E0));
#2600=CARTESIAN_POINT('',(5.649477905366E0,-2.000000189732E0,
-2.307473984059E0));
#2601=CARTESIAN_POINT('',(5.669611916387E0,-2.000000189732E0,
-2.300001302131E0));
#2603=CARTESIAN_POINT('',(4.75E0,4.268471135754E-1,-2.6E0));
#2604=CARTESIAN_POINT('',(4.75E0,4.476746935085E-1,-2.6E0));
#2605=CARTESIAN_POINT('',(4.75E0,4.882912634189E-1,-2.596273335716E0));
#2606=CARTESIAN_POINT('',(4.75E0,5.479364382652E-1,-2.579235794431E0));
#2607=CARTESIAN_POINT('',(4.75E0,5.831750666809E-1,-2.561472285416E0));
#2608=CARTESIAN_POINT('',(4.75E0,6.E-1,-2.550936214518E0));
#2610=CARTESIAN_POINT('',(4.75E0,-2.E0,-2.550936214518E0));
#2611=CARTESIAN_POINT('',(4.75E0,-1.983175066681E0,-2.561472285416E0));
#2612=CARTESIAN_POINT('',(4.75E0,-1.947936438265E0,-2.579235794431E0));
#2613=CARTESIAN_POINT('',(4.75E0,-1.888291263419E0,-2.596273335716E0));
#2614=CARTESIAN_POINT('',(4.75E0,-1.847674693509E0,-2.6E0));
#2615=CARTESIAN_POINT('',(4.75E0,-1.826847113575E0,-2.6E0));
#2617=DIRECTION('',(0.E0,0.E0,-1.E0));
#2618=VECTOR('',#2617,1.550936214518E0);
#2619=CARTESIAN_POINT('',(4.75E0,-2.E0,-1.E0));
#2620=LINE('',#2619,#2618);
#2621=DIRECTION('',(0.E0,-1.E0,0.E0));
#2622=VECTOR('',#2621,2.6E0);
#2623=CARTESIAN_POINT('',(4.75E0,6.E-1,-1.E0));
#2624=LINE('',#2623,#2622);
#2625=DIRECTION('',(0.E0,0.E0,-1.E0));
#2626=VECTOR('',#2625,1.550936214518E0);
#2627=CARTESIAN_POINT('',(4.75E0,6.E-1,-1.E0));
#2628=LINE('',#2627,#2626);
#2629=CARTESIAN_POINT('',(5.150000115334E0,-7.000016505134E-1,-2.6E0));
#2630=DIRECTION('',(0.E0,0.E0,1.E0));
#2631=DIRECTION('',(4.099473594182E-1,-9.121091834348E-1,0.E0));
#2632=AXIS2_PLACEMENT_3D('',#2629,#2630,#2631);
#2634=DIRECTION('',(0.E0,-1.E0,0.E0));
#2635=VECTOR('',#2634,1.779953253971E0);
#2636=CARTESIAN_POINT('',(5.55E0,1.899749764723E-1,-2.6E0));
#2637=LINE('',#2636,#2635);
#2638=CARTESIAN_POINT('',(5.15E0,-7.E-1,-2.6E0));
#2639=DIRECTION('',(0.E0,0.E0,-1.E0));
#2640=DIRECTION('',(-3.345220207351E-1,-9.423879337318E-1,0.E0));
#2641=AXIS2_PLACEMENT_3D('',#2638,#2639,#2640);
#2643=DIRECTION('',(0.E0,-1.E0,0.E0));
#2644=VECTOR('',#2643,2.253694227151E0);
#2645=CARTESIAN_POINT('',(4.75E0,4.268471135754E-1,-2.6E0));
#2646=LINE('',#2645,#2644);
#2647=CARTESIAN_POINT('',(5.55E0,4.184916182231E-1,-2.512132202647E0));
#2648=CARTESIAN_POINT('',(5.55E0,4.041189342568E-1,-2.525665476950E0));
#2649=CARTESIAN_POINT('',(5.55E0,3.728961405478E-1,-2.549941395578E0));
#2650=CARTESIAN_POINT('',(5.55E0,3.172579489296E-1,-2.578287902722E0));
#2651=CARTESIAN_POINT('',(5.55E0,2.553434241326E-1,-2.595972997129E0));
#2652=CARTESIAN_POINT('',(5.55E0,2.122040411068E-1,-2.6E0));
#2653=CARTESIAN_POINT('',(5.55E0,1.899749764723E-1,-2.6E0));
#2655=CARTESIAN_POINT('',(5.550000353243E0,5.999995930659E-1,
-2.339852481150E0));
#2656=CARTESIAN_POINT('',(5.550000353243E0,5.686522385308E-1,
-2.369813571794E0));
#2657=CARTESIAN_POINT('',(5.549999823379E0,5.070588018306E-1,
-2.428493593530E0));
#2658=CARTESIAN_POINT('',(5.55E0,4.476533795445E-1,-2.484673579330E0));
#2659=CARTESIAN_POINT('',(5.55E0,4.184916182231E-1,-2.512132202647E0));
#2661=DIRECTION('',(2.636430396432E-7,-3.037156067726E-7,-9.999999999999E-1));
#2662=VECTOR('',#2661,1.339852481150E0);
#2663=CARTESIAN_POINT('',(5.55E0,6.E-1,-1.E0));
#2664=LINE('',#2663,#2662);
#2665=DIRECTION('',(0.E0,-1.E0,0.E0));
#2666=VECTOR('',#2665,2.6E0);
#2667=CARTESIAN_POINT('',(5.55E0,6.E-1,-1.E0));
#2668=LINE('',#2667,#2666);
#2669=DIRECTION('',(0.E0,0.E0,-1.E0));
#2670=VECTOR('',#2669,1.339853653634E0);
#2671=CARTESIAN_POINT('',(5.55E0,-2.E0,-1.E0));
#2672=LINE('',#2671,#2670);
#2673=CARTESIAN_POINT('',(5.55E0,-1.818494919250E0,-2.512132202647E0));
#2674=CARTESIAN_POINT('',(5.55E0,-1.847654402671E0,-2.484675724193E0));
#2675=CARTESIAN_POINT('',(5.55E0,-1.907057651362E0,-2.428498608880E0));
#2676=CARTESIAN_POINT('',(5.55E0,-1.968651059707E0,-2.369816262628E0));
#2677=CARTESIAN_POINT('',(5.55E0,-2.E0,-2.339853653634E0));
#2679=CARTESIAN_POINT('',(5.55E0,-1.589978277499E0,-2.6E0));
#2680=CARTESIAN_POINT('',(5.55E0,-1.612207342134E0,-2.6E0));
#2681=CARTESIAN_POINT('',(5.55E0,-1.655346725159E0,-2.595972997129E0));
#2682=CARTESIAN_POINT('',(5.55E0,-1.717261249956E0,-2.578287902722E0));
#2683=CARTESIAN_POINT('',(5.55E0,-1.772899441575E0,-2.549941395578E0));
#2684=CARTESIAN_POINT('',(5.55E0,-1.804122235284E0,-2.525665476950E0));
#2685=CARTESIAN_POINT('',(5.55E0,-1.818494919250E0,-2.512132202647E0));
#2687=CARTESIAN_POINT('',(5.150000115334E0,-7.000016505134E-1,
-2.512132202647E0));
#2688=DIRECTION('',(0.E0,0.E0,1.E0));
#2689=DIRECTION('',(3.367380469482E-1,-9.415983685933E-1,0.E0));
#2690=AXIS2_PLACEMENT_3D('',#2687,#2688,#2689);
#2692=CARTESIAN_POINT('',(5.150000115334E0,-7.000016505134E-1,
-2.299999250006E0));
#2693=DIRECTION('',(0.E0,0.E0,1.E0));
#2694=DIRECTION('',(3.711540797589E-1,-9.285712945586E-1,0.E0));
#2695=AXIS2_PLACEMENT_3D('',#2692,#2693,#2694);
#2697=CARTESIAN_POINT('',(4.75E0,6.E-1,-2.550936214518E0));
#2698=CARTESIAN_POINT('',(4.724542701385E0,6.E-1,-2.546031041975E0));
#2699=CARTESIAN_POINT('',(4.675656464097E0,6.E-1,-2.534801434932E0));
#2700=CARTESIAN_POINT('',(4.630861020262E0,6.E-1,-2.520315090372E0));
#2701=CARTESIAN_POINT('',(4.609544443375E0,6.E-1,-2.512132034356E0));
#2703=CARTESIAN_POINT('',(5.669611493022E0,5.999997013961E-1,
-2.300000890969E0));
#2704=CARTESIAN_POINT('',(5.649499796722E0,5.999997013961E-1,
-2.307465266028E0));
#2705=CARTESIAN_POINT('',(5.609461097723E0,6.000003527690E-1,
-2.321579593586E0));
#2706=CARTESIAN_POINT('',(5.569763096366E0,5.999995930659E-1,
-2.334040536505E0));
#2707=CARTESIAN_POINT('',(5.550000353243E0,5.999995930659E-1,
-2.339852481150E0));
#2709=CARTESIAN_POINT('',(4.023768624489E0,6.000000702257E-1,
-1.899999213307E0));
#2710=CARTESIAN_POINT('',(4.080514719940E0,6.000000702257E-1,
-1.862842716055E0));
#2711=CARTESIAN_POINT('',(4.193486813410E0,5.999999648872E-1,
-1.792065662746E0));
#2712=CARTESIAN_POINT('',(4.306038473650E0,6.E-1,-1.729177830436E0));
#2713=CARTESIAN_POINT('',(4.362345253299E0,6.E-1,-1.7E0));
#2715=CARTESIAN_POINT('',(4.609544443375E0,6.E-1,-2.512132034356E0));
#2716=CARTESIAN_POINT('',(4.547980730828E0,6.E-1,-2.488498816367E0));
#2717=CARTESIAN_POINT('',(4.422656043208E0,6.000000000015E-1,
-2.433486722008E0));
#2718=CARTESIAN_POINT('',(4.227627354251E0,5.999999999947E-1,
-2.328764089934E0));
#2719=CARTESIAN_POINT('',(4.092649790907E0,6.000000000113E-1,
-2.245103292743E0));
#2720=CARTESIAN_POINT('',(4.023767342113E0,6.000000000113E-1,
-2.200000000081E0));
#2722=CARTESIAN_POINT('',(5.15E0,-2.E0,-1.E0));
#2723=DIRECTION('',(0.E0,-1.E0,0.E0));
#2724=DIRECTION('',(1.E0,0.E0,0.E0));
#2725=AXIS2_PLACEMENT_3D('',#2722,#2723,#2724);
#2727=CARTESIAN_POINT('',(5.15E0,6.E-1,-1.E0));
#2728=DIRECTION('',(0.E0,-1.E0,0.E0));
#2729=DIRECTION('',(1.E0,0.E0,0.E0));
#2730=AXIS2_PLACEMENT_3D('',#2727,#2728,#2729);
#2732=CARTESIAN_POINT('',(5.15E0,-7.E-1,-2.2E0));
#2733=DIRECTION('',(0.E0,0.E0,-1.E0));
#2734=DIRECTION('',(-6.547864290838E-1,-7.558139534884E-1,0.E0));
#2735=AXIS2_PLACEMENT_3D('',#2732,#2733,#2734);
#2737=DIRECTION('',(4.274574932369E-6,2.340472335891E-7,9.999999999908E-1));
#2738=VECTOR('',#2737,3.000007867771E-1);
#2739=CARTESIAN_POINT('',(4.023767342113E0,6.000000000113E-1,
-2.200000000081E0));
#2740=LINE('',#2739,#2738);
#2741=CARTESIAN_POINT('',(5.15E0,-7.E-1,-1.9E0));
#2742=DIRECTION('',(0.E0,0.E0,1.E0));
#2743=DIRECTION('',(-6.547864290838E-1,7.558139534884E-1,0.E0));
#2744=AXIS2_PLACEMENT_3D('',#2741,#2742,#2743);
#2746=DIRECTION('',(-4.484203870781E-6,3.717960468975E-7,9.999999999899E-1));
#2747=VECTOR('',#2746,3.000007970043E-1);
#2748=CARTESIAN_POINT('',(4.023768687603E0,-2.000000111559E0,
-2.200000796779E0));
#2749=LINE('',#2748,#2747);
#2750=CARTESIAN_POINT('',(5.15E0,-7.E-1,-2.512132034356E0));
#2751=DIRECTION('',(0.E0,0.E0,-1.E0));
#2752=DIRECTION('',(-3.838822743421E-1,-9.233820441431E-1,0.E0));
#2753=AXIS2_PLACEMENT_3D('',#2750,#2751,#2752);
#2755=CARTESIAN_POINT('',(6.25E0,5.7E0,3.E-1));
#2756=DIRECTION('',(0.E0,1.E0,0.E0));
#2757=DIRECTION('',(1.E0,0.E0,0.E0));
#2758=AXIS2_PLACEMENT_3D('',#2755,#2756,#2757);
#2760=CARTESIAN_POINT('',(6.25E0,5.7E0,3.E-1));
#2761=DIRECTION('',(0.E0,0.E0,-1.E0));
#2762=DIRECTION('',(0.E0,1.E0,0.E0));
#2763=AXIS2_PLACEMENT_3D('',#2760,#2761,#2762);
#2765=CARTESIAN_POINT('',(6.25E0,5.7E0,3.E-1));
#2766=DIRECTION('',(1.E0,0.E0,0.E0));
#2767=DIRECTION('',(0.E0,0.E0,-1.E0));
#2768=AXIS2_PLACEMENT_3D('',#2765,#2766,#2767);
#2770=CARTESIAN_POINT('',(6.25E0,5.7E0,1.12E1));
#2771=DIRECTION('',(0.E0,0.E0,1.E0));
#2772=DIRECTION('',(1.E0,0.E0,0.E0));
#2773=AXIS2_PLACEMENT_3D('',#2770,#2771,#2772);
#2775=CARTESIAN_POINT('',(6.25E0,5.7E0,1.12E1));
#2776=DIRECTION('',(0.E0,1.E0,0.E0));
#2777=DIRECTION('',(0.E0,0.E0,1.E0));
#2778=AXIS2_PLACEMENT_3D('',#2775,#2776,#2777);
#2780=CARTESIAN_POINT('',(6.25E0,5.7E0,1.12E1));
#2781=DIRECTION('',(1.E0,0.E0,0.E0));
#2782=DIRECTION('',(0.E0,1.E0,0.E0));
#2783=AXIS2_PLACEMENT_3D('',#2780,#2781,#2782);
#2785=CARTESIAN_POINT('',(6.25E0,-5.7E0,1.12E1));
#2786=DIRECTION('',(1.E0,0.E0,0.E0));
#2787=DIRECTION('',(0.E0,0.E0,1.E0));
#2788=AXIS2_PLACEMENT_3D('',#2785,#2786,#2787);
#2790=CARTESIAN_POINT('',(6.25E0,-5.7E0,1.12E1));
#2791=DIRECTION('',(0.E0,-1.E0,0.E0));
#2792=DIRECTION('',(1.E0,0.E0,0.E0));
#2793=AXIS2_PLACEMENT_3D('',#2790,#2791,#2792);
#2795=CARTESIAN_POINT('',(6.25E0,-5.7E0,1.12E1));
#2796=DIRECTION('',(0.E0,0.E0,1.E0));
#2797=DIRECTION('',(0.E0,-1.E0,0.E0));
#2798=AXIS2_PLACEMENT_3D('',#2795,#2796,#2797);
#2800=DIRECTION('',(0.E0,-1.E0,0.E0));
#2801=VECTOR('',#2800,3.25E0);
#2802=CARTESIAN_POINT('',(-3.15E0,-7.5E-1,1.15E1));
#2803=LINE('',#2802,#2801);
#2804=DIRECTION('',(1.E0,0.E0,0.E0));
#2805=VECTOR('',#2804,1.15E0);
#2806=CARTESIAN_POINT('',(-3.15E0,-4.E0,1.15E1));
#2807=LINE('',#2806,#2805);
#2808=DIRECTION('',(0.E0,1.E0,0.E0));
#2809=VECTOR('',#2808,1.7E0);
#2810=CARTESIAN_POINT('',(-2.E0,-5.7E0,1.15E1));
#2811=LINE('',#2810,#2809);
#2812=DIRECTION('',(1.E0,0.E0,0.E0));
#2813=VECTOR('',#2812,4.25E0);
#2814=CARTESIAN_POINT('',(-6.25E0,-5.7E0,1.15E1));
#2815=LINE('',#2814,#2813);
#2816=DIRECTION('',(0.E0,-1.E0,0.E0));
#2817=VECTOR('',#2816,1.14E1);
#2818=CARTESIAN_POINT('',(-6.25E0,5.7E0,1.15E1));
#2819=LINE('',#2818,#2817);
#2820=DIRECTION('',(-1.E0,0.E0,0.E0));
#2821=VECTOR('',#2820,1.25E1);
#2822=CARTESIAN_POINT('',(6.25E0,5.7E0,1.15E1));
#2823=LINE('',#2822,#2821);
#2824=DIRECTION('',(0.E0,1.E0,0.E0));
#2825=VECTOR('',#2824,1.14E1);
#2826=CARTESIAN_POINT('',(6.25E0,-5.7E0,1.15E1));
#2827=LINE('',#2826,#2825);
#2828=DIRECTION('',(1.E0,0.E0,0.E0));
#2829=VECTOR('',#2828,4.25E0);
#2830=CARTESIAN_POINT('',(2.E0,-5.7E0,1.15E1));
#2831=LINE('',#2830,#2829);
#2832=DIRECTION('',(0.E0,1.E0,0.E0));
#2833=VECTOR('',#2832,1.7E0);
#2834=CARTESIAN_POINT('',(2.E0,-5.7E0,1.15E1));
#2835=LINE('',#2834,#2833);
#2836=DIRECTION('',(1.E0,0.E0,0.E0));
#2837=VECTOR('',#2836,1.15E0);
#2838=CARTESIAN_POINT('',(2.E0,-4.E0,1.15E1));
#2839=LINE('',#2838,#2837);
#2840=DIRECTION('',(0.E0,1.E0,0.E0));
#2841=VECTOR('',#2840,3.25E0);
#2842=CARTESIAN_POINT('',(3.15E0,-4.E0,1.15E1));
#2843=LINE('',#2842,#2841);
#2844=DIRECTION('',(-1.E0,0.E0,0.E0));
#2845=VECTOR('',#2844,6.3E0);
#2846=CARTESIAN_POINT('',(3.15E0,-7.5E-1,1.15E1));
#2847=LINE('',#2846,#2845);
#2848=DIRECTION('',(0.E0,0.E0,-1.E0));
#2849=VECTOR('',#2848,1.E0);
#2850=CARTESIAN_POINT('',(-3.15E0,-7.5E-1,1.15E1));
#2851=LINE('',#2850,#2849);
#2852=DIRECTION('',(0.E0,0.E0,-1.E0));
#2853=VECTOR('',#2852,1.E0);
#2854=CARTESIAN_POINT('',(3.15E0,-7.5E-1,1.15E1));
#2855=LINE('',#2854,#2853);
#2856=DIRECTION('',(0.E0,0.E0,-1.E0));
#2857=VECTOR('',#2856,1.E0);
#2858=CARTESIAN_POINT('',(3.15E0,-4.E0,1.15E1));
#2859=LINE('',#2858,#2857);
#2860=DIRECTION('',(0.E0,0.E0,-1.E0));
#2861=VECTOR('',#2860,1.E0);
#2862=CARTESIAN_POINT('',(2.E0,-4.E0,1.15E1));
#2863=LINE('',#2862,#2861);
#2864=DIRECTION('',(0.E0,-7.071067811865E-1,7.071067811865E-1));
#2865=VECTOR('',#2864,5.656854249492E-1);
#2866=CARTESIAN_POINT('',(2.E0,-5.6E0,1.05E1));
#2867=LINE('',#2866,#2865);
#2868=DIRECTION('',(5.773502691896E-1,-5.773502691896E-1,5.773502691896E-1));
#2869=VECTOR('',#2868,6.928203230276E-1);
#2870=CARTESIAN_POINT('',(4.25E0,-5.6E0,1.05E1));
#2871=LINE('',#2870,#2869);
#2872=DIRECTION('',(5.773502691896E-1,-5.773502691896E-1,5.773502691896E-1));
#2873=VECTOR('',#2872,6.928203230275E-1);
#2874=CARTESIAN_POINT('',(4.25E0,-5.6E0,8.8E0));
#2875=LINE('',#2874,#2873);
#2876=DIRECTION('',(5.773502691896E-1,-5.773502691896E-1,5.773502691896E-1));
#2877=VECTOR('',#2876,6.928203230275E-1);
#2878=CARTESIAN_POINT('',(5.E0,-5.6E0,8.8E0));
#2879=LINE('',#2878,#2877);
#2880=DIRECTION('',(1.E0,0.E0,0.E0));
#2881=VECTOR('',#2880,7.5E-1);
#2882=CARTESIAN_POINT('',(4.25E0,-5.6E0,8.8E0));
#2883=LINE('',#2882,#2881);
#2884=DIRECTION('',(0.E0,1.E0,0.E0));
#2885=VECTOR('',#2884,7.1E0);
#2886=CARTESIAN_POINT('',(5.E0,-5.6E0,8.8E0));
#2887=LINE('',#2886,#2885);
#2888=DIRECTION('',(-1.E0,0.E0,0.E0));
#2889=VECTOR('',#2888,7.5E-1);
#2890=CARTESIAN_POINT('',(5.E0,1.5E0,8.8E0));
#2891=LINE('',#2890,#2889);
#2892=DIRECTION('',(0.E0,0.E0,-1.E0));
#2893=VECTOR('',#2892,1.E0);
#2894=CARTESIAN_POINT('',(-3.15E0,-4.E0,1.15E1));
#2895=LINE('',#2894,#2893);
#2896=DIRECTION('',(0.E0,1.E0,0.E0));
#2897=VECTOR('',#2896,5.E0);
#2898=CARTESIAN_POINT('',(-6.55E0,-5.7E0,3.E-1));
#2899=LINE('',#2898,#2897);
#2900=DIRECTION('',(0.E0,1.E0,0.E0));
#2901=VECTOR('',#2900,6.4E0);
#2902=CARTESIAN_POINT('',(-6.55E0,-7.E-1,3.E-1));
#2903=LINE('',#2902,#2901);
#2904=DIRECTION('',(0.E0,0.E0,-1.E0));
#2905=VECTOR('',#2904,1.09E1);
#2906=CARTESIAN_POINT('',(-6.55E0,5.7E0,1.12E1));
#2907=LINE('',#2906,#2905);
#2908=DIRECTION('',(0.E0,-1.E0,0.E0));
#2909=VECTOR('',#2908,1.14E1);
#2910=CARTESIAN_POINT('',(-6.55E0,5.7E0,1.12E1));
#2911=LINE('',#2910,#2909);
#2912=DIRECTION('',(0.E0,0.E0,-1.E0));
#2913=VECTOR('',#2912,1.09E1);
#2914=CARTESIAN_POINT('',(-6.55E0,-5.7E0,1.12E1));
#2915=LINE('',#2914,#2913);
#2916=CARTESIAN_POINT('',(-6.25E0,-1.566025403784E0,0.E0));
#2917=CARTESIAN_POINT('',(-6.275149867521E0,-1.534080781661E0,0.E0));
#2918=CARTESIAN_POINT('',(-6.322561271258E0,-1.468126956030E0,
6.247912113905E-3));
#2919=CARTESIAN_POINT('',(-6.384216915904E0,-1.364415643214E0,
2.924582264539E-2));
#2920=CARTESIAN_POINT('',(-6.435499884214E0,-1.258558317455E0,
6.181115928908E-2));
#2921=CARTESIAN_POINT('',(-6.476851985169E0,-1.151386406267E0,
1.011031210466E-1));
#2922=CARTESIAN_POINT('',(-6.508742618934E0,-1.043525134592E0,
1.450623128153E-1));
#2923=CARTESIAN_POINT('',(-6.531952426964E0,-9.333793880204E-1,
1.930348060496E-1));
#2924=CARTESIAN_POINT('',(-6.546479587146E0,-8.198761773781E-1,
2.445167252887E-1));
#2925=CARTESIAN_POINT('',(-6.55E0,-7.404604075154E-1,2.812704707386E-1));
#2926=CARTESIAN_POINT('',(-6.55E0,-7.E-1,3.E-1));
#2928=CARTESIAN_POINT('',(-6.55E0,-7.E-1,3.E-1));
#2929=CARTESIAN_POINT('',(-6.55E0,-6.581252586283E-1,2.806157613827E-1));
#2930=CARTESIAN_POINT('',(-6.546248785011E0,-5.741821599199E-1,
2.417559942837E-1));
#2931=CARTESIAN_POINT('',(-6.529103467588E0,-4.478763120181E-1,
1.845985368581E-1));
#2932=CARTESIAN_POINT('',(-6.500089081136E0,-3.220514568265E-1,
1.304612430828E-1));
#2933=CARTESIAN_POINT('',(-6.459374760826E0,-1.988007390138E-1,
8.193814681240E-2));
#2934=CARTESIAN_POINT('',(-6.406658381789E0,-7.811636714929E-2,
4.107458298374E-2));
#2935=CARTESIAN_POINT('',(-6.339851277757E0,4.241050886558E-2,
1.013660242446E-2));
#2936=CARTESIAN_POINT('',(-6.282144609166E0,1.251962665234E-1,0.E0));
#2937=CARTESIAN_POINT('',(-6.25E0,1.660254037844E-1,0.E0));
#2939=CARTESIAN_POINT('',(-5.15E0,-7.E-1,0.E0));
#2940=DIRECTION('',(0.E0,0.E0,1.E0));
#2941=DIRECTION('',(3.711537444790E-1,-9.285714285714E-1,0.E0));
#2942=AXIS2_PLACEMENT_3D('',#2939,#2940,#2941);
#2944=DIRECTION('',(0.E0,0.E0,-1.E0));
#2945=VECTOR('',#2944,1.7E0);
#2946=CARTESIAN_POINT('',(-4.630384757729E0,6.E-1,0.E0));
#2947=LINE('',#2946,#2945);
#2948=CARTESIAN_POINT('',(-5.15E0,-7.E-1,-1.7E0));
#2949=DIRECTION('',(0.E0,0.E0,-1.E0));
#2950=DIRECTION('',(3.711537444790E-1,9.285714285714E-1,0.E0));
#2951=AXIS2_PLACEMENT_3D('',#2948,#2949,#2950);
#2953=DIRECTION('',(0.E0,0.E0,-1.E0));
#2954=VECTOR('',#2953,1.7E0);
#2955=CARTESIAN_POINT('',(-4.630384757729E0,-2.E0,0.E0));
#2956=LINE('',#2955,#2954);
#2957=DIRECTION('',(1.783726749145E-6,4.711727687468E-8,-9.999999999984E-1));
#2958=VECTOR('',#2957,2.300001454666E0);
#2959=CARTESIAN_POINT('',(-5.669615242271E0,6.E-1,0.E0));
#2960=LINE('',#2959,#2958);
#2961=DIRECTION('',(1.599599644480E-6,9.445188595655E-8,-9.999999999987E-1));
#2962=VECTOR('',#2961,2.300001865851E0);
#2963=CARTESIAN_POINT('',(-5.669615242271E0,-2.E0,0.E0));
#2964=LINE('',#2963,#2962);
#2965=CARTESIAN_POINT('',(-4.609544443375E0,6.E-1,-2.512132034356E0));
#2966=CARTESIAN_POINT('',(-4.630878114919E0,6.E-1,-2.520321652708E0));
#2967=CARTESIAN_POINT('',(-4.675692127775E0,6.E-1,-2.534811026088E0));
#2968=CARTESIAN_POINT('',(-4.724560704356E0,6.E-1,-2.546034510831E0));
#2969=CARTESIAN_POINT('',(-4.75E0,6.E-1,-2.550936214518E0));
#2971=CARTESIAN_POINT('',(-4.023768670682E0,6.000001101819E-1,
-2.200000786741E0));
#2972=CARTESIAN_POINT('',(-4.092714203952E0,6.000001101819E-1,
-2.245145288438E0));
#2973=CARTESIAN_POINT('',(-4.227777833360E0,5.999999485818E-1,
-2.328850340241E0));
#2974=CARTESIAN_POINT('',(-4.422658860486E0,6.000000146909E-1,
-2.433484469538E0));
#2975=CARTESIAN_POINT('',(-4.547980622274E0,6.E-1,-2.488498774694E0));
#2976=CARTESIAN_POINT('',(-4.609544443375E0,6.E-1,-2.512132034356E0));
#2978=CARTESIAN_POINT('',(-4.362345253299E0,6.E-1,-1.7E0));
#2979=CARTESIAN_POINT('',(-4.306247727629E0,6.E-1,-1.729069396298E0));
#2980=CARTESIAN_POINT('',(-4.193893359627E0,5.999999999939E-1,
-1.791823099518E0));
#2981=CARTESIAN_POINT('',(-4.080710639230E0,6.000000000121E-1,
-1.862714301753E0));
#2982=CARTESIAN_POINT('',(-4.023767342197E0,6.000000000121E-1,
-1.899999999864E0));
#2984=CARTESIAN_POINT('',(-5.55E0,6.E-1,-2.339853044849E0));
#2985=CARTESIAN_POINT('',(-5.569746362210E0,6.E-1,-2.334045917600E0));
#2986=CARTESIAN_POINT('',(-5.609429019147E0,5.999999458151E-1,
-2.321589856629E0));
#2987=CARTESIAN_POINT('',(-5.649483434868E0,6.000001083698E-1,
-2.307471771219E0));
#2988=CARTESIAN_POINT('',(-5.669611139697E0,6.000001083698E-1,
-2.300001454662E0));
#2990=CARTESIAN_POINT('',(-4.75E0,-1.826847113575E0,-2.6E0));
#2991=CARTESIAN_POINT('',(-4.75E0,-1.847674693509E0,-2.6E0));
#2992=CARTESIAN_POINT('',(-4.75E0,-1.888291263420E0,-2.596273335716E0));
#2993=CARTESIAN_POINT('',(-4.75E0,-1.947936438265E0,-2.579235794431E0));
#2994=CARTESIAN_POINT('',(-4.75E0,-1.983175066681E0,-2.561472285416E0));
#2995=CARTESIAN_POINT('',(-4.75E0,-2.E0,-2.550936214518E0));
#2997=CARTESIAN_POINT('',(-4.75E0,6.E-1,-2.550936214518E0));
#2998=CARTESIAN_POINT('',(-4.75E0,5.831750666809E-1,-2.561472285416E0));
#2999=CARTESIAN_POINT('',(-4.75E0,5.479364382652E-1,-2.579235794431E0));
#3000=CARTESIAN_POINT('',(-4.75E0,4.882912634195E-1,-2.596273335716E0));
#3001=CARTESIAN_POINT('',(-4.75E0,4.476746935088E-1,-2.6E0));
#3002=CARTESIAN_POINT('',(-4.75E0,4.268471135754E-1,-2.6E0));
#3004=DIRECTION('',(0.E0,0.E0,-1.E0));
#3005=VECTOR('',#3004,1.550936214518E0);
#3006=CARTESIAN_POINT('',(-4.75E0,6.E-1,-1.E0));
#3007=LINE('',#3006,#3005);
#3008=DIRECTION('',(0.E0,1.E0,0.E0));
#3009=VECTOR('',#3008,2.6E0);
#3010=CARTESIAN_POINT('',(-4.75E0,-2.E0,-1.E0));
#3011=LINE('',#3010,#3009);
#3012=DIRECTION('',(0.E0,0.E0,-1.E0));
#3013=VECTOR('',#3012,1.550936214518E0);
#3014=CARTESIAN_POINT('',(-4.75E0,-2.E0,-1.E0));
#3015=LINE('',#3014,#3013);
#3016=CARTESIAN_POINT('',(-5.15E0,-7.E-1,-2.6E0));
#3017=DIRECTION('',(0.E0,0.E0,-1.E0));
#3018=DIRECTION('',(3.345220207351E-1,9.423879337318E-1,0.E0));
#3019=AXIS2_PLACEMENT_3D('',#3016,#3017,#3018);
#3021=DIRECTION('',(0.E0,-1.E0,0.E0));
#3022=VECTOR('',#3021,2.253694227151E0);
#3023=CARTESIAN_POINT('',(-4.75E0,4.268471135754E-1,-2.6E0));
#3024=LINE('',#3023,#3022);
#3025=DIRECTION('',(0.E0,-1.E0,0.E0));
#3026=VECTOR('',#3025,1.779956009492E0);
#3027=CARTESIAN_POINT('',(-5.55E0,1.899775750351E-1,-2.6E0));
#3028=LINE('',#3027,#3026);
#3029=CARTESIAN_POINT('',(-5.149999055606E0,-7.000004297111E-1,-2.6E0));
#3030=DIRECTION('',(0.E0,0.E0,1.E0));
#3031=DIRECTION('',(-4.099477349971E-1,9.121090146308E-1,0.E0));
#3032=AXIS2_PLACEMENT_3D('',#3029,#3030,#3031);
#3034=CARTESIAN_POINT('',(-5.55E0,4.184942560308E-1,-2.512132202647E0));
#3035=CARTESIAN_POINT('',(-5.55E0,4.476536969694E-1,-2.484675768499E0));
#3036=CARTESIAN_POINT('',(-5.55E0,5.070570148082E-1,-2.428498597191E0));
#3037=CARTESIAN_POINT('',(-5.55E0,5.686507971204E-1,-2.369815902099E0));
#3038=CARTESIAN_POINT('',(-5.55E0,6.E-1,-2.339853044849E0));
#3040=CARTESIAN_POINT('',(-5.55E0,1.899775750351E-1,-2.6E0));
#3041=CARTESIAN_POINT('',(-5.55E0,2.122066449087E-1,-2.6E0));
#3042=CARTESIAN_POINT('',(-5.55E0,2.553460374265E-1,-2.595972996728E0));
#3043=CARTESIAN_POINT('',(-5.55E0,3.172605737753E-1,-2.578287901344E0));
#3044=CARTESIAN_POINT('',(-5.55E0,3.728987734506E-1,-2.549941393975E0));
#3045=CARTESIAN_POINT('',(-5.55E0,4.041215706562E-1,-2.525665476154E0));
#3046=CARTESIAN_POINT('',(-5.55E0,4.184942560308E-1,-2.512132202647E0));
#3048=CARTESIAN_POINT('',(-5.55E0,-1.818495115453E0,-2.512132202647E0));
#3049=CARTESIAN_POINT('',(-5.55E0,-1.804122430078E0,-2.525665476154E0));
#3050=CARTESIAN_POINT('',(-5.55E0,-1.772899632873E0,-2.549941393975E0));
#3051=CARTESIAN_POINT('',(-5.55E0,-1.717261433198E0,-2.578287901344E0));
#3052=CARTESIAN_POINT('',(-5.55E0,-1.655346896849E0,-2.595972996728E0));
#3053=CARTESIAN_POINT('',(-5.55E0,-1.612207504331E0,-2.6E0));
#3054=CARTESIAN_POINT('',(-5.55E0,-1.589978434457E0,-2.6E0));
#3056=CARTESIAN_POINT('',(-5.549999646757E0,-1.999999593066E0,
-2.339854217333E0));
#3057=CARTESIAN_POINT('',(-5.549999646757E0,-1.968652637231E0,
-2.369814929627E0));
#3058=CARTESIAN_POINT('',(-5.550000176621E0,-1.907062004946E0,
-2.428494689043E0));
#3059=CARTESIAN_POINT('',(-5.55E0,-1.847656565316E0,-2.484673876902E0));
#3060=CARTESIAN_POINT('',(-5.55E0,-1.818495115453E0,-2.512132202647E0));
#3062=DIRECTION('',(2.636427026548E-7,3.037152278015E-7,-9.999999999999E-1));
#3063=VECTOR('',#3062,1.339854217333E0);
#3064=CARTESIAN_POINT('',(-5.55E0,-2.E0,-1.E0));
#3065=LINE('',#3064,#3063);
#3066=DIRECTION('',(0.E0,1.E0,0.E0));
#3067=VECTOR('',#3066,2.6E0);
#3068=CARTESIAN_POINT('',(-5.55E0,-2.E0,-1.E0));
#3069=LINE('',#3068,#3067);
#3070=DIRECTION('',(0.E0,0.E0,-1.E0));
#3071=VECTOR('',#3070,1.339853044849E0);
#3072=CARTESIAN_POINT('',(-5.55E0,6.E-1,-1.E0));
#3073=LINE('',#3072,#3071);
#3074=CARTESIAN_POINT('',(-5.149999055606E0,-7.000004297111E-1,
-2.300000078300E0));
#3075=DIRECTION('',(0.E0,0.E0,1.E0));
#3076=DIRECTION('',(-3.711542203376E-1,9.285712383687E-1,0.E0));
#3077=AXIS2_PLACEMENT_3D('',#3074,#3075,#3076);
#3079=CARTESIAN_POINT('',(-5.149999055606E0,-7.000004297111E-1,
-2.512132202647E0));
#3080=DIRECTION('',(0.E0,0.E0,1.E0));
#3081=DIRECTION('',(-3.367384596794E-1,9.415982209906E-1,0.E0));
#3082=AXIS2_PLACEMENT_3D('',#3079,#3080,#3081);
#3084=CARTESIAN_POINT('',(-4.75E0,-2.E0,-2.550936214518E0));
#3085=CARTESIAN_POINT('',(-4.724542701385E0,-2.E0,-2.546031041975E0));
#3086=CARTESIAN_POINT('',(-4.675656464097E0,-2.E0,-2.534801434932E0));
#3087=CARTESIAN_POINT('',(-4.630861020262E0,-2.E0,-2.520315090372E0));
#3088=CARTESIAN_POINT('',(-4.609544443375E0,-2.E0,-2.512132034356E0));
#3090=CARTESIAN_POINT('',(-5.669611563188E0,-1.999999782760E0,
-2.300001865849E0));
#3091=CARTESIAN_POINT('',(-5.649496410264E0,-1.999999782760E0,
-2.307467548649E0));
#3092=CARTESIAN_POINT('',(-5.609454665910E0,-2.000000312087E0,
-2.321581721829E0));
#3093=CARTESIAN_POINT('',(-5.569758920865E0,-1.999999593066E0,
-2.334043298446E0));
#3094=CARTESIAN_POINT('',(-5.549999646757E0,-1.999999593066E0,
-2.339854217333E0));
#3096=CARTESIAN_POINT('',(-4.023768640891E0,-2.000000071163E0,
-1.899999203275E0));
#3097=CARTESIAN_POINT('',(-4.080573937479E0,-2.000000071163E0,
-1.862803942976E0));
#3098=CARTESIAN_POINT('',(-4.193608629153E0,-1.999999964418E0,
-1.791992966042E0));
#3099=CARTESIAN_POINT('',(-4.306101281601E0,-2.E0,-1.729145283738E0));
#3100=CARTESIAN_POINT('',(-4.362345253299E0,-2.E0,-1.7E0));
#3102=CARTESIAN_POINT('',(-4.609544443375E0,-2.E0,-2.512132034356E0));
#3103=CARTESIAN_POINT('',(-4.548020727798E0,-2.E0,-2.488514170494E0));
#3104=CARTESIAN_POINT('',(-4.422749117481E0,-2.000000000002E0,
-2.433527972457E0));
#3105=CARTESIAN_POINT('',(-4.227855951701E0,-1.999999999991E0,
-2.328897003402E0));
#3106=CARTESIAN_POINT('',(-4.092745159251E0,-2.000000000019E0,
-2.245165738629E0));
#3107=CARTESIAN_POINT('',(-4.023767342200E0,-2.000000000019E0,
-2.200000000133E0));
#3109=CARTESIAN_POINT('',(-5.15E0,-2.E0,-1.E0));
#3110=DIRECTION('',(0.E0,1.E0,0.E0));
#3111=DIRECTION('',(-1.E0,0.E0,0.E0));
#3112=AXIS2_PLACEMENT_3D('',#3109,#3110,#3111);
#3114=CARTESIAN_POINT('',(-5.15E0,6.E-1,-1.E0));
#3115=DIRECTION('',(0.E0,1.E0,0.E0));
#3116=DIRECTION('',(-1.E0,0.E0,0.E0));
#3117=AXIS2_PLACEMENT_3D('',#3114,#3115,#3116);
#3119=CARTESIAN_POINT('',(-5.15E0,-7.E-1,-1.7E0));
#3120=DIRECTION('',(0.E0,0.E0,1.E0));
#3121=DIRECTION('',(5.181939123030E-1,-8.552631578948E-1,0.E0));
#3122=AXIS2_PLACEMENT_3D('',#3119,#3120,#3121);
#3124=DIRECTION('',(1.E0,0.E0,0.E0));
#3125=VECTOR('',#3124,2.680395044299E-1);
#3126=CARTESIAN_POINT('',(-4.630384757729E0,-2.E0,-1.7E0));
#3127=LINE('',#3126,#3125);
#3128=DIRECTION('',(1.E0,0.E0,0.E0));
#3129=VECTOR('',#3128,2.680395044299E-1);
#3130=CARTESIAN_POINT('',(-4.630384757729E0,6.E-1,-1.7E0));
#3131=LINE('',#3130,#3129);
#3132=CARTESIAN_POINT('',(-5.15E0,-7.E-1,-2.2E0));
#3133=DIRECTION('',(0.E0,0.E0,-1.E0));
#3134=DIRECTION('',(6.547864290838E-1,7.558139534884E-1,0.E0));
#3135=AXIS2_PLACEMENT_3D('',#3132,#3133,#3134);
#3137=DIRECTION('',(4.328956897022E-6,2.371478960893E-7,-9.999999999906E-1));
#3138=VECTOR('',#3137,3.000007968603E-1);
#3139=CARTESIAN_POINT('',(-4.023768640891E0,-2.000000071163E0,
-1.899999203275E0));
#3140=LINE('',#3139,#3138);
#3141=CARTESIAN_POINT('',(-5.15E0,-7.E-1,-1.9E0));
#3142=DIRECTION('',(0.E0,0.E0,1.E0));
#3143=DIRECTION('',(6.547864290838E-1,-7.558139534884E-1,0.E0));
#3144=AXIS2_PLACEMENT_3D('',#3141,#3142,#3143);
#3146=DIRECTION('',(-4.428272423667E-6,3.672317288100E-7,-9.999999999901E-1));
#3147=VECTOR('',#3146,3.000007868792E-1);
#3148=CARTESIAN_POINT('',(-4.023767342197E0,6.000000000121E-1,
-1.899999999864E0));
#3149=LINE('',#3148,#3147);
#3150=CARTESIAN_POINT('',(-5.15E0,-7.E-1,-2.512132034356E0));
#3151=DIRECTION('',(0.E0,0.E0,-1.E0));
#3152=DIRECTION('',(3.838822743421E-1,9.233820441431E-1,0.E0));
#3153=AXIS2_PLACEMENT_3D('',#3150,#3151,#3152);
#3155=CARTESIAN_POINT('',(-6.25E0,5.7E0,3.E-1));
#3156=DIRECTION('',(-1.E0,0.E0,0.E0));
#3157=DIRECTION('',(0.E0,1.E0,0.E0));
#3158=AXIS2_PLACEMENT_3D('',#3155,#3156,#3157);
#3160=CARTESIAN_POINT('',(-6.25E0,5.7E0,3.E-1));
#3161=DIRECTION('',(0.E0,0.E0,-1.E0));
#3162=DIRECTION('',(-1.E0,0.E0,0.E0));
#3163=AXIS2_PLACEMENT_3D('',#3160,#3161,#3162);
#3165=CARTESIAN_POINT('',(-6.25E0,5.7E0,3.E-1));
#3166=DIRECTION('',(0.E0,1.E0,0.E0));
#3167=DIRECTION('',(0.E0,0.E0,-1.E0));
#3168=AXIS2_PLACEMENT_3D('',#3165,#3166,#3167);
#3170=CARTESIAN_POINT('',(-6.25E0,5.7E0,1.12E1));
#3171=DIRECTION('',(0.E0,0.E0,1.E0));
#3172=DIRECTION('',(0.E0,1.E0,0.E0));
#3173=AXIS2_PLACEMENT_3D('',#3170,#3171,#3172);
#3175=CARTESIAN_POINT('',(-6.25E0,5.7E0,1.12E1));
#3176=DIRECTION('',(-1.E0,0.E0,0.E0));
#3177=DIRECTION('',(0.E0,0.E0,1.E0));
#3178=AXIS2_PLACEMENT_3D('',#3175,#3176,#3177);
#3180=CARTESIAN_POINT('',(-6.25E0,5.7E0,1.12E1));
#3181=DIRECTION('',(0.E0,1.E0,0.E0));
#3182=DIRECTION('',(-1.E0,0.E0,0.E0));
#3183=AXIS2_PLACEMENT_3D('',#3180,#3181,#3182);
#3185=DIRECTION('',(-5.773502691896E-1,-5.773502691896E-1,5.773502691896E-1));
#3186=VECTOR('',#3185,6.928203230276E-1);
#3187=CARTESIAN_POINT('',(-5.E0,-5.6E0,8.8E0));
#3188=LINE('',#3187,#3186);
#3189=DIRECTION('',(0.E0,0.E0,1.E0));
#3190=VECTOR('',#3189,6.8E0);
#3191=CARTESIAN_POINT('',(-5.E0,-5.6E0,2.E0));
#3192=LINE('',#3191,#3190);
#3193=DIRECTION('',(0.E0,1.E0,0.E0));
#3194=VECTOR('',#3193,7.1E0);
#3195=CARTESIAN_POINT('',(-5.E0,-5.6E0,8.8E0));
#3196=LINE('',#3195,#3194);
#3197=DIRECTION('',(0.E0,0.E0,-1.E0));
#3198=VECTOR('',#3197,2.E0);
#3199=CARTESIAN_POINT('',(-5.E0,1.5E0,8.8E0));
#3200=LINE('',#3199,#3198);
#3201=DIRECTION('',(0.E0,-1.E0,0.E0));
#3202=VECTOR('',#3201,2.5E0);
#3203=CARTESIAN_POINT('',(-5.E0,4.E0,6.8E0));
#3204=LINE('',#3203,#3202);
#3205=DIRECTION('',(0.E0,1.E0,0.E0));
#3206=VECTOR('',#3205,4.E-1);
#3207=CARTESIAN_POINT('',(-4.25E0,4.E0,5.E0));
#3208=LINE('',#3207,#3206);
#3209=DIRECTION('',(1.E0,0.E0,0.E0));
#3210=VECTOR('',#3209,1.425E0);
#3211=CARTESIAN_POINT('',(-4.25E0,4.4E0,5.E0));
#3212=LINE('',#3211,#3210);
#3213=DIRECTION('',(0.E0,0.E0,-1.E0));
#3214=VECTOR('',#3213,5.5E0);
#3215=CARTESIAN_POINT('',(-4.25E0,4.4E0,1.05E1));
#3216=LINE('',#3215,#3214);
#3217=DIRECTION('',(-1.E0,0.E0,0.E0));
#3218=VECTOR('',#3217,8.5E0);
#3219=CARTESIAN_POINT('',(4.25E0,4.4E0,1.05E1));
#3220=LINE('',#3219,#3218);
#3221=DIRECTION('',(0.E0,0.E0,1.E0));
#3222=VECTOR('',#3221,5.5E0);
#3223=CARTESIAN_POINT('',(4.25E0,4.4E0,5.E0));
#3224=LINE('',#3223,#3222);
#3225=DIRECTION('',(1.E0,0.E0,0.E0));
#3226=VECTOR('',#3225,1.425E0);
#3227=CARTESIAN_POINT('',(2.825E0,4.4E0,5.E0));
#3228=LINE('',#3227,#3226);
#3229=DIRECTION('',(1.E0,0.E0,0.E0));
#3230=VECTOR('',#3229,4.7E-1);
#3231=CARTESIAN_POINT('',(1.805E0,4.4E0,5.E0));
#3232=LINE('',#3231,#3230);
#3233=DIRECTION('',(1.E0,0.E0,0.E0));
#3234=VECTOR('',#3233,4.7E-1);
#3235=CARTESIAN_POINT('',(7.85E-1,4.4E0,5.E0));
#3236=LINE('',#3235,#3234);
#3237=DIRECTION('',(1.E0,0.E0,0.E0));
#3238=VECTOR('',#3237,4.7E-1);
#3239=CARTESIAN_POINT('',(-2.35E-1,4.4E0,5.E0));
#3240=LINE('',#3239,#3238);
#3241=DIRECTION('',(1.E0,0.E0,0.E0));
#3242=VECTOR('',#3241,4.7E-1);
#3243=CARTESIAN_POINT('',(-1.255E0,4.4E0,5.E0));
#3244=LINE('',#3243,#3242);
#3245=DIRECTION('',(1.E0,0.E0,0.E0));
#3246=VECTOR('',#3245,4.7E-1);
#3247=CARTESIAN_POINT('',(-2.275E0,4.4E0,5.E0));
#3248=LINE('',#3247,#3246);
#3249=DIRECTION('',(-1.E0,0.E0,0.E0));
#3250=VECTOR('',#3249,5.5E-1);
#3251=CARTESIAN_POINT('',(-2.275E0,4.4E0,5.E0));
#3252=LINE('',#3251,#3250);
#3253=DIRECTION('',(0.E0,1.E0,0.E0));
#3254=VECTOR('',#3253,1.6E0);
#3255=CARTESIAN_POINT('',(-2.275E0,4.4E0,5.E0));
#3256=LINE('',#3255,#3254);
#3257=DIRECTION('',(1.E0,0.E0,0.E0));
#3258=VECTOR('',#3257,1.857571270904E-1);
#3259=CARTESIAN_POINT('',(-2.642878563545E0,4.879463135743E0,5.E0));
#3260=LINE('',#3259,#3258);
#3261=CARTESIAN_POINT('',(-2.457121436455E0,4.879463135743E0,5.E0));
#3262=CARTESIAN_POINT('',(-2.482255471509E0,4.849263218295E0,5.E0));
#3263=CARTESIAN_POINT('',(-2.510709355669E0,4.826145446509E0,5.E0));
#3264=CARTESIAN_POINT('',(-2.55E0,4.826145446509E0,5.E0));
#3266=CARTESIAN_POINT('',(-2.55E0,4.826145446509E0,5.E0));
#3267=CARTESIAN_POINT('',(-2.589290644331E0,4.826145446509E0,5.E0));
#3268=CARTESIAN_POINT('',(-2.617744528491E0,4.849263218295E0,5.E0));
#3269=CARTESIAN_POINT('',(-2.642878563545E0,4.879463135743E0,5.E0));
#3271=DIRECTION('',(0.E0,1.E0,0.E0));
#3272=VECTOR('',#3271,1.E-1);
#3273=CARTESIAN_POINT('',(-2.275E0,4.3E0,5.E0));
#3274=LINE('',#3273,#3272);
#3275=DIRECTION('',(0.E0,0.E0,-1.E0));
#3276=VECTOR('',#3275,3.E0);
#3277=CARTESIAN_POINT('',(-2.275E0,4.3E0,5.E0));
#3278=LINE('',#3277,#3276);
#3279=DIRECTION('',(0.E0,1.E0,0.E0));
#3280=VECTOR('',#3279,1.7E0);
#3281=CARTESIAN_POINT('',(-2.275E0,4.3E0,2.E0));
#3282=LINE('',#3281,#3280);
#3283=DIRECTION('',(-3.162277660168E-1,9.486832980505E-1,0.E0));
#3284=VECTOR('',#3283,3.162277660168E-1);
#3285=CARTESIAN_POINT('',(-2.175E0,4.E0,5.E0));
#3286=LINE('',#3285,#3284);
#3287=DIRECTION('',(0.E0,1.E0,0.E0));
#3288=VECTOR('',#3287,1.E-1);
#3289=CARTESIAN_POINT('',(-2.825E0,4.3E0,5.E0));
#3290=LINE('',#3289,#3288);
#3291=DIRECTION('',(0.E0,1.E0,0.E0));
#3292=VECTOR('',#3291,1.6E0);
#3293=CARTESIAN_POINT('',(-2.825E0,4.4E0,5.E0));
#3294=LINE('',#3293,#3292);
#3295=DIRECTION('',(0.E0,0.E0,1.E0));
#3296=VECTOR('',#3295,3.E0);
#3297=CARTESIAN_POINT('',(-2.825E0,4.3E0,2.E0));
#3298=LINE('',#3297,#3296);
#3299=DIRECTION('',(3.162277660168E-1,9.486832980505E-1,0.E0));
#3300=VECTOR('',#3299,3.162277660168E-1);
#3301=CARTESIAN_POINT('',(-2.925E0,4.E0,5.E0));
#3302=LINE('',#3301,#3300);
#3303=CARTESIAN_POINT('',(-2.55E0,4.956761793129E0,4.8043E0));
#3304=DIRECTION('',(0.E0,-9.300762238355E-1,-3.673665987211E-1));
#3305=DIRECTION('',(-4.038198415009E-1,-3.360811190724E-1,8.508695652174E-1));
#3306=AXIS2_PLACEMENT_3D('',#3303,#3304,#3305);
#3308=CARTESIAN_POINT('',(-2.55E0,4.956761793129E0,4.8043E0));
#3309=DIRECTION('',(0.E0,-9.300762238355E-1,-3.673665987211E-1));
#3310=DIRECTION('',(0.E0,3.673665987211E-1,-9.300762238355E-1));
#3311=AXIS2_PLACEMENT_3D('',#3308,#3309,#3310);
#3313=DIRECTION('',(0.E0,-9.300762238355E-1,-3.673665987211E-1));
#3314=VECTOR('',#3313,7.360775541340E0);
#3315=CARTESIAN_POINT('',(-2.55E0,4.826145446509E0,5.E0));
#3316=LINE('',#3315,#3314);
#3317=DIRECTION('',(0.E0,-9.300762238355E-1,-3.673665987211E-1));
#3318=VECTOR('',#3317,7.410365056407E0);
#3319=CARTESIAN_POINT('',(-2.55E0,5.041256110835E0,4.590382468518E0));
#3320=LINE('',#3319,#3318);
#3321=CARTESIAN_POINT('',(-2.55E0,-1.935442555776E0,2.081979393946E0));
#3322=DIRECTION('',(0.E0,-9.300762238355E-1,-3.673665987211E-1));
#3323=DIRECTION('',(0.E0,3.673665987211E-1,-9.300762238355E-1));
#3324=AXIS2_PLACEMENT_3D('',#3321,#3322,#3323);
#3326=CARTESIAN_POINT('',(-2.55E0,-1.7504E0,1.6135E0));
#3327=DIRECTION('',(1.E0,0.E0,0.E0));
#3328=DIRECTION('',(0.E0,-3.673665987211E-1,9.300762238355E-1));
#3329=AXIS2_PLACEMENT_3D('',#3326,#3327,#3328);
#3331=CARTESIAN_POINT('',(-2.55E0,-1.935442555776E0,2.081979393946E0));
#3332=DIRECTION('',(0.E0,-9.300762238355E-1,-3.673665987211E-1));
#3333=DIRECTION('',(0.E0,-3.673665987211E-1,9.300762238355E-1));
#3334=AXIS2_PLACEMENT_3D('',#3331,#3332,#3333);
#3336=CARTESIAN_POINT('',(-2.55E0,-1.7504E0,1.6135E0));
#3337=DIRECTION('',(1.E0,0.E0,0.E0));
#3338=DIRECTION('',(0.E0,-3.673665987211E-1,9.300762238355E-1));
#3339=AXIS2_PLACEMENT_3D('',#3336,#3337,#3338);
#3341=CARTESIAN_POINT('',(-2.55E0,-1.7504E0,1.1098E0));
#3342=DIRECTION('',(0.E0,1.E0,0.E0));
#3343=DIRECTION('',(0.E0,0.E0,-1.E0));
#3344=AXIS2_PLACEMENT_3D('',#3341,#3342,#3343);
#3346=DIRECTION('',(0.E0,1.E0,0.E0));
#3347=VECTOR('',#3346,4.2504E0);
#3348=CARTESIAN_POINT('',(-2.55E0,-1.7504E0,8.798E-1));
#3349=LINE('',#3348,#3347);
#3350=CARTESIAN_POINT('',(-2.55E0,-1.7504E0,1.1098E0));
#3351=DIRECTION('',(0.E0,1.E0,0.E0));
#3352=DIRECTION('',(0.E0,0.E0,1.E0));
#3353=AXIS2_PLACEMENT_3D('',#3350,#3351,#3352);
#3355=DIRECTION('',(0.E0,1.E0,0.E0));
#3356=VECTOR('',#3355,4.2504E0);
#3357=CARTESIAN_POINT('',(-2.55E0,-1.7504E0,1.3398E0));
#3358=LINE('',#3357,#3356);
#3359=CARTESIAN_POINT('',(-2.55E0,2.5E0,1.1098E0));
#3360=DIRECTION('',(0.E0,1.E0,0.E0));
#3361=DIRECTION('',(0.E0,0.E0,1.E0));
#3362=AXIS2_PLACEMENT_3D('',#3359,#3360,#3361);
#3364=CARTESIAN_POINT('',(-2.55E0,2.5E0,1.1098E0));
#3365=DIRECTION('',(0.E0,1.E0,0.E0));
#3366=DIRECTION('',(0.E0,0.E0,-1.E0));
#3367=AXIS2_PLACEMENT_3D('',#3364,#3365,#3366);
#3369=DIRECTION('',(-1.E0,0.E0,0.E0));
#3370=VECTOR('',#3369,5.5E-1);
#3371=CARTESIAN_POINT('',(2.825E0,4.4E0,5.E0));
#3372=LINE('',#3371,#3370);
#3373=DIRECTION('',(0.E0,1.E0,0.E0));
#3374=VECTOR('',#3373,1.6E0);
#3375=CARTESIAN_POINT('',(2.825E0,4.4E0,5.E0));
#3376=LINE('',#3375,#3374);
#3377=DIRECTION('',(1.E0,0.E0,0.E0));
#3378=VECTOR('',#3377,1.857571270904E-1);
#3379=CARTESIAN_POINT('',(2.457121436455E0,4.879463135743E0,5.E0));
#3380=LINE('',#3379,#3378);
#3381=CARTESIAN_POINT('',(2.642878563545E0,4.879463135743E0,5.E0));
#3382=CARTESIAN_POINT('',(2.617744528491E0,4.849263218295E0,5.E0));
#3383=CARTESIAN_POINT('',(2.589290644331E0,4.826145446509E0,5.E0));
#3384=CARTESIAN_POINT('',(2.55E0,4.826145446509E0,5.E0));
#3386=CARTESIAN_POINT('',(2.55E0,4.826145446509E0,5.E0));
#3387=CARTESIAN_POINT('',(2.510709355669E0,4.826145446509E0,5.E0));
#3388=CARTESIAN_POINT('',(2.482255471509E0,4.849263218295E0,5.E0));
#3389=CARTESIAN_POINT('',(2.457121436455E0,4.879463135743E0,5.E0));
#3391=DIRECTION('',(0.E0,1.E0,0.E0));
#3392=VECTOR('',#3391,1.E-1);
#3393=CARTESIAN_POINT('',(2.825E0,4.3E0,5.E0));
#3394=LINE('',#3393,#3392);
#3395=DIRECTION('',(0.E0,0.E0,-1.E0));
#3396=VECTOR('',#3395,3.E0);
#3397=CARTESIAN_POINT('',(2.825E0,4.3E0,5.E0));
#3398=LINE('',#3397,#3396);
#3399=DIRECTION('',(0.E0,1.E0,0.E0));
#3400=VECTOR('',#3399,1.7E0);
#3401=CARTESIAN_POINT('',(2.825E0,4.3E0,2.E0));
#3402=LINE('',#3401,#3400);
#3403=DIRECTION('',(-3.162277660168E-1,9.486832980505E-1,0.E0));
#3404=VECTOR('',#3403,3.162277660168E-1);
#3405=CARTESIAN_POINT('',(2.925E0,4.E0,5.E0));
#3406=LINE('',#3405,#3404);
#3407=DIRECTION('',(0.E0,1.E0,0.E0));
#3408=VECTOR('',#3407,1.E-1);
#3409=CARTESIAN_POINT('',(2.275E0,4.3E0,5.E0));
#3410=LINE('',#3409,#3408);
#3411=DIRECTION('',(0.E0,1.E0,0.E0));
#3412=VECTOR('',#3411,1.6E0);
#3413=CARTESIAN_POINT('',(2.275E0,4.4E0,5.E0));
#3414=LINE('',#3413,#3412);
#3415=DIRECTION('',(0.E0,0.E0,1.E0));
#3416=VECTOR('',#3415,3.E0);
#3417=CARTESIAN_POINT('',(2.275E0,4.3E0,2.E0));
#3418=LINE('',#3417,#3416);
#3419=DIRECTION('',(3.162277660168E-1,9.486832980505E-1,0.E0));
#3420=VECTOR('',#3419,3.162277660168E-1);
#3421=CARTESIAN_POINT('',(2.175E0,4.E0,5.E0));
#3422=LINE('',#3421,#3420);
#3423=CARTESIAN_POINT('',(2.55E0,4.956761793129E0,4.8043E0));
#3424=DIRECTION('',(0.E0,-9.300762238355E-1,-3.673665987211E-1));
#3425=DIRECTION('',(0.E0,3.673665987211E-1,-9.300762238355E-1));
#3426=AXIS2_PLACEMENT_3D('',#3423,#3424,#3425);
#3428=CARTESIAN_POINT('',(2.55E0,4.956761793129E0,4.8043E0));
#3429=DIRECTION('',(0.E0,-9.300762238355E-1,-3.673665987211E-1));
#3430=DIRECTION('',(-4.038198415009E-1,-3.360811190724E-1,8.508695652174E-1));
#3431=AXIS2_PLACEMENT_3D('',#3428,#3429,#3430);
#3433=DIRECTION('',(0.E0,-9.300762238355E-1,-3.673665987211E-1));
#3434=VECTOR('',#3433,7.410365056407E0);
#3435=CARTESIAN_POINT('',(2.55E0,5.041256110835E0,4.590382468518E0));
#3436=LINE('',#3435,#3434);
#3437=DIRECTION('',(0.E0,-9.300762238355E-1,-3.673665987211E-1));
#3438=VECTOR('',#3437,7.360775541340E0);
#3439=CARTESIAN_POINT('',(2.55E0,4.826145446509E0,5.E0));
#3440=LINE('',#3439,#3438);
#3441=CARTESIAN_POINT('',(2.55E0,-1.935442555776E0,2.081979393946E0));
#3442=DIRECTION('',(0.E0,-9.300762238355E-1,-3.673665987211E-1));
#3443=DIRECTION('',(0.E0,-3.673665987211E-1,9.300762238355E-1));
#3444=AXIS2_PLACEMENT_3D('',#3441,#3442,#3443);
#3446=CARTESIAN_POINT('',(2.55E0,-1.7504E0,1.6135E0));
#3447=DIRECTION('',(1.E0,0.E0,0.E0));
#3448=DIRECTION('',(0.E0,-3.673665987211E-1,9.300762238355E-1));
#3449=AXIS2_PLACEMENT_3D('',#3446,#3447,#3448);
#3451=CARTESIAN_POINT('',(2.55E0,-1.935442555776E0,2.081979393946E0));
#3452=DIRECTION('',(0.E0,-9.300762238355E-1,-3.673665987211E-1));
#3453=DIRECTION('',(0.E0,3.673665987211E-1,-9.300762238355E-1));
#3454=AXIS2_PLACEMENT_3D('',#3451,#3452,#3453);
#3456=CARTESIAN_POINT('',(2.55E0,-1.7504E0,1.6135E0));
#3457=DIRECTION('',(1.E0,0.E0,0.E0));
#3458=DIRECTION('',(0.E0,-3.673665987211E-1,9.300762238355E-1));
#3459=AXIS2_PLACEMENT_3D('',#3456,#3457,#3458);
#3461=CARTESIAN_POINT('',(2.55E0,-1.7504E0,1.1098E0));
#3462=DIRECTION('',(0.E0,1.E0,0.E0));
#3463=DIRECTION('',(0.E0,0.E0,1.E0));
#3464=AXIS2_PLACEMENT_3D('',#3461,#3462,#3463);
#3466=DIRECTION('',(0.E0,1.E0,0.E0));
#3467=VECTOR('',#3466,4.2504E0);
#3468=CARTESIAN_POINT('',(2.55E0,-1.7504E0,1.3398E0));
#3469=LINE('',#3468,#3467);
#3470=CARTESIAN_POINT('',(2.55E0,-1.7504E0,1.1098E0));
#3471=DIRECTION('',(0.E0,1.E0,0.E0));
#3472=DIRECTION('',(0.E0,0.E0,-1.E0));
#3473=AXIS2_PLACEMENT_3D('',#3470,#3471,#3472);
#3475=DIRECTION('',(0.E0,1.E0,0.E0));
#3476=VECTOR('',#3475,4.2504E0);
#3477=CARTESIAN_POINT('',(2.55E0,-1.7504E0,8.798E-1));
#3478=LINE('',#3477,#3476);
#3479=CARTESIAN_POINT('',(2.55E0,2.5E0,1.1098E0));
#3480=DIRECTION('',(0.E0,1.E0,0.E0));
#3481=DIRECTION('',(0.E0,0.E0,1.E0));
#3482=AXIS2_PLACEMENT_3D('',#3479,#3480,#3481);
#3484=CARTESIAN_POINT('',(2.55E0,2.5E0,1.1098E0));
#3485=DIRECTION('',(0.E0,1.E0,0.E0));
#3486=DIRECTION('',(0.E0,0.E0,-1.E0));
#3487=AXIS2_PLACEMENT_3D('',#3484,#3485,#3486);
#3489=DIRECTION('',(-1.E0,0.E0,0.E0));
#3490=VECTOR('',#3489,5.5E-1);
#3491=CARTESIAN_POINT('',(1.805E0,4.4E0,5.E0));
#3492=LINE('',#3491,#3490);
#3493=DIRECTION('',(0.E0,1.E0,0.E0));
#3494=VECTOR('',#3493,1.6E0);
#3495=CARTESIAN_POINT('',(1.805E0,4.4E0,5.E0));
#3496=LINE('',#3495,#3494);
#3497=DIRECTION('',(1.E0,0.E0,0.E0));
#3498=VECTOR('',#3497,1.857571270904E-1);
#3499=CARTESIAN_POINT('',(1.437121436455E0,4.879463135743E0,5.E0));
#3500=LINE('',#3499,#3498);
#3501=CARTESIAN_POINT('',(1.622878563545E0,4.879463135743E0,5.E0));
#3502=CARTESIAN_POINT('',(1.597744528491E0,4.849263218295E0,5.E0));
#3503=CARTESIAN_POINT('',(1.569290644331E0,4.826145446509E0,5.E0));
#3504=CARTESIAN_POINT('',(1.53E0,4.826145446509E0,5.E0));
#3506=CARTESIAN_POINT('',(1.53E0,4.826145446509E0,5.E0));
#3507=CARTESIAN_POINT('',(1.490709355669E0,4.826145446509E0,5.E0));
#3508=CARTESIAN_POINT('',(1.462255471509E0,4.849263218295E0,5.E0));
#3509=CARTESIAN_POINT('',(1.437121436455E0,4.879463135743E0,5.E0));
#3511=DIRECTION('',(0.E0,1.E0,0.E0));
#3512=VECTOR('',#3511,1.E-1);
#3513=CARTESIAN_POINT('',(1.805E0,4.3E0,5.E0));
#3514=LINE('',#3513,#3512);
#3515=DIRECTION('',(0.E0,0.E0,-1.E0));
#3516=VECTOR('',#3515,3.E0);
#3517=CARTESIAN_POINT('',(1.805E0,4.3E0,5.E0));
#3518=LINE('',#3517,#3516);
#3519=DIRECTION('',(0.E0,1.E0,0.E0));
#3520=VECTOR('',#3519,1.7E0);
#3521=CARTESIAN_POINT('',(1.805E0,4.3E0,2.E0));
#3522=LINE('',#3521,#3520);
#3523=DIRECTION('',(-3.162277660168E-1,9.486832980505E-1,0.E0));
#3524=VECTOR('',#3523,3.162277660168E-1);
#3525=CARTESIAN_POINT('',(1.905E0,4.E0,5.E0));
#3526=LINE('',#3525,#3524);
#3527=DIRECTION('',(0.E0,1.E0,0.E0));
#3528=VECTOR('',#3527,1.E-1);
#3529=CARTESIAN_POINT('',(1.255E0,4.3E0,5.E0));
#3530=LINE('',#3529,#3528);
#3531=DIRECTION('',(0.E0,1.E0,0.E0));
#3532=VECTOR('',#3531,1.6E0);
#3533=CARTESIAN_POINT('',(1.255E0,4.4E0,5.E0));
#3534=LINE('',#3533,#3532);
#3535=DIRECTION('',(0.E0,0.E0,1.E0));
#3536=VECTOR('',#3535,3.E0);
#3537=CARTESIAN_POINT('',(1.255E0,4.3E0,2.E0));
#3538=LINE('',#3537,#3536);
#3539=DIRECTION('',(3.162277660168E-1,9.486832980505E-1,0.E0));
#3540=VECTOR('',#3539,3.162277660168E-1);
#3541=CARTESIAN_POINT('',(1.155E0,4.E0,5.E0));
#3542=LINE('',#3541,#3540);
#3543=CARTESIAN_POINT('',(1.53E0,4.956761793129E0,4.8043E0));
#3544=DIRECTION('',(0.E0,-9.300762238355E-1,-3.673665987211E-1));
#3545=DIRECTION('',(0.E0,3.673665987211E-1,-9.300762238355E-1));
#3546=AXIS2_PLACEMENT_3D('',#3543,#3544,#3545);
#3548=CARTESIAN_POINT('',(1.53E0,4.956761793129E0,4.8043E0));
#3549=DIRECTION('',(0.E0,-9.300762238355E-1,-3.673665987211E-1));
#3550=DIRECTION('',(-4.038198415009E-1,-3.360811190724E-1,8.508695652174E-1));
#3551=AXIS2_PLACEMENT_3D('',#3548,#3549,#3550);
#3553=DIRECTION('',(0.E0,-9.300762238355E-1,-3.673665987211E-1));
#3554=VECTOR('',#3553,7.410365056407E0);
#3555=CARTESIAN_POINT('',(1.53E0,5.041256110835E0,4.590382468518E0));
#3556=LINE('',#3555,#3554);
#3557=DIRECTION('',(0.E0,-9.300762238355E-1,-3.673665987211E-1));
#3558=VECTOR('',#3557,7.360775541340E0);
#3559=CARTESIAN_POINT('',(1.53E0,4.826145446509E0,5.E0));
#3560=LINE('',#3559,#3558);
#3561=CARTESIAN_POINT('',(1.53E0,-1.935442555776E0,2.081979393946E0));
#3562=DIRECTION('',(0.E0,-9.300762238355E-1,-3.673665987211E-1));
#3563=DIRECTION('',(0.E0,-3.673665987211E-1,9.300762238355E-1));
#3564=AXIS2_PLACEMENT_3D('',#3561,#3562,#3563);
#3566=CARTESIAN_POINT('',(1.53E0,-1.7504E0,1.6135E0));
#3567=DIRECTION('',(1.E0,0.E0,0.E0));
#3568=DIRECTION('',(0.E0,-3.673665987211E-1,9.300762238355E-1));
#3569=AXIS2_PLACEMENT_3D('',#3566,#3567,#3568);
#3571=CARTESIAN_POINT('',(1.53E0,-1.935442555776E0,2.081979393946E0));
#3572=DIRECTION('',(0.E0,-9.300762238355E-1,-3.673665987211E-1));
#3573=DIRECTION('',(0.E0,3.673665987211E-1,-9.300762238355E-1));
#3574=AXIS2_PLACEMENT_3D('',#3571,#3572,#3573);
#3576=CARTESIAN_POINT('',(1.53E0,-1.7504E0,1.6135E0));
#3577=DIRECTION('',(1.E0,0.E0,0.E0));
#3578=DIRECTION('',(0.E0,-3.673665987211E-1,9.300762238355E-1));
#3579=AXIS2_PLACEMENT_3D('',#3576,#3577,#3578);
#3581=CARTESIAN_POINT('',(1.53E0,-1.7504E0,1.1098E0));
#3582=DIRECTION('',(0.E0,1.E0,0.E0));
#3583=DIRECTION('',(0.E0,0.E0,1.E0));
#3584=AXIS2_PLACEMENT_3D('',#3581,#3582,#3583);
#3586=DIRECTION('',(0.E0,1.E0,0.E0));
#3587=VECTOR('',#3586,4.2504E0);
#3588=CARTESIAN_POINT('',(1.53E0,-1.7504E0,1.3398E0));
#3589=LINE('',#3588,#3587);
#3590=CARTESIAN_POINT('',(1.53E0,-1.7504E0,1.1098E0));
#3591=DIRECTION('',(0.E0,1.E0,0.E0));
#3592=DIRECTION('',(0.E0,0.E0,-1.E0));
#3593=AXIS2_PLACEMENT_3D('',#3590,#3591,#3592);
#3595=DIRECTION('',(0.E0,1.E0,0.E0));
#3596=VECTOR('',#3595,4.2504E0);
#3597=CARTESIAN_POINT('',(1.53E0,-1.7504E0,8.798E-1));
#3598=LINE('',#3597,#3596);
#3599=CARTESIAN_POINT('',(1.53E0,2.5E0,1.1098E0));
#3600=DIRECTION('',(0.E0,1.E0,0.E0));
#3601=DIRECTION('',(0.E0,0.E0,1.E0));
#3602=AXIS2_PLACEMENT_3D('',#3599,#3600,#3601);
#3604=CARTESIAN_POINT('',(1.53E0,2.5E0,1.1098E0));
#3605=DIRECTION('',(0.E0,1.E0,0.E0));
#3606=DIRECTION('',(0.E0,0.E0,-1.E0));
#3607=AXIS2_PLACEMENT_3D('',#3604,#3605,#3606);
#3609=DIRECTION('',(-1.E0,0.E0,0.E0));
#3610=VECTOR('',#3609,5.5E-1);
#3611=CARTESIAN_POINT('',(7.85E-1,4.4E0,5.E0));
#3612=LINE('',#3611,#3610);
#3613=DIRECTION('',(0.E0,1.E0,0.E0));
#3614=VECTOR('',#3613,1.6E0);
#3615=CARTESIAN_POINT('',(7.85E-1,4.4E0,5.E0));
#3616=LINE('',#3615,#3614);
#3617=DIRECTION('',(1.E0,0.E0,0.E0));
#3618=VECTOR('',#3617,1.857571270904E-1);
#3619=CARTESIAN_POINT('',(4.171214364548E-1,4.879463135743E0,5.E0));
#3620=LINE('',#3619,#3618);
#3621=CARTESIAN_POINT('',(6.028785635452E-1,4.879463135743E0,5.E0));
#3622=CARTESIAN_POINT('',(5.777445284915E-1,4.849263218295E0,5.E0));
#3623=CARTESIAN_POINT('',(5.492906443307E-1,4.826145446509E0,5.E0));
#3624=CARTESIAN_POINT('',(5.1E-1,4.826145446509E0,5.E0));
#3626=CARTESIAN_POINT('',(5.1E-1,4.826145446509E0,5.E0));
#3627=CARTESIAN_POINT('',(4.707093556693E-1,4.826145446509E0,5.E0));
#3628=CARTESIAN_POINT('',(4.422554715085E-1,4.849263218295E0,5.E0));
#3629=CARTESIAN_POINT('',(4.171214364548E-1,4.879463135743E0,5.E0));
#3631=DIRECTION('',(0.E0,1.E0,0.E0));
#3632=VECTOR('',#3631,1.E-1);
#3633=CARTESIAN_POINT('',(7.85E-1,4.3E0,5.E0));
#3634=LINE('',#3633,#3632);
#3635=DIRECTION('',(0.E0,0.E0,-1.E0));
#3636=VECTOR('',#3635,3.E0);
#3637=CARTESIAN_POINT('',(7.85E-1,4.3E0,5.E0));
#3638=LINE('',#3637,#3636);
#3639=DIRECTION('',(0.E0,1.E0,0.E0));
#3640=VECTOR('',#3639,1.7E0);
#3641=CARTESIAN_POINT('',(7.85E-1,4.3E0,2.E0));
#3642=LINE('',#3641,#3640);
#3643=DIRECTION('',(-3.162277660168E-1,9.486832980505E-1,0.E0));
#3644=VECTOR('',#3643,3.162277660168E-1);
#3645=CARTESIAN_POINT('',(8.85E-1,4.E0,5.E0));
#3646=LINE('',#3645,#3644);
#3647=DIRECTION('',(0.E0,1.E0,0.E0));
#3648=VECTOR('',#3647,1.E-1);
#3649=CARTESIAN_POINT('',(2.35E-1,4.3E0,5.E0));
#3650=LINE('',#3649,#3648);
#3651=DIRECTION('',(0.E0,1.E0,0.E0));
#3652=VECTOR('',#3651,1.6E0);
#3653=CARTESIAN_POINT('',(2.35E-1,4.4E0,5.E0));
#3654=LINE('',#3653,#3652);
#3655=DIRECTION('',(0.E0,0.E0,1.E0));
#3656=VECTOR('',#3655,3.E0);
#3657=CARTESIAN_POINT('',(2.35E-1,4.3E0,2.E0));
#3658=LINE('',#3657,#3656);
#3659=DIRECTION('',(3.162277660168E-1,9.486832980505E-1,0.E0));
#3660=VECTOR('',#3659,3.162277660168E-1);
#3661=CARTESIAN_POINT('',(1.35E-1,4.E0,5.E0));
#3662=LINE('',#3661,#3660);
#3663=CARTESIAN_POINT('',(5.1E-1,4.956761793129E0,4.8043E0));
#3664=DIRECTION('',(0.E0,-9.300762238355E-1,-3.673665987211E-1));
#3665=DIRECTION('',(0.E0,3.673665987211E-1,-9.300762238355E-1));
#3666=AXIS2_PLACEMENT_3D('',#3663,#3664,#3665);
#3668=CARTESIAN_POINT('',(5.1E-1,4.956761793129E0,4.8043E0));
#3669=DIRECTION('',(0.E0,-9.300762238355E-1,-3.673665987211E-1));
#3670=DIRECTION('',(-4.038198415009E-1,-3.360811190724E-1,8.508695652174E-1));
#3671=AXIS2_PLACEMENT_3D('',#3668,#3669,#3670);
#3673=DIRECTION('',(0.E0,-9.300762238355E-1,-3.673665987211E-1));
#3674=VECTOR('',#3673,7.410365056407E0);
#3675=CARTESIAN_POINT('',(5.1E-1,5.041256110835E0,4.590382468518E0));
#3676=LINE('',#3675,#3674);
#3677=DIRECTION('',(0.E0,-9.300762238355E-1,-3.673665987211E-1));
#3678=VECTOR('',#3677,7.360775541340E0);
#3679=CARTESIAN_POINT('',(5.1E-1,4.826145446509E0,5.E0));
#3680=LINE('',#3679,#3678);
#3681=CARTESIAN_POINT('',(5.1E-1,-1.935442555776E0,2.081979393946E0));
#3682=DIRECTION('',(0.E0,-9.300762238355E-1,-3.673665987211E-1));
#3683=DIRECTION('',(0.E0,-3.673665987211E-1,9.300762238355E-1));
#3684=AXIS2_PLACEMENT_3D('',#3681,#3682,#3683);
#3686=CARTESIAN_POINT('',(5.1E-1,-1.7504E0,1.6135E0));
#3687=DIRECTION('',(1.E0,0.E0,0.E0));
#3688=DIRECTION('',(0.E0,-3.673665987211E-1,9.300762238355E-1));
#3689=AXIS2_PLACEMENT_3D('',#3686,#3687,#3688);
#3691=CARTESIAN_POINT('',(5.1E-1,-1.935442555776E0,2.081979393946E0));
#3692=DIRECTION('',(0.E0,-9.300762238355E-1,-3.673665987211E-1));
#3693=DIRECTION('',(0.E0,3.673665987211E-1,-9.300762238355E-1));
#3694=AXIS2_PLACEMENT_3D('',#3691,#3692,#3693);
#3696=CARTESIAN_POINT('',(5.1E-1,-1.7504E0,1.6135E0));
#3697=DIRECTION('',(1.E0,0.E0,0.E0));
#3698=DIRECTION('',(0.E0,-3.673665987211E-1,9.300762238355E-1));
#3699=AXIS2_PLACEMENT_3D('',#3696,#3697,#3698);
#3701=CARTESIAN_POINT('',(5.1E-1,-1.7504E0,1.1098E0));
#3702=DIRECTION('',(0.E0,1.E0,0.E0));
#3703=DIRECTION('',(0.E0,0.E0,1.E0));
#3704=AXIS2_PLACEMENT_3D('',#3701,#3702,#3703);
#3706=DIRECTION('',(0.E0,1.E0,0.E0));
#3707=VECTOR('',#3706,4.2504E0);
#3708=CARTESIAN_POINT('',(5.1E-1,-1.7504E0,1.3398E0));
#3709=LINE('',#3708,#3707);
#3710=CARTESIAN_POINT('',(5.1E-1,-1.7504E0,1.1098E0));
#3711=DIRECTION('',(0.E0,1.E0,0.E0));
#3712=DIRECTION('',(0.E0,0.E0,-1.E0));
#3713=AXIS2_PLACEMENT_3D('',#3710,#3711,#3712);
#3715=DIRECTION('',(0.E0,1.E0,0.E0));
#3716=VECTOR('',#3715,4.2504E0);
#3717=CARTESIAN_POINT('',(5.1E-1,-1.7504E0,8.798E-1));
#3718=LINE('',#3717,#3716);
#3719=CARTESIAN_POINT('',(5.1E-1,2.5E0,1.1098E0));
#3720=DIRECTION('',(0.E0,1.E0,0.E0));
#3721=DIRECTION('',(0.E0,0.E0,1.E0));
#3722=AXIS2_PLACEMENT_3D('',#3719,#3720,#3721);
#3724=CARTESIAN_POINT('',(5.1E-1,2.5E0,1.1098E0));
#3725=DIRECTION('',(0.E0,1.E0,0.E0));
#3726=DIRECTION('',(0.E0,0.E0,-1.E0));
#3727=AXIS2_PLACEMENT_3D('',#3724,#3725,#3726);
#3729=DIRECTION('',(-1.E0,0.E0,0.E0));
#3730=VECTOR('',#3729,5.5E-1);
#3731=CARTESIAN_POINT('',(-2.35E-1,4.4E0,5.E0));
#3732=LINE('',#3731,#3730);
#3733=DIRECTION('',(0.E0,1.E0,0.E0));
#3734=VECTOR('',#3733,1.6E0);
#3735=CARTESIAN_POINT('',(-2.35E-1,4.4E0,5.E0));
#3736=LINE('',#3735,#3734);
#3737=DIRECTION('',(1.E0,0.E0,0.E0));
#3738=VECTOR('',#3737,1.857571270904E-1);
#3739=CARTESIAN_POINT('',(-6.028785635452E-1,4.879463135743E0,5.E0));
#3740=LINE('',#3739,#3738);
#3741=CARTESIAN_POINT('',(-4.171214364548E-1,4.879463135743E0,5.E0));
#3742=CARTESIAN_POINT('',(-4.422554715085E-1,4.849263218295E0,5.E0));
#3743=CARTESIAN_POINT('',(-4.707093556693E-1,4.826145446509E0,5.E0));
#3744=CARTESIAN_POINT('',(-5.1E-1,4.826145446509E0,5.E0));
#3746=CARTESIAN_POINT('',(-5.1E-1,4.826145446509E0,5.E0));
#3747=CARTESIAN_POINT('',(-5.492906443307E-1,4.826145446509E0,5.E0));
#3748=CARTESIAN_POINT('',(-5.777445284915E-1,4.849263218295E0,5.E0));
#3749=CARTESIAN_POINT('',(-6.028785635452E-1,4.879463135743E0,5.E0));
#3751=DIRECTION('',(0.E0,1.E0,-1.776356839400E-14));
#3752=VECTOR('',#3751,1.E-1);
#3753=CARTESIAN_POINT('',(-2.35E-1,4.3E0,5.E0));
#3754=LINE('',#3753,#3752);
#3755=DIRECTION('',(0.E0,0.E0,-1.E0));
#3756=VECTOR('',#3755,3.E0);
#3757=CARTESIAN_POINT('',(-2.35E-1,4.3E0,5.E0));
#3758=LINE('',#3757,#3756);
#3759=DIRECTION('',(0.E0,1.E0,0.E0));
#3760=VECTOR('',#3759,1.7E0);
#3761=CARTESIAN_POINT('',(-2.35E-1,4.3E0,2.E0));
#3762=LINE('',#3761,#3760);
#3763=DIRECTION('',(-3.162277660168E-1,9.486832980505E-1,0.E0));
#3764=VECTOR('',#3763,3.162277660168E-1);
#3765=CARTESIAN_POINT('',(-1.35E-1,4.E0,5.E0));
#3766=LINE('',#3765,#3764);
#3767=DIRECTION('',(0.E0,1.E0,-1.776356839400E-14));
#3768=VECTOR('',#3767,1.E-1);
#3769=CARTESIAN_POINT('',(-7.85E-1,4.3E0,5.E0));
#3770=LINE('',#3769,#3768);
#3771=DIRECTION('',(0.E0,1.E0,0.E0));
#3772=VECTOR('',#3771,1.6E0);
#3773=CARTESIAN_POINT('',(-7.85E-1,4.4E0,5.E0));
#3774=LINE('',#3773,#3772);
#3775=DIRECTION('',(0.E0,0.E0,1.E0));
#3776=VECTOR('',#3775,3.E0);
#3777=CARTESIAN_POINT('',(-7.85E-1,4.3E0,2.E0));
#3778=LINE('',#3777,#3776);
#3779=DIRECTION('',(3.162277660168E-1,9.486832980505E-1,0.E0));
#3780=VECTOR('',#3779,3.162277660168E-1);
#3781=CARTESIAN_POINT('',(-8.85E-1,4.E0,5.E0));
#3782=LINE('',#3781,#3780);
#3783=CARTESIAN_POINT('',(-5.1E-1,4.956761793129E0,4.8043E0));
#3784=DIRECTION('',(0.E0,-9.300762238355E-1,-3.673665987211E-1));
#3785=DIRECTION('',(0.E0,3.673665987211E-1,-9.300762238355E-1));
#3786=AXIS2_PLACEMENT_3D('',#3783,#3784,#3785);
#3788=CARTESIAN_POINT('',(-5.1E-1,4.956761793129E0,4.8043E0));
#3789=DIRECTION('',(0.E0,-9.300762238355E-1,-3.673665987211E-1));
#3790=DIRECTION('',(-4.038198415009E-1,-3.360811190724E-1,8.508695652174E-1));
#3791=AXIS2_PLACEMENT_3D('',#3788,#3789,#3790);
#3793=DIRECTION('',(0.E0,-9.300762238355E-1,-3.673665987211E-1));
#3794=VECTOR('',#3793,7.410365056407E0);
#3795=CARTESIAN_POINT('',(-5.1E-1,5.041256110835E0,4.590382468518E0));
#3796=LINE('',#3795,#3794);
#3797=DIRECTION('',(0.E0,-9.300762238355E-1,-3.673665987211E-1));
#3798=VECTOR('',#3797,7.360775541340E0);
#3799=CARTESIAN_POINT('',(-5.1E-1,4.826145446509E0,5.E0));
#3800=LINE('',#3799,#3798);
#3801=CARTESIAN_POINT('',(-5.1E-1,-1.935442555776E0,2.081979393946E0));
#3802=DIRECTION('',(0.E0,-9.300762238355E-1,-3.673665987211E-1));
#3803=DIRECTION('',(0.E0,-3.673665987211E-1,9.300762238355E-1));
#3804=AXIS2_PLACEMENT_3D('',#3801,#3802,#3803);
#3806=CARTESIAN_POINT('',(-5.1E-1,-1.7504E0,1.6135E0));
#3807=DIRECTION('',(1.E0,0.E0,0.E0));
#3808=DIRECTION('',(0.E0,-3.673665987211E-1,9.300762238355E-1));
#3809=AXIS2_PLACEMENT_3D('',#3806,#3807,#3808);
#3811=CARTESIAN_POINT('',(-5.1E-1,-1.935442555776E0,2.081979393946E0));
#3812=DIRECTION('',(0.E0,-9.300762238355E-1,-3.673665987211E-1));
#3813=DIRECTION('',(0.E0,3.673665987211E-1,-9.300762238355E-1));
#3814=AXIS2_PLACEMENT_3D('',#3811,#3812,#3813);
#3816=CARTESIAN_POINT('',(-5.1E-1,-1.7504E0,1.6135E0));
#3817=DIRECTION('',(1.E0,0.E0,0.E0));
#3818=DIRECTION('',(0.E0,-3.673665987211E-1,9.300762238355E-1));
#3819=AXIS2_PLACEMENT_3D('',#3816,#3817,#3818);
#3821=CARTESIAN_POINT('',(-5.1E-1,-1.7504E0,1.1098E0));
#3822=DIRECTION('',(0.E0,1.E0,0.E0));
#3823=DIRECTION('',(0.E0,0.E0,1.E0));
#3824=AXIS2_PLACEMENT_3D('',#3821,#3822,#3823);
#3826=DIRECTION('',(0.E0,1.E0,0.E0));
#3827=VECTOR('',#3826,4.2504E0);
#3828=CARTESIAN_POINT('',(-5.1E-1,-1.7504E0,1.3398E0));
#3829=LINE('',#3828,#3827);
#3830=CARTESIAN_POINT('',(-5.1E-1,-1.7504E0,1.1098E0));
#3831=DIRECTION('',(0.E0,1.E0,0.E0));
#3832=DIRECTION('',(0.E0,0.E0,-1.E0));
#3833=AXIS2_PLACEMENT_3D('',#3830,#3831,#3832);
#3835=DIRECTION('',(0.E0,1.E0,0.E0));
#3836=VECTOR('',#3835,4.2504E0);
#3837=CARTESIAN_POINT('',(-5.1E-1,-1.7504E0,8.798E-1));
#3838=LINE('',#3837,#3836);
#3839=CARTESIAN_POINT('',(-5.1E-1,2.5E0,1.1098E0));
#3840=DIRECTION('',(0.E0,1.E0,0.E0));
#3841=DIRECTION('',(0.E0,0.E0,1.E0));
#3842=AXIS2_PLACEMENT_3D('',#3839,#3840,#3841);
#3844=CARTESIAN_POINT('',(-5.1E-1,2.5E0,1.1098E0));
#3845=DIRECTION('',(0.E0,1.E0,0.E0));
#3846=DIRECTION('',(0.E0,0.E0,-1.E0));
#3847=AXIS2_PLACEMENT_3D('',#3844,#3845,#3846);
#3849=DIRECTION('',(-1.E0,0.E0,0.E0));
#3850=VECTOR('',#3849,5.5E-1);
#3851=CARTESIAN_POINT('',(-1.255E0,4.4E0,5.E0));
#3852=LINE('',#3851,#3850);
#3853=DIRECTION('',(0.E0,1.E0,0.E0));
#3854=VECTOR('',#3853,1.6E0);
#3855=CARTESIAN_POINT('',(-1.255E0,4.4E0,5.E0));
#3856=LINE('',#3855,#3854);
#3857=DIRECTION('',(1.E0,0.E0,0.E0));
#3858=VECTOR('',#3857,1.857571270904E-1);
#3859=CARTESIAN_POINT('',(-1.622878563545E0,4.879463135743E0,5.E0));
#3860=LINE('',#3859,#3858);
#3861=CARTESIAN_POINT('',(-1.437121436455E0,4.879463135743E0,5.E0));
#3862=CARTESIAN_POINT('',(-1.462255471509E0,4.849263218295E0,5.E0));
#3863=CARTESIAN_POINT('',(-1.490709355669E0,4.826145446509E0,5.E0));
#3864=CARTESIAN_POINT('',(-1.53E0,4.826145446509E0,5.E0));
#3866=CARTESIAN_POINT('',(-1.53E0,4.826145446509E0,5.E0));
#3867=CARTESIAN_POINT('',(-1.569290644331E0,4.826145446509E0,5.E0));
#3868=CARTESIAN_POINT('',(-1.597744528491E0,4.849263218295E0,5.E0));
#3869=CARTESIAN_POINT('',(-1.622878563545E0,4.879463135743E0,5.E0));
#3871=DIRECTION('',(0.E0,1.E0,0.E0));
#3872=VECTOR('',#3871,1.E-1);
#3873=CARTESIAN_POINT('',(-1.255E0,4.3E0,5.E0));
#3874=LINE('',#3873,#3872);
#3875=DIRECTION('',(0.E0,0.E0,-1.E0));
#3876=VECTOR('',#3875,3.E0);
#3877=CARTESIAN_POINT('',(-1.255E0,4.3E0,5.E0));
#3878=LINE('',#3877,#3876);
#3879=DIRECTION('',(0.E0,1.E0,0.E0));
#3880=VECTOR('',#3879,1.7E0);
#3881=CARTESIAN_POINT('',(-1.255E0,4.3E0,2.E0));
#3882=LINE('',#3881,#3880);
#3883=DIRECTION('',(-3.162277660168E-1,9.486832980505E-1,0.E0));
#3884=VECTOR('',#3883,3.162277660168E-1);
#3885=CARTESIAN_POINT('',(-1.155E0,4.E0,5.E0));
#3886=LINE('',#3885,#3884);
#3887=DIRECTION('',(0.E0,1.E0,0.E0));
#3888=VECTOR('',#3887,1.E-1);
#3889=CARTESIAN_POINT('',(-1.805E0,4.3E0,5.E0));
#3890=LINE('',#3889,#3888);
#3891=DIRECTION('',(0.E0,1.E0,0.E0));
#3892=VECTOR('',#3891,1.6E0);
#3893=CARTESIAN_POINT('',(-1.805E0,4.4E0,5.E0));
#3894=LINE('',#3893,#3892);
#3895=DIRECTION('',(0.E0,0.E0,1.E0));
#3896=VECTOR('',#3895,3.E0);
#3897=CARTESIAN_POINT('',(-1.805E0,4.3E0,2.E0));
#3898=LINE('',#3897,#3896);
#3899=DIRECTION('',(3.162277660168E-1,9.486832980505E-1,0.E0));
#3900=VECTOR('',#3899,3.162277660168E-1);
#3901=CARTESIAN_POINT('',(-1.905E0,4.E0,5.E0));
#3902=LINE('',#3901,#3900);
#3903=CARTESIAN_POINT('',(-1.53E0,4.956761793129E0,4.8043E0));
#3904=DIRECTION('',(0.E0,-9.300762238355E-1,-3.673665987211E-1));
#3905=DIRECTION('',(0.E0,3.673665987211E-1,-9.300762238355E-1));
#3906=AXIS2_PLACEMENT_3D('',#3903,#3904,#3905);
#3908=CARTESIAN_POINT('',(-1.53E0,4.956761793129E0,4.8043E0));
#3909=DIRECTION('',(0.E0,-9.300762238355E-1,-3.673665987211E-1));
#3910=DIRECTION('',(-4.038198415009E-1,-3.360811190724E-1,8.508695652174E-1));
#3911=AXIS2_PLACEMENT_3D('',#3908,#3909,#3910);
#3913=DIRECTION('',(0.E0,-9.300762238355E-1,-3.673665987211E-1));
#3914=VECTOR('',#3913,7.410365056407E0);
#3915=CARTESIAN_POINT('',(-1.53E0,5.041256110835E0,4.590382468518E0));
#3916=LINE('',#3915,#3914);
#3917=DIRECTION('',(0.E0,-9.300762238355E-1,-3.673665987211E-1));
#3918=VECTOR('',#3917,7.360775541340E0);
#3919=CARTESIAN_POINT('',(-1.53E0,4.826145446509E0,5.E0));
#3920=LINE('',#3919,#3918);
#3921=CARTESIAN_POINT('',(-1.53E0,-1.935442555776E0,2.081979393946E0));
#3922=DIRECTION('',(0.E0,-9.300762238355E-1,-3.673665987211E-1));
#3923=DIRECTION('',(0.E0,-3.673665987211E-1,9.300762238355E-1));
#3924=AXIS2_PLACEMENT_3D('',#3921,#3922,#3923);
#3926=CARTESIAN_POINT('',(-1.53E0,-1.7504E0,1.6135E0));
#3927=DIRECTION('',(1.E0,0.E0,0.E0));
#3928=DIRECTION('',(0.E0,-3.673665987211E-1,9.300762238355E-1));
#3929=AXIS2_PLACEMENT_3D('',#3926,#3927,#3928);
#3931=CARTESIAN_POINT('',(-1.53E0,-1.935442555776E0,2.081979393946E0));
#3932=DIRECTION('',(0.E0,-9.300762238355E-1,-3.673665987211E-1));
#3933=DIRECTION('',(0.E0,3.673665987211E-1,-9.300762238355E-1));
#3934=AXIS2_PLACEMENT_3D('',#3931,#3932,#3933);
#3936=CARTESIAN_POINT('',(-1.53E0,-1.7504E0,1.6135E0));
#3937=DIRECTION('',(1.E0,0.E0,0.E0));
#3938=DIRECTION('',(0.E0,-3.673665987211E-1,9.300762238355E-1));
#3939=AXIS2_PLACEMENT_3D('',#3936,#3937,#3938);
#3941=CARTESIAN_POINT('',(-1.53E0,-1.7504E0,1.1098E0));
#3942=DIRECTION('',(0.E0,1.E0,0.E0));
#3943=DIRECTION('',(0.E0,0.E0,1.E0));
#3944=AXIS2_PLACEMENT_3D('',#3941,#3942,#3943);
#3946=DIRECTION('',(0.E0,1.E0,0.E0));
#3947=VECTOR('',#3946,4.2504E0);
#3948=CARTESIAN_POINT('',(-1.53E0,-1.7504E0,1.3398E0));
#3949=LINE('',#3948,#3947);
#3950=CARTESIAN_POINT('',(-1.53E0,-1.7504E0,1.1098E0));
#3951=DIRECTION('',(0.E0,1.E0,0.E0));
#3952=DIRECTION('',(0.E0,0.E0,-1.E0));
#3953=AXIS2_PLACEMENT_3D('',#3950,#3951,#3952);
#3955=DIRECTION('',(0.E0,1.E0,0.E0));
#3956=VECTOR('',#3955,4.2504E0);
#3957=CARTESIAN_POINT('',(-1.53E0,-1.7504E0,8.798E-1));
#3958=LINE('',#3957,#3956);
#3959=CARTESIAN_POINT('',(-1.53E0,2.5E0,1.1098E0));
#3960=DIRECTION('',(0.E0,1.E0,0.E0));
#3961=DIRECTION('',(0.E0,0.E0,1.E0));
#3962=AXIS2_PLACEMENT_3D('',#3959,#3960,#3961);
#3964=CARTESIAN_POINT('',(-1.53E0,2.5E0,1.1098E0));
#3965=DIRECTION('',(0.E0,1.E0,0.E0));
#3966=DIRECTION('',(0.E0,0.E0,-1.E0));
#3967=AXIS2_PLACEMENT_3D('',#3964,#3965,#3966);
#3969=CARTESIAN_POINT('',(2.175E0,5.9E0,8.E-1));
#3970=DIRECTION('',(0.E0,0.E0,1.E0));
#3971=DIRECTION('',(1.E0,0.E0,0.E0));
#3972=AXIS2_PLACEMENT_3D('',#3969,#3970,#3971);
#3974=CARTESIAN_POINT('',(2.175E0,5.9E0,3.E-1));
#3975=DIRECTION('',(0.E0,0.E0,-1.E0));
#3976=DIRECTION('',(0.E0,1.E0,0.E0));
#3977=AXIS2_PLACEMENT_3D('',#3974,#3975,#3976);
#3979=CARTESIAN_POINT('',(2.175E0,5.7E0,1.E-1));
#3980=DIRECTION('',(0.E0,-1.E0,0.E0));
#3981=DIRECTION('',(0.E0,0.E0,-1.E0));
#3982=AXIS2_PLACEMENT_3D('',#3979,#3980,#3981);
#3984=CARTESIAN_POINT('',(2.55E0,2.625E0,1.E-1));
#3985=DIRECTION('',(0.E0,0.E0,-1.E0));
#3986=DIRECTION('',(1.E0,0.E0,0.E0));
#3987=AXIS2_PLACEMENT_3D('',#3984,#3985,#3986);
#3989=CARTESIAN_POINT('',(2.175E0,2.625E0,1.E-1));
#3990=DIRECTION('',(0.E0,-1.E0,0.E0));
#3991=DIRECTION('',(0.E0,0.E0,-1.E0));
#3992=AXIS2_PLACEMENT_3D('',#3989,#3990,#3991);
#3994=CARTESIAN_POINT('',(2.55E0,2.625E0,0.E0));
#3995=DIRECTION('',(0.E0,0.E0,1.E0));
#3996=DIRECTION('',(-9.999999950740E-1,9.925703939473E-5,0.E0));
#3997=AXIS2_PLACEMENT_3D('',#3994,#3995,#3996);
#3999=CARTESIAN_POINT('',(2.925E0,2.625E0,1.E-1));
#4000=DIRECTION('',(0.E0,-1.E0,0.E0));
#4001=DIRECTION('',(-1.E0,0.E0,-2.373101715136E-14));
#4002=AXIS2_PLACEMENT_3D('',#3999,#4000,#4001);
#4004=CARTESIAN_POINT('',(2.925E0,5.7E0,1.E-1));
#4005=DIRECTION('',(0.E0,1.E0,0.E0));
#4006=DIRECTION('',(0.E0,0.E0,-1.E0));
#4007=AXIS2_PLACEMENT_3D('',#4004,#4005,#4006);
#4009=CARTESIAN_POINT('',(2.925E0,5.9E0,3.E-1));
#4010=DIRECTION('',(0.E0,0.E0,1.E0));
#4011=DIRECTION('',(0.E0,1.E0,0.E0));
#4012=AXIS2_PLACEMENT_3D('',#4009,#4010,#4011);
#4014=CARTESIAN_POINT('',(2.925E0,5.9E0,8.E-1));
#4015=DIRECTION('',(0.E0,0.E0,1.E0));
#4016=DIRECTION('',(1.776356839400E-14,1.E0,0.E0));
#4017=AXIS2_PLACEMENT_3D('',#4014,#4015,#4016);
#4019=DIRECTION('',(0.E0,0.E0,-1.E0));
#4020=VECTOR('',#4019,3.E0);
#4021=CARTESIAN_POINT('',(1.76E0,5.19E0,8.E-1));
#4022=LINE('',#4021,#4020);
#4023=DIRECTION('',(0.E0,0.E0,-1.E0));
#4024=VECTOR('',#4023,3.E0);
#4025=CARTESIAN_POINT('',(1.3E0,5.19E0,8.E-1));
#4026=LINE('',#4025,#4024);
#4027=CARTESIAN_POINT('',(1.53E0,5.19E0,-2.2E0));
#4028=DIRECTION('',(0.E0,0.E0,-1.E0));
#4029=DIRECTION('',(1.E0,0.E0,0.E0));
#4030=AXIS2_PLACEMENT_3D('',#4027,#4028,#4029);
#4032=CARTESIAN_POINT('',(1.53E0,5.19E0,-2.2E0));
#4033=DIRECTION('',(0.E0,0.E0,-1.E0));
#4034=DIRECTION('',(-1.E0,0.E0,0.E0));
#4035=AXIS2_PLACEMENT_3D('',#4032,#4033,#4034);
#4037=CARTESIAN_POINT('',(-2.55E0,5.165E0,1.E-1));
#4038=DIRECTION('',(0.E0,0.E0,-1.E0));
#4039=DIRECTION('',(1.E0,0.E0,0.E0));
#4040=AXIS2_PLACEMENT_3D('',#4037,#4038,#4039);
#4042=CARTESIAN_POINT('',(-2.925E0,5.165E0,1.E-1));
#4043=DIRECTION('',(0.E0,-1.E0,0.E0));
#4044=DIRECTION('',(0.E0,0.E0,-1.E0));
#4045=AXIS2_PLACEMENT_3D('',#4042,#4043,#4044);
#4047=CARTESIAN_POINT('',(-2.55E0,5.165E0,0.E0));
#4048=DIRECTION('',(0.E0,0.E0,1.E0));
#4049=DIRECTION('',(-9.999999950740E-1,9.925703939473E-5,0.E0));
#4050=AXIS2_PLACEMENT_3D('',#4047,#4048,#4049);
#4052=CARTESIAN_POINT('',(-2.175E0,5.165E0,1.E-1));
#4053=DIRECTION('',(0.E0,-1.E0,0.E0));
#4054=DIRECTION('',(-1.E0,0.E0,-2.373101715136E-14));
#4055=AXIS2_PLACEMENT_3D('',#4052,#4053,#4054);
#4057=CARTESIAN_POINT('',(-1.905E0,5.9E0,8.E-1));
#4058=DIRECTION('',(0.E0,0.E0,1.E0));
#4059=DIRECTION('',(1.E0,0.E0,0.E0));
#4060=AXIS2_PLACEMENT_3D('',#4057,#4058,#4059);
#4062=DIRECTION('',(0.E0,0.E0,-1.E0));
#4063=VECTOR('',#4062,3.E0);
#4064=CARTESIAN_POINT('',(-2.32E0,5.19E0,8.E-1));
#4065=LINE('',#4064,#4063);
#4066=DIRECTION('',(0.E0,0.E0,-1.E0));
#4067=VECTOR('',#4066,3.E0);
#4068=CARTESIAN_POINT('',(-2.78E0,5.19E0,8.E-1));
#4069=LINE('',#4068,#4067);
#4070=CARTESIAN_POINT('',(-2.55E0,5.19E0,-2.2E0));
#4071=DIRECTION('',(0.E0,0.E0,-1.E0));
#4072=DIRECTION('',(1.E0,0.E0,0.E0));
#4073=AXIS2_PLACEMENT_3D('',#4070,#4071,#4072);
#4075=CARTESIAN_POINT('',(-2.55E0,5.19E0,-2.2E0));
#4076=DIRECTION('',(0.E0,0.E0,-1.E0));
#4077=DIRECTION('',(-1.E0,0.E0,0.E0));
#4078=AXIS2_PLACEMENT_3D('',#4075,#4076,#4077);
#4080=DIRECTION('',(0.E0,1.E0,0.E0));
#4081=VECTOR('',#4080,9.999999999999E-3);
#4082=CARTESIAN_POINT('',(1.857103653817E0,6.E0,6.097484980364E0));
#4083=LINE('',#4082,#4081);
#4084=DIRECTION('',(0.E0,1.E0,0.E0));
#4085=VECTOR('',#4084,9.999999999999E-3);
#4086=CARTESIAN_POINT('',(2.153127797459E0,6.E0,6.097484980364E0));
#4087=LINE('',#4086,#4085);
#4088=CARTESIAN_POINT('',(2.005115725638E0,6.01E0,6.097484980364E0));
#4089=DIRECTION('',(0.E0,-1.E0,0.E0));
#4090=DIRECTION('',(-1.E0,0.E0,0.E0));
#4091=AXIS2_PLACEMENT_3D('',#4088,#4089,#4090);
#4093=CARTESIAN_POINT('',(2.005115725638E0,6.01E0,6.097484980364E0));
#4094=DIRECTION('',(0.E0,-1.E0,0.E0));
#4095=DIRECTION('',(1.E0,0.E0,0.E0));
#4096=AXIS2_PLACEMENT_3D('',#4093,#4094,#4095);
#4098=DIRECTION('',(0.E0,0.E0,1.E0));
#4099=VECTOR('',#4098,6.085624139814E-2);
#4100=CARTESIAN_POINT('',(-3.151070729641E-1,6.01E0,6.820897772536E0));
#4101=LINE('',#4100,#4099);
#4102=DIRECTION('',(-1.E0,0.E0,0.E0));
#4103=VECTOR('',#4102,2.814942287005E-1);
#4104=CARTESIAN_POINT('',(-3.361284426366E-2,6.01E0,6.820897772536E0));
#4105=LINE('',#4104,#4103);
#4106=DIRECTION('',(0.E0,0.E0,-1.E0));
#4107=VECTOR('',#4106,5.337883774482E-1);
#4108=CARTESIAN_POINT('',(-3.361284426366E-2,6.01E0,7.354686149985E0));
#4109=LINE('',#4108,#4107);
#4110=DIRECTION('',(1.E0,0.E0,0.E0));
#4111=VECTOR('',#4110,6.890673072849E-2);
#4112=CARTESIAN_POINT('',(-1.025195749922E-1,6.01E0,7.354686149985E0));
#4113=LINE('',#4112,#4111);
#4114=DIRECTION('',(0.E0,0.E0,1.E0));
#4115=VECTOR('',#4114,4.729321360501E-1);
#4116=CARTESIAN_POINT('',(-1.025195749922E-1,6.01E0,6.881754013934E0));
#4117=LINE('',#4116,#4115);
#4118=DIRECTION('',(1.E0,0.E0,0.E0));
#4119=VECTOR('',#4118,2.125874979720E-1);
#4120=CARTESIAN_POINT('',(-3.151070729641E-1,6.01E0,6.881754013934E0));
#4121=LINE('',#4120,#4119);
#4122=CARTESIAN_POINT('',(-7.365979466708E-1,6.01E0,6.843002505960E0));
#4123=CARTESIAN_POINT('',(-7.365979466708E-1,6.01E0,6.865016273400E0));
#4124=CARTESIAN_POINT('',(-7.365979466708E-1,6.01E0,6.887030040841E0));
#4125=CARTESIAN_POINT('',(-7.365979466708E-1,6.01E0,6.909043808281E0));
#4127=CARTESIAN_POINT('',(-7.365979466708E-1,6.01E0,7.341859946641E0));
#4128=CARTESIAN_POINT('',(-6.973549360221E-1,6.01E0,7.358908139796E0));
#4129=CARTESIAN_POINT('',(-5.828196904953E-1,6.01E0,7.376472321302E0));
#4130=CARTESIAN_POINT('',(-3.859855774766E-1,6.01E0,7.307287276307E0));
#4131=CARTESIAN_POINT('',(-3.138486200823E-1,6.01E0,7.083986066970E0));
#4132=CARTESIAN_POINT('',(-3.786721989544E-1,6.01E0,6.862853181163E0));
#4133=CARTESIAN_POINT('',(-5.740922572452E-1,6.01E0,6.796776620238E0));
#4134=CARTESIAN_POINT('',(-6.920799318384E-1,6.01E0,6.819506887017E0));
#4135=CARTESIAN_POINT('',(-7.365979466708E-1,6.01E0,6.843002505960E0));
#4137=CARTESIAN_POINT('',(-7.365979466708E-1,6.01E0,7.269814889564E0));
#4138=CARTESIAN_POINT('',(-7.365979466708E-1,6.01E0,7.293829908590E0));
#4139=CARTESIAN_POINT('',(-7.365979466708E-1,6.01E0,7.317844927616E0));
#4140=CARTESIAN_POINT('',(-7.365979466708E-1,6.01E0,7.341859946641E0));
#4142=CARTESIAN_POINT('',(-7.365979466708E-1,6.01E0,6.909043808281E0));
#4143=CARTESIAN_POINT('',(-6.960536872681E-1,6.01E0,6.884377021091E0));
#4144=CARTESIAN_POINT('',(-5.977275326750E-1,6.01E0,6.857366525479E0));
#4145=CARTESIAN_POINT('',(-4.389757121638E-1,6.01E0,6.914993699933E0));
#4146=CARTESIAN_POINT('',(-3.930905570889E-1,6.01E0,7.085140076199E0));
#4147=CARTESIAN_POINT('',(-4.417374078661E-1,6.01E0,7.257322345542E0));
#4148=CARTESIAN_POINT('',(-6.026042145516E-1,6.01E0,7.316960788315E0));
#4149=CARTESIAN_POINT('',(-6.988226544477E-1,6.01E0,7.290861123799E0));
#4150=CARTESIAN_POINT('',(-7.365979466708E-1,6.01E0,7.269814889564E0));
#4152=DIRECTION('',(0.E0,0.E0,1.E0));
#4153=VECTOR('',#4152,6.085624139814E-2);
#4154=CARTESIAN_POINT('',(-1.130526128085E0,6.01E0,6.820897772536E0));
#4155=LINE('',#4154,#4153);
#4156=DIRECTION('',(-1.E0,0.E0,0.E0));
#4157=VECTOR('',#4156,2.870886365417E-1);
#4158=CARTESIAN_POINT('',(-8.434374915437E-1,6.01E0,6.820897772536E0));
#4159=LINE('',#4158,#4157);
#4160=DIRECTION('',(0.E0,0.E0,-1.E0));
#4161=VECTOR('',#4160,5.337883774482E-1);
#4162=CARTESIAN_POINT('',(-8.434374915437E-1,6.01E0,7.354686149985E0));
#4163=LINE('',#4162,#4161);
#4164=DIRECTION('',(1.E0,0.E0,0.E0));
#4165=VECTOR('',#4164,2.749446780544E-1);
#4166=CARTESIAN_POINT('',(-1.118382169598E0,6.01E0,7.354686149985E0));
#4167=LINE('',#4166,#4165);
#4168=DIRECTION('',(0.E0,0.E0,1.E0));
#4169=VECTOR('',#4168,6.140203728137E-2);
#4170=CARTESIAN_POINT('',(-1.118382169598E0,6.01E0,7.293284112703E0));
#4171=LINE('',#4170,#4169);
#4172=DIRECTION('',(-1.E0,0.E0,0.E0));
#4173=VECTOR('',#4172,2.060379473260E-1);
#4174=CARTESIAN_POINT('',(-9.123442222722E-1,6.01E0,7.293284112703E0));
#4175=LINE('',#4174,#4173);
#4176=DIRECTION('',(0.E0,0.E0,1.E0));
#4177=VECTOR('',#4176,1.708341126214E-1);
#4178=CARTESIAN_POINT('',(-9.123442222722E-1,6.01E0,7.122450000082E0));
#4179=LINE('',#4178,#4177);
#4180=DIRECTION('',(1.E0,0.E0,0.E0));
#4181=VECTOR('',#4180,1.908921114627E-1);
#4182=CARTESIAN_POINT('',(-1.103236333735E0,6.01E0,7.122450000082E0));
#4183=LINE('',#4182,#4181);
#4184=DIRECTION('',(0.E0,0.E0,1.E0));
#4185=VECTOR('',#4184,6.112913933976E-2);
#4186=CARTESIAN_POINT('',(-1.103236333735E0,6.01E0,7.061320860742E0));
#4187=LINE('',#4186,#4185);
#4188=DIRECTION('',(-1.E0,0.E0,0.E0));
#4189=VECTOR('',#4188,1.908921114627E-1);
#4190=CARTESIAN_POINT('',(-9.123442222722E-1,6.01E0,7.061320860742E0));
#4191=LINE('',#4190,#4189);
#4192=DIRECTION('',(0.E0,0.E0,1.E0));
#4193=VECTOR('',#4192,1.795668468076E-1);
#4194=CARTESIAN_POINT('',(-9.123442222722E-1,6.01E0,6.881754013934E0));
#4195=LINE('',#4194,#4193);
#4196=DIRECTION('',(1.E0,0.E0,0.E0));
#4197=VECTOR('',#4196,2.181819058133E-1);
#4198=CARTESIAN_POINT('',(-1.130526128085E0,6.01E0,6.881754013934E0));
#4199=LINE('',#4198,#4197);
#4200=CARTESIAN_POINT('',(-1.300268648929E0,6.01E0,7.293284112703E0));
#4201=CARTESIAN_POINT('',(-1.327149096361E0,6.01E0,7.293284112703E0));
#4202=CARTESIAN_POINT('',(-1.354029543792E0,6.01E0,7.293284112703E0));
#4203=CARTESIAN_POINT('',(-1.380909991224E0,6.01E0,7.293284112703E0));
#4205=CARTESIAN_POINT('',(-1.300268648933E0,6.01E0,6.881754013934E0));
#4206=CARTESIAN_POINT('',(-1.300268648932E0,6.01E0,7.018930713524E0));
#4207=CARTESIAN_POINT('',(-1.300268648931E0,6.01E0,7.156107413114E0));
#4208=CARTESIAN_POINT('',(-1.300268648929E0,6.01E0,7.293284112703E0));
#4210=CARTESIAN_POINT('',(-1.377771664881E0,6.01E0,6.881754013934E0));
#4211=CARTESIAN_POINT('',(-1.351937326231E0,6.01E0,6.881754013934E0));
#4212=CARTESIAN_POINT('',(-1.326102987582E0,6.01E0,6.881754013934E0));
#4213=CARTESIAN_POINT('',(-1.300268648933E0,6.01E0,6.881754013934E0));
#4215=CARTESIAN_POINT('',(-1.380909991224E0,6.01E0,7.293284112703E0));
#4216=CARTESIAN_POINT('',(-1.434919295006E0,6.01E0,7.293284112704E0));
#4217=CARTESIAN_POINT('',(-1.555711557288E0,6.01E0,7.264813932976E0));
#4218=CARTESIAN_POINT('',(-1.611844531632E0,6.01E0,7.091216053806E0));
#4219=CARTESIAN_POINT('',(-1.557608946786E0,6.01E0,6.915715032248E0));
#4220=CARTESIAN_POINT('',(-1.433829021771E0,6.01E0,6.881754013935E0));
#4221=CARTESIAN_POINT('',(-1.377771664881E0,6.01E0,6.881754013934E0));
#4223=CARTESIAN_POINT('',(-1.231361918203E0,6.01E0,6.820897772536E0));
#4224=CARTESIAN_POINT('',(-1.280301616067E0,6.01E0,6.820897772536E0));
#4225=CARTESIAN_POINT('',(-1.329241313932E0,6.01E0,6.820897772536E0));
#4226=CARTESIAN_POINT('',(-1.378181011797E0,6.01E0,6.820897772536E0));
#4228=CARTESIAN_POINT('',(-1.231361918199E0,6.01E0,7.354686149985E0));
#4229=CARTESIAN_POINT('',(-1.231361918200E0,6.01E0,7.176756690835E0));
#4230=CARTESIAN_POINT('',(-1.231361918202E0,6.01E0,6.998827231686E0));
#4231=CARTESIAN_POINT('',(-1.231361918203E0,6.01E0,6.820897772536E0));
#4233=CARTESIAN_POINT('',(-1.383638970663E0,6.01E0,7.354686149985E0));
#4234=CARTESIAN_POINT('',(-1.332879953175E0,6.01E0,7.354686149985E0));
#4235=CARTESIAN_POINT('',(-1.282120935687E0,6.01E0,7.354686149985E0));
#4236=CARTESIAN_POINT('',(-1.231361918199E0,6.01E0,7.354686149985E0));
#4238=CARTESIAN_POINT('',(-1.378181011797E0,6.01E0,6.820897772536E0));
#4239=CARTESIAN_POINT('',(-1.451628155564E0,6.01E0,6.820897772537E0));
#4240=CARTESIAN_POINT('',(-1.608745552213E0,6.01E0,6.868236668338E0));
#4241=CARTESIAN_POINT('',(-1.694582086182E0,6.01E0,7.091882389876E0));
#4242=CARTESIAN_POINT('',(-1.606964783984E0,6.01E0,7.311242998399E0));
#4243=CARTESIAN_POINT('',(-1.454914822312E0,6.01E0,7.354686149985E0));
#4244=CARTESIAN_POINT('',(-1.383638970663E0,6.01E0,7.354686149985E0));
#4246=CARTESIAN_POINT('',(-1.934238794126E0,6.01E0,7.286461664116E0));
#4247=CARTESIAN_POINT('',(-1.936379131977E0,6.01E0,7.273814213173E0));
#4248=CARTESIAN_POINT('',(-1.939095199489E0,6.01E0,7.261174776156E0));
#4249=CARTESIAN_POINT('',(-1.943352652743E0,6.01E0,7.249074645856E0));
#4251=CARTESIAN_POINT('',(-1.924659143614E0,6.01E0,7.249074645856E0));
#4252=CARTESIAN_POINT('',(-1.929176323661E0,6.01E0,7.261120459320E0));
#4253=CARTESIAN_POINT('',(-1.932193663486E0,6.01E0,7.273760326460E0));
#4254=CARTESIAN_POINT('',(-1.934238794126E0,6.01E0,7.286461664116E0));
#4256=CARTESIAN_POINT('',(-1.844836495146E0,6.01E0,7.027208617804E0));
#4257=CARTESIAN_POINT('',(-1.871444044635E0,6.01E0,7.101163960488E0));
#4258=CARTESIAN_POINT('',(-1.898051594124E0,6.01E0,7.175119303172E0));
#4259=CARTESIAN_POINT('',(-1.924659143614E0,6.01E0,7.249074645856E0));
#4261=CARTESIAN_POINT('',(-2.023993995041E0,6.01E0,7.027208617804E0));
#4262=CARTESIAN_POINT('',(-1.964274828409E0,6.01E0,7.027208617804E0));
#4263=CARTESIAN_POINT('',(-1.904555661778E0,6.01E0,7.027208617804E0));
#4264=CARTESIAN_POINT('',(-1.844836495146E0,6.01E0,7.027208617804E0));
#4266=CARTESIAN_POINT('',(-1.943352652743E0,6.01E0,7.249074645856E0));
#4267=CARTESIAN_POINT('',(-1.970233100176E0,6.01E0,7.175119303172E0));
#4268=CARTESIAN_POINT('',(-1.997113547608E0,6.01E0,7.101163960488E0));
#4269=CARTESIAN_POINT('',(-2.023993995041E0,6.01E0,7.027208617804E0));
#4271=DIRECTION('',(3.559357243710E-1,0.E0,9.345104387413E-1));
#4272=VECTOR('',#4271,5.711957355631E-1);
#4273=CARTESIAN_POINT('',(-2.175861700593E0,6.01E0,6.820897772536E0));
#4274=LINE('',#4273,#4272);
#4275=DIRECTION('',(-1.E0,0.E0,0.E0));
#4276=VECTOR('',#4275,7.613852622853E-2);
#4277=CARTESIAN_POINT('',(-2.099723174365E0,6.01E0,6.820897772536E0));
#4278=LINE('',#4277,#4276);
#4279=DIRECTION('',(-3.493954794714E-1,0.E0,-9.369753459537E-1));
#4280=VECTOR('',#4279,1.558209619820E-1);
#4281=CARTESIAN_POINT('',(-2.045280034641E0,6.01E0,6.966898172296E0));
#4282=LINE('',#4281,#4280);
#4283=DIRECTION('',(-1.E0,0.E0,0.E0));
#4284=VECTOR('',#4283,2.222753749647E-1);
#4285=CARTESIAN_POINT('',(-1.823004659676E0,6.01E0,6.966898172296E0));
#4286=LINE('',#4285,#4284);
#4287=DIRECTION('',(-3.315284184079E-1,0.E0,9.434452330623E-1));
#4288=VECTOR('',#4287,1.547523848163E-1);
#4289=CARTESIAN_POINT('',(-1.771699846293E0,6.01E0,6.820897772536E0));
#4290=LINE('',#4289,#4288);
#4291=DIRECTION('',(-1.E0,0.E0,0.E0));
#4292=VECTOR('',#4291,7.613852622853E-2);
#4293=CARTESIAN_POINT('',(-1.695561320065E0,6.01E0,6.820897772536E0));
#4294=LINE('',#4293,#4292);
#4295=DIRECTION('',(3.559357243682E-1,0.E0,-9.345104387424E-1));
#4296=VECTOR('',#4295,5.711957355624E-1);
#4297=CARTESIAN_POINT('',(-1.898870287958E0,6.01E0,7.354686149985E0));
#4298=LINE('',#4297,#4296);
#4299=DIRECTION('',(1.E0,0.E0,0.E0));
#4300=VECTOR('',#4299,7.368244473946E-2);
#4301=CARTESIAN_POINT('',(-1.972552732698E0,6.01E0,7.354686149985E0));
#4302=LINE('',#4301,#4300);
#4303=DIRECTION('',(0.E0,0.E0,1.E0));
#4304=VECTOR('',#4303,6.085624139814E-2);
#4305=CARTESIAN_POINT('',(-3.207014808054E-1,6.01E0,5.974095453915E0));
#4306=LINE('',#4305,#4304);
#4307=DIRECTION('',(-1.E0,0.E0,0.E0));
#4308=VECTOR('',#4307,2.870886365417E-1);
#4309=CARTESIAN_POINT('',(-3.361284426366E-2,6.01E0,5.974095453915E0));
#4310=LINE('',#4309,#4308);
#4311=DIRECTION('',(0.E0,0.E0,-1.E0));
#4312=VECTOR('',#4311,5.337883774482E-1);
#4313=CARTESIAN_POINT('',(-3.361284426366E-2,6.01E0,6.507883831363E0));
#4314=LINE('',#4313,#4312);
#4315=DIRECTION('',(1.E0,0.E0,0.E0));
#4316=VECTOR('',#4315,2.749446780544E-1);
#4317=CARTESIAN_POINT('',(-3.085575223181E-1,6.01E0,6.507883831363E0));
#4318=LINE('',#4317,#4316);
#4319=DIRECTION('',(0.E0,0.E0,1.E0));
#4320=VECTOR('',#4319,6.140203728137E-2);
#4321=CARTESIAN_POINT('',(-3.085575223181E-1,6.01E0,6.446481794082E0));
#4322=LINE('',#4321,#4320);
#4323=DIRECTION('',(-1.E0,0.E0,0.E0));
#4324=VECTOR('',#4323,2.060379473260E-1);
#4325=CARTESIAN_POINT('',(-1.025195749922E-1,6.01E0,6.446481794082E0));
#4326=LINE('',#4325,#4324);
#4327=DIRECTION('',(0.E0,0.E0,1.E0));
#4328=VECTOR('',#4327,1.708341126214E-1);
#4329=CARTESIAN_POINT('',(-1.025195749922E-1,6.01E0,6.275647681460E0));
#4330=LINE('',#4329,#4328);
#4331=DIRECTION('',(1.E0,0.E0,0.E0));
#4332=VECTOR('',#4331,1.908921114627E-1);
#4333=CARTESIAN_POINT('',(-2.934116864549E-1,6.01E0,6.275647681460E0));
#4334=LINE('',#4333,#4332);
#4335=DIRECTION('',(0.E0,0.E0,1.E0));
#4336=VECTOR('',#4335,6.112913933976E-2);
#4337=CARTESIAN_POINT('',(-2.934116864549E-1,6.01E0,6.214518542121E0));
#4338=LINE('',#4337,#4336);
#4339=DIRECTION('',(-1.E0,0.E0,0.E0));
#4340=VECTOR('',#4339,1.908921114627E-1);
#4341=CARTESIAN_POINT('',(-1.025195749922E-1,6.01E0,6.214518542121E0));
#4342=LINE('',#4341,#4340);
#4343=DIRECTION('',(0.E0,0.E0,1.E0));
#4344=VECTOR('',#4343,1.795668468076E-1);
#4345=CARTESIAN_POINT('',(-1.025195749922E-1,6.01E0,6.034951695313E0));
#4346=LINE('',#4345,#4344);
#4347=DIRECTION('',(1.E0,0.E0,0.E0));
#4348=VECTOR('',#4347,2.181819058133E-1);
#4349=CARTESIAN_POINT('',(-3.207014808054E-1,6.01E0,6.034951695313E0));
#4350=LINE('',#4349,#4348);
#4351=CARTESIAN_POINT('',(-5.349263664380E-1,6.01E0,6.153389402781E0));
#4352=CARTESIAN_POINT('',(-5.646722422769E-1,6.01E0,6.157391905952E0));
#4353=CARTESIAN_POINT('',(-5.944181181159E-1,6.01E0,6.161394409124E0));
#4354=CARTESIAN_POINT('',(-6.241639939549E-1,6.01E0,6.165396912295E0));
#4356=CARTESIAN_POINT('',(-6.241639939549E-1,6.01E0,6.128828587868E0));
#4357=CARTESIAN_POINT('',(-6.241639939549E-1,6.01E0,6.101199776866E0));
#4358=CARTESIAN_POINT('',(-6.054883490439E-1,6.01E0,6.043420119332E0));
#4359=CARTESIAN_POINT('',(-5.321781922534E-1,6.01E0,6.012301788664E0));
#4360=CARTESIAN_POINT('',(-4.677666826352E-1,6.01E0,6.029645856332E0));
#4361=CARTESIAN_POINT('',(-4.457865523152E-1,6.01E0,6.082256994748E0));
#4362=CARTESIAN_POINT('',(-4.668620632121E-1,6.01E0,6.142599127110E0));
#4363=CARTESIAN_POINT('',(-5.122126222322E-1,6.01E0,6.150215429792E0));
#4364=CARTESIAN_POINT('',(-5.349263664380E-1,6.01E0,6.153389402781E0));
#4366=CARTESIAN_POINT('',(-6.241639939549E-1,6.01E0,6.165396912295E0));
#4367=CARTESIAN_POINT('',(-6.241639939549E-1,6.01E0,6.153207470820E0));
#4368=CARTESIAN_POINT('',(-6.241639939549E-1,6.01E0,6.141018029344E0));
#4369=CARTESIAN_POINT('',(-6.241639939549E-1,6.01E0,6.128828587868E0));
#4371=CARTESIAN_POINT('',(-6.241639939549E-1,6.01E0,6.033041409707E0));
#4372=CARTESIAN_POINT('',(-6.241639939549E-1,6.01E0,6.013392757776E0));
#4373=CARTESIAN_POINT('',(-6.241639939549E-1,6.01E0,5.993744105846E0));
#4374=CARTESIAN_POINT('',(-6.241639939549E-1,6.01E0,5.974095453915E0));
#4376=CARTESIAN_POINT('',(-5.111842453521E-1,6.01E0,6.200600747007E0));
#4377=CARTESIAN_POINT('',(-4.526020951446E-1,6.01E0,6.192448538399E0));
#4378=CARTESIAN_POINT('',(-3.565771967144E-1,6.01E0,6.109088839047E0));
#4379=CARTESIAN_POINT('',(-4.097526254240E-1,6.01E0,5.982581857678E0));
#4380=CARTESIAN_POINT('',(-5.208536290844E-1,6.01E0,5.949260047762E0));
#4381=CARTESIAN_POINT('',(-6.012692258164E-1,6.01E0,5.993657663476E0));
#4382=CARTESIAN_POINT('',(-6.241639939549E-1,6.01E0,6.033041409707E0));
#4384=CARTESIAN_POINT('',(-6.241639939531E-1,6.01E0,6.216428827726E0));
#4385=CARTESIAN_POINT('',(-5.865040777527E-1,6.01E0,6.211152800820E0));
#4386=CARTESIAN_POINT('',(-5.488441615524E-1,6.01E0,6.205876773914E0));
#4387=CARTESIAN_POINT('',(-5.111842453521E-1,6.01E0,6.200600747007E0));
#4389=CARTESIAN_POINT('',(-4.219466178333E-1,6.01E0,6.263640171946E0));
#4390=CARTESIAN_POINT('',(-4.564277748973E-1,6.01E0,6.291624879129E0));
#4391=CARTESIAN_POINT('',(-5.456155874577E-1,6.01E0,6.347121235831E0));
#4392=CARTESIAN_POINT('',(-6.241639939531E-1,6.01E0,6.256809220016E0));
#4393=CARTESIAN_POINT('',(-6.241639939531E-1,6.01E0,6.216428827726E0));
#4395=CARTESIAN_POINT('',(-4.219466178333E-1,6.01E0,6.328589882497E0));
#4396=CARTESIAN_POINT('',(-4.219466178333E-1,6.01E0,6.306939978980E0));
#4397=CARTESIAN_POINT('',(-4.219466178333E-1,6.01E0,6.285290075463E0));
#4398=CARTESIAN_POINT('',(-4.219466178333E-1,6.01E0,6.263640171946E0));
#4400=CARTESIAN_POINT('',(-6.910239901067E-1,6.01E0,6.219430705102E0));
#4401=CARTESIAN_POINT('',(-6.910239901067E-1,6.01E0,6.286024078675E0));
#4402=CARTESIAN_POINT('',(-5.745462712752E-1,6.01E0,6.398976128239E0));
#4403=CARTESIAN_POINT('',(-4.603271499660E-1,6.01E0,6.352698953223E0));
#4404=CARTESIAN_POINT('',(-4.219466178333E-1,6.01E0,6.328589882497E0));
#4406=CARTESIAN_POINT('',(-6.910239901085E-1,6.01E0,5.974095453915E0));
#4407=CARTESIAN_POINT('',(-6.910239901079E-1,6.01E0,6.055873870977E0));
#4408=CARTESIAN_POINT('',(-6.910239901073E-1,6.01E0,6.137652288040E0));
#4409=CARTESIAN_POINT('',(-6.910239901067E-1,6.01E0,6.219430705102E0));
#4411=CARTESIAN_POINT('',(-6.241639939549E-1,6.01E0,5.974095453915E0));
#4412=CARTESIAN_POINT('',(-6.464506593395E-1,6.01E0,5.974095453915E0));
#4413=CARTESIAN_POINT('',(-6.687373247240E-1,6.01E0,5.974095453915E0));
#4414=CARTESIAN_POINT('',(-6.910239901085E-1,6.01E0,5.974095453915E0));
#4416=CARTESIAN_POINT('',(-7.816261073444E-1,6.01E0,6.056510632846E0));
#4417=CARTESIAN_POINT('',(-7.816261073444E-1,6.01E0,6.033496239612E0));
#4418=CARTESIAN_POINT('',(-7.816261073445E-1,6.01E0,6.010481846379E0));
#4419=CARTESIAN_POINT('',(-7.816261073445E-1,6.01E0,5.987467453145E0));
#4421=CARTESIAN_POINT('',(-1.020821154807E0,6.01E0,6.347146942651E0));
#4422=CARTESIAN_POINT('',(-9.924951267572E-1,6.01E0,6.358810601261E0));
#4423=CARTESIAN_POINT('',(-9.254211340166E-1,6.01E0,6.370176399282E0));
#4424=CARTESIAN_POINT('',(-8.214560611190E-1,6.01E0,6.350953804312E0));
#4425=CARTESIAN_POINT('',(-7.709626491237E-1,6.01E0,6.262710045820E0));
#4426=CARTESIAN_POINT('',(-7.994473006204E-1,6.01E0,6.175658083443E0));
#4427=CARTESIAN_POINT('',(-8.769118786462E-1,6.01E0,6.140582805172E0));
#4428=CARTESIAN_POINT('',(-9.479987247740E-1,6.01E0,6.124279741080E0));
#4429=CARTESIAN_POINT('',(-9.885235129869E-1,6.01E0,6.050832709546E0));
#4430=CARTESIAN_POINT('',(-8.750889146325E-1,6.01E0,5.999745087362E0));
#4431=CARTESIAN_POINT('',(-8.130012464663E-1,6.01E0,6.033920532678E0));
#4432=CARTESIAN_POINT('',(-7.816261073444E-1,6.01E0,6.056510632846E0));
#4434=CARTESIAN_POINT('',(-1.020821154807E0,6.01E0,6.282197232103E0));
#4435=CARTESIAN_POINT('',(-1.020821154807E0,6.01E0,6.303847135619E0));
#4436=CARTESIAN_POINT('',(-1.020821154807E0,6.01E0,6.325497039135E0));
#4437=CARTESIAN_POINT('',(-1.020821154807E0,6.01E0,6.347146942651E0));
#4439=CARTESIAN_POINT('',(-7.816261073445E-1,6.01E0,5.987467453145E0));
#4440=CARTESIAN_POINT('',(-8.131759633160E-1,6.01E0,5.971692525158E0));
#4441=CARTESIAN_POINT('',(-8.871353993180E-1,6.01E0,5.958726393842E0));
#4442=CARTESIAN_POINT('',(-9.986103688953E-1,6.01E0,5.976335038441E0));
#4443=CARTESIAN_POINT('',(-1.051530502953E0,6.01E0,6.068608901034E0));
#4444=CARTESIAN_POINT('',(-1.017779663435E0,6.01E0,6.157727200725E0));
#4445=CARTESIAN_POINT('',(-9.397515146176E-1,6.01E0,6.189073970395E0));
#4446=CARTESIAN_POINT('',(-8.689754936577E-1,6.01E0,6.208104958617E0));
#4447=CARTESIAN_POINT('',(-8.435644682269E-1,6.01E0,6.259880235873E0));
#4448=CARTESIAN_POINT('',(-8.710035753878E-1,6.01E0,6.304844694533E0));
#4449=CARTESIAN_POINT('',(-9.404978461534E-1,6.01E0,6.314871745522E0));
#4450=CARTESIAN_POINT('',(-9.925570945497E-1,6.01E0,6.300318687007E0));
#4451=CARTESIAN_POINT('',(-1.020821154807E0,6.01E0,6.282197232103E0));
#4453=CARTESIAN_POINT('',(-1.257322510006E0,6.01E0,6.037407776802E0));
#4454=CARTESIAN_POINT('',(-1.254308870237E0,6.01E0,6.047868864635E0));
#4455=CARTESIAN_POINT('',(-1.251295230467E0,6.01E0,6.058329952469E0));
#4456=CARTESIAN_POINT('',(-1.248281590697E0,6.01E0,6.068791040302E0));
#4458=CARTESIAN_POINT('',(-1.266429303940E0,6.01E0,6.068245244415E0));
#4459=CARTESIAN_POINT('',(-1.263291987231E0,6.01E0,6.057996676497E0));
#4460=CARTESIAN_POINT('',(-1.259346579685E0,6.01E0,6.047932939150E0));
#4461=CARTESIAN_POINT('',(-1.257322510006E0,6.01E0,6.037407776802E0));
#4463=CARTESIAN_POINT('',(-1.370539869381E0,6.01E0,6.355333880957E0));
#4464=CARTESIAN_POINT('',(-1.335836347567E0,6.01E0,6.259637668777E0));
#4465=CARTESIAN_POINT('',(-1.301132825754E0,6.01E0,6.163941456596E0));
#4466=CARTESIAN_POINT('',(-1.266429303940E0,6.01E0,6.068245244415E0));
#4468=CARTESIAN_POINT('',(-1.439855947021E0,6.01E0,6.355333880957E0));
#4469=CARTESIAN_POINT('',(-1.416750587808E0,6.01E0,6.355333880957E0));
#4470=CARTESIAN_POINT('',(-1.393645228594E0,6.01E0,6.355333880957E0));
#4471=CARTESIAN_POINT('',(-1.370539869381E0,6.01E0,6.355333880957E0));
#4473=CARTESIAN_POINT('',(-1.266838650856E0,6.01E0,5.916513987842E0));
#4474=CARTESIAN_POINT('',(-1.324511082911E0,6.01E0,6.062787285547E0));
#4475=CARTESIAN_POINT('',(-1.382183514966E0,6.01E0,6.209060583252E0));
#4476=CARTESIAN_POINT('',(-1.439855947021E0,6.01E0,6.355333880957E0));
#4478=CARTESIAN_POINT('',(-1.087681150961E0,6.01E0,5.799986565972E0));
#4479=CARTESIAN_POINT('',(-1.101561864866E0,6.01E0,5.795838306647E0));
#4480=CARTESIAN_POINT('',(-1.178745846091E0,6.01E0,5.784002738570E0));
#4481=CARTESIAN_POINT('',(-1.244414995098E0,6.01E0,5.859884755502E0));
#4482=CARTESIAN_POINT('',(-1.266838650856E0,6.01E0,5.916513987842E0));
#4484=CARTESIAN_POINT('',(-1.087681150961E0,6.01E0,5.859478317655E0));
#4485=CARTESIAN_POINT('',(-1.087681150961E0,6.01E0,5.839647733761E0));
#4486=CARTESIAN_POINT('',(-1.087681150961E0,6.01E0,5.819817149867E0));
#4487=CARTESIAN_POINT('',(-1.087681150961E0,6.01E0,5.799986565972E0));
#4489=CARTESIAN_POINT('',(-1.194111348916E0,6.01E0,5.905598070101E0));
#4490=CARTESIAN_POINT('',(-1.182861536892E0,6.01E0,5.878841760418E0));
#4491=CARTESIAN_POINT('',(-1.142080555802E0,6.01E0,5.842580836162E0));
#4492=CARTESIAN_POINT('',(-1.099674036191E0,6.01E0,5.854731133917E0));
#4493=CARTESIAN_POINT('',(-1.087681150961E0,6.01E0,5.859478317655E0));
#4495=CARTESIAN_POINT('',(-1.223447877841E0,6.01E0,5.974914147747E0));
#4496=CARTESIAN_POINT('',(-1.213669034866E0,6.01E0,5.951808788532E0));
#4497=CARTESIAN_POINT('',(-1.203890191891E0,6.01E0,5.928703429316E0));
#4498=CARTESIAN_POINT('',(-1.194111348916E0,6.01E0,5.905598070101E0));
#4500=CARTESIAN_POINT('',(-1.073899804815E0,6.01E0,6.355333880957E0));
#4501=CARTESIAN_POINT('',(-1.123749162491E0,6.01E0,6.228527303220E0));
#4502=CARTESIAN_POINT('',(-1.173598520166E0,6.01E0,6.101720725484E0));
#4503=CARTESIAN_POINT('',(-1.223447877841E0,6.01E0,5.974914147747E0));
#4505=CARTESIAN_POINT('',(-1.148673841328E0,6.01E0,6.355333880957E0));
#4506=CARTESIAN_POINT('',(-1.123749162491E0,6.01E0,6.355333880957E0));
#4507=CARTESIAN_POINT('',(-1.098824483653E0,6.01E0,6.355333880957E0));
#4508=CARTESIAN_POINT('',(-1.073899804815E0,6.01E0,6.355333880957E0));
#4510=CARTESIAN_POINT('',(-1.248281590697E0,6.01E0,6.068791040302E0));
#4511=CARTESIAN_POINT('',(-1.215079007574E0,6.01E0,6.164305320521E0));
#4512=CARTESIAN_POINT('',(-1.181876424451E0,6.01E0,6.259819600739E0));
#4513=CARTESIAN_POINT('',(-1.148673841328E0,6.01E0,6.355333880957E0));
#4515=DIRECTION('',(0.E0,0.E0,1.E0));
#4516=VECTOR('',#4515,6.085624139814E-2);
#4517=CARTESIAN_POINT('',(-1.798989640644E0,6.01E0,5.974095453915E0));
#4518=LINE('',#4517,#4516);
#4519=DIRECTION('',(-1.E0,0.E0,0.E0));
#4520=VECTOR('',#4519,2.870886365417E-1);
#4521=CARTESIAN_POINT('',(-1.511901004102E0,6.01E0,5.974095453915E0));
#4522=LINE('',#4521,#4520);
#4523=DIRECTION('',(0.E0,0.E0,-1.E0));
#4524=VECTOR('',#4523,5.337883774482E-1);
#4525=CARTESIAN_POINT('',(-1.511901004102E0,6.01E0,6.507883831363E0));
#4526=LINE('',#4525,#4524);
#4527=DIRECTION('',(1.E0,0.E0,0.E0));
#4528=VECTOR('',#4527,2.749446780544E-1);
#4529=CARTESIAN_POINT('',(-1.786845682157E0,6.01E0,6.507883831363E0));
#4530=LINE('',#4529,#4528);
#4531=DIRECTION('',(0.E0,0.E0,1.E0));
#4532=VECTOR('',#4531,6.140203728137E-2);
#4533=CARTESIAN_POINT('',(-1.786845682157E0,6.01E0,6.446481794082E0));
#4534=LINE('',#4533,#4532);
#4535=DIRECTION('',(-1.E0,0.E0,0.E0));
#4536=VECTOR('',#4535,2.060379473260E-1);
#4537=CARTESIAN_POINT('',(-1.580807734831E0,6.01E0,6.446481794082E0));
#4538=LINE('',#4537,#4536);
#4539=DIRECTION('',(0.E0,0.E0,1.E0));
#4540=VECTOR('',#4539,1.708341126214E-1);
#4541=CARTESIAN_POINT('',(-1.580807734831E0,6.01E0,6.275647681460E0));
#4542=LINE('',#4541,#4540);
#4543=DIRECTION('',(1.E0,0.E0,0.E0));
#4544=VECTOR('',#4543,1.908921114627E-1);
#4545=CARTESIAN_POINT('',(-1.771699846293E0,6.01E0,6.275647681460E0));
#4546=LINE('',#4545,#4544);
#4547=DIRECTION('',(0.E0,0.E0,1.E0));
#4548=VECTOR('',#4547,6.112913933976E-2);
#4549=CARTESIAN_POINT('',(-1.771699846293E0,6.01E0,6.214518542121E0));
#4550=LINE('',#4549,#4548);
#4551=DIRECTION('',(-1.E0,0.E0,0.E0));
#4552=VECTOR('',#4551,1.908921114627E-1);
#4553=CARTESIAN_POINT('',(-1.580807734831E0,6.01E0,6.214518542121E0));
#4554=LINE('',#4553,#4552);
#4555=DIRECTION('',(0.E0,0.E0,1.E0));
#4556=VECTOR('',#4555,1.795668468076E-1);
#4557=CARTESIAN_POINT('',(-1.580807734831E0,6.01E0,6.034951695313E0));
#4558=LINE('',#4557,#4556);
#4559=DIRECTION('',(1.E0,0.E0,0.E0));
#4560=VECTOR('',#4559,2.181819058133E-1);
#4561=CARTESIAN_POINT('',(-1.798989640644E0,6.01E0,6.034951695313E0));
#4562=LINE('',#4561,#4560);
#4563=CARTESIAN_POINT('',(-1.968732161486E0,6.01E0,6.446481794082E0));
#4564=CARTESIAN_POINT('',(-1.995612608919E0,6.01E0,6.446481794082E0));
#4565=CARTESIAN_POINT('',(-2.022493056351E0,6.01E0,6.446481794082E0));
#4566=CARTESIAN_POINT('',(-2.049373503784E0,6.01E0,6.446481794082E0));
#4568=CARTESIAN_POINT('',(-1.968732161488E0,6.01E0,6.034951695313E0));
#4569=CARTESIAN_POINT('',(-1.968732161487E0,6.01E0,6.172128394903E0));
#4570=CARTESIAN_POINT('',(-1.968732161487E0,6.01E0,6.309305094492E0));
#4571=CARTESIAN_POINT('',(-1.968732161486E0,6.01E0,6.446481794082E0));
#4573=CARTESIAN_POINT('',(-2.046235177435E0,6.01E0,6.034951695313E0));
#4574=CARTESIAN_POINT('',(-2.020400838786E0,6.01E0,6.034951695313E0));
#4575=CARTESIAN_POINT('',(-1.994566500137E0,6.01E0,6.034951695313E0));
#4576=CARTESIAN_POINT('',(-1.968732161488E0,6.01E0,6.034951695313E0));
#4578=CARTESIAN_POINT('',(-2.049373503784E0,6.01E0,6.446481794082E0));
#4579=CARTESIAN_POINT('',(-2.103382807565E0,6.01E0,6.446481794082E0));
#4580=CARTESIAN_POINT('',(-2.224175069844E0,6.01E0,6.418011614353E0));
#4581=CARTESIAN_POINT('',(-2.280308044182E0,6.01E0,6.244413735185E0));
#4582=CARTESIAN_POINT('',(-2.226072459343E0,6.01E0,6.068912713625E0));
#4583=CARTESIAN_POINT('',(-2.102292534326E0,6.01E0,6.034951695313E0));
#4584=CARTESIAN_POINT('',(-2.046235177435E0,6.01E0,6.034951695313E0));
#4586=CARTESIAN_POINT('',(-1.899825430761E0,6.01E0,5.974095453915E0));
#4587=CARTESIAN_POINT('',(-1.948765128626E0,6.01E0,5.974095453915E0));
#4588=CARTESIAN_POINT('',(-1.997704826490E0,6.01E0,5.974095453915E0));
#4589=CARTESIAN_POINT('',(-2.046644524355E0,6.01E0,5.974095453915E0));
#4591=CARTESIAN_POINT('',(-1.899825430759E0,6.01E0,6.507883831363E0));
#4592=CARTESIAN_POINT('',(-1.899825430760E0,6.01E0,6.329954372214E0));
#4593=CARTESIAN_POINT('',(-1.899825430761E0,6.01E0,6.152024913064E0));
#4594=CARTESIAN_POINT('',(-1.899825430761E0,6.01E0,5.974095453915E0));
#4596=CARTESIAN_POINT('',(-2.052102483220E0,6.01E0,6.507883831363E0));
#4597=CARTESIAN_POINT('',(-2.001343465733E0,6.01E0,6.507883831363E0));
#4598=CARTESIAN_POINT('',(-1.950584448246E0,6.01E0,6.507883831363E0));
#4599=CARTESIAN_POINT('',(-1.899825430759E0,6.01E0,6.507883831363E0));
#4601=CARTESIAN_POINT('',(-2.046644524355E0,6.01E0,5.974095453915E0));
#4602=CARTESIAN_POINT('',(-2.120091668122E0,6.01E0,5.974095453915E0));
#4603=CARTESIAN_POINT('',(-2.277209064765E0,6.01E0,6.021434349723E0));
#4604=CARTESIAN_POINT('',(-2.363045598744E0,6.01E0,6.245080071255E0));
#4605=CARTESIAN_POINT('',(-2.275428296542E0,6.01E0,6.464440679781E0));
#4606=CARTESIAN_POINT('',(-2.123378334868E0,6.01E0,6.507883831363E0));
#4607=CARTESIAN_POINT('',(-2.052102483220E0,6.01E0,6.507883831363E0));
#4609=CARTESIAN_POINT('',(-2.602668591052E0,6.01E0,6.439659345490E0));
#4610=CARTESIAN_POINT('',(-2.604809373800E0,6.01E0,6.427009265599E0));
#4611=CARTESIAN_POINT('',(-2.607557827077E0,6.01E0,6.414374972719E0));
#4612=CARTESIAN_POINT('',(-2.611816165298E0,6.01E0,6.402272327238E0));
#4614=CARTESIAN_POINT('',(-2.593122656168E0,6.01E0,6.402272327238E0));
#4615=CARTESIAN_POINT('',(-2.597638858373E0,6.01E0,6.414315533093E0));
#4616=CARTESIAN_POINT('',(-2.600623903129E0,6.01E0,6.426960757344E0));
#4617=CARTESIAN_POINT('',(-2.602668591052E0,6.01E0,6.439659345490E0));
#4619=CARTESIAN_POINT('',(-2.513300007706E0,6.01E0,6.180406299186E0));
#4620=CARTESIAN_POINT('',(-2.539907557194E0,6.01E0,6.254361641870E0));
#4621=CARTESIAN_POINT('',(-2.566515106681E0,6.01E0,6.328316984554E0));
#4622=CARTESIAN_POINT('',(-2.593122656168E0,6.01E0,6.402272327238E0));
#4624=CARTESIAN_POINT('',(-2.692457507601E0,6.01E0,6.180406299186E0));
#4625=CARTESIAN_POINT('',(-2.632738340970E0,6.01E0,6.180406299186E0));
#4626=CARTESIAN_POINT('',(-2.573019174338E0,6.01E0,6.180406299186E0));
#4627=CARTESIAN_POINT('',(-2.513300007706E0,6.01E0,6.180406299186E0));
#4629=CARTESIAN_POINT('',(-2.611816165298E0,6.01E0,6.402272327238E0));
#4630=CARTESIAN_POINT('',(-2.638696612732E0,6.01E0,6.328316984554E0));
#4631=CARTESIAN_POINT('',(-2.665577060167E0,6.01E0,6.254361641870E0));
#4632=CARTESIAN_POINT('',(-2.692457507601E0,6.01E0,6.180406299186E0));
#4634=DIRECTION('',(3.559357243710E-1,0.E0,9.345104387413E-1));
#4635=VECTOR('',#4634,5.711957355631E-1);
#4636=CARTESIAN_POINT('',(-2.844325213151E0,6.01E0,5.974095453915E0));
#4637=LINE('',#4636,#4635);
#4638=DIRECTION('',(-1.E0,0.E0,0.E0));
#4639=VECTOR('',#4638,7.613852622853E-2);
#4640=CARTESIAN_POINT('',(-2.768186686923E0,6.01E0,5.974095453915E0));
#4641=LINE('',#4640,#4639);
#4642=DIRECTION('',(-3.493954794714E-1,0.E0,-9.369753459537E-1));
#4643=VECTOR('',#4642,1.558209619820E-1);
#4644=CARTESIAN_POINT('',(-2.713743547200E0,6.01E0,6.120095853675E0));
#4645=LINE('',#4644,#4643);
#4646=DIRECTION('',(-1.E0,0.E0,0.E0));
#4647=VECTOR('',#4646,2.222753749647E-1);
#4648=CARTESIAN_POINT('',(-2.491468172235E0,6.01E0,6.120095853675E0));
#4649=LINE('',#4648,#4647);
#4650=DIRECTION('',(-3.315284184079E-1,0.E0,9.434452330623E-1));
#4651=VECTOR('',#4650,1.547523848163E-1);
#4652=CARTESIAN_POINT('',(-2.440163358852E0,6.01E0,5.974095453915E0));
#4653=LINE('',#4652,#4651);
#4654=DIRECTION('',(-1.E0,0.E0,0.E0));
#4655=VECTOR('',#4654,7.613852622853E-2);
#4656=CARTESIAN_POINT('',(-2.364024832623E0,6.01E0,5.974095453915E0));
#4657=LINE('',#4656,#4655);
#4658=DIRECTION('',(3.559357243682E-1,0.E0,-9.345104387424E-1));
#4659=VECTOR('',#4658,5.711957355624E-1);
#4660=CARTESIAN_POINT('',(-2.567333800517E0,6.01E0,6.507883831363E0));
#4661=LINE('',#4660,#4659);
#4662=DIRECTION('',(1.E0,0.E0,0.E0));
#4663=VECTOR('',#4662,7.368244473946E-2);
#4664=CARTESIAN_POINT('',(-2.641016245256E0,6.01E0,6.507883831363E0));
#4665=LINE('',#4664,#4663);
#4666=CARTESIAN_POINT('',(7.792722928639E-1,6.01E0,7.000738047525E0));
#4667=CARTESIAN_POINT('',(8.209464807248E-1,6.01E0,7.114395081167E0));
#4668=CARTESIAN_POINT('',(1.000641534446E0,6.01E0,7.377558856550E0));
#4669=CARTESIAN_POINT('',(1.475124962226E0,6.01E0,7.559805994762E0));
#4670=CARTESIAN_POINT('',(1.907044991758E0,6.01E0,7.419160412536E0));
#4671=CARTESIAN_POINT('',(2.074948497587E0,6.01E0,7.245437696821E0));
#4672=CARTESIAN_POINT('',(2.122766271657E0,6.01E0,7.182906731817E0));
#4674=CARTESIAN_POINT('',(8.893325931599E-1,6.01E0,5.972244188618E0));
#4675=CARTESIAN_POINT('',(7.613748135381E-1,6.01E0,5.983211970407E0));
#4676=CARTESIAN_POINT('',(5.076791206469E-1,6.01E0,6.109980065650E0));
#4677=CARTESIAN_POINT('',(3.087737458031E-1,6.01E0,6.580891958122E0));
#4678=CARTESIAN_POINT('',(5.811900710329E-1,6.01E0,6.938185759966E0));
#4679=CARTESIAN_POINT('',(7.792722928639E-1,6.01E0,7.000738047525E0));
#4681=CARTESIAN_POINT('',(9.007181065221E-1,6.01E0,5.972244188618E0));
#4682=CARTESIAN_POINT('',(8.969229354014E-1,6.01E0,5.972244188618E0));
#4683=CARTESIAN_POINT('',(8.931277642806E-1,6.01E0,5.972244188618E0));
#4684=CARTESIAN_POINT('',(8.893325931599E-1,6.01E0,5.972244188618E0));
#4686=CARTESIAN_POINT('',(9.121036198826E-1,6.01E0,5.972244188618E0));
#4687=CARTESIAN_POINT('',(9.083084487624E-1,6.01E0,5.972244188618E0));
#4688=CARTESIAN_POINT('',(9.045132776423E-1,6.01E0,5.972244188618E0));
#4689=CARTESIAN_POINT('',(9.007181065221E-1,6.01E0,5.972244188618E0));
#4691=CARTESIAN_POINT('',(1.113248171841E0,6.01E0,5.972244188618E0));
#4692=CARTESIAN_POINT('',(1.046199987855E0,6.01E0,5.972244188618E0));
#4693=CARTESIAN_POINT('',(9.791518038687E-1,6.01E0,5.972244188618E0));
#4694=CARTESIAN_POINT('',(9.121036198826E-1,6.01E0,5.972244188618E0));
#4696=CARTESIAN_POINT('',(1.082886899394E0,6.01E0,6.203750157801E0));
#4697=CARTESIAN_POINT('',(1.090581938312E0,6.01E0,6.203750157801E0));
#4698=CARTESIAN_POINT('',(1.151869406380E0,6.01E0,6.225149585823E0));
#4699=CARTESIAN_POINT('',(1.282874866376E0,6.01E0,6.087813386725E0));
#4700=CARTESIAN_POINT('',(1.166845365102E0,6.01E0,5.975593957291E0));
#4701=CARTESIAN_POINT('',(1.113248171841E0,6.01E0,5.972244188618E0));
#4703=CARTESIAN_POINT('',(9.121037646560E-1,6.01E0,6.203750157801E0));
#4704=CARTESIAN_POINT('',(9.690314762351E-1,6.01E0,6.203750157801E0));
#4705=CARTESIAN_POINT('',(1.025959187814E0,6.01E0,6.203750157801E0));
#4706=CARTESIAN_POINT('',(1.082886899394E0,6.01E0,6.203750157801E0));
#4708=CARTESIAN_POINT('',(9.652362085994E-1,6.01E0,6.795798300314E0));
#4709=CARTESIAN_POINT('',(9.551157361925E-1,6.01E0,6.795798300314E0));
#4710=CARTESIAN_POINT('',(8.060132015530E-1,6.01E0,6.801197207762E0));
#4711=CARTESIAN_POINT('',(4.914241888253E-1,6.01E0,6.508480940409E0));
#4712=CARTESIAN_POINT('',(7.781746057897E-1,6.01E0,6.213549821959E0));
#4713=CARTESIAN_POINT('',(9.121037646560E-1,6.01E0,6.203750157801E0));
#4715=CARTESIAN_POINT('',(2.005115653251E0,6.01E0,6.905858745383E0));
#4716=CARTESIAN_POINT('',(1.938115226119E0,6.01E0,7.103333738066E0));
#4717=CARTESIAN_POINT('',(1.466677016287E0,6.01E0,7.469925657628E0));
#4718=CARTESIAN_POINT('',(9.921956199283E-1,6.01E0,7.031693374405E0));
#4719=CARTESIAN_POINT('',(9.652362085994E-1,6.01E0,6.795798300314E0));
#4721=CARTESIAN_POINT('',(2.358067436087E0,6.01E0,6.234111719797E0));
#4722=CARTESIAN_POINT('',(2.484438429355E0,6.01E0,6.291881330491E0));
#4723=CARTESIAN_POINT('',(2.727352930934E0,6.01E0,6.626402161825E0));
#4724=CARTESIAN_POINT('',(2.315079360102E0,6.01E0,7.027355923682E0));
#4725=CARTESIAN_POINT('',(2.064867252986E0,6.01E0,6.941709690033E0));
#4726=CARTESIAN_POINT('',(2.005115653251E0,6.01E0,6.905858745383E0));
#4728=CARTESIAN_POINT('',(1.716681900103E0,6.01E0,6.355557533453E0));
#4729=CARTESIAN_POINT('',(1.784477219657E0,6.01E0,6.434652120824E0));
#4730=CARTESIAN_POINT('',(2.042666751248E0,6.01E0,6.560339348652E0));
#4731=CARTESIAN_POINT('',(2.307836366894E0,6.01E0,6.370453271524E0));
#4732=CARTESIAN_POINT('',(2.358067436087E0,6.01E0,6.234111719797E0));
#4734=CARTESIAN_POINT('',(1.208127691141E0,6.01E0,6.621220187487E0));
#4735=CARTESIAN_POINT('',(1.377645760795E0,6.01E0,6.532665969476E0));
#4736=CARTESIAN_POINT('',(1.547163830449E0,6.01E0,6.444111751464E0));
#4737=CARTESIAN_POINT('',(1.716681900103E0,6.01E0,6.355557533453E0));
#4739=CARTESIAN_POINT('',(1.090477145118E0,6.01E0,6.420075563142E0));
#4740=CARTESIAN_POINT('',(1.129693993792E0,6.01E0,6.487123771257E0));
#4741=CARTESIAN_POINT('',(1.168910842467E0,6.01E0,6.554171979372E0));
#4742=CARTESIAN_POINT('',(1.208127691141E0,6.01E0,6.621220187487E0));
#4744=CARTESIAN_POINT('',(1.621802453191E0,6.01E0,6.139232200497E0));
#4745=CARTESIAN_POINT('',(1.444694017167E0,6.01E0,6.232846654712E0));
#4746=CARTESIAN_POINT('',(1.267585581143E0,6.01E0,6.326461108927E0));
#4747=CARTESIAN_POINT('',(1.090477145118E0,6.01E0,6.420075563142E0));
#4749=CARTESIAN_POINT('',(2.361862739919E0,6.01E0,5.979834579120E0));
#4750=CARTESIAN_POINT('',(2.316181157978E0,6.01E0,5.839275886079E0));
#4751=CARTESIAN_POINT('',(1.964910653082E0,6.01E0,5.567984066108E0));
#4752=CARTESIAN_POINT('',(1.615058776967E0,6.01E0,5.935568648609E0));
#4753=CARTESIAN_POINT('',(1.621802453191E0,6.01E0,6.126581597923E0));
#4754=CARTESIAN_POINT('',(1.621802453191E0,6.01E0,6.139232200497E0));
#4756=CARTESIAN_POINT('',(2.122766271657E0,6.01E0,7.182906731817E0));
#4757=CARTESIAN_POINT('',(2.151746910021E0,6.01E0,7.186529328884E0));
#4758=CARTESIAN_POINT('',(2.337603088868E0,6.01E0,7.207364249130E0));
#4759=CARTESIAN_POINT('',(2.694204248076E0,6.01E0,7.054423022002E0));
#4760=CARTESIAN_POINT('',(2.886338172935E0,6.01E0,6.584470896932E0));
#4761=CARTESIAN_POINT('',(2.720326416979E0,6.01E0,6.152651195829E0));
#4762=CARTESIAN_POINT('',(2.476142788729E0,6.01E0,6.009326181936E0));
#4763=CARTESIAN_POINT('',(2.361862739919E0,6.01E0,5.979834579120E0));
#4765=DIRECTION('',(-1.249000902703E-14,1.E0,0.E0));
#4766=VECTOR('',#4765,9.999999999999E-3);
#4767=CARTESIAN_POINT('',(-3.361284426366E-2,6.E0,7.354686149985E0));
#4768=LINE('',#4767,#4766);
#4769=DIRECTION('',(0.E0,1.E0,0.E0));
#4770=VECTOR('',#4769,9.999999999999E-3);
#4771=CARTESIAN_POINT('',(-1.025195749921E-1,6.E0,7.354686149985E0));
#4772=LINE('',#4771,#4770);
#4773=DIRECTION('',(0.E0,1.E0,0.E0));
#4774=VECTOR('',#4773,9.999999999999E-3);
#4775=CARTESIAN_POINT('',(-1.025195749921E-1,6.E0,6.881754013934E0));
#4776=LINE('',#4775,#4774);
#4777=DIRECTION('',(-1.443289932013E-13,1.E0,2.664535259101E-13));
#4778=VECTOR('',#4777,9.999999999999E-3);
#4779=CARTESIAN_POINT('',(-7.365979466708E-1,6.E0,6.843002505960E0));
#4780=LINE('',#4779,#4778);
#4781=DIRECTION('',(0.E0,1.E0,0.E0));
#4782=VECTOR('',#4781,9.999999999999E-3);
#4783=CARTESIAN_POINT('',(-7.365979466708E-1,6.E0,7.341859946641E0));
#4784=LINE('',#4783,#4782);
#4785=DIRECTION('',(2.220446049251E-14,1.E0,0.E0));
#4786=VECTOR('',#4785,9.999999999999E-3);
#4787=CARTESIAN_POINT('',(-7.365979466708E-1,6.E0,7.269814889564E0));
#4788=LINE('',#4787,#4786);
#4789=DIRECTION('',(6.661338147752E-14,1.E0,-8.881784197002E-14));
#4790=VECTOR('',#4789,9.999999999999E-3);
#4791=CARTESIAN_POINT('',(-7.365979466708E-1,6.E0,6.909043808281E0));
#4792=LINE('',#4791,#4790);
#4793=DIRECTION('',(0.E0,1.E0,0.E0));
#4794=VECTOR('',#4793,9.999999999999E-3);
#4795=CARTESIAN_POINT('',(-1.130526128085E0,6.E0,6.820897772536E0));
#4796=LINE('',#4795,#4794);
#4797=DIRECTION('',(0.E0,1.E0,0.E0));
#4798=VECTOR('',#4797,9.999999999999E-3);
#4799=CARTESIAN_POINT('',(-8.434374915437E-1,6.E0,6.820897772536E0));
#4800=LINE('',#4799,#4798);
#4801=DIRECTION('',(0.E0,1.E0,0.E0));
#4802=VECTOR('',#4801,9.999999999999E-3);
#4803=CARTESIAN_POINT('',(-8.434374915437E-1,6.E0,7.354686149985E0));
#4804=LINE('',#4803,#4802);
#4805=DIRECTION('',(0.E0,1.E0,0.E0));
#4806=VECTOR('',#4805,9.999999999999E-3);
#4807=CARTESIAN_POINT('',(-1.118382169598E0,6.E0,7.354686149985E0));
#4808=LINE('',#4807,#4806);
#4809=DIRECTION('',(0.E0,1.E0,0.E0));
#4810=VECTOR('',#4809,9.999999999999E-3);
#4811=CARTESIAN_POINT('',(-1.118382169598E0,6.E0,7.293284112703E0));
#4812=LINE('',#4811,#4810);
#4813=DIRECTION('',(0.E0,1.E0,0.E0));
#4814=VECTOR('',#4813,9.999999999999E-3);
#4815=CARTESIAN_POINT('',(-9.123442222722E-1,6.E0,7.293284112703E0));
#4816=LINE('',#4815,#4814);
#4817=DIRECTION('',(0.E0,1.E0,0.E0));
#4818=VECTOR('',#4817,9.999999999999E-3);
#4819=CARTESIAN_POINT('',(-9.123442222722E-1,6.E0,7.122450000082E0));
#4820=LINE('',#4819,#4818);
#4821=DIRECTION('',(0.E0,1.E0,0.E0));
#4822=VECTOR('',#4821,9.999999999999E-3);
#4823=CARTESIAN_POINT('',(-1.103236333735E0,6.E0,7.122450000082E0));
#4824=LINE('',#4823,#4822);
#4825=DIRECTION('',(0.E0,1.E0,0.E0));
#4826=VECTOR('',#4825,9.999999999999E-3);
#4827=CARTESIAN_POINT('',(-1.103236333735E0,6.E0,7.061320860742E0));
#4828=LINE('',#4827,#4826);
#4829=DIRECTION('',(0.E0,1.E0,0.E0));
#4830=VECTOR('',#4829,9.999999999999E-3);
#4831=CARTESIAN_POINT('',(-9.123442222722E-1,6.E0,7.061320860742E0));
#4832=LINE('',#4831,#4830);
#4833=DIRECTION('',(-1.110223024625E-14,1.E0,0.E0));
#4834=VECTOR('',#4833,9.999999999999E-3);
#4835=CARTESIAN_POINT('',(-9.123442222722E-1,6.E0,6.881754013934E0));
#4836=LINE('',#4835,#4834);
#4837=DIRECTION('',(0.E0,1.E0,0.E0));
#4838=VECTOR('',#4837,9.999999999999E-3);
#4839=CARTESIAN_POINT('',(-1.130526128085E0,6.E0,6.881754013934E0));
#4840=LINE('',#4839,#4838);
#4841=DIRECTION('',(0.E0,1.E0,0.E0));
#4842=VECTOR('',#4841,9.999999999999E-3);
#4843=CARTESIAN_POINT('',(-1.300268648929E0,6.E0,7.293284112703E0));
#4844=LINE('',#4843,#4842);
#4845=DIRECTION('',(2.220446049251E-14,1.E0,0.E0));
#4846=VECTOR('',#4845,9.999999999999E-3);
#4847=CARTESIAN_POINT('',(-1.300268648933E0,6.E0,6.881754013934E0));
#4848=LINE('',#4847,#4846);
#4849=DIRECTION('',(2.220446049251E-14,1.E0,0.E0));
#4850=VECTOR('',#4849,9.999999999999E-3);
#4851=CARTESIAN_POINT('',(-1.377771664881E0,6.E0,6.881754013934E0));
#4852=LINE('',#4851,#4850);
#4853=DIRECTION('',(4.440892098501E-14,1.E0,0.E0));
#4854=VECTOR('',#4853,9.999999999999E-3);
#4855=CARTESIAN_POINT('',(-1.380909991224E0,6.E0,7.293284112703E0));
#4856=LINE('',#4855,#4854);
#4857=DIRECTION('',(2.220446049251E-14,1.E0,0.E0));
#4858=VECTOR('',#4857,9.999999999999E-3);
#4859=CARTESIAN_POINT('',(-1.231361918203E0,6.E0,6.820897772536E0));
#4860=LINE('',#4859,#4858);
#4861=DIRECTION('',(2.220446049251E-14,1.E0,0.E0));
#4862=VECTOR('',#4861,9.999999999999E-3);
#4863=CARTESIAN_POINT('',(-1.231361918199E0,6.E0,7.354686149985E0));
#4864=LINE('',#4863,#4862);
#4865=DIRECTION('',(0.E0,1.E0,0.E0));
#4866=VECTOR('',#4865,9.999999999999E-3);
#4867=CARTESIAN_POINT('',(-1.383638970663E0,6.E0,7.354686149985E0));
#4868=LINE('',#4867,#4866);
#4869=DIRECTION('',(2.220446049251E-14,1.E0,0.E0));
#4870=VECTOR('',#4869,9.999999999999E-3);
#4871=CARTESIAN_POINT('',(-1.378181011797E0,6.E0,6.820897772536E0));
#4872=LINE('',#4871,#4870);
#4873=DIRECTION('',(2.220446049251E-14,1.E0,-8.881784197002E-14));
#4874=VECTOR('',#4873,9.999999999999E-3);
#4875=CARTESIAN_POINT('',(-1.934238794126E0,6.E0,7.286461664116E0));
#4876=LINE('',#4875,#4874);
#4877=DIRECTION('',(-8.881784197002E-14,1.E0,1.776356839400E-13));
#4878=VECTOR('',#4877,9.999999999999E-3);
#4879=CARTESIAN_POINT('',(-1.924659143614E0,6.E0,7.249074645856E0));
#4880=LINE('',#4879,#4878);
#4881=DIRECTION('',(0.E0,1.E0,0.E0));
#4882=VECTOR('',#4881,9.999999999999E-3);
#4883=CARTESIAN_POINT('',(-1.844836495146E0,6.E0,7.027208617804E0));
#4884=LINE('',#4883,#4882);
#4885=DIRECTION('',(-8.881784197002E-14,1.E0,-8.881784197002E-14));
#4886=VECTOR('',#4885,9.999999999999E-3);
#4887=CARTESIAN_POINT('',(-2.023993995041E0,6.E0,7.027208617804E0));
#4888=LINE('',#4887,#4886);
#4889=DIRECTION('',(-2.442490654176E-13,1.E0,-7.105427357602E-13));
#4890=VECTOR('',#4889,9.999999999999E-3);
#4891=CARTESIAN_POINT('',(-1.943352652743E0,6.E0,7.249074645856E0));
#4892=LINE('',#4891,#4890);
#4893=DIRECTION('',(-4.440892098501E-14,1.E0,0.E0));
#4894=VECTOR('',#4893,9.999999999999E-3);
#4895=CARTESIAN_POINT('',(-2.175861700593E0,6.E0,6.820897772536E0));
#4896=LINE('',#4895,#4894);
#4897=DIRECTION('',(0.E0,1.E0,0.E0));
#4898=VECTOR('',#4897,9.999999999999E-3);
#4899=CARTESIAN_POINT('',(-2.099723174365E0,6.E0,6.820897772536E0));
#4900=LINE('',#4899,#4898);
#4901=DIRECTION('',(8.881784197002E-14,1.E0,0.E0));
#4902=VECTOR('',#4901,9.999999999999E-3);
#4903=CARTESIAN_POINT('',(-2.045280034641E0,6.E0,6.966898172296E0));
#4904=LINE('',#4903,#4902);
#4905=DIRECTION('',(0.E0,1.E0,0.E0));
#4906=VECTOR('',#4905,9.999999999999E-3);
#4907=CARTESIAN_POINT('',(-1.823004659676E0,6.E0,6.966898172296E0));
#4908=LINE('',#4907,#4906);
#4909=DIRECTION('',(2.220446049251E-14,1.E0,0.E0));
#4910=VECTOR('',#4909,9.999999999999E-3);
#4911=CARTESIAN_POINT('',(-1.771699846293E0,6.E0,6.820897772536E0));
#4912=LINE('',#4911,#4910);
#4913=DIRECTION('',(2.220446049251E-14,1.E0,0.E0));
#4914=VECTOR('',#4913,9.999999999999E-3);
#4915=CARTESIAN_POINT('',(-1.695561320065E0,6.E0,6.820897772536E0));
#4916=LINE('',#4915,#4914);
#4917=DIRECTION('',(-2.220446049251E-14,1.E0,0.E0));
#4918=VECTOR('',#4917,9.999999999999E-3);
#4919=CARTESIAN_POINT('',(-1.898870287958E0,6.E0,7.354686149985E0));
#4920=LINE('',#4919,#4918);
#4921=DIRECTION('',(2.220446049251E-14,1.E0,0.E0));
#4922=VECTOR('',#4921,9.999999999999E-3);
#4923=CARTESIAN_POINT('',(-1.972552732698E0,6.E0,7.354686149985E0));
#4924=LINE('',#4923,#4922);
#4925=DIRECTION('',(-1.665334536938E-14,1.E0,0.E0));
#4926=VECTOR('',#4925,9.999999999999E-3);
#4927=CARTESIAN_POINT('',(-3.207014808054E-1,6.E0,5.974095453915E0));
#4928=LINE('',#4927,#4926);
#4929=DIRECTION('',(-1.249000902703E-14,1.E0,0.E0));
#4930=VECTOR('',#4929,9.999999999999E-3);
#4931=CARTESIAN_POINT('',(-3.361284426366E-2,6.E0,5.974095453915E0));
#4932=LINE('',#4931,#4930);
#4933=DIRECTION('',(-1.179611963664E-14,1.E0,0.E0));
#4934=VECTOR('',#4933,9.999999999999E-3);
#4935=CARTESIAN_POINT('',(-3.361284426366E-2,6.E0,6.507883831363E0));
#4936=LINE('',#4935,#4934);
#4937=DIRECTION('',(0.E0,1.E0,0.E0));
#4938=VECTOR('',#4937,9.999999999999E-3);
#4939=CARTESIAN_POINT('',(-3.085575223181E-1,6.E0,6.507883831363E0));
#4940=LINE('',#4939,#4938);
#4941=DIRECTION('',(0.E0,1.E0,0.E0));
#4942=VECTOR('',#4941,9.999999999999E-3);
#4943=CARTESIAN_POINT('',(-3.085575223181E-1,6.E0,6.446481794082E0));
#4944=LINE('',#4943,#4942);
#4945=DIRECTION('',(0.E0,1.E0,0.E0));
#4946=VECTOR('',#4945,9.999999999999E-3);
#4947=CARTESIAN_POINT('',(-1.025195749921E-1,6.E0,6.446481794082E0));
#4948=LINE('',#4947,#4946);
#4949=DIRECTION('',(0.E0,1.E0,0.E0));
#4950=VECTOR('',#4949,9.999999999999E-3);
#4951=CARTESIAN_POINT('',(-1.025195749921E-1,6.E0,6.275647681460E0));
#4952=LINE('',#4951,#4950);
#4953=DIRECTION('',(0.E0,1.E0,0.E0));
#4954=VECTOR('',#4953,9.999999999999E-3);
#4955=CARTESIAN_POINT('',(-2.934116864549E-1,6.E0,6.275647681460E0));
#4956=LINE('',#4955,#4954);
#4957=DIRECTION('',(0.E0,1.E0,0.E0));
#4958=VECTOR('',#4957,9.999999999999E-3);
#4959=CARTESIAN_POINT('',(-2.934116864549E-1,6.E0,6.214518542121E0));
#4960=LINE('',#4959,#4958);
#4961=DIRECTION('',(0.E0,1.E0,0.E0));
#4962=VECTOR('',#4961,9.999999999999E-3);
#4963=CARTESIAN_POINT('',(-1.025195749921E-1,6.E0,6.214518542121E0));
#4964=LINE('',#4963,#4962);
#4965=DIRECTION('',(0.E0,1.E0,0.E0));
#4966=VECTOR('',#4965,9.999999999999E-3);
#4967=CARTESIAN_POINT('',(-1.025195749921E-1,6.E0,6.034951695313E0));
#4968=LINE('',#4967,#4966);
#4969=DIRECTION('',(-1.665334536938E-14,1.E0,0.E0));
#4970=VECTOR('',#4969,9.999999999999E-3);
#4971=CARTESIAN_POINT('',(-3.207014808054E-1,6.E0,6.034951695313E0));
#4972=LINE('',#4971,#4970);
#4973=DIRECTION('',(-3.330669073876E-14,1.E0,0.E0));
#4974=VECTOR('',#4973,9.999999999999E-3);
#4975=CARTESIAN_POINT('',(-5.349263664380E-1,6.E0,6.153389402781E0));
#4976=LINE('',#4975,#4974);
#4977=DIRECTION('',(0.E0,1.E0,0.E0));
#4978=VECTOR('',#4977,9.999999999999E-3);
#4979=CARTESIAN_POINT('',(-6.241639939549E-1,6.E0,6.128828587868E0));
#4980=LINE('',#4979,#4978);
#4981=DIRECTION('',(0.E0,1.E0,8.881784197002E-14));
#4982=VECTOR('',#4981,9.999999999999E-3);
#4983=CARTESIAN_POINT('',(-6.241639939549E-1,6.E0,6.165396912295E0));
#4984=LINE('',#4983,#4982);
#4985=DIRECTION('',(0.E0,1.E0,0.E0));
#4986=VECTOR('',#4985,9.999999999999E-3);
#4987=CARTESIAN_POINT('',(-6.241639939549E-1,6.E0,6.033041409707E0));
#4988=LINE('',#4987,#4986);
#4989=DIRECTION('',(-5.551115123126E-14,1.E0,8.881784197002E-14));
#4990=VECTOR('',#4989,9.999999999999E-3);
#4991=CARTESIAN_POINT('',(-5.111842453521E-1,6.E0,6.200600747007E0));
#4992=LINE('',#4991,#4990);
#4993=DIRECTION('',(1.110223024625E-14,1.E0,0.E0));
#4994=VECTOR('',#4993,9.999999999999E-3);
#4995=CARTESIAN_POINT('',(-6.241639939531E-1,6.E0,6.216428827726E0));
#4996=LINE('',#4995,#4994);
#4997=DIRECTION('',(-2.220446049251E-14,1.E0,0.E0));
#4998=VECTOR('',#4997,9.999999999999E-3);
#4999=CARTESIAN_POINT('',(-4.219466178333E-1,6.E0,6.263640171946E0));
#5000=LINE('',#4999,#4998);
#5001=DIRECTION('',(1.110223024625E-14,1.E0,0.E0));
#5002=VECTOR('',#5001,9.999999999999E-3);
#5003=CARTESIAN_POINT('',(-4.219466178333E-1,6.E0,6.328589882497E0));
#5004=LINE('',#5003,#5002);
#5005=DIRECTION('',(0.E0,1.E0,0.E0));
#5006=VECTOR('',#5005,9.999999999999E-3);
#5007=CARTESIAN_POINT('',(-6.910239901067E-1,6.E0,6.219430705102E0));
#5008=LINE('',#5007,#5006);
#5009=DIRECTION('',(0.E0,1.E0,0.E0));
#5010=VECTOR('',#5009,9.999999999999E-3);
#5011=CARTESIAN_POINT('',(-6.910239901085E-1,6.E0,5.974095453915E0));
#5012=LINE('',#5011,#5010);
#5013=DIRECTION('',(0.E0,1.E0,0.E0));
#5014=VECTOR('',#5013,9.999999999999E-3);
#5015=CARTESIAN_POINT('',(-6.241639939549E-1,6.E0,5.974095453915E0));
#5016=LINE('',#5015,#5014);
#5017=DIRECTION('',(0.E0,1.E0,0.E0));
#5018=VECTOR('',#5017,9.999999999999E-3);
#5019=CARTESIAN_POINT('',(-7.816261073444E-1,6.E0,6.056510632846E0));
#5020=LINE('',#5019,#5018);
#5021=DIRECTION('',(2.220446049251E-14,1.E0,0.E0));
#5022=VECTOR('',#5021,9.999999999999E-3);
#5023=CARTESIAN_POINT('',(-1.020821154807E0,6.E0,6.347146942651E0));
#5024=LINE('',#5023,#5022);
#5025=DIRECTION('',(2.220446049251E-14,1.E0,0.E0));
#5026=VECTOR('',#5025,9.999999999999E-3);
#5027=CARTESIAN_POINT('',(-1.020821154807E0,6.E0,6.282197232103E0));
#5028=LINE('',#5027,#5026);
#5029=DIRECTION('',(1.110223024625E-14,1.E0,0.E0));
#5030=VECTOR('',#5029,9.999999999999E-3);
#5031=CARTESIAN_POINT('',(-7.816261073445E-1,6.E0,5.987467453145E0));
#5032=LINE('',#5031,#5030);
#5033=DIRECTION('',(2.220446049251E-14,1.E0,0.E0));
#5034=VECTOR('',#5033,9.999999999999E-3);
#5035=CARTESIAN_POINT('',(-1.257322510006E0,6.E0,6.037407776802E0));
#5036=LINE('',#5035,#5034);
#5037=DIRECTION('',(2.220446049251E-14,1.E0,-8.881784197002E-14));
#5038=VECTOR('',#5037,9.999999999999E-3);
#5039=CARTESIAN_POINT('',(-1.266429303940E0,6.E0,6.068245244415E0));
#5040=LINE('',#5039,#5038);
#5041=DIRECTION('',(0.E0,1.E0,0.E0));
#5042=VECTOR('',#5041,9.999999999999E-3);
#5043=CARTESIAN_POINT('',(-1.370539869381E0,6.E0,6.355333880957E0));
#5044=LINE('',#5043,#5042);
#5045=DIRECTION('',(4.440892098501E-14,1.E0,0.E0));
#5046=VECTOR('',#5045,9.999999999999E-3);
#5047=CARTESIAN_POINT('',(-1.439855947021E0,6.E0,6.355333880957E0));
#5048=LINE('',#5047,#5046);
#5049=DIRECTION('',(-2.220446049251E-14,1.E0,0.E0));
#5050=VECTOR('',#5049,9.999999999999E-3);
#5051=CARTESIAN_POINT('',(-1.266838650856E0,6.E0,5.916513987842E0));
#5052=LINE('',#5051,#5050);
#5053=DIRECTION('',(0.E0,1.E0,-8.881784197002E-14));
#5054=VECTOR('',#5053,9.999999999999E-3);
#5055=CARTESIAN_POINT('',(-1.087681150961E0,6.E0,5.799986565972E0));
#5056=LINE('',#5055,#5054);
#5057=DIRECTION('',(-2.220446049251E-14,1.E0,0.E0));
#5058=VECTOR('',#5057,9.999999999999E-3);
#5059=CARTESIAN_POINT('',(-1.087681150961E0,6.E0,5.859478317655E0));
#5060=LINE('',#5059,#5058);
#5061=DIRECTION('',(2.220446049251E-14,1.E0,0.E0));
#5062=VECTOR('',#5061,9.999999999999E-3);
#5063=CARTESIAN_POINT('',(-1.194111348916E0,6.E0,5.905598070101E0));
#5064=LINE('',#5063,#5062);
#5065=DIRECTION('',(-2.220446049251E-14,1.E0,-8.881784197002E-14));
#5066=VECTOR('',#5065,9.999999999999E-3);
#5067=CARTESIAN_POINT('',(-1.223447877841E0,6.E0,5.974914147747E0));
#5068=LINE('',#5067,#5066);
#5069=DIRECTION('',(0.E0,1.E0,0.E0));
#5070=VECTOR('',#5069,9.999999999999E-3);
#5071=CARTESIAN_POINT('',(-1.073899804815E0,6.E0,6.355333880957E0));
#5072=LINE('',#5071,#5070);
#5073=DIRECTION('',(4.440892098501E-14,1.E0,0.E0));
#5074=VECTOR('',#5073,9.999999999999E-3);
#5075=CARTESIAN_POINT('',(-1.148673841328E0,6.E0,6.355333880957E0));
#5076=LINE('',#5075,#5074);
#5077=DIRECTION('',(8.881784197002E-14,1.E0,8.881784197002E-14));
#5078=VECTOR('',#5077,9.999999999999E-3);
#5079=CARTESIAN_POINT('',(-1.248281590697E0,6.E0,6.068791040302E0));
#5080=LINE('',#5079,#5078);
#5081=DIRECTION('',(0.E0,1.E0,0.E0));
#5082=VECTOR('',#5081,9.999999999999E-3);
#5083=CARTESIAN_POINT('',(-1.798989640644E0,6.E0,5.974095453915E0));
#5084=LINE('',#5083,#5082);
#5085=DIRECTION('',(2.220446049251E-14,1.E0,0.E0));
#5086=VECTOR('',#5085,9.999999999999E-3);
#5087=CARTESIAN_POINT('',(-1.511901004102E0,6.E0,5.974095453915E0));
#5088=LINE('',#5087,#5086);
#5089=DIRECTION('',(2.220446049251E-14,1.E0,0.E0));
#5090=VECTOR('',#5089,9.999999999999E-3);
#5091=CARTESIAN_POINT('',(-1.511901004102E0,6.E0,6.507883831363E0));
#5092=LINE('',#5091,#5090);
#5093=DIRECTION('',(2.220446049251E-14,1.E0,0.E0));
#5094=VECTOR('',#5093,9.999999999999E-3);
#5095=CARTESIAN_POINT('',(-1.786845682157E0,6.E0,6.507883831363E0));
#5096=LINE('',#5095,#5094);
#5097=DIRECTION('',(2.220446049251E-14,1.E0,0.E0));
#5098=VECTOR('',#5097,9.999999999999E-3);
#5099=CARTESIAN_POINT('',(-1.786845682157E0,6.E0,6.446481794082E0));
#5100=LINE('',#5099,#5098);
#5101=DIRECTION('',(-2.220446049251E-14,1.E0,0.E0));
#5102=VECTOR('',#5101,9.999999999999E-3);
#5103=CARTESIAN_POINT('',(-1.580807734831E0,6.E0,6.446481794082E0));
#5104=LINE('',#5103,#5102);
#5105=DIRECTION('',(-2.220446049251E-14,1.E0,0.E0));
#5106=VECTOR('',#5105,9.999999999999E-3);
#5107=CARTESIAN_POINT('',(-1.580807734831E0,6.E0,6.275647681460E0));
#5108=LINE('',#5107,#5106);
#5109=DIRECTION('',(0.E0,1.E0,0.E0));
#5110=VECTOR('',#5109,9.999999999999E-3);
#5111=CARTESIAN_POINT('',(-1.771699846293E0,6.E0,6.275647681460E0));
#5112=LINE('',#5111,#5110);
#5113=DIRECTION('',(0.E0,1.E0,0.E0));
#5114=VECTOR('',#5113,9.999999999999E-3);
#5115=CARTESIAN_POINT('',(-1.771699846293E0,6.E0,6.214518542121E0));
#5116=LINE('',#5115,#5114);
#5117=DIRECTION('',(-2.220446049251E-14,1.E0,0.E0));
#5118=VECTOR('',#5117,9.999999999999E-3);
#5119=CARTESIAN_POINT('',(-1.580807734831E0,6.E0,6.214518542121E0));
#5120=LINE('',#5119,#5118);
#5121=DIRECTION('',(-2.220446049251E-14,1.E0,0.E0));
#5122=VECTOR('',#5121,9.999999999999E-3);
#5123=CARTESIAN_POINT('',(-1.580807734831E0,6.E0,6.034951695313E0));
#5124=LINE('',#5123,#5122);
#5125=DIRECTION('',(0.E0,1.E0,0.E0));
#5126=VECTOR('',#5125,9.999999999999E-3);
#5127=CARTESIAN_POINT('',(-1.798989640644E0,6.E0,6.034951695313E0));
#5128=LINE('',#5127,#5126);
#5129=DIRECTION('',(2.220446049251E-14,1.E0,0.E0));
#5130=VECTOR('',#5129,9.999999999999E-3);
#5131=CARTESIAN_POINT('',(-1.968732161486E0,6.E0,6.446481794082E0));
#5132=LINE('',#5131,#5130);
#5133=DIRECTION('',(6.661338147752E-14,1.E0,-1.776356839400E-13));
#5134=VECTOR('',#5133,9.999999999999E-3);
#5135=CARTESIAN_POINT('',(-1.968732161488E0,6.E0,6.034951695313E0));
#5136=LINE('',#5135,#5134);
#5137=DIRECTION('',(0.E0,1.E0,0.E0));
#5138=VECTOR('',#5137,9.999999999999E-3);
#5139=CARTESIAN_POINT('',(-2.046235177435E0,6.E0,6.034951695313E0));
#5140=LINE('',#5139,#5138);
#5141=DIRECTION('',(0.E0,1.E0,0.E0));
#5142=VECTOR('',#5141,9.999999999999E-3);
#5143=CARTESIAN_POINT('',(-2.049373503784E0,6.E0,6.446481794082E0));
#5144=LINE('',#5143,#5142);
#5145=DIRECTION('',(0.E0,1.E0,0.E0));
#5146=VECTOR('',#5145,9.999999999999E-3);
#5147=CARTESIAN_POINT('',(-1.899825430761E0,6.E0,5.974095453915E0));
#5148=LINE('',#5147,#5146);
#5149=DIRECTION('',(-4.440892098501E-14,1.E0,0.E0));
#5150=VECTOR('',#5149,9.999999999999E-3);
#5151=CARTESIAN_POINT('',(-1.899825430759E0,6.E0,6.507883831363E0));
#5152=LINE('',#5151,#5150);
#5153=DIRECTION('',(-4.440892098501E-14,1.E0,0.E0));
#5154=VECTOR('',#5153,9.999999999999E-3);
#5155=CARTESIAN_POINT('',(-2.052102483220E0,6.E0,6.507883831363E0));
#5156=LINE('',#5155,#5154);
#5157=DIRECTION('',(4.440892098501E-14,1.E0,0.E0));
#5158=VECTOR('',#5157,9.999999999999E-3);
#5159=CARTESIAN_POINT('',(-2.046644524355E0,6.E0,5.974095453915E0));
#5160=LINE('',#5159,#5158);
#5161=DIRECTION('',(0.E0,1.E0,-8.881784197002E-14));
#5162=VECTOR('',#5161,9.999999999999E-3);
#5163=CARTESIAN_POINT('',(-2.602668591052E0,6.E0,6.439659345490E0));
#5164=LINE('',#5163,#5162);
#5165=DIRECTION('',(-3.108624468951E-13,1.E0,8.881784197002E-13));
#5166=VECTOR('',#5165,9.999999999999E-3);
#5167=CARTESIAN_POINT('',(-2.593122656168E0,6.E0,6.402272327238E0));
#5168=LINE('',#5167,#5166);
#5169=DIRECTION('',(-4.440892098501E-14,1.E0,0.E0));
#5170=VECTOR('',#5169,9.999999999999E-3);
#5171=CARTESIAN_POINT('',(-2.513300007706E0,6.E0,6.180406299186E0));
#5172=LINE('',#5171,#5170);
#5173=DIRECTION('',(4.440892098501E-14,1.E0,0.E0));
#5174=VECTOR('',#5173,9.999999999999E-3);
#5175=CARTESIAN_POINT('',(-2.692457507601E0,6.E0,6.180406299186E0));
#5176=LINE('',#5175,#5174);
#5177=DIRECTION('',(2.664535259101E-13,1.E0,7.993605777302E-13));
#5178=VECTOR('',#5177,9.999999999999E-3);
#5179=CARTESIAN_POINT('',(-2.611816165298E0,6.E0,6.402272327238E0));
#5180=LINE('',#5179,#5178);
#5181=DIRECTION('',(0.E0,1.E0,0.E0));
#5182=VECTOR('',#5181,9.999999999999E-3);
#5183=CARTESIAN_POINT('',(-2.844325213151E0,6.E0,5.974095453915E0));
#5184=LINE('',#5183,#5182);
#5185=DIRECTION('',(8.881784197002E-14,1.E0,0.E0));
#5186=VECTOR('',#5185,9.999999999999E-3);
#5187=CARTESIAN_POINT('',(-2.768186686923E0,6.E0,5.974095453915E0));
#5188=LINE('',#5187,#5186);
#5189=DIRECTION('',(-8.881784197002E-14,1.E0,0.E0));
#5190=VECTOR('',#5189,9.999999999999E-3);
#5191=CARTESIAN_POINT('',(-2.713743547200E0,6.E0,6.120095853675E0));
#5192=LINE('',#5191,#5190);
#5193=DIRECTION('',(0.E0,1.E0,0.E0));
#5194=VECTOR('',#5193,9.999999999999E-3);
#5195=CARTESIAN_POINT('',(-2.491468172235E0,6.E0,6.120095853675E0));
#5196=LINE('',#5195,#5194);
#5197=DIRECTION('',(4.440892098501E-14,1.E0,0.E0));
#5198=VECTOR('',#5197,9.999999999999E-3);
#5199=CARTESIAN_POINT('',(-2.440163358852E0,6.E0,5.974095453915E0));
#5200=LINE('',#5199,#5198);
#5201=DIRECTION('',(0.E0,1.E0,0.E0));
#5202=VECTOR('',#5201,9.999999999999E-3);
#5203=CARTESIAN_POINT('',(-2.364024832623E0,6.E0,5.974095453915E0));
#5204=LINE('',#5203,#5202);
#5205=DIRECTION('',(-4.440892098501E-14,1.E0,0.E0));
#5206=VECTOR('',#5205,9.999999999999E-3);
#5207=CARTESIAN_POINT('',(-2.567333800517E0,6.E0,6.507883831363E0));
#5208=LINE('',#5207,#5206);
#5209=DIRECTION('',(0.E0,1.E0,0.E0));
#5210=VECTOR('',#5209,9.999999999999E-3);
#5211=CARTESIAN_POINT('',(-2.641016245256E0,6.E0,6.507883831363E0));
#5212=LINE('',#5211,#5210);
#5213=DIRECTION('',(0.E0,1.E0,0.E0));
#5214=VECTOR('',#5213,9.999999999999E-3);
#5215=CARTESIAN_POINT('',(7.792722928639E-1,6.E0,7.000738047525E0));
#5216=LINE('',#5215,#5214);
#5217=DIRECTION('',(1.110223024625E-14,1.E0,0.E0));
#5218=VECTOR('',#5217,9.999999999999E-3);
#5219=CARTESIAN_POINT('',(8.893325931599E-1,6.E0,5.972244188618E0));
#5220=LINE('',#5219,#5218);
#5221=DIRECTION('',(1.110223024625E-14,1.E0,0.E0));
#5222=VECTOR('',#5221,9.999999999999E-3);
#5223=CARTESIAN_POINT('',(9.007181065221E-1,6.E0,5.972244188618E0));
#5224=LINE('',#5223,#5222);
#5225=DIRECTION('',(-3.330669073876E-14,1.E0,0.E0));
#5226=VECTOR('',#5225,9.999999999999E-3);
#5227=CARTESIAN_POINT('',(9.121036198826E-1,6.E0,5.972244188618E0));
#5228=LINE('',#5227,#5226);
#5229=DIRECTION('',(-2.220446049251E-14,1.E0,0.E0));
#5230=VECTOR('',#5229,9.999999999999E-3);
#5231=CARTESIAN_POINT('',(1.113248171841E0,6.E0,5.972244188618E0));
#5232=LINE('',#5231,#5230);
#5233=DIRECTION('',(0.E0,1.E0,0.E0));
#5234=VECTOR('',#5233,9.999999999999E-3);
#5235=CARTESIAN_POINT('',(1.082886899394E0,6.E0,6.203750157801E0));
#5236=LINE('',#5235,#5234);
#5237=DIRECTION('',(0.E0,1.E0,0.E0));
#5238=VECTOR('',#5237,9.999999999999E-3);
#5239=CARTESIAN_POINT('',(9.121037646560E-1,6.E0,6.203750157801E0));
#5240=LINE('',#5239,#5238);
#5241=DIRECTION('',(-1.110223024625E-14,1.E0,8.881784197002E-14));
#5242=VECTOR('',#5241,9.999999999999E-3);
#5243=CARTESIAN_POINT('',(9.652362085994E-1,6.E0,6.795798300314E0));
#5244=LINE('',#5243,#5242);
#5245=DIRECTION('',(4.440892098501E-14,1.E0,-8.881784197002E-14));
#5246=VECTOR('',#5245,9.999999999999E-3);
#5247=CARTESIAN_POINT('',(2.005115653251E0,6.E0,6.905858745383E0));
#5248=LINE('',#5247,#5246);
#5249=DIRECTION('',(0.E0,1.E0,8.881784197002E-14));
#5250=VECTOR('',#5249,9.999999999999E-3);
#5251=CARTESIAN_POINT('',(2.358067436087E0,6.E0,6.234111719797E0));
#5252=LINE('',#5251,#5250);
#5253=DIRECTION('',(0.E0,1.E0,0.E0));
#5254=VECTOR('',#5253,9.999999999999E-3);
#5255=CARTESIAN_POINT('',(1.716681900103E0,6.E0,6.355557533453E0));
#5256=LINE('',#5255,#5254);
#5257=DIRECTION('',(4.440892098501E-14,1.E0,0.E0));
#5258=VECTOR('',#5257,9.999999999999E-3);
#5259=CARTESIAN_POINT('',(1.208127691141E0,6.E0,6.621220187487E0));
#5260=LINE('',#5259,#5258);
#5261=DIRECTION('',(0.E0,1.E0,0.E0));
#5262=VECTOR('',#5261,9.999999999999E-3);
#5263=CARTESIAN_POINT('',(1.090477145118E0,6.E0,6.420075563142E0));
#5264=LINE('',#5263,#5262);
#5265=DIRECTION('',(0.E0,1.E0,0.E0));
#5266=VECTOR('',#5265,9.999999999999E-3);
#5267=CARTESIAN_POINT('',(1.621802453191E0,6.E0,6.139232200497E0));
#5268=LINE('',#5267,#5266);
#5269=DIRECTION('',(0.E0,1.E0,0.E0));
#5270=VECTOR('',#5269,9.999999999999E-3);
#5271=CARTESIAN_POINT('',(2.361862739919E0,6.E0,5.979834579120E0));
#5272=LINE('',#5271,#5270);
#5273=DIRECTION('',(4.440892098501E-14,1.E0,0.E0));
#5274=VECTOR('',#5273,9.999999999999E-3);
#5275=CARTESIAN_POINT('',(2.122766271657E0,6.E0,7.182906731817E0));
#5276=LINE('',#5275,#5274);
#5277=CARTESIAN_POINT('',(6.55E0,-5.7E0,1.12E1));
#5278=CARTESIAN_POINT('',(6.55E0,-5.7E0,3.E-1));
#5279=VERTEX_POINT('',#5277);
#5280=VERTEX_POINT('',#5278);
#5281=CARTESIAN_POINT('',(6.25E0,-6.E0,1.12E1));
#5282=CARTESIAN_POINT('',(6.25E0,-6.E0,3.E-1));
#5283=VERTEX_POINT('',#5281);
#5284=VERTEX_POINT('',#5282);
#5285=CARTESIAN_POINT('',(6.55E0,5.7E0,1.12E1));
#5286=VERTEX_POINT('',#5285);
#5287=CARTESIAN_POINT('',(6.25E0,-5.7E0,1.15E1));
#5288=CARTESIAN_POINT('',(6.25E0,5.7E0,1.15E1));
#5289=VERTEX_POINT('',#5287);
#5290=VERTEX_POINT('',#5288);
#5291=CARTESIAN_POINT('',(-6.55E0,5.7E0,1.12E1));
#5292=CARTESIAN_POINT('',(-6.55E0,-5.7E0,1.12E1));
#5293=VERTEX_POINT('',#5291);
#5294=VERTEX_POINT('',#5292);
#5295=CARTESIAN_POINT('',(-6.25E0,5.7E0,1.15E1));
#5296=CARTESIAN_POINT('',(-6.25E0,-5.7E0,1.15E1));
#5297=VERTEX_POINT('',#5295);
#5298=VERTEX_POINT('',#5296);
#5299=CARTESIAN_POINT('',(6.25E0,6.E0,1.12E1));
#5300=CARTESIAN_POINT('',(-6.25E0,6.E0,1.12E1));
#5301=VERTEX_POINT('',#5299);
#5302=VERTEX_POINT('',#5300);
#5303=CARTESIAN_POINT('',(6.25E0,6.E0,3.E-1));
#5304=VERTEX_POINT('',#5303);
#5305=CARTESIAN_POINT('',(6.55E0,5.7E0,3.E-1));
#5306=VERTEX_POINT('',#5305);
#5307=CARTESIAN_POINT('',(6.25E0,-5.7E0,0.E0));
#5308=CARTESIAN_POINT('',(-6.25E0,-5.7E0,0.E0));
#5309=VERTEX_POINT('',#5307);
#5310=VERTEX_POINT('',#5308);
#5311=CARTESIAN_POINT('',(-6.25E0,-6.E0,3.E-1));
#5312=VERTEX_POINT('',#5311);
#5313=CARTESIAN_POINT('',(-6.25E0,-6.E0,1.12E1));
#5314=VERTEX_POINT('',#5313);
#5315=CARTESIAN_POINT('',(-6.55E0,-5.7E0,3.E-1));
#5316=VERTEX_POINT('',#5315);
#5317=CARTESIAN_POINT('',(6.25E0,5.7E0,0.E0));
#5318=VERTEX_POINT('',#5317);
#5319=CARTESIAN_POINT('',(-6.55E0,5.7E0,3.E-1));
#5320=VERTEX_POINT('',#5319);
#5321=CARTESIAN_POINT('',(-6.25E0,6.E0,3.E-1));
#5322=VERTEX_POINT('',#5321);
#5323=CARTESIAN_POINT('',(-6.25E0,5.7E0,0.E0));
#5324=VERTEX_POINT('',#5323);
#5325=CARTESIAN_POINT('',(-6.25E0,-1.566025403784E0,0.E0));
#5326=VERTEX_POINT('',#5325);
#5327=CARTESIAN_POINT('',(-6.25E0,1.660254037844E-1,0.E0));
#5328=VERTEX_POINT('',#5327);
#5329=VERTEX_POINT('',#2926);
#5330=CARTESIAN_POINT('',(-5.669615242271E0,-2.E0,0.E0));
#5331=VERTEX_POINT('',#5330);
#5332=CARTESIAN_POINT('',(-5.669615242271E0,6.E-1,0.E0));
#5333=VERTEX_POINT('',#5332);
#5334=CARTESIAN_POINT('',(-5.55E0,-2.E0,-1.E0));
#5335=CARTESIAN_POINT('',(-5.55E0,6.E-1,-1.E0));
#5336=VERTEX_POINT('',#5334);
#5337=VERTEX_POINT('',#5335);
#5338=CARTESIAN_POINT('',(-4.75E0,-2.E0,-1.E0));
#5339=CARTESIAN_POINT('',(-4.75E0,6.E-1,-1.E0));
#5340=VERTEX_POINT('',#5338);
#5341=VERTEX_POINT('',#5339);
#5342=CARTESIAN_POINT('',(-4.630384757729E0,-2.E0,0.E0));
#5343=CARTESIAN_POINT('',(-4.630384757729E0,6.E-1,0.E0));
#5344=VERTEX_POINT('',#5342);
#5345=VERTEX_POINT('',#5343);
#5346=CARTESIAN_POINT('',(-4.630384757729E0,6.E-1,-1.7E0));
#5347=CARTESIAN_POINT('',(-4.630384757729E0,-2.E0,-1.7E0));
#5348=VERTEX_POINT('',#5346);
#5349=VERTEX_POINT('',#5347);
#5350=CARTESIAN_POINT('',(-4.023767341976E0,6.E-1,-2.2E0));
#5351=CARTESIAN_POINT('',(-4.023767341976E0,-2.E0,-2.2E0));
#5352=VERTEX_POINT('',#5350);
#5353=VERTEX_POINT('',#5351);
#5354=CARTESIAN_POINT('',(-4.023767341976E0,-2.E0,-1.9E0));
#5355=CARTESIAN_POINT('',(-4.023767341976E0,6.E-1,-1.9E0));
#5356=VERTEX_POINT('',#5354);
#5357=VERTEX_POINT('',#5355);
#5358=VERTEX_POINT('',#2990);
#5359=VERTEX_POINT('',#2995);
#5360=CARTESIAN_POINT('',(-4.609544443375E0,6.E-1,-2.512132034356E0));
#5361=CARTESIAN_POINT('',(-4.609544443375E0,-2.E0,-2.512132034356E0));
#5362=VERTEX_POINT('',#5360);
#5363=VERTEX_POINT('',#5361);
#5364=VERTEX_POINT('',#2997);
#5365=VERTEX_POINT('',#3002);
#5366=VERTEX_POINT('',#3034);
#5367=VERTEX_POINT('',#3038);
#5368=CARTESIAN_POINT('',(-5.55E0,1.899775750351E-1,-2.6E0));
#5369=CARTESIAN_POINT('',(-5.55E0,-1.589978434457E0,-2.6E0));
#5370=VERTEX_POINT('',#5368);
#5371=VERTEX_POINT('',#5369);
#5372=CARTESIAN_POINT('',(-4.25E0,1.5E0,8.8E0));
#5373=CARTESIAN_POINT('',(-5.E0,1.5E0,8.8E0));
#5374=VERTEX_POINT('',#5372);
#5375=VERTEX_POINT('',#5373);
#5376=CARTESIAN_POINT('',(-5.E0,1.5E0,6.8E0));
#5377=VERTEX_POINT('',#5376);
#5378=CARTESIAN_POINT('',(-5.E0,4.E0,6.8E0));
#5379=VERTEX_POINT('',#5378);
#5380=CARTESIAN_POINT('',(5.E0,1.5E0,8.8E0));
#5381=CARTESIAN_POINT('',(5.E0,1.5E0,6.8E0));
#5382=VERTEX_POINT('',#5380);
#5383=VERTEX_POINT('',#5381);
#5384=CARTESIAN_POINT('',(5.E0,4.E0,6.8E0));
#5385=VERTEX_POINT('',#5384);
#5386=CARTESIAN_POINT('',(4.25E0,1.5E0,8.8E0));
#5387=VERTEX_POINT('',#5386);
#5388=CARTESIAN_POINT('',(-5.E0,4.E0,2.E0));
#5389=VERTEX_POINT('',#5388);
#5390=CARTESIAN_POINT('',(5.E0,4.E0,2.E0));
#5391=VERTEX_POINT('',#5390);
#5392=CARTESIAN_POINT('',(-4.25E0,1.5E0,6.8E0));
#5393=VERTEX_POINT('',#5392);
#5394=CARTESIAN_POINT('',(4.25E0,1.5E0,6.8E0));
#5395=VERTEX_POINT('',#5394);
#5396=CARTESIAN_POINT('',(-3.15E0,-7.5E-1,1.15E1));
#5397=CARTESIAN_POINT('',(-3.15E0,-4.E0,1.15E1));
#5398=VERTEX_POINT('',#5396);
#5399=VERTEX_POINT('',#5397);
#5400=CARTESIAN_POINT('',(-2.E0,-4.E0,1.15E1));
#5401=VERTEX_POINT('',#5400);
#5402=CARTESIAN_POINT('',(-2.E0,-5.7E0,1.15E1));
#5403=VERTEX_POINT('',#5402);
#5404=CARTESIAN_POINT('',(2.E0,-5.7E0,1.15E1));
#5405=CARTESIAN_POINT('',(2.E0,-4.E0,1.15E1));
#5406=VERTEX_POINT('',#5404);
#5407=VERTEX_POINT('',#5405);
#5408=CARTESIAN_POINT('',(3.15E0,-4.E0,1.15E1));
#5409=VERTEX_POINT('',#5408);
#5410=CARTESIAN_POINT('',(3.15E0,-7.5E-1,1.15E1));
#5411=VERTEX_POINT('',#5410);
#5412=CARTESIAN_POINT('',(-2.E0,-6.E0,1.12E1));
#5413=VERTEX_POINT('',#5412);
#5414=CARTESIAN_POINT('',(2.E0,-6.E0,1.12E1));
#5415=VERTEX_POINT('',#5414);
#5416=CARTESIAN_POINT('',(3.15E0,-7.5E-1,1.05E1));
#5417=CARTESIAN_POINT('',(-3.15E0,-7.5E-1,1.05E1));
#5418=VERTEX_POINT('',#5416);
#5419=VERTEX_POINT('',#5417);
#5420=CARTESIAN_POINT('',(-3.15E0,-4.E0,1.05E1));
#5421=VERTEX_POINT('',#5420);
#5422=CARTESIAN_POINT('',(-2.E0,-4.E0,1.05E1));
#5423=VERTEX_POINT('',#5422);
#5424=CARTESIAN_POINT('',(2.E0,-4.E0,1.05E1));
#5425=VERTEX_POINT('',#5424);
#5426=CARTESIAN_POINT('',(3.15E0,-4.E0,1.05E1));
#5427=VERTEX_POINT('',#5426);
#5428=CARTESIAN_POINT('',(4.65E0,-6.E0,9.2E0));
#5429=CARTESIAN_POINT('',(5.4E0,-6.E0,9.2E0));
#5430=VERTEX_POINT('',#5428);
#5431=VERTEX_POINT('',#5429);
#5432=CARTESIAN_POINT('',(4.25E0,-5.6E0,8.8E0));
#5433=CARTESIAN_POINT('',(5.E0,-5.6E0,8.8E0));
#5434=VERTEX_POINT('',#5432);
#5435=VERTEX_POINT('',#5433);
#5436=CARTESIAN_POINT('',(5.4E0,-6.E0,1.6E0));
#5437=VERTEX_POINT('',#5436);
#5438=CARTESIAN_POINT('',(5.E0,-5.6E0,2.E0));
#5439=VERTEX_POINT('',#5438);
#5440=CARTESIAN_POINT('',(-5.4E0,-6.E0,1.6E0));
#5441=CARTESIAN_POINT('',(-5.4E0,-6.E0,9.2E0));
#5442=VERTEX_POINT('',#5440);
#5443=VERTEX_POINT('',#5441);
#5444=CARTESIAN_POINT('',(-5.E0,-5.6E0,2.E0));
#5445=CARTESIAN_POINT('',(-5.E0,-5.6E0,8.8E0));
#5446=VERTEX_POINT('',#5444);
#5447=VERTEX_POINT('',#5445);
#5448=CARTESIAN_POINT('',(-4.65E0,-6.E0,9.2E0));
#5449=VERTEX_POINT('',#5448);
#5450=CARTESIAN_POINT('',(-4.25E0,-5.6E0,8.8E0));
#5451=VERTEX_POINT('',#5450);
#5452=CARTESIAN_POINT('',(-2.E0,-6.E0,1.09E1));
#5453=VERTEX_POINT('',#5452);
#5454=CARTESIAN_POINT('',(2.E0,-6.E0,1.09E1));
#5455=VERTEX_POINT('',#5454);
#5456=CARTESIAN_POINT('',(-2.E0,-5.6E0,1.05E1));
#5457=VERTEX_POINT('',#5456);
#5458=CARTESIAN_POINT('',(2.E0,-5.6E0,1.05E1));
#5459=VERTEX_POINT('',#5458);
#5460=CARTESIAN_POINT('',(-2.275E0,5.165E0,8.E-1));
#5461=CARTESIAN_POINT('',(-2.825E0,5.165E0,8.E-1));
#5462=VERTEX_POINT('',#5460);
#5463=VERTEX_POINT('',#5461);
#5464=CARTESIAN_POINT('',(-2.825E0,5.165E0,1.E-1));
#5465=VERTEX_POINT('',#5464);
#5466=CARTESIAN_POINT('',(-2.275E0,5.165E0,1.E-1));
#5467=VERTEX_POINT('',#5466);
#5468=CARTESIAN_POINT('',(-1.805E0,2.625E0,1.E-1));
#5469=CARTESIAN_POINT('',(-1.805E0,2.625E0,8.E-1));
#5470=VERTEX_POINT('',#5468);
#5471=VERTEX_POINT('',#5469);
#5472=CARTESIAN_POINT('',(-1.255E0,2.625E0,1.E-1));
#5473=CARTESIAN_POINT('',(-1.255E0,2.625E0,8.E-1));
#5474=VERTEX_POINT('',#5472);
#5475=VERTEX_POINT('',#5473);
#5476=CARTESIAN_POINT('',(-2.825E0,5.9E0,8.E-1));
#5477=VERTEX_POINT('',#5476);
#5478=CARTESIAN_POINT('',(-2.275E0,5.9E0,8.E-1));
#5479=VERTEX_POINT('',#5478);
#5480=CARTESIAN_POINT('',(-1.805E0,4.E0,8.E-1));
#5481=CARTESIAN_POINT('',(-1.805E0,5.9E0,8.E-1));
#5482=VERTEX_POINT('',#5480);
#5483=VERTEX_POINT('',#5481);
#5484=CARTESIAN_POINT('',(-1.255E0,5.9E0,8.E-1));
#5485=CARTESIAN_POINT('',(-1.255E0,4.E0,8.E-1));
#5486=VERTEX_POINT('',#5484);
#5487=VERTEX_POINT('',#5485);
#5488=CARTESIAN_POINT('',(-2.825E0,5.9E0,3.E-1));
#5489=VERTEX_POINT('',#5488);
#5490=CARTESIAN_POINT('',(-2.925E0,6.E0,8.E-1));
#5491=CARTESIAN_POINT('',(-2.925E0,6.E0,3.000000008381E-1));
#5492=VERTEX_POINT('',#5490);
#5493=VERTEX_POINT('',#5491);
#5494=CARTESIAN_POINT('',(-2.275E0,5.9E0,3.E-1));
#5495=VERTEX_POINT('',#5494);
#5496=CARTESIAN_POINT('',(-2.175E0,6.E0,3.000000008381E-1));
#5497=CARTESIAN_POINT('',(-2.175E0,6.E0,8.E-1));
#5498=VERTEX_POINT('',#5496);
#5499=VERTEX_POINT('',#5497);
#5500=CARTESIAN_POINT('',(-1.805E0,5.9E0,3.E-1));
#5501=VERTEX_POINT('',#5500);
#5502=CARTESIAN_POINT('',(-1.905E0,6.E0,8.E-1));
#5503=CARTESIAN_POINT('',(-1.905E0,6.E0,3.000000008381E-1));
#5504=VERTEX_POINT('',#5502);
#5505=VERTEX_POINT('',#5503);
#5506=CARTESIAN_POINT('',(-1.255E0,5.9E0,3.E-1));
#5507=VERTEX_POINT('',#5506);
#5508=CARTESIAN_POINT('',(-1.155E0,6.E0,3.000000008381E-1));
#5509=CARTESIAN_POINT('',(-1.155E0,6.E0,8.E-1));
#5510=VERTEX_POINT('',#5508);
#5511=VERTEX_POINT('',#5509);
#5512=CARTESIAN_POINT('',(-2.35E-1,5.165E0,8.E-1));
#5513=CARTESIAN_POINT('',(-7.85E-1,5.165E0,8.E-1));
#5514=VERTEX_POINT('',#5512);
#5515=VERTEX_POINT('',#5513);
#5516=CARTESIAN_POINT('',(-7.85E-1,5.165E0,1.E-1));
#5517=VERTEX_POINT('',#5516);
#5518=CARTESIAN_POINT('',(-2.35E-1,5.165E0,1.E-1));
#5519=VERTEX_POINT('',#5518);
#5520=CARTESIAN_POINT('',(2.35E-1,2.625E0,1.E-1));
#5521=CARTESIAN_POINT('',(2.35E-1,2.625E0,8.E-1));
#5522=VERTEX_POINT('',#5520);
#5523=VERTEX_POINT('',#5521);
#5524=CARTESIAN_POINT('',(7.85E-1,2.625E0,1.E-1));
#5525=CARTESIAN_POINT('',(7.85E-1,2.625E0,8.E-1));
#5526=VERTEX_POINT('',#5524);
#5527=VERTEX_POINT('',#5525);
#5528=CARTESIAN_POINT('',(-7.85E-1,5.9E0,8.E-1));
#5529=VERTEX_POINT('',#5528);
#5530=CARTESIAN_POINT('',(-2.35E-1,5.9E0,8.E-1));
#5531=VERTEX_POINT('',#5530);
#5532=CARTESIAN_POINT('',(2.35E-1,4.E0,8.E-1));
#5533=CARTESIAN_POINT('',(2.35E-1,5.9E0,8.E-1));
#5534=VERTEX_POINT('',#5532);
#5535=VERTEX_POINT('',#5533);
#5536=CARTESIAN_POINT('',(7.85E-1,5.9E0,8.E-1));
#5537=CARTESIAN_POINT('',(7.85E-1,4.E0,8.E-1));
#5538=VERTEX_POINT('',#5536);
#5539=VERTEX_POINT('',#5537);
#5540=CARTESIAN_POINT('',(-7.85E-1,5.9E0,3.E-1));
#5541=VERTEX_POINT('',#5540);
#5542=CARTESIAN_POINT('',(-8.85E-1,6.E0,8.E-1));
#5543=CARTESIAN_POINT('',(-8.85E-1,6.E0,3.000000008381E-1));
#5544=VERTEX_POINT('',#5542);
#5545=VERTEX_POINT('',#5543);
#5546=CARTESIAN_POINT('',(-2.35E-1,5.9E0,3.E-1));
#5547=VERTEX_POINT('',#5546);
#5548=CARTESIAN_POINT('',(-1.35E-1,6.E0,3.000000008381E-1));
#5549=CARTESIAN_POINT('',(-1.35E-1,6.E0,8.E-1));
#5550=VERTEX_POINT('',#5548);
#5551=VERTEX_POINT('',#5549);
#5552=CARTESIAN_POINT('',(2.35E-1,5.9E0,3.E-1));
#5553=VERTEX_POINT('',#5552);
#5554=CARTESIAN_POINT('',(1.35E-1,6.E0,8.E-1));
#5555=CARTESIAN_POINT('',(1.35E-1,6.E0,3.000000008381E-1));
#5556=VERTEX_POINT('',#5554);
#5557=VERTEX_POINT('',#5555);
#5558=CARTESIAN_POINT('',(7.85E-1,5.9E0,3.E-1));
#5559=VERTEX_POINT('',#5558);
#5560=CARTESIAN_POINT('',(8.85E-1,6.E0,3.000000008381E-1));
#5561=CARTESIAN_POINT('',(8.85E-1,6.E0,8.E-1));
#5562=VERTEX_POINT('',#5560);
#5563=VERTEX_POINT('',#5561);
#5564=CARTESIAN_POINT('',(1.805E0,5.165E0,8.E-1));
#5565=CARTESIAN_POINT('',(1.255E0,5.165E0,8.E-1));
#5566=VERTEX_POINT('',#5564);
#5567=VERTEX_POINT('',#5565);
#5568=CARTESIAN_POINT('',(1.255E0,5.165E0,1.E-1));
#5569=VERTEX_POINT('',#5568);
#5570=CARTESIAN_POINT('',(1.805E0,5.165E0,1.E-1));
#5571=VERTEX_POINT('',#5570);
#5572=CARTESIAN_POINT('',(2.275E0,2.625E0,1.E-1));
#5573=CARTESIAN_POINT('',(2.275E0,2.625E0,8.E-1));
#5574=VERTEX_POINT('',#5572);
#5575=VERTEX_POINT('',#5573);
#5576=CARTESIAN_POINT('',(2.825E0,2.625E0,1.E-1));
#5577=CARTESIAN_POINT('',(2.825E0,2.625E0,8.E-1));
#5578=VERTEX_POINT('',#5576);
#5579=VERTEX_POINT('',#5577);
#5580=CARTESIAN_POINT('',(1.255E0,5.9E0,8.E-1));
#5581=VERTEX_POINT('',#5580);
#5582=CARTESIAN_POINT('',(1.805E0,5.9E0,8.E-1));
#5583=VERTEX_POINT('',#5582);
#5584=CARTESIAN_POINT('',(2.275E0,4.E0,8.E-1));
#5585=CARTESIAN_POINT('',(2.275E0,5.9E0,8.E-1));
#5586=VERTEX_POINT('',#5584);
#5587=VERTEX_POINT('',#5585);
#5588=CARTESIAN_POINT('',(2.825E0,5.9E0,8.E-1));
#5589=CARTESIAN_POINT('',(2.825E0,4.E0,8.E-1));
#5590=VERTEX_POINT('',#5588);
#5591=VERTEX_POINT('',#5589);
#5592=CARTESIAN_POINT('',(1.255E0,5.9E0,3.E-1));
#5593=VERTEX_POINT('',#5592);
#5594=CARTESIAN_POINT('',(1.155E0,6.E0,8.E-1));
#5595=CARTESIAN_POINT('',(1.155E0,6.E0,3.000000008381E-1));
#5596=VERTEX_POINT('',#5594);
#5597=VERTEX_POINT('',#5595);
#5598=CARTESIAN_POINT('',(1.805E0,5.9E0,3.E-1));
#5599=VERTEX_POINT('',#5598);
#5600=CARTESIAN_POINT('',(1.905E0,6.E0,3.000000008381E-1));
#5601=CARTESIAN_POINT('',(1.905E0,6.E0,8.E-1));
#5602=VERTEX_POINT('',#5600);
#5603=VERTEX_POINT('',#5601);
#5604=CARTESIAN_POINT('',(2.275E0,5.9E0,3.E-1));
#5605=VERTEX_POINT('',#5604);
#5606=CARTESIAN_POINT('',(2.175E0,6.E0,8.E-1));
#5607=CARTESIAN_POINT('',(2.175E0,6.E0,3.000000008381E-1));
#5608=VERTEX_POINT('',#5606);
#5609=VERTEX_POINT('',#5607);
#5610=CARTESIAN_POINT('',(2.825E0,5.9E0,3.E-1));
#5611=VERTEX_POINT('',#5610);
#5612=CARTESIAN_POINT('',(2.925E0,6.E0,3.000000008381E-1));
#5613=CARTESIAN_POINT('',(2.925E0,6.E0,8.E-1));
#5614=VERTEX_POINT('',#5612);
#5615=VERTEX_POINT('',#5613);
#5616=CARTESIAN_POINT('',(-2.825E0,4.E0,8.E-1));
#5617=CARTESIAN_POINT('',(-2.275E0,4.E0,8.E-1));
#5618=VERTEX_POINT('',#5616);
#5619=VERTEX_POINT('',#5617);
#5620=CARTESIAN_POINT('',(-2.275E0,-1.E0,8.E-1));
#5621=VERTEX_POINT('',#5620);
#5622=CARTESIAN_POINT('',(-2.825E0,4.E0,2.E0));
#5623=VERTEX_POINT('',#5622);
#5624=CARTESIAN_POINT('',(-2.275E0,4.E0,2.E0));
#5625=VERTEX_POINT('',#5624);
#5626=CARTESIAN_POINT('',(-2.825E0,-6.E0,8.E-1));
#5627=CARTESIAN_POINT('',(2.825E0,-6.E0,8.E-1));
#5628=VERTEX_POINT('',#5626);
#5629=VERTEX_POINT('',#5627);
#5630=CARTESIAN_POINT('',(2.825E0,-6.E0,1.6E0));
#5631=VERTEX_POINT('',#5630);
#5632=CARTESIAN_POINT('',(-2.825E0,-6.E0,1.6E0));
#5633=VERTEX_POINT('',#5632);
#5634=CARTESIAN_POINT('',(2.825E0,-5.6E0,2.E0));
#5635=VERTEX_POINT('',#5634);
#5636=CARTESIAN_POINT('',(-2.825E0,-5.6E0,2.E0));
#5637=VERTEX_POINT('',#5636);
#5638=CARTESIAN_POINT('',(-2.32E0,5.19E0,-2.2E0));
#5639=CARTESIAN_POINT('',(-2.78E0,5.19E0,-2.2E0));
#5640=VERTEX_POINT('',#5638);
#5641=VERTEX_POINT('',#5639);
#5642=CARTESIAN_POINT('',(-2.32E0,5.19E0,8.E-1));
#5643=CARTESIAN_POINT('',(-2.78E0,5.19E0,8.E-1));
#5644=VERTEX_POINT('',#5642);
#5645=VERTEX_POINT('',#5643);
#5646=CARTESIAN_POINT('',(-2.8E-1,5.19E0,-2.2E0));
#5647=CARTESIAN_POINT('',(-7.4E-1,5.19E0,-2.2E0));
#5648=VERTEX_POINT('',#5646);
#5649=VERTEX_POINT('',#5647);
#5650=CARTESIAN_POINT('',(-2.8E-1,5.19E0,8.E-1));
#5651=CARTESIAN_POINT('',(-7.4E-1,5.19E0,8.E-1));
#5652=VERTEX_POINT('',#5650);
#5653=VERTEX_POINT('',#5651);
#5654=CARTESIAN_POINT('',(1.76E0,5.19E0,-2.2E0));
#5655=CARTESIAN_POINT('',(1.3E0,5.19E0,-2.2E0));
#5656=VERTEX_POINT('',#5654);
#5657=VERTEX_POINT('',#5655);
#5658=CARTESIAN_POINT('',(1.76E0,5.19E0,8.E-1));
#5659=CARTESIAN_POINT('',(1.3E0,5.19E0,8.E-1));
#5660=VERTEX_POINT('',#5658);
#5661=VERTEX_POINT('',#5659);
#5662=CARTESIAN_POINT('',(-2.55E0,-1.850948238070E0,1.868061862464E0));
#5663=CARTESIAN_POINT('',(-2.55E0,-2.019936873482E0,2.295896925428E0));
#5664=VERTEX_POINT('',#5662);
#5665=VERTEX_POINT('',#5663);
#5666=CARTESIAN_POINT('',(-2.55E0,5.041256110835E0,4.590382468518E0));
#5667=VERTEX_POINT('',#5666);
#5668=CARTESIAN_POINT('',(-2.55E0,-1.7504E0,1.3398E0));
#5669=CARTESIAN_POINT('',(-2.55E0,-1.7504E0,8.798E-1));
#5670=VERTEX_POINT('',#5668);
#5671=VERTEX_POINT('',#5669);
#5672=CARTESIAN_POINT('',(-2.55E0,2.5E0,1.3398E0));
#5673=CARTESIAN_POINT('',(-2.55E0,2.5E0,8.798E-1));
#5674=VERTEX_POINT('',#5672);
#5675=VERTEX_POINT('',#5673);
#5676=CARTESIAN_POINT('',(-1.53E0,-1.850948238070E0,1.868061862464E0));
#5677=CARTESIAN_POINT('',(-1.53E0,-2.019936873482E0,2.295896925428E0));
#5678=VERTEX_POINT('',#5676);
#5679=VERTEX_POINT('',#5677);
#5680=CARTESIAN_POINT('',(-1.53E0,5.041256110835E0,4.590382468518E0));
#5681=VERTEX_POINT('',#5680);
#5682=CARTESIAN_POINT('',(-1.53E0,-1.7504E0,1.3398E0));
#5683=CARTESIAN_POINT('',(-1.53E0,-1.7504E0,8.798E-1));
#5684=VERTEX_POINT('',#5682);
#5685=VERTEX_POINT('',#5683);
#5686=CARTESIAN_POINT('',(-1.53E0,2.5E0,1.3398E0));
#5687=CARTESIAN_POINT('',(-1.53E0,2.5E0,8.798E-1));
#5688=VERTEX_POINT('',#5686);
#5689=VERTEX_POINT('',#5687);
#5690=CARTESIAN_POINT('',(-5.1E-1,-1.850948238070E0,1.868061862464E0));
#5691=CARTESIAN_POINT('',(-5.1E-1,-2.019936873482E0,2.295896925428E0));
#5692=VERTEX_POINT('',#5690);
#5693=VERTEX_POINT('',#5691);
#5694=CARTESIAN_POINT('',(-5.1E-1,5.041256110835E0,4.590382468518E0));
#5695=VERTEX_POINT('',#5694);
#5696=CARTESIAN_POINT('',(-5.1E-1,-1.7504E0,1.3398E0));
#5697=CARTESIAN_POINT('',(-5.1E-1,-1.7504E0,8.798E-1));
#5698=VERTEX_POINT('',#5696);
#5699=VERTEX_POINT('',#5697);
#5700=CARTESIAN_POINT('',(-5.1E-1,2.5E0,1.3398E0));
#5701=CARTESIAN_POINT('',(-5.1E-1,2.5E0,8.798E-1));
#5702=VERTEX_POINT('',#5700);
#5703=VERTEX_POINT('',#5701);
#5704=CARTESIAN_POINT('',(5.1E-1,-1.850948238070E0,1.868061862464E0));
#5705=CARTESIAN_POINT('',(5.1E-1,-2.019936873482E0,2.295896925428E0));
#5706=VERTEX_POINT('',#5704);
#5707=VERTEX_POINT('',#5705);
#5708=CARTESIAN_POINT('',(5.1E-1,5.041256110835E0,4.590382468518E0));
#5709=VERTEX_POINT('',#5708);
#5710=CARTESIAN_POINT('',(5.1E-1,-1.7504E0,1.3398E0));
#5711=CARTESIAN_POINT('',(5.1E-1,-1.7504E0,8.798E-1));
#5712=VERTEX_POINT('',#5710);
#5713=VERTEX_POINT('',#5711);
#5714=CARTESIAN_POINT('',(5.1E-1,2.5E0,1.3398E0));
#5715=CARTESIAN_POINT('',(5.1E-1,2.5E0,8.798E-1));
#5716=VERTEX_POINT('',#5714);
#5717=VERTEX_POINT('',#5715);
#5718=CARTESIAN_POINT('',(1.53E0,-1.850948238070E0,1.868061862464E0));
#5719=CARTESIAN_POINT('',(1.53E0,-2.019936873482E0,2.295896925428E0));
#5720=VERTEX_POINT('',#5718);
#5721=VERTEX_POINT('',#5719);
#5722=CARTESIAN_POINT('',(1.53E0,5.041256110835E0,4.590382468518E0));
#5723=VERTEX_POINT('',#5722);
#5724=CARTESIAN_POINT('',(1.53E0,-1.7504E0,1.3398E0));
#5725=CARTESIAN_POINT('',(1.53E0,-1.7504E0,8.798E-1));
#5726=VERTEX_POINT('',#5724);
#5727=VERTEX_POINT('',#5725);
#5728=CARTESIAN_POINT('',(1.53E0,2.5E0,1.3398E0));
#5729=CARTESIAN_POINT('',(1.53E0,2.5E0,8.798E-1));
#5730=VERTEX_POINT('',#5728);
#5731=VERTEX_POINT('',#5729);
#5732=CARTESIAN_POINT('',(2.55E0,-1.850948238070E0,1.868061862464E0));
#5733=CARTESIAN_POINT('',(2.55E0,-2.019936873482E0,2.295896925428E0));
#5734=VERTEX_POINT('',#5732);
#5735=VERTEX_POINT('',#5733);
#5736=CARTESIAN_POINT('',(2.55E0,5.041256110835E0,4.590382468518E0));
#5737=VERTEX_POINT('',#5736);
#5738=CARTESIAN_POINT('',(2.55E0,-1.7504E0,1.3398E0));
#5739=CARTESIAN_POINT('',(2.55E0,-1.7504E0,8.798E-1));
#5740=VERTEX_POINT('',#5738);
#5741=VERTEX_POINT('',#5739);
#5742=CARTESIAN_POINT('',(2.55E0,2.5E0,1.3398E0));
#5743=CARTESIAN_POINT('',(2.55E0,2.5E0,8.798E-1));
#5744=VERTEX_POINT('',#5742);
#5745=VERTEX_POINT('',#5743);
#5746=VERTEX_POINT('',#2978);
#5747=VERTEX_POINT('',#3100);
#5748=VERTEX_POINT('',#3090);
#5749=VERTEX_POINT('',#3094);
#5750=VERTEX_POINT('',#2988);
#5751=VERTEX_POINT('',#3048);
#5752=CARTESIAN_POINT('',(-4.25E0,-5.6E0,1.05E1));
#5753=VERTEX_POINT('',#5752);
#5754=CARTESIAN_POINT('',(-4.65E0,-6.E0,1.09E1));
#5755=VERTEX_POINT('',#5754);
#5756=CARTESIAN_POINT('',(4.25E0,-5.6E0,1.05E1));
#5757=VERTEX_POINT('',#5756);
#5758=CARTESIAN_POINT('',(4.65E0,-6.E0,1.09E1));
#5759=VERTEX_POINT('',#5758);
#5760=CARTESIAN_POINT('',(-2.825E0,6.E0,2.E0));
#5761=CARTESIAN_POINT('',(-2.275E0,6.E0,2.E0));
#5762=VERTEX_POINT('',#5760);
#5763=VERTEX_POINT('',#5761);
#5764=CARTESIAN_POINT('',(-2.275E0,6.E0,5.E0));
#5765=VERTEX_POINT('',#5764);
#5766=CARTESIAN_POINT('',(-2.825E0,6.E0,5.E0));
#5767=VERTEX_POINT('',#5766);
#5768=CARTESIAN_POINT('',(-2.825E0,4.3E0,2.E0));
#5769=VERTEX_POINT('',#5768);
#5770=CARTESIAN_POINT('',(-2.275E0,4.3E0,2.E0));
#5771=VERTEX_POINT('',#5770);
#5772=CARTESIAN_POINT('',(-2.925E0,4.E0,2.E0));
#5773=VERTEX_POINT('',#5772);
#5774=CARTESIAN_POINT('',(-1.155001490099E0,2.625010477319E0,
3.330672312026E-11));
#5775=CARTESIAN_POINT('',(-1.155E0,5.699999999294E0,0.E0));
#5776=VERTEX_POINT('',#5774);
#5777=VERTEX_POINT('',#5775);
#5778=CARTESIAN_POINT('',(-1.255E0,5.7E0,1.E-1));
#5779=VERTEX_POINT('',#5778);
#5780=CARTESIAN_POINT('',(-1.805E0,5.7E0,1.E-1));
#5781=VERTEX_POINT('',#5780);
#5782=CARTESIAN_POINT('',(-1.905E0,5.699999999294E0,0.E0));
#5783=CARTESIAN_POINT('',(-1.904999999754E0,2.625012407130E0,0.E0));
#5784=VERTEX_POINT('',#5782);
#5785=VERTEX_POINT('',#5783);
#5786=CARTESIAN_POINT('',(-2.175001490099E0,5.165010477319E0,
3.330672312026E-11));
#5787=CARTESIAN_POINT('',(-2.175E0,5.699999999294E0,0.E0));
#5788=VERTEX_POINT('',#5786);
#5789=VERTEX_POINT('',#5787);
#5790=CARTESIAN_POINT('',(-2.275E0,5.7E0,1.E-1));
#5791=VERTEX_POINT('',#5790);
#5792=CARTESIAN_POINT('',(-2.825E0,5.7E0,1.E-1));
#5793=VERTEX_POINT('',#5792);
#5794=CARTESIAN_POINT('',(-2.925E0,5.699999999294E0,0.E0));
#5795=CARTESIAN_POINT('',(-2.924999999754E0,5.165012407130E0,0.E0));
#5796=VERTEX_POINT('',#5794);
#5797=VERTEX_POINT('',#5795);
#5798=CARTESIAN_POINT('',(8.849985099009E-1,2.625010477319E0,
3.330672312026E-11));
#5799=CARTESIAN_POINT('',(8.85E-1,5.699999999294E0,0.E0));
#5800=VERTEX_POINT('',#5798);
#5801=VERTEX_POINT('',#5799);
#5802=CARTESIAN_POINT('',(7.85E-1,5.7E0,1.E-1));
#5803=VERTEX_POINT('',#5802);
#5804=CARTESIAN_POINT('',(2.35E-1,5.7E0,1.E-1));
#5805=VERTEX_POINT('',#5804);
#5806=CARTESIAN_POINT('',(1.35E-1,5.699999999294E0,0.E0));
#5807=CARTESIAN_POINT('',(1.350000002464E-1,2.625012407130E0,0.E0));
#5808=VERTEX_POINT('',#5806);
#5809=VERTEX_POINT('',#5807);
#5810=CARTESIAN_POINT('',(-1.350014900991E-1,5.165010477319E0,
3.330672312026E-11));
#5811=CARTESIAN_POINT('',(-1.35E-1,5.699999999294E0,0.E0));
#5812=VERTEX_POINT('',#5810);
#5813=VERTEX_POINT('',#5811);
#5814=CARTESIAN_POINT('',(-2.35E-1,5.7E0,1.E-1));
#5815=VERTEX_POINT('',#5814);
#5816=CARTESIAN_POINT('',(-7.85E-1,5.7E0,1.E-1));
#5817=VERTEX_POINT('',#5816);
#5818=CARTESIAN_POINT('',(-8.85E-1,5.699999999294E0,0.E0));
#5819=CARTESIAN_POINT('',(-8.849999997536E-1,5.165012407130E0,0.E0));
#5820=VERTEX_POINT('',#5818);
#5821=VERTEX_POINT('',#5819);
#5822=CARTESIAN_POINT('',(2.924998509901E0,2.625010477319E0,
3.330672312026E-11));
#5823=CARTESIAN_POINT('',(2.925E0,5.699999999294E0,0.E0));
#5824=VERTEX_POINT('',#5822);
#5825=VERTEX_POINT('',#5823);
#5826=CARTESIAN_POINT('',(2.825E0,5.7E0,1.E-1));
#5827=VERTEX_POINT('',#5826);
#5828=CARTESIAN_POINT('',(2.275E0,5.7E0,1.E-1));
#5829=VERTEX_POINT('',#5828);
#5830=CARTESIAN_POINT('',(2.175E0,5.699999999294E0,0.E0));
#5831=CARTESIAN_POINT('',(2.175000000246E0,2.625012407130E0,0.E0));
#5832=VERTEX_POINT('',#5830);
#5833=VERTEX_POINT('',#5831);
#5834=CARTESIAN_POINT('',(1.904998509901E0,5.165010477319E0,
3.330672312026E-11));
#5835=CARTESIAN_POINT('',(1.905E0,5.699999999294E0,0.E0));
#5836=VERTEX_POINT('',#5834);
#5837=VERTEX_POINT('',#5835);
#5838=CARTESIAN_POINT('',(1.805E0,5.7E0,1.E-1));
#5839=VERTEX_POINT('',#5838);
#5840=CARTESIAN_POINT('',(1.255E0,5.7E0,1.E-1));
#5841=VERTEX_POINT('',#5840);
#5842=CARTESIAN_POINT('',(1.155E0,5.699999999294E0,0.E0));
#5843=CARTESIAN_POINT('',(1.155000000246E0,5.165012407130E0,0.E0));
#5844=VERTEX_POINT('',#5842);
#5845=VERTEX_POINT('',#5843);
#5846=CARTESIAN_POINT('',(-2.642878563545E0,4.879463135743E0,5.E0));
#5847=CARTESIAN_POINT('',(-2.457121436455E0,4.879463135743E0,5.E0));
#5848=VERTEX_POINT('',#5846);
#5849=VERTEX_POINT('',#5847);
#5850=VERTEX_POINT('',#3264);
#5851=CARTESIAN_POINT('',(-1.437121436455E0,4.879463135743E0,5.E0));
#5852=VERTEX_POINT('',#5851);
#5853=CARTESIAN_POINT('',(-1.622878563545E0,4.879463135743E0,5.E0));
#5854=VERTEX_POINT('',#5853);
#5855=CARTESIAN_POINT('',(-1.53E0,4.826145446509E0,5.E0));
#5856=VERTEX_POINT('',#5855);
#5857=CARTESIAN_POINT('',(-4.171214364548E-1,4.879463135743E0,5.E0));
#5858=VERTEX_POINT('',#5857);
#5859=CARTESIAN_POINT('',(-6.028785635452E-1,4.879463135743E0,5.E0));
#5860=VERTEX_POINT('',#5859);
#5861=CARTESIAN_POINT('',(-5.1E-1,4.826145446509E0,5.E0));
#5862=VERTEX_POINT('',#5861);
#5863=CARTESIAN_POINT('',(6.028785635452E-1,4.879463135743E0,5.E0));
#5864=VERTEX_POINT('',#5863);
#5865=CARTESIAN_POINT('',(4.171214364548E-1,4.879463135743E0,5.E0));
#5866=VERTEX_POINT('',#5865);
#5867=CARTESIAN_POINT('',(5.1E-1,4.826145446509E0,5.E0));
#5868=VERTEX_POINT('',#5867);
#5869=CARTESIAN_POINT('',(1.622878563545E0,4.879463135743E0,5.E0));
#5870=VERTEX_POINT('',#5869);
#5871=CARTESIAN_POINT('',(1.437121436455E0,4.879463135743E0,5.E0));
#5872=VERTEX_POINT('',#5871);
#5873=CARTESIAN_POINT('',(1.53E0,4.826145446509E0,5.E0));
#5874=VERTEX_POINT('',#5873);
#5875=CARTESIAN_POINT('',(2.642878563545E0,4.879463135743E0,5.E0));
#5876=VERTEX_POINT('',#5875);
#5877=CARTESIAN_POINT('',(2.457121436455E0,4.879463135743E0,5.E0));
#5878=VERTEX_POINT('',#5877);
#5879=CARTESIAN_POINT('',(2.55E0,4.826145446509E0,5.E0));
#5880=VERTEX_POINT('',#5879);
#5881=CARTESIAN_POINT('',(-2.175E0,4.E0,2.E0));
#5882=VERTEX_POINT('',#5881);
#5883=CARTESIAN_POINT('',(-7.85E-1,4.E0,8.E-1));
#5884=CARTESIAN_POINT('',(-2.35E-1,4.E0,8.E-1));
#5885=VERTEX_POINT('',#5883);
#5886=VERTEX_POINT('',#5884);
#5887=CARTESIAN_POINT('',(-7.85E-1,-1.E0,8.E-1));
#5888=VERTEX_POINT('',#5887);
#5889=CARTESIAN_POINT('',(-2.35E-1,-1.E0,8.E-1));
#5890=VERTEX_POINT('',#5889);
#5891=CARTESIAN_POINT('',(1.255E0,4.E0,8.E-1));
#5892=CARTESIAN_POINT('',(1.805E0,4.E0,8.E-1));
#5893=VERTEX_POINT('',#5891);
#5894=VERTEX_POINT('',#5892);
#5895=CARTESIAN_POINT('',(1.255E0,-1.E0,8.E-1));
#5896=VERTEX_POINT('',#5895);
#5897=CARTESIAN_POINT('',(1.805E0,-1.E0,8.E-1));
#5898=VERTEX_POINT('',#5897);
#5899=CARTESIAN_POINT('',(-1.805E0,-1.E0,8.E-1));
#5900=VERTEX_POINT('',#5899);
#5901=CARTESIAN_POINT('',(-1.805E0,6.E0,2.E0));
#5902=CARTESIAN_POINT('',(-1.255E0,6.E0,2.E0));
#5903=VERTEX_POINT('',#5901);
#5904=VERTEX_POINT('',#5902);
#5905=CARTESIAN_POINT('',(-1.255E0,6.E0,5.E0));
#5906=VERTEX_POINT('',#5905);
#5907=CARTESIAN_POINT('',(-1.805E0,6.E0,5.E0));
#5908=VERTEX_POINT('',#5907);
#5909=CARTESIAN_POINT('',(-1.805E0,4.3E0,2.E0));
#5910=VERTEX_POINT('',#5909);
#5911=CARTESIAN_POINT('',(-1.255E0,4.3E0,2.E0));
#5912=VERTEX_POINT('',#5911);
#5913=CARTESIAN_POINT('',(-1.805E0,4.E0,2.E0));
#5914=CARTESIAN_POINT('',(-1.255E0,4.E0,2.E0));
#5915=VERTEX_POINT('',#5913);
#5916=VERTEX_POINT('',#5914);
#5917=CARTESIAN_POINT('',(-1.905E0,4.E0,2.E0));
#5918=VERTEX_POINT('',#5917);
#5919=CARTESIAN_POINT('',(-1.155E0,4.E0,2.E0));
#5920=VERTEX_POINT('',#5919);
#5921=CARTESIAN_POINT('',(-1.255E0,-1.E0,8.E-1));
#5922=VERTEX_POINT('',#5921);
#5923=CARTESIAN_POINT('',(-7.85E-1,6.E0,2.E0));
#5924=CARTESIAN_POINT('',(-2.35E-1,6.E0,2.E0));
#5925=VERTEX_POINT('',#5923);
#5926=VERTEX_POINT('',#5924);
#5927=CARTESIAN_POINT('',(-2.35E-1,6.E0,5.E0));
#5928=VERTEX_POINT('',#5927);
#5929=CARTESIAN_POINT('',(-7.85E-1,6.E0,5.E0));
#5930=VERTEX_POINT('',#5929);
#5931=CARTESIAN_POINT('',(-7.85E-1,4.E0,2.E0));
#5932=VERTEX_POINT('',#5931);
#5933=CARTESIAN_POINT('',(-2.35E-1,4.E0,2.E0));
#5934=VERTEX_POINT('',#5933);
#5935=CARTESIAN_POINT('',(-7.85E-1,4.3E0,2.E0));
#5936=VERTEX_POINT('',#5935);
#5937=CARTESIAN_POINT('',(-2.35E-1,4.3E0,2.E0));
#5938=VERTEX_POINT('',#5937);
#5939=CARTESIAN_POINT('',(-8.85E-1,4.E0,2.E0));
#5940=VERTEX_POINT('',#5939);
#5941=CARTESIAN_POINT('',(-1.35E-1,4.E0,2.E0));
#5942=VERTEX_POINT('',#5941);
#5943=CARTESIAN_POINT('',(2.35E-1,-1.E0,8.E-1));
#5944=VERTEX_POINT('',#5943);
#5945=CARTESIAN_POINT('',(2.35E-1,6.E0,2.E0));
#5946=CARTESIAN_POINT('',(7.85E-1,6.E0,2.E0));
#5947=VERTEX_POINT('',#5945);
#5948=VERTEX_POINT('',#5946);
#5949=CARTESIAN_POINT('',(7.85E-1,6.E0,5.E0));
#5950=VERTEX_POINT('',#5949);
#5951=CARTESIAN_POINT('',(2.35E-1,6.E0,5.E0));
#5952=VERTEX_POINT('',#5951);
#5953=CARTESIAN_POINT('',(2.35E-1,4.3E0,2.E0));
#5954=VERTEX_POINT('',#5953);
#5955=CARTESIAN_POINT('',(7.85E-1,4.3E0,2.E0));
#5956=VERTEX_POINT('',#5955);
#5957=CARTESIAN_POINT('',(2.35E-1,4.E0,2.E0));
#5958=CARTESIAN_POINT('',(7.85E-1,4.E0,2.E0));
#5959=VERTEX_POINT('',#5957);
#5960=VERTEX_POINT('',#5958);
#5961=CARTESIAN_POINT('',(1.35E-1,4.E0,2.E0));
#5962=VERTEX_POINT('',#5961);
#5963=CARTESIAN_POINT('',(8.85E-1,4.E0,2.E0));
#5964=VERTEX_POINT('',#5963);
#5965=CARTESIAN_POINT('',(7.85E-1,-1.E0,8.E-1));
#5966=VERTEX_POINT('',#5965);
#5967=CARTESIAN_POINT('',(1.255E0,6.E0,2.E0));
#5968=CARTESIAN_POINT('',(1.805E0,6.E0,2.E0));
#5969=VERTEX_POINT('',#5967);
#5970=VERTEX_POINT('',#5968);
#5971=CARTESIAN_POINT('',(1.805E0,6.E0,5.E0));
#5972=VERTEX_POINT('',#5971);
#5973=CARTESIAN_POINT('',(1.255E0,6.E0,5.E0));
#5974=VERTEX_POINT('',#5973);
#5975=CARTESIAN_POINT('',(1.255E0,4.E0,2.E0));
#5976=VERTEX_POINT('',#5975);
#5977=CARTESIAN_POINT('',(1.805E0,4.E0,2.E0));
#5978=VERTEX_POINT('',#5977);
#5979=CARTESIAN_POINT('',(1.255E0,4.3E0,2.E0));
#5980=VERTEX_POINT('',#5979);
#5981=CARTESIAN_POINT('',(1.805E0,4.3E0,2.E0));
#5982=VERTEX_POINT('',#5981);
#5983=CARTESIAN_POINT('',(1.155E0,4.E0,2.E0));
#5984=VERTEX_POINT('',#5983);
#5985=CARTESIAN_POINT('',(1.905E0,4.E0,2.E0));
#5986=VERTEX_POINT('',#5985);
#5987=CARTESIAN_POINT('',(2.275E0,-1.E0,8.E-1));
#5988=VERTEX_POINT('',#5987);
#5989=CARTESIAN_POINT('',(2.275E0,6.E0,2.E0));
#5990=CARTESIAN_POINT('',(2.825E0,6.E0,2.E0));
#5991=VERTEX_POINT('',#5989);
#5992=VERTEX_POINT('',#5990);
#5993=CARTESIAN_POINT('',(2.825E0,6.E0,5.E0));
#5994=VERTEX_POINT('',#5993);
#5995=CARTESIAN_POINT('',(2.275E0,6.E0,5.E0));
#5996=VERTEX_POINT('',#5995);
#5997=CARTESIAN_POINT('',(2.275E0,4.3E0,2.E0));
#5998=VERTEX_POINT('',#5997);
#5999=CARTESIAN_POINT('',(2.825E0,4.3E0,2.E0));
#6000=VERTEX_POINT('',#5999);
#6001=CARTESIAN_POINT('',(2.825E0,4.E0,2.E0));
#6002=VERTEX_POINT('',#6001);
#6003=CARTESIAN_POINT('',(2.275E0,4.E0,2.E0));
#6004=VERTEX_POINT('',#6003);
#6005=CARTESIAN_POINT('',(2.175E0,4.E0,2.E0));
#6006=VERTEX_POINT('',#6005);
#6007=CARTESIAN_POINT('',(2.925E0,4.E0,2.E0));
#6008=VERTEX_POINT('',#6007);
#6009=CARTESIAN_POINT('',(-1.805E0,-6.E-1,2.E0));
#6010=CARTESIAN_POINT('',(-1.805E0,-1.E0,1.6E0));
#6011=VERTEX_POINT('',#6009);
#6012=VERTEX_POINT('',#6010);
#6013=CARTESIAN_POINT('',(-2.275E0,-1.E0,1.6E0));
#6014=VERTEX_POINT('',#6013);
#6015=CARTESIAN_POINT('',(-2.275E0,-6.E-1,2.E0));
#6016=VERTEX_POINT('',#6015);
#6017=CARTESIAN_POINT('',(-1.255E0,-1.E0,1.6E0));
#6018=CARTESIAN_POINT('',(-7.85E-1,-1.E0,1.6E0));
#6019=VERTEX_POINT('',#6017);
#6020=VERTEX_POINT('',#6018);
#6021=CARTESIAN_POINT('',(-1.255E0,-6.E-1,2.E0));
#6022=VERTEX_POINT('',#6021);
#6023=CARTESIAN_POINT('',(-7.85E-1,-6.E-1,2.E0));
#6024=VERTEX_POINT('',#6023);
#6025=CARTESIAN_POINT('',(2.35E-1,-6.E-1,2.E0));
#6026=CARTESIAN_POINT('',(2.35E-1,-1.E0,1.6E0));
#6027=VERTEX_POINT('',#6025);
#6028=VERTEX_POINT('',#6026);
#6029=CARTESIAN_POINT('',(-2.35E-1,-1.E0,1.6E0));
#6030=VERTEX_POINT('',#6029);
#6031=CARTESIAN_POINT('',(-2.35E-1,-6.E-1,2.E0));
#6032=VERTEX_POINT('',#6031);
#6033=CARTESIAN_POINT('',(7.85E-1,-1.E0,1.6E0));
#6034=CARTESIAN_POINT('',(1.255E0,-1.E0,1.6E0));
#6035=VERTEX_POINT('',#6033);
#6036=VERTEX_POINT('',#6034);
#6037=CARTESIAN_POINT('',(7.85E-1,-6.E-1,2.E0));
#6038=VERTEX_POINT('',#6037);
#6039=CARTESIAN_POINT('',(1.255E0,-6.E-1,2.E0));
#6040=VERTEX_POINT('',#6039);
#6041=CARTESIAN_POINT('',(2.275E0,-6.E-1,2.E0));
#6042=CARTESIAN_POINT('',(2.275E0,-1.E0,1.6E0));
#6043=VERTEX_POINT('',#6041);
#6044=VERTEX_POINT('',#6042);
#6045=CARTESIAN_POINT('',(1.805E0,-1.E0,1.6E0));
#6046=VERTEX_POINT('',#6045);
#6047=CARTESIAN_POINT('',(1.805E0,-6.E-1,2.E0));
#6048=VERTEX_POINT('',#6047);
#6049=CARTESIAN_POINT('',(4.25E0,4.4E0,1.05E1));
#6050=CARTESIAN_POINT('',(-4.25E0,4.4E0,1.05E1));
#6051=VERTEX_POINT('',#6049);
#6052=VERTEX_POINT('',#6050);
#6053=CARTESIAN_POINT('',(-4.25E0,4.4E0,5.E0));
#6054=VERTEX_POINT('',#6053);
#6055=CARTESIAN_POINT('',(4.25E0,4.4E0,5.E0));
#6056=VERTEX_POINT('',#6055);
#6057=CARTESIAN_POINT('',(-4.25E0,4.E0,6.8E0));
#6058=CARTESIAN_POINT('',(-4.25E0,4.E0,5.E0));
#6059=VERTEX_POINT('',#6057);
#6060=VERTEX_POINT('',#6058);
#6061=CARTESIAN_POINT('',(-2.925E0,4.E0,5.E0));
#6062=VERTEX_POINT('',#6061);
#6063=CARTESIAN_POINT('',(-2.175E0,4.E0,5.E0));
#6064=CARTESIAN_POINT('',(-1.905E0,4.E0,5.E0));
#6065=VERTEX_POINT('',#6063);
#6066=VERTEX_POINT('',#6064);
#6067=CARTESIAN_POINT('',(-1.155E0,4.E0,5.E0));
#6068=CARTESIAN_POINT('',(-8.85E-1,4.E0,5.E0));
#6069=VERTEX_POINT('',#6067);
#6070=VERTEX_POINT('',#6068);
#6071=CARTESIAN_POINT('',(-1.35E-1,4.E0,5.E0));
#6072=CARTESIAN_POINT('',(1.35E-1,4.E0,5.E0));
#6073=VERTEX_POINT('',#6071);
#6074=VERTEX_POINT('',#6072);
#6075=CARTESIAN_POINT('',(8.85E-1,4.E0,5.E0));
#6076=CARTESIAN_POINT('',(1.155E0,4.E0,5.E0));
#6077=VERTEX_POINT('',#6075);
#6078=VERTEX_POINT('',#6076);
#6079=CARTESIAN_POINT('',(1.905E0,4.E0,5.E0));
#6080=CARTESIAN_POINT('',(2.175E0,4.E0,5.E0));
#6081=VERTEX_POINT('',#6079);
#6082=VERTEX_POINT('',#6080);
#6083=CARTESIAN_POINT('',(2.925E0,4.E0,5.E0));
#6084=CARTESIAN_POINT('',(4.25E0,4.E0,5.E0));
#6085=VERTEX_POINT('',#6083);
#6086=VERTEX_POINT('',#6084);
#6087=CARTESIAN_POINT('',(4.25E0,4.E0,6.8E0));
#6088=VERTEX_POINT('',#6087);
#6089=CARTESIAN_POINT('',(-2.275E0,4.3E0,5.E0));
#6090=CARTESIAN_POINT('',(-2.275E0,4.4E0,5.E0));
#6091=VERTEX_POINT('',#6089);
#6092=VERTEX_POINT('',#6090);
#6093=CARTESIAN_POINT('',(-2.825E0,4.4E0,5.E0));
#6094=VERTEX_POINT('',#6093);
#6095=CARTESIAN_POINT('',(-2.825E0,4.3E0,5.E0));
#6096=VERTEX_POINT('',#6095);
#6097=CARTESIAN_POINT('',(-1.255E0,4.3E0,5.E0));
#6098=CARTESIAN_POINT('',(-1.255E0,4.4E0,5.E0));
#6099=VERTEX_POINT('',#6097);
#6100=VERTEX_POINT('',#6098);
#6101=CARTESIAN_POINT('',(-1.805E0,4.4E0,5.E0));
#6102=VERTEX_POINT('',#6101);
#6103=CARTESIAN_POINT('',(-1.805E0,4.3E0,5.E0));
#6104=VERTEX_POINT('',#6103);
#6105=CARTESIAN_POINT('',(-2.35E-1,4.3E0,5.E0));
#6106=CARTESIAN_POINT('',(-2.35E-1,4.4E0,5.E0));
#6107=VERTEX_POINT('',#6105);
#6108=VERTEX_POINT('',#6106);
#6109=CARTESIAN_POINT('',(-7.85E-1,4.4E0,5.E0));
#6110=VERTEX_POINT('',#6109);
#6111=CARTESIAN_POINT('',(-7.85E-1,4.3E0,5.E0));
#6112=VERTEX_POINT('',#6111);
#6113=CARTESIAN_POINT('',(7.85E-1,4.3E0,5.E0));
#6114=CARTESIAN_POINT('',(7.85E-1,4.4E0,5.E0));
#6115=VERTEX_POINT('',#6113);
#6116=VERTEX_POINT('',#6114);
#6117=CARTESIAN_POINT('',(2.35E-1,4.4E0,5.E0));
#6118=VERTEX_POINT('',#6117);
#6119=CARTESIAN_POINT('',(2.35E-1,4.3E0,5.E0));
#6120=VERTEX_POINT('',#6119);
#6121=CARTESIAN_POINT('',(1.805E0,4.3E0,5.E0));
#6122=CARTESIAN_POINT('',(1.805E0,4.4E0,5.E0));
#6123=VERTEX_POINT('',#6121);
#6124=VERTEX_POINT('',#6122);
#6125=CARTESIAN_POINT('',(1.255E0,4.4E0,5.E0));
#6126=VERTEX_POINT('',#6125);
#6127=CARTESIAN_POINT('',(1.255E0,4.3E0,5.E0));
#6128=VERTEX_POINT('',#6127);
#6129=CARTESIAN_POINT('',(2.825E0,4.3E0,5.E0));
#6130=CARTESIAN_POINT('',(2.825E0,4.4E0,5.E0));
#6131=VERTEX_POINT('',#6129);
#6132=VERTEX_POINT('',#6130);
#6133=CARTESIAN_POINT('',(2.275E0,4.4E0,5.E0));
#6134=VERTEX_POINT('',#6133);
#6135=CARTESIAN_POINT('',(2.275E0,4.3E0,5.E0));
#6136=VERTEX_POINT('',#6135);
#6137=CARTESIAN_POINT('',(5.669615242271E0,-2.E0,0.E0));
#6138=CARTESIAN_POINT('',(4.630384757729E0,-2.E0,0.E0));
#6139=VERTEX_POINT('',#6137);
#6140=VERTEX_POINT('',#6138);
#6141=CARTESIAN_POINT('',(4.630384757729E0,6.E-1,0.E0));
#6142=CARTESIAN_POINT('',(5.669615242271E0,6.E-1,0.E0));
#6143=VERTEX_POINT('',#6141);
#6144=VERTEX_POINT('',#6142);
#6145=VERTEX_POINT('',#2516);
#6146=VERTEX_POINT('',#2526);
#6147=VERTEX_POINT('',#2528);
#6148=CARTESIAN_POINT('',(4.630384757729E0,-2.E0,-1.7E0));
#6149=VERTEX_POINT('',#6148);
#6150=CARTESIAN_POINT('',(4.630384757729E0,6.E-1,-1.7E0));
#6151=VERTEX_POINT('',#6150);
#6152=CARTESIAN_POINT('',(5.55E0,-2.E0,-1.E0));
#6153=CARTESIAN_POINT('',(4.75E0,-2.E0,-1.E0));
#6154=VERTEX_POINT('',#6152);
#6155=VERTEX_POINT('',#6153);
#6156=CARTESIAN_POINT('',(5.55E0,6.E-1,-1.E0));
#6157=CARTESIAN_POINT('',(4.75E0,6.E-1,-1.E0));
#6158=VERTEX_POINT('',#6156);
#6159=VERTEX_POINT('',#6157);
#6160=CARTESIAN_POINT('',(4.023767341976E0,-2.E0,-2.2E0));
#6161=CARTESIAN_POINT('',(4.023767341976E0,6.E-1,-2.2E0));
#6162=VERTEX_POINT('',#6160);
#6163=VERTEX_POINT('',#6161);
#6164=VERTEX_POINT('',#2591);
#6165=VERTEX_POINT('',#2595);
#6166=CARTESIAN_POINT('',(4.023767341976E0,6.E-1,-1.9E0));
#6167=VERTEX_POINT('',#6166);
#6168=VERTEX_POINT('',#2713);
#6169=VERTEX_POINT('',#2703);
#6170=VERTEX_POINT('',#2707);
#6171=VERTEX_POINT('',#2597);
#6172=VERTEX_POINT('',#2601);
#6173=VERTEX_POINT('',#2647);
#6174=VERTEX_POINT('',#2653);
#6175=CARTESIAN_POINT('',(5.55E0,-1.589978277499E0,-2.6E0));
#6176=VERTEX_POINT('',#6175);
#6177=VERTEX_POINT('',#2685);
#6178=VERTEX_POINT('',#2603);
#6179=VERTEX_POINT('',#2608);
#6180=VERTEX_POINT('',#2701);
#6181=CARTESIAN_POINT('',(4.609544443375E0,-2.E0,-2.512132034356E0));
#6182=VERTEX_POINT('',#6181);
#6183=VERTEX_POINT('',#2582);
#6184=VERTEX_POINT('',#2615);
#6185=CARTESIAN_POINT('',(1.857103653817E0,6.01E0,6.097484980364E0));
#6186=CARTESIAN_POINT('',(2.153127797459E0,6.01E0,6.097484980364E0));
#6187=VERTEX_POINT('',#6185);
#6188=VERTEX_POINT('',#6186);
#6189=CARTESIAN_POINT('',(-3.151070729641E-1,6.01E0,6.820897772536E0));
#6190=CARTESIAN_POINT('',(-3.151070729641E-1,6.01E0,6.881754013934E0));
#6191=VERTEX_POINT('',#6189);
#6192=VERTEX_POINT('',#6190);
#6193=CARTESIAN_POINT('',(-1.025195749922E-1,6.01E0,6.881754013934E0));
#6194=VERTEX_POINT('',#6193);
#6195=CARTESIAN_POINT('',(-1.025195749922E-1,6.01E0,7.354686149985E0));
#6196=VERTEX_POINT('',#6195);
#6197=CARTESIAN_POINT('',(-3.361284426366E-2,6.01E0,7.354686149985E0));
#6198=VERTEX_POINT('',#6197);
#6199=CARTESIAN_POINT('',(-3.361284426366E-2,6.01E0,6.820897772536E0));
#6200=VERTEX_POINT('',#6199);
#6201=VERTEX_POINT('',#4122);
#6202=VERTEX_POINT('',#4125);
#6203=VERTEX_POINT('',#4150);
#6204=VERTEX_POINT('',#4140);
#6205=CARTESIAN_POINT('',(-1.130526128085E0,6.01E0,6.820897772536E0));
#6206=CARTESIAN_POINT('',(-1.130526128085E0,6.01E0,6.881754013934E0));
#6207=VERTEX_POINT('',#6205);
#6208=VERTEX_POINT('',#6206);
#6209=CARTESIAN_POINT('',(-9.123442222722E-1,6.01E0,6.881754013934E0));
#6210=VERTEX_POINT('',#6209);
#6211=CARTESIAN_POINT('',(-9.123442222722E-1,6.01E0,7.061320860742E0));
#6212=VERTEX_POINT('',#6211);
#6213=CARTESIAN_POINT('',(-1.103236333735E0,6.01E0,7.061320860742E0));
#6214=VERTEX_POINT('',#6213);
#6215=CARTESIAN_POINT('',(-1.103236333735E0,6.01E0,7.122450000082E0));
#6216=VERTEX_POINT('',#6215);
#6217=CARTESIAN_POINT('',(-9.123442222722E-1,6.01E0,7.122450000082E0));
#6218=VERTEX_POINT('',#6217);
#6219=CARTESIAN_POINT('',(-9.123442222722E-1,6.01E0,7.293284112703E0));
#6220=VERTEX_POINT('',#6219);
#6221=CARTESIAN_POINT('',(-1.118382169598E0,6.01E0,7.293284112703E0));
#6222=VERTEX_POINT('',#6221);
#6223=CARTESIAN_POINT('',(-1.118382169598E0,6.01E0,7.354686149985E0));
#6224=VERTEX_POINT('',#6223);
#6225=CARTESIAN_POINT('',(-8.434374915437E-1,6.01E0,7.354686149985E0));
#6226=VERTEX_POINT('',#6225);
#6227=CARTESIAN_POINT('',(-8.434374915437E-1,6.01E0,6.820897772536E0));
#6228=VERTEX_POINT('',#6227);
#6229=VERTEX_POINT('',#4200);
#6230=VERTEX_POINT('',#4203);
#6231=VERTEX_POINT('',#4221);
#6232=VERTEX_POINT('',#4213);
#6233=VERTEX_POINT('',#4223);
#6234=VERTEX_POINT('',#4226);
#6235=VERTEX_POINT('',#4244);
#6236=VERTEX_POINT('',#4236);
#6237=VERTEX_POINT('',#4246);
#6238=VERTEX_POINT('',#4249);
#6239=VERTEX_POINT('',#4269);
#6240=VERTEX_POINT('',#4264);
#6241=VERTEX_POINT('',#4259);
#6242=CARTESIAN_POINT('',(-2.175861700593E0,6.01E0,6.820897772536E0));
#6243=CARTESIAN_POINT('',(-1.972552732698E0,6.01E0,7.354686149985E0));
#6244=VERTEX_POINT('',#6242);
#6245=VERTEX_POINT('',#6243);
#6246=CARTESIAN_POINT('',(-1.898870287958E0,6.01E0,7.354686149985E0));
#6247=VERTEX_POINT('',#6246);
#6248=CARTESIAN_POINT('',(-1.695561320065E0,6.01E0,6.820897772536E0));
#6249=VERTEX_POINT('',#6248);
#6250=CARTESIAN_POINT('',(-1.771699846293E0,6.01E0,6.820897772536E0));
#6251=VERTEX_POINT('',#6250);
#6252=CARTESIAN_POINT('',(-1.823004659676E0,6.01E0,6.966898172296E0));
#6253=VERTEX_POINT('',#6252);
#6254=CARTESIAN_POINT('',(-2.045280034641E0,6.01E0,6.966898172296E0));
#6255=VERTEX_POINT('',#6254);
#6256=CARTESIAN_POINT('',(-2.099723174365E0,6.01E0,6.820897772536E0));
#6257=VERTEX_POINT('',#6256);
#6258=CARTESIAN_POINT('',(-3.207014808054E-1,6.01E0,5.974095453915E0));
#6259=CARTESIAN_POINT('',(-3.207014808054E-1,6.01E0,6.034951695313E0));
#6260=VERTEX_POINT('',#6258);
#6261=VERTEX_POINT('',#6259);
#6262=CARTESIAN_POINT('',(-1.025195749922E-1,6.01E0,6.034951695313E0));
#6263=VERTEX_POINT('',#6262);
#6264=CARTESIAN_POINT('',(-1.025195749922E-1,6.01E0,6.214518542121E0));
#6265=VERTEX_POINT('',#6264);
#6266=CARTESIAN_POINT('',(-2.934116864549E-1,6.01E0,6.214518542121E0));
#6267=VERTEX_POINT('',#6266);
#6268=CARTESIAN_POINT('',(-2.934116864549E-1,6.01E0,6.275647681460E0));
#6269=VERTEX_POINT('',#6268);
#6270=CARTESIAN_POINT('',(-1.025195749922E-1,6.01E0,6.275647681460E0));
#6271=VERTEX_POINT('',#6270);
#6272=CARTESIAN_POINT('',(-1.025195749922E-1,6.01E0,6.446481794082E0));
#6273=VERTEX_POINT('',#6272);
#6274=CARTESIAN_POINT('',(-3.085575223181E-1,6.01E0,6.446481794082E0));
#6275=VERTEX_POINT('',#6274);
#6276=CARTESIAN_POINT('',(-3.085575223181E-1,6.01E0,6.507883831363E0));
#6277=VERTEX_POINT('',#6276);
#6278=CARTESIAN_POINT('',(-3.361284426366E-2,6.01E0,6.507883831363E0));
#6279=VERTEX_POINT('',#6278);
#6280=CARTESIAN_POINT('',(-3.361284426366E-2,6.01E0,5.974095453915E0));
#6281=VERTEX_POINT('',#6280);
#6282=VERTEX_POINT('',#4351);
#6283=VERTEX_POINT('',#4354);
#6284=VERTEX_POINT('',#4369);
#6285=VERTEX_POINT('',#4371);
#6286=VERTEX_POINT('',#4374);
#6287=VERTEX_POINT('',#4414);
#6288=VERTEX_POINT('',#4409);
#6289=VERTEX_POINT('',#4404);
#6290=VERTEX_POINT('',#4398);
#6291=VERTEX_POINT('',#4393);
#6292=VERTEX_POINT('',#4387);
#6293=VERTEX_POINT('',#4416);
#6294=VERTEX_POINT('',#4419);
#6295=VERTEX_POINT('',#4451);
#6296=VERTEX_POINT('',#4437);
#6297=VERTEX_POINT('',#4453);
#6298=VERTEX_POINT('',#4456);
#6299=VERTEX_POINT('',#4513);
#6300=VERTEX_POINT('',#4508);
#6301=VERTEX_POINT('',#4503);
#6302=VERTEX_POINT('',#4498);
#6303=VERTEX_POINT('',#4493);
#6304=VERTEX_POINT('',#4487);
#6305=VERTEX_POINT('',#4482);
#6306=VERTEX_POINT('',#4476);
#6307=VERTEX_POINT('',#4471);
#6308=VERTEX_POINT('',#4466);
#6309=CARTESIAN_POINT('',(-1.798989640644E0,6.01E0,5.974095453915E0));
#6310=CARTESIAN_POINT('',(-1.798989640644E0,6.01E0,6.034951695313E0));
#6311=VERTEX_POINT('',#6309);
#6312=VERTEX_POINT('',#6310);
#6313=CARTESIAN_POINT('',(-1.580807734831E0,6.01E0,6.034951695313E0));
#6314=VERTEX_POINT('',#6313);
#6315=CARTESIAN_POINT('',(-1.580807734831E0,6.01E0,6.214518542121E0));
#6316=VERTEX_POINT('',#6315);
#6317=CARTESIAN_POINT('',(-1.771699846293E0,6.01E0,6.214518542121E0));
#6318=VERTEX_POINT('',#6317);
#6319=CARTESIAN_POINT('',(-1.771699846293E0,6.01E0,6.275647681460E0));
#6320=VERTEX_POINT('',#6319);
#6321=CARTESIAN_POINT('',(-1.580807734831E0,6.01E0,6.275647681460E0));
#6322=VERTEX_POINT('',#6321);
#6323=CARTESIAN_POINT('',(-1.580807734831E0,6.01E0,6.446481794082E0));
#6324=VERTEX_POINT('',#6323);
#6325=CARTESIAN_POINT('',(-1.786845682157E0,6.01E0,6.446481794082E0));
#6326=VERTEX_POINT('',#6325);
#6327=CARTESIAN_POINT('',(-1.786845682157E0,6.01E0,6.507883831363E0));
#6328=VERTEX_POINT('',#6327);
#6329=CARTESIAN_POINT('',(-1.511901004102E0,6.01E0,6.507883831363E0));
#6330=VERTEX_POINT('',#6329);
#6331=CARTESIAN_POINT('',(-1.511901004102E0,6.01E0,5.974095453915E0));
#6332=VERTEX_POINT('',#6331);
#6333=VERTEX_POINT('',#4563);
#6334=VERTEX_POINT('',#4566);
#6335=VERTEX_POINT('',#4584);
#6336=VERTEX_POINT('',#4576);
#6337=VERTEX_POINT('',#4586);
#6338=VERTEX_POINT('',#4589);
#6339=VERTEX_POINT('',#4607);
#6340=VERTEX_POINT('',#4599);
#6341=VERTEX_POINT('',#4609);
#6342=VERTEX_POINT('',#4612);
#6343=VERTEX_POINT('',#4632);
#6344=VERTEX_POINT('',#4627);
#6345=VERTEX_POINT('',#4622);
#6346=CARTESIAN_POINT('',(-2.844325213151E0,6.01E0,5.974095453915E0));
#6347=CARTESIAN_POINT('',(-2.641016245256E0,6.01E0,6.507883831363E0));
#6348=VERTEX_POINT('',#6346);
#6349=VERTEX_POINT('',#6347);
#6350=CARTESIAN_POINT('',(-2.567333800517E0,6.01E0,6.507883831363E0));
#6351=VERTEX_POINT('',#6350);
#6352=CARTESIAN_POINT('',(-2.364024832623E0,6.01E0,5.974095453915E0));
#6353=VERTEX_POINT('',#6352);
#6354=CARTESIAN_POINT('',(-2.440163358852E0,6.01E0,5.974095453915E0));
#6355=VERTEX_POINT('',#6354);
#6356=CARTESIAN_POINT('',(-2.491468172235E0,6.01E0,6.120095853675E0));
#6357=VERTEX_POINT('',#6356);
#6358=CARTESIAN_POINT('',(-2.713743547200E0,6.01E0,6.120095853675E0));
#6359=VERTEX_POINT('',#6358);
#6360=CARTESIAN_POINT('',(-2.768186686923E0,6.01E0,5.974095453915E0));
#6361=VERTEX_POINT('',#6360);
#6362=VERTEX_POINT('',#4666);
#6363=VERTEX_POINT('',#4672);
#6364=VERTEX_POINT('',#4763);
#6365=VERTEX_POINT('',#4754);
#6366=VERTEX_POINT('',#4747);
#6367=VERTEX_POINT('',#4742);
#6368=VERTEX_POINT('',#4737);
#6369=VERTEX_POINT('',#4732);
#6370=VERTEX_POINT('',#4726);
#6371=VERTEX_POINT('',#4719);
#6372=VERTEX_POINT('',#4713);
#6373=VERTEX_POINT('',#4706);
#6374=VERTEX_POINT('',#4701);
#6375=VERTEX_POINT('',#4694);
#6376=VERTEX_POINT('',#4689);
#6377=VERTEX_POINT('',#4684);
#6378=CARTESIAN_POINT('',(1.857103653817E0,6.E0,6.097484980364E0));
#6379=VERTEX_POINT('',#6378);
#6380=CARTESIAN_POINT('',(2.153127797459E0,6.E0,6.097484980364E0));
#6381=VERTEX_POINT('',#6380);
#6382=CARTESIAN_POINT('',(-3.151070729641E-1,6.E0,6.820897772536E0));
#6383=VERTEX_POINT('',#6382);
#6384=CARTESIAN_POINT('',(-3.151070729641E-1,6.E0,6.881754013934E0));
#6385=VERTEX_POINT('',#6384);
#6386=CARTESIAN_POINT('',(-1.025195749921E-1,6.E0,6.881754013934E0));
#6387=VERTEX_POINT('',#6386);
#6388=CARTESIAN_POINT('',(-1.025195749921E-1,6.E0,7.354686149985E0));
#6389=VERTEX_POINT('',#6388);
#6390=CARTESIAN_POINT('',(-3.361284426366E-2,6.E0,7.354686149985E0));
#6391=VERTEX_POINT('',#6390);
#6392=CARTESIAN_POINT('',(-3.361284426366E-2,6.E0,6.820897772536E0));
#6393=VERTEX_POINT('',#6392);
#6394=CARTESIAN_POINT('',(-7.365979466708E-1,6.E0,6.843002505960E0));
#6395=VERTEX_POINT('',#6394);
#6396=CARTESIAN_POINT('',(-7.365979466708E-1,6.E0,6.909043808281E0));
#6397=VERTEX_POINT('',#6396);
#6398=CARTESIAN_POINT('',(-7.365979466708E-1,6.E0,7.269814889564E0));
#6399=VERTEX_POINT('',#6398);
#6400=CARTESIAN_POINT('',(-7.365979466708E-1,6.E0,7.341859946641E0));
#6401=VERTEX_POINT('',#6400);
#6402=CARTESIAN_POINT('',(-1.130526128085E0,6.E0,6.820897772536E0));
#6403=VERTEX_POINT('',#6402);
#6404=CARTESIAN_POINT('',(-1.130526128085E0,6.E0,6.881754013934E0));
#6405=VERTEX_POINT('',#6404);
#6406=CARTESIAN_POINT('',(-9.123442222722E-1,6.E0,6.881754013934E0));
#6407=VERTEX_POINT('',#6406);
#6408=CARTESIAN_POINT('',(-9.123442222722E-1,6.E0,7.061320860742E0));
#6409=VERTEX_POINT('',#6408);
#6410=CARTESIAN_POINT('',(-1.103236333735E0,6.E0,7.061320860742E0));
#6411=VERTEX_POINT('',#6410);
#6412=CARTESIAN_POINT('',(-1.103236333735E0,6.E0,7.122450000082E0));
#6413=VERTEX_POINT('',#6412);
#6414=CARTESIAN_POINT('',(-9.123442222722E-1,6.E0,7.122450000082E0));
#6415=VERTEX_POINT('',#6414);
#6416=CARTESIAN_POINT('',(-9.123442222722E-1,6.E0,7.293284112703E0));
#6417=VERTEX_POINT('',#6416);
#6418=CARTESIAN_POINT('',(-1.118382169598E0,6.E0,7.293284112703E0));
#6419=VERTEX_POINT('',#6418);
#6420=CARTESIAN_POINT('',(-1.118382169598E0,6.E0,7.354686149985E0));
#6421=VERTEX_POINT('',#6420);
#6422=CARTESIAN_POINT('',(-8.434374915437E-1,6.E0,7.354686149985E0));
#6423=VERTEX_POINT('',#6422);
#6424=CARTESIAN_POINT('',(-8.434374915437E-1,6.E0,6.820897772536E0));
#6425=VERTEX_POINT('',#6424);
#6426=CARTESIAN_POINT('',(-1.300268648929E0,6.E0,7.293284112703E0));
#6427=VERTEX_POINT('',#6426);
#6428=CARTESIAN_POINT('',(-1.380909991224E0,6.E0,7.293284112703E0));
#6429=VERTEX_POINT('',#6428);
#6430=CARTESIAN_POINT('',(-1.377771664881E0,6.E0,6.881754013934E0));
#6431=VERTEX_POINT('',#6430);
#6432=CARTESIAN_POINT('',(-1.300268648933E0,6.E0,6.881754013934E0));
#6433=VERTEX_POINT('',#6432);
#6434=CARTESIAN_POINT('',(-1.231361918203E0,6.E0,6.820897772536E0));
#6435=VERTEX_POINT('',#6434);
#6436=CARTESIAN_POINT('',(-1.378181011797E0,6.E0,6.820897772536E0));
#6437=VERTEX_POINT('',#6436);
#6438=CARTESIAN_POINT('',(-1.383638970663E0,6.E0,7.354686149985E0));
#6439=VERTEX_POINT('',#6438);
#6440=CARTESIAN_POINT('',(-1.231361918199E0,6.E0,7.354686149985E0));
#6441=VERTEX_POINT('',#6440);
#6442=CARTESIAN_POINT('',(-1.934238794126E0,6.E0,7.286461664116E0));
#6443=VERTEX_POINT('',#6442);
#6444=CARTESIAN_POINT('',(-1.943352652743E0,6.E0,7.249074645856E0));
#6445=VERTEX_POINT('',#6444);
#6446=CARTESIAN_POINT('',(-2.023993995041E0,6.E0,7.027208617804E0));
#6447=VERTEX_POINT('',#6446);
#6448=CARTESIAN_POINT('',(-1.844836495146E0,6.E0,7.027208617804E0));
#6449=VERTEX_POINT('',#6448);
#6450=CARTESIAN_POINT('',(-1.924659143614E0,6.E0,7.249074645856E0));
#6451=VERTEX_POINT('',#6450);
#6452=CARTESIAN_POINT('',(-2.175861700593E0,6.E0,6.820897772536E0));
#6453=VERTEX_POINT('',#6452);
#6454=CARTESIAN_POINT('',(-1.972552732698E0,6.E0,7.354686149985E0));
#6455=VERTEX_POINT('',#6454);
#6456=CARTESIAN_POINT('',(-1.898870287958E0,6.E0,7.354686149985E0));
#6457=VERTEX_POINT('',#6456);
#6458=CARTESIAN_POINT('',(-1.695561320065E0,6.E0,6.820897772536E0));
#6459=VERTEX_POINT('',#6458);
#6460=CARTESIAN_POINT('',(-1.771699846293E0,6.E0,6.820897772536E0));
#6461=VERTEX_POINT('',#6460);
#6462=CARTESIAN_POINT('',(-1.823004659676E0,6.E0,6.966898172296E0));
#6463=VERTEX_POINT('',#6462);
#6464=CARTESIAN_POINT('',(-2.045280034641E0,6.E0,6.966898172296E0));
#6465=VERTEX_POINT('',#6464);
#6466=CARTESIAN_POINT('',(-2.099723174365E0,6.E0,6.820897772536E0));
#6467=VERTEX_POINT('',#6466);
#6468=CARTESIAN_POINT('',(-3.207014808054E-1,6.E0,5.974095453915E0));
#6469=VERTEX_POINT('',#6468);
#6470=CARTESIAN_POINT('',(-3.207014808054E-1,6.E0,6.034951695313E0));
#6471=VERTEX_POINT('',#6470);
#6472=CARTESIAN_POINT('',(-1.025195749921E-1,6.E0,6.034951695313E0));
#6473=VERTEX_POINT('',#6472);
#6474=CARTESIAN_POINT('',(-1.025195749921E-1,6.E0,6.214518542121E0));
#6475=VERTEX_POINT('',#6474);
#6476=CARTESIAN_POINT('',(-2.934116864549E-1,6.E0,6.214518542121E0));
#6477=VERTEX_POINT('',#6476);
#6478=CARTESIAN_POINT('',(-2.934116864549E-1,6.E0,6.275647681460E0));
#6479=VERTEX_POINT('',#6478);
#6480=CARTESIAN_POINT('',(-1.025195749921E-1,6.E0,6.275647681460E0));
#6481=VERTEX_POINT('',#6480);
#6482=CARTESIAN_POINT('',(-1.025195749921E-1,6.E0,6.446481794082E0));
#6483=VERTEX_POINT('',#6482);
#6484=CARTESIAN_POINT('',(-3.085575223181E-1,6.E0,6.446481794082E0));
#6485=VERTEX_POINT('',#6484);
#6486=CARTESIAN_POINT('',(-3.085575223181E-1,6.E0,6.507883831363E0));
#6487=VERTEX_POINT('',#6486);
#6488=CARTESIAN_POINT('',(-3.361284426366E-2,6.E0,6.507883831363E0));
#6489=VERTEX_POINT('',#6488);
#6490=CARTESIAN_POINT('',(-3.361284426366E-2,6.E0,5.974095453915E0));
#6491=VERTEX_POINT('',#6490);
#6492=CARTESIAN_POINT('',(-5.349263664380E-1,6.E0,6.153389402781E0));
#6493=VERTEX_POINT('',#6492);
#6494=CARTESIAN_POINT('',(-6.241639939549E-1,6.E0,6.165396912295E0));
#6495=VERTEX_POINT('',#6494);
#6496=CARTESIAN_POINT('',(-6.241639939549E-1,6.E0,6.128828587868E0));
#6497=VERTEX_POINT('',#6496);
#6498=CARTESIAN_POINT('',(-6.241639939549E-1,6.E0,6.033041409707E0));
#6499=VERTEX_POINT('',#6498);
#6500=CARTESIAN_POINT('',(-6.241639939549E-1,6.E0,5.974095453915E0));
#6501=VERTEX_POINT('',#6500);
#6502=CARTESIAN_POINT('',(-6.910239901085E-1,6.E0,5.974095453915E0));
#6503=VERTEX_POINT('',#6502);
#6504=CARTESIAN_POINT('',(-6.910239901067E-1,6.E0,6.219430705102E0));
#6505=VERTEX_POINT('',#6504);
#6506=CARTESIAN_POINT('',(-4.219466178333E-1,6.E0,6.328589882497E0));
#6507=VERTEX_POINT('',#6506);
#6508=CARTESIAN_POINT('',(-4.219466178333E-1,6.E0,6.263640171946E0));
#6509=VERTEX_POINT('',#6508);
#6510=CARTESIAN_POINT('',(-6.241639939531E-1,6.E0,6.216428827726E0));
#6511=VERTEX_POINT('',#6510);
#6512=CARTESIAN_POINT('',(-5.111842453521E-1,6.E0,6.200600747007E0));
#6513=VERTEX_POINT('',#6512);
#6514=CARTESIAN_POINT('',(-7.816261073444E-1,6.E0,6.056510632846E0));
#6515=VERTEX_POINT('',#6514);
#6516=CARTESIAN_POINT('',(-7.816261073445E-1,6.E0,5.987467453145E0));
#6517=VERTEX_POINT('',#6516);
#6518=CARTESIAN_POINT('',(-1.020821154807E0,6.E0,6.282197232103E0));
#6519=VERTEX_POINT('',#6518);
#6520=CARTESIAN_POINT('',(-1.020821154807E0,6.E0,6.347146942651E0));
#6521=VERTEX_POINT('',#6520);
#6522=CARTESIAN_POINT('',(-1.257322510006E0,6.E0,6.037407776802E0));
#6523=VERTEX_POINT('',#6522);
#6524=CARTESIAN_POINT('',(-1.248281590697E0,6.E0,6.068791040302E0));
#6525=VERTEX_POINT('',#6524);
#6526=CARTESIAN_POINT('',(-1.148673841328E0,6.E0,6.355333880957E0));
#6527=VERTEX_POINT('',#6526);
#6528=CARTESIAN_POINT('',(-1.073899804815E0,6.E0,6.355333880957E0));
#6529=VERTEX_POINT('',#6528);
#6530=CARTESIAN_POINT('',(-1.223447877841E0,6.E0,5.974914147747E0));
#6531=VERTEX_POINT('',#6530);
#6532=CARTESIAN_POINT('',(-1.194111348916E0,6.E0,5.905598070101E0));
#6533=VERTEX_POINT('',#6532);
#6534=CARTESIAN_POINT('',(-1.087681150961E0,6.E0,5.859478317655E0));
#6535=VERTEX_POINT('',#6534);
#6536=CARTESIAN_POINT('',(-1.087681150961E0,6.E0,5.799986565972E0));
#6537=VERTEX_POINT('',#6536);
#6538=CARTESIAN_POINT('',(-1.266838650856E0,6.E0,5.916513987842E0));
#6539=VERTEX_POINT('',#6538);
#6540=CARTESIAN_POINT('',(-1.439855947021E0,6.E0,6.355333880957E0));
#6541=VERTEX_POINT('',#6540);
#6542=CARTESIAN_POINT('',(-1.370539869381E0,6.E0,6.355333880957E0));
#6543=VERTEX_POINT('',#6542);
#6544=CARTESIAN_POINT('',(-1.266429303940E0,6.E0,6.068245244415E0));
#6545=VERTEX_POINT('',#6544);
#6546=CARTESIAN_POINT('',(-1.798989640644E0,6.E0,5.974095453915E0));
#6547=VERTEX_POINT('',#6546);
#6548=CARTESIAN_POINT('',(-1.798989640644E0,6.E0,6.034951695313E0));
#6549=VERTEX_POINT('',#6548);
#6550=CARTESIAN_POINT('',(-1.580807734831E0,6.E0,6.034951695313E0));
#6551=VERTEX_POINT('',#6550);
#6552=CARTESIAN_POINT('',(-1.580807734831E0,6.E0,6.214518542121E0));
#6553=VERTEX_POINT('',#6552);
#6554=CARTESIAN_POINT('',(-1.771699846293E0,6.E0,6.214518542121E0));
#6555=VERTEX_POINT('',#6554);
#6556=CARTESIAN_POINT('',(-1.771699846293E0,6.E0,6.275647681460E0));
#6557=VERTEX_POINT('',#6556);
#6558=CARTESIAN_POINT('',(-1.580807734831E0,6.E0,6.275647681460E0));
#6559=VERTEX_POINT('',#6558);
#6560=CARTESIAN_POINT('',(-1.580807734831E0,6.E0,6.446481794082E0));
#6561=VERTEX_POINT('',#6560);
#6562=CARTESIAN_POINT('',(-1.786845682157E0,6.E0,6.446481794082E0));
#6563=VERTEX_POINT('',#6562);
#6564=CARTESIAN_POINT('',(-1.786845682157E0,6.E0,6.507883831363E0));
#6565=VERTEX_POINT('',#6564);
#6566=CARTESIAN_POINT('',(-1.511901004102E0,6.E0,6.507883831363E0));
#6567=VERTEX_POINT('',#6566);
#6568=CARTESIAN_POINT('',(-1.511901004102E0,6.E0,5.974095453915E0));
#6569=VERTEX_POINT('',#6568);
#6570=CARTESIAN_POINT('',(-1.968732161486E0,6.E0,6.446481794082E0));
#6571=VERTEX_POINT('',#6570);
#6572=CARTESIAN_POINT('',(-2.049373503784E0,6.E0,6.446481794082E0));
#6573=VERTEX_POINT('',#6572);
#6574=CARTESIAN_POINT('',(-2.046235177435E0,6.E0,6.034951695313E0));
#6575=VERTEX_POINT('',#6574);
#6576=CARTESIAN_POINT('',(-1.968732161488E0,6.E0,6.034951695313E0));
#6577=VERTEX_POINT('',#6576);
#6578=CARTESIAN_POINT('',(-1.899825430761E0,6.E0,5.974095453915E0));
#6579=VERTEX_POINT('',#6578);
#6580=CARTESIAN_POINT('',(-2.046644524355E0,6.E0,5.974095453915E0));
#6581=VERTEX_POINT('',#6580);
#6582=CARTESIAN_POINT('',(-2.052102483220E0,6.E0,6.507883831363E0));
#6583=VERTEX_POINT('',#6582);
#6584=CARTESIAN_POINT('',(-1.899825430759E0,6.E0,6.507883831363E0));
#6585=VERTEX_POINT('',#6584);
#6586=CARTESIAN_POINT('',(-2.602668591052E0,6.E0,6.439659345490E0));
#6587=VERTEX_POINT('',#6586);
#6588=CARTESIAN_POINT('',(-2.611816165298E0,6.E0,6.402272327238E0));
#6589=VERTEX_POINT('',#6588);
#6590=CARTESIAN_POINT('',(-2.692457507601E0,6.E0,6.180406299186E0));
#6591=VERTEX_POINT('',#6590);
#6592=CARTESIAN_POINT('',(-2.513300007706E0,6.E0,6.180406299186E0));
#6593=VERTEX_POINT('',#6592);
#6594=CARTESIAN_POINT('',(-2.593122656168E0,6.E0,6.402272327238E0));
#6595=VERTEX_POINT('',#6594);
#6596=CARTESIAN_POINT('',(-2.844325213151E0,6.E0,5.974095453915E0));
#6597=VERTEX_POINT('',#6596);
#6598=CARTESIAN_POINT('',(-2.641016245256E0,6.E0,6.507883831363E0));
#6599=VERTEX_POINT('',#6598);
#6600=CARTESIAN_POINT('',(-2.567333800517E0,6.E0,6.507883831363E0));
#6601=VERTEX_POINT('',#6600);
#6602=CARTESIAN_POINT('',(-2.364024832623E0,6.E0,5.974095453915E0));
#6603=VERTEX_POINT('',#6602);
#6604=CARTESIAN_POINT('',(-2.440163358852E0,6.E0,5.974095453915E0));
#6605=VERTEX_POINT('',#6604);
#6606=CARTESIAN_POINT('',(-2.491468172235E0,6.E0,6.120095853675E0));
#6607=VERTEX_POINT('',#6606);
#6608=CARTESIAN_POINT('',(-2.713743547200E0,6.E0,6.120095853675E0));
#6609=VERTEX_POINT('',#6608);
#6610=CARTESIAN_POINT('',(-2.768186686923E0,6.E0,5.974095453915E0));
#6611=VERTEX_POINT('',#6610);
#6612=CARTESIAN_POINT('',(7.792722928639E-1,6.E0,7.000738047525E0));
#6613=VERTEX_POINT('',#6612);
#6614=CARTESIAN_POINT('',(2.122766271657E0,6.E0,7.182906731817E0));
#6615=VERTEX_POINT('',#6614);
#6616=CARTESIAN_POINT('',(2.361862739919E0,6.E0,5.979834579120E0));
#6617=VERTEX_POINT('',#6616);
#6618=CARTESIAN_POINT('',(1.621802453191E0,6.E0,6.139232200497E0));
#6619=VERTEX_POINT('',#6618);
#6620=CARTESIAN_POINT('',(1.090477145118E0,6.E0,6.420075563142E0));
#6621=VERTEX_POINT('',#6620);
#6622=CARTESIAN_POINT('',(1.208127691141E0,6.E0,6.621220187487E0));
#6623=VERTEX_POINT('',#6622);
#6624=CARTESIAN_POINT('',(1.716681900103E0,6.E0,6.355557533453E0));
#6625=VERTEX_POINT('',#6624);
#6626=CARTESIAN_POINT('',(2.358067436087E0,6.E0,6.234111719797E0));
#6627=VERTEX_POINT('',#6626);
#6628=CARTESIAN_POINT('',(2.005115653251E0,6.E0,6.905858745383E0));
#6629=VERTEX_POINT('',#6628);
#6630=CARTESIAN_POINT('',(9.652362085994E-1,6.E0,6.795798300314E0));
#6631=VERTEX_POINT('',#6630);
#6632=CARTESIAN_POINT('',(9.121037646560E-1,6.E0,6.203750157801E0));
#6633=VERTEX_POINT('',#6632);
#6634=CARTESIAN_POINT('',(1.082886899394E0,6.E0,6.203750157801E0));
#6635=VERTEX_POINT('',#6634);
#6636=CARTESIAN_POINT('',(1.113248171841E0,6.E0,5.972244188618E0));
#6637=VERTEX_POINT('',#6636);
#6638=CARTESIAN_POINT('',(9.121036198826E-1,6.E0,5.972244188618E0));
#6639=VERTEX_POINT('',#6638);
#6640=CARTESIAN_POINT('',(9.007181065221E-1,6.E0,5.972244188618E0));
#6641=VERTEX_POINT('',#6640);
#6642=CARTESIAN_POINT('',(8.893325931599E-1,6.E0,5.972244188618E0));
#6643=VERTEX_POINT('',#6642);
#6644=CARTESIAN_POINT('',(-3.151070729641E-1,6.E0,6.881754013934E0));
#6645=DIRECTION('',(0.E0,0.E0,1.E0));
#6646=DIRECTION('',(1.E0,0.E0,0.E0));
#6647=AXIS2_PLACEMENT_3D('',#6644,#6645,#6646);
#6648=PLANE('',#6647);
#6650=ORIENTED_EDGE('',*,*,#6649,.T.);
#6652=ORIENTED_EDGE('',*,*,#6651,.T.);
#6654=ORIENTED_EDGE('',*,*,#6653,.F.);
#6656=ORIENTED_EDGE('',*,*,#6655,.F.);
#6657=EDGE_LOOP('',(#6650,#6652,#6654,#6656));
#6658=FACE_OUTER_BOUND('',#6657,.F.);
#6660=CARTESIAN_POINT('',(-3.151070729641E-1,6.E0,6.820897772536E0));
#6661=DIRECTION('',(-1.E0,0.E0,0.E0));
#6662=DIRECTION('',(0.E0,0.E0,1.E0));
#6663=AXIS2_PLACEMENT_3D('',#6660,#6661,#6662);
#6664=PLANE('',#6663);
#6666=ORIENTED_EDGE('',*,*,#6665,.T.);
#6668=ORIENTED_EDGE('',*,*,#6667,.T.);
#6669=ORIENTED_EDGE('',*,*,#6649,.F.);
#6671=ORIENTED_EDGE('',*,*,#6670,.F.);
#6672=EDGE_LOOP('',(#6666,#6668,#6669,#6671));
#6673=FACE_OUTER_BOUND('',#6672,.F.);
#6675=CARTESIAN_POINT('',(-3.361284426366E-2,6.E0,6.820897772536E0));
#6676=DIRECTION('',(0.E0,0.E0,-1.E0));
#6677=DIRECTION('',(-1.E0,0.E0,0.E0));
#6678=AXIS2_PLACEMENT_3D('',#6675,#6676,#6677);
#6679=PLANE('',#6678);
#6680=ORIENTED_EDGE('',*,*,#6665,.F.);
#6682=ORIENTED_EDGE('',*,*,#6681,.F.);
#6684=ORIENTED_EDGE('',*,*,#6683,.T.);
#6686=ORIENTED_EDGE('',*,*,#6685,.T.);
#6687=EDGE_LOOP('',(#6680,#6682,#6684,#6686));
#6688=FACE_OUTER_BOUND('',#6687,.F.);
#6690=CARTESIAN_POINT('',(6.55E0,6.E0,0.E0));
#6691=DIRECTION('',(0.E0,1.E0,0.E0));
#6692=DIRECTION('',(-1.E0,0.E0,0.E0));
#6693=AXIS2_PLACEMENT_3D('',#6690,#6691,#6692);
#6694=PLANE('',#6693);
#6696=ORIENTED_EDGE('',*,*,#6695,.F.);
#6698=ORIENTED_EDGE('',*,*,#6697,.F.);
#6700=ORIENTED_EDGE('',*,*,#6699,.F.);
#6702=ORIENTED_EDGE('',*,*,#6701,.T.);
#6704=ORIENTED_EDGE('',*,*,#6703,.F.);
#6706=ORIENTED_EDGE('',*,*,#6705,.F.);
#6708=ORIENTED_EDGE('',*,*,#6707,.F.);
#6710=ORIENTED_EDGE('',*,*,#6709,.T.);
#6712=ORIENTED_EDGE('',*,*,#6711,.F.);
#6714=ORIENTED_EDGE('',*,*,#6713,.T.);
#6716=ORIENTED_EDGE('',*,*,#6715,.T.);
#6718=ORIENTED_EDGE('',*,*,#6717,.T.);
#6720=ORIENTED_EDGE('',*,*,#6719,.F.);
#6722=ORIENTED_EDGE('',*,*,#6721,.F.);
#6724=ORIENTED_EDGE('',*,*,#6723,.F.);
#6726=ORIENTED_EDGE('',*,*,#6725,.T.);
#6728=ORIENTED_EDGE('',*,*,#6727,.F.);
#6730=ORIENTED_EDGE('',*,*,#6729,.F.);
#6732=ORIENTED_EDGE('',*,*,#6731,.F.);
#6734=ORIENTED_EDGE('',*,*,#6733,.T.);
#6736=ORIENTED_EDGE('',*,*,#6735,.F.);
#6738=ORIENTED_EDGE('',*,*,#6737,.F.);
#6740=ORIENTED_EDGE('',*,*,#6739,.F.);
#6742=ORIENTED_EDGE('',*,*,#6741,.T.);
#6744=ORIENTED_EDGE('',*,*,#6743,.F.);
#6746=ORIENTED_EDGE('',*,*,#6745,.F.);
#6748=ORIENTED_EDGE('',*,*,#6747,.F.);
#6750=ORIENTED_EDGE('',*,*,#6749,.T.);
#6751=EDGE_LOOP('',(#6696,#6698,#6700,#6702,#6704,#6706,#6708,#6710,#6712,#6714,
#6716,#6718,#6720,#6722,#6724,#6726,#6728,#6730,#6732,#6734,#6736,#6738,#6740,
#6742,#6744,#6746,#6748,#6750));
#6752=FACE_OUTER_BOUND('',#6751,.F.);
#6754=ORIENTED_EDGE('',*,*,#6753,.F.);
#6756=ORIENTED_EDGE('',*,*,#6755,.F.);
#6758=ORIENTED_EDGE('',*,*,#6757,.F.);
#6760=ORIENTED_EDGE('',*,*,#6759,.F.);
#6761=EDGE_LOOP('',(#6754,#6756,#6758,#6760));
#6762=FACE_BOUND('',#6761,.F.);
#6764=ORIENTED_EDGE('',*,*,#6763,.F.);
#6766=ORIENTED_EDGE('',*,*,#6765,.F.);
#6768=ORIENTED_EDGE('',*,*,#6767,.F.);
#6770=ORIENTED_EDGE('',*,*,#6769,.F.);
#6771=EDGE_LOOP('',(#6764,#6766,#6768,#6770));
#6772=FACE_BOUND('',#6771,.F.);
#6774=ORIENTED_EDGE('',*,*,#6773,.F.);
#6776=ORIENTED_EDGE('',*,*,#6775,.F.);
#6778=ORIENTED_EDGE('',*,*,#6777,.F.);
#6780=ORIENTED_EDGE('',*,*,#6779,.F.);
#6781=EDGE_LOOP('',(#6774,#6776,#6778,#6780));
#6782=FACE_BOUND('',#6781,.F.);
#6784=ORIENTED_EDGE('',*,*,#6783,.F.);
#6786=ORIENTED_EDGE('',*,*,#6785,.F.);
#6788=ORIENTED_EDGE('',*,*,#6787,.F.);
#6790=ORIENTED_EDGE('',*,*,#6789,.F.);
#6791=EDGE_LOOP('',(#6784,#6786,#6788,#6790));
#6792=FACE_BOUND('',#6791,.F.);
#6794=ORIENTED_EDGE('',*,*,#6793,.F.);
#6796=ORIENTED_EDGE('',*,*,#6795,.F.);
#6798=ORIENTED_EDGE('',*,*,#6797,.F.);
#6800=ORIENTED_EDGE('',*,*,#6799,.F.);
#6801=EDGE_LOOP('',(#6794,#6796,#6798,#6800));
#6802=FACE_BOUND('',#6801,.F.);
#6804=ORIENTED_EDGE('',*,*,#6803,.F.);
#6806=ORIENTED_EDGE('',*,*,#6805,.F.);
#6808=ORIENTED_EDGE('',*,*,#6807,.F.);
#6810=ORIENTED_EDGE('',*,*,#6809,.F.);
#6811=EDGE_LOOP('',(#6804,#6806,#6808,#6810));
#6812=FACE_BOUND('',#6811,.F.);
#6813=ORIENTED_EDGE('',*,*,#6670,.T.);
#6814=ORIENTED_EDGE('',*,*,#6655,.T.);
#6816=ORIENTED_EDGE('',*,*,#6815,.T.);
#6818=ORIENTED_EDGE('',*,*,#6817,.T.);
#6820=ORIENTED_EDGE('',*,*,#6819,.T.);
#6821=ORIENTED_EDGE('',*,*,#6681,.T.);
#6822=EDGE_LOOP('',(#6813,#6814,#6816,#6818,#6820,#6821));
#6823=FACE_BOUND('',#6822,.F.);
#6825=ORIENTED_EDGE('',*,*,#6824,.T.);
#6827=ORIENTED_EDGE('',*,*,#6826,.F.);
#6829=ORIENTED_EDGE('',*,*,#6828,.T.);
#6831=ORIENTED_EDGE('',*,*,#6830,.F.);
#6832=EDGE_LOOP('',(#6825,#6827,#6829,#6831));
#6833=FACE_BOUND('',#6832,.F.);
#6835=ORIENTED_EDGE('',*,*,#6834,.T.);
#6837=ORIENTED_EDGE('',*,*,#6836,.T.);
#6839=ORIENTED_EDGE('',*,*,#6838,.T.);
#6841=ORIENTED_EDGE('',*,*,#6840,.T.);
#6843=ORIENTED_EDGE('',*,*,#6842,.T.);
#6845=ORIENTED_EDGE('',*,*,#6844,.T.);
#6847=ORIENTED_EDGE('',*,*,#6846,.T.);
#6849=ORIENTED_EDGE('',*,*,#6848,.T.);
#6851=ORIENTED_EDGE('',*,*,#6850,.T.);
#6853=ORIENTED_EDGE('',*,*,#6852,.T.);
#6855=ORIENTED_EDGE('',*,*,#6854,.T.);
#6857=ORIENTED_EDGE('',*,*,#6856,.T.);
#6858=EDGE_LOOP('',(#6835,#6837,#6839,#6841,#6843,#6845,#6847,#6849,#6851,#6853,
#6855,#6857));
#6859=FACE_BOUND('',#6858,.F.);
#6861=ORIENTED_EDGE('',*,*,#6860,.T.);
#6863=ORIENTED_EDGE('',*,*,#6862,.F.);
#6865=ORIENTED_EDGE('',*,*,#6864,.T.);
#6867=ORIENTED_EDGE('',*,*,#6866,.T.);
#6868=EDGE_LOOP('',(#6861,#6863,#6865,#6867));
#6869=FACE_BOUND('',#6868,.F.);
#6871=ORIENTED_EDGE('',*,*,#6870,.T.);
#6873=ORIENTED_EDGE('',*,*,#6872,.T.);
#6875=ORIENTED_EDGE('',*,*,#6874,.T.);
#6877=ORIENTED_EDGE('',*,*,#6876,.T.);
#6879=ORIENTED_EDGE('',*,*,#6878,.T.);
#6881=ORIENTED_EDGE('',*,*,#6880,.T.);
#6883=ORIENTED_EDGE('',*,*,#6882,.T.);
#6885=ORIENTED_EDGE('',*,*,#6884,.T.);
#6886=EDGE_LOOP('',(#6871,#6873,#6875,#6877,#6879,#6881,#6883,#6885));
#6887=FACE_BOUND('',#6886,.F.);
#6889=ORIENTED_EDGE('',*,*,#6888,.T.);
#6891=ORIENTED_EDGE('',*,*,#6890,.T.);
#6893=ORIENTED_EDGE('',*,*,#6892,.T.);
#6895=ORIENTED_EDGE('',*,*,#6894,.T.);
#6897=ORIENTED_EDGE('',*,*,#6896,.T.);
#6899=ORIENTED_EDGE('',*,*,#6898,.T.);
#6901=ORIENTED_EDGE('',*,*,#6900,.T.);
#6903=ORIENTED_EDGE('',*,*,#6902,.T.);
#6905=ORIENTED_EDGE('',*,*,#6904,.T.);
#6907=ORIENTED_EDGE('',*,*,#6906,.T.);
#6909=ORIENTED_EDGE('',*,*,#6908,.T.);
#6911=ORIENTED_EDGE('',*,*,#6910,.T.);
#6912=EDGE_LOOP('',(#6889,#6891,#6893,#6895,#6897,#6899,#6901,#6903,#6905,#6907,
#6909,#6911));
#6913=FACE_BOUND('',#6912,.F.);
#6915=ORIENTED_EDGE('',*,*,#6914,.T.);
#6917=ORIENTED_EDGE('',*,*,#6916,.T.);
#6919=ORIENTED_EDGE('',*,*,#6918,.T.);
#6921=ORIENTED_EDGE('',*,*,#6920,.F.);
#6923=ORIENTED_EDGE('',*,*,#6922,.T.);
#6925=ORIENTED_EDGE('',*,*,#6924,.F.);
#6927=ORIENTED_EDGE('',*,*,#6926,.T.);
#6929=ORIENTED_EDGE('',*,*,#6928,.F.);
#6930=EDGE_LOOP('',(#6915,#6917,#6919,#6921,#6923,#6925,#6927,#6929));
#6931=FACE_BOUND('',#6930,.F.);
#6933=ORIENTED_EDGE('',*,*,#6932,.T.);
#6935=ORIENTED_EDGE('',*,*,#6934,.F.);
#6937=ORIENTED_EDGE('',*,*,#6936,.T.);
#6939=ORIENTED_EDGE('',*,*,#6938,.F.);
#6940=EDGE_LOOP('',(#6933,#6935,#6937,#6939));
#6941=FACE_BOUND('',#6940,.F.);
#6943=ORIENTED_EDGE('',*,*,#6942,.T.);
#6945=ORIENTED_EDGE('',*,*,#6944,.T.);
#6947=ORIENTED_EDGE('',*,*,#6946,.T.);
#6949=ORIENTED_EDGE('',*,*,#6948,.T.);
#6951=ORIENTED_EDGE('',*,*,#6950,.T.);
#6953=ORIENTED_EDGE('',*,*,#6952,.F.);
#6955=ORIENTED_EDGE('',*,*,#6954,.T.);
#6957=ORIENTED_EDGE('',*,*,#6956,.F.);
#6959=ORIENTED_EDGE('',*,*,#6958,.T.);
#6961=ORIENTED_EDGE('',*,*,#6960,.T.);
#6963=ORIENTED_EDGE('',*,*,#6962,.T.);
#6965=ORIENTED_EDGE('',*,*,#6964,.F.);
#6966=EDGE_LOOP('',(#6943,#6945,#6947,#6949,#6951,#6953,#6955,#6957,#6959,#6961,
#6963,#6965));
#6967=FACE_BOUND('',#6966,.F.);
#6969=ORIENTED_EDGE('',*,*,#6968,.T.);
#6971=ORIENTED_EDGE('',*,*,#6970,.T.);
#6973=ORIENTED_EDGE('',*,*,#6972,.T.);
#6975=ORIENTED_EDGE('',*,*,#6974,.T.);
#6977=ORIENTED_EDGE('',*,*,#6976,.T.);
#6979=ORIENTED_EDGE('',*,*,#6978,.T.);
#6981=ORIENTED_EDGE('',*,*,#6980,.T.);
#6983=ORIENTED_EDGE('',*,*,#6982,.T.);
#6985=ORIENTED_EDGE('',*,*,#6984,.T.);
#6987=ORIENTED_EDGE('',*,*,#6986,.T.);
#6989=ORIENTED_EDGE('',*,*,#6988,.T.);
#6991=ORIENTED_EDGE('',*,*,#6990,.T.);
#6992=EDGE_LOOP('',(#6969,#6971,#6973,#6975,#6977,#6979,#6981,#6983,#6985,#6987,
#6989,#6991));
#6993=FACE_BOUND('',#6992,.F.);
#6995=ORIENTED_EDGE('',*,*,#6994,.T.);
#6997=ORIENTED_EDGE('',*,*,#6996,.F.);
#6999=ORIENTED_EDGE('',*,*,#6998,.T.);
#7001=ORIENTED_EDGE('',*,*,#7000,.T.);
#7002=EDGE_LOOP('',(#6995,#6997,#6999,#7001));
#7003=FACE_BOUND('',#7002,.F.);
#7005=ORIENTED_EDGE('',*,*,#7004,.T.);
#7007=ORIENTED_EDGE('',*,*,#7006,.T.);
#7009=ORIENTED_EDGE('',*,*,#7008,.T.);
#7011=ORIENTED_EDGE('',*,*,#7010,.T.);
#7013=ORIENTED_EDGE('',*,*,#7012,.T.);
#7015=ORIENTED_EDGE('',*,*,#7014,.T.);
#7017=ORIENTED_EDGE('',*,*,#7016,.T.);
#7019=ORIENTED_EDGE('',*,*,#7018,.T.);
#7020=EDGE_LOOP('',(#7005,#7007,#7009,#7011,#7013,#7015,#7017,#7019));
#7021=FACE_BOUND('',#7020,.F.);
#7023=ORIENTED_EDGE('',*,*,#7022,.T.);
#7025=ORIENTED_EDGE('',*,*,#7024,.T.);
#7027=ORIENTED_EDGE('',*,*,#7026,.T.);
#7029=ORIENTED_EDGE('',*,*,#7028,.T.);
#7031=ORIENTED_EDGE('',*,*,#7030,.T.);
#7033=ORIENTED_EDGE('',*,*,#7032,.T.);
#7035=ORIENTED_EDGE('',*,*,#7034,.T.);
#7037=ORIENTED_EDGE('',*,*,#7036,.T.);
#7039=ORIENTED_EDGE('',*,*,#7038,.T.);
#7041=ORIENTED_EDGE('',*,*,#7040,.T.);
#7043=ORIENTED_EDGE('',*,*,#7042,.T.);
#7045=ORIENTED_EDGE('',*,*,#7044,.T.);
#7047=ORIENTED_EDGE('',*,*,#7046,.T.);
#7049=ORIENTED_EDGE('',*,*,#7048,.T.);
#7051=ORIENTED_EDGE('',*,*,#7050,.T.);
#7053=ORIENTED_EDGE('',*,*,#7052,.T.);
#7054=EDGE_LOOP('',(#7023,#7025,#7027,#7029,#7031,#7033,#7035,#7037,#7039,#7041,
#7043,#7045,#7047,#7049,#7051,#7053));
#7055=FACE_BOUND('',#7054,.F.);
#7057=FILL_AREA_STYLE_COLOUR('',#10);
#7058=FILL_AREA_STYLE('',(#7057));
#7059=SURFACE_STYLE_FILL_AREA(#7058);
#7060=SURFACE_SIDE_STYLE('',(#7059));
#7061=SURFACE_STYLE_USAGE(.POSITIVE.,#7060);
#7062=PRESENTATION_STYLE_ASSIGNMENT((#7061));
#7063=STYLED_ITEM('',(#7062),#7056);
#7064=CARTESIAN_POINT('',(6.55E0,6.E0,0.E0));
#7065=DIRECTION('',(0.E0,1.E0,0.E0));
#7066=DIRECTION('',(-1.E0,0.E0,0.E0));
#7067=AXIS2_PLACEMENT_3D('',#7064,#7065,#7066);
#7068=PLANE('',#7067);
#7070=ORIENTED_EDGE('',*,*,#7069,.F.);
#7072=ORIENTED_EDGE('',*,*,#7071,.F.);
#7073=EDGE_LOOP('',(#7070,#7072));
#7074=FACE_OUTER_BOUND('',#7073,.F.);
#7076=FILL_AREA_STYLE_COLOUR('',#10);
#7077=FILL_AREA_STYLE('',(#7076));
#7078=SURFACE_STYLE_FILL_AREA(#7077);
#7079=SURFACE_SIDE_STYLE('',(#7078));
#7080=SURFACE_STYLE_USAGE(.POSITIVE.,#7079);
#7081=PRESENTATION_STYLE_ASSIGNMENT((#7080));
#7082=STYLED_ITEM('',(#7081),#7075);
#7083=CARTESIAN_POINT('',(6.55E0,6.E0,0.E0));
#7084=DIRECTION('',(0.E0,1.E0,0.E0));
#7085=DIRECTION('',(-1.E0,0.E0,0.E0));
#7086=AXIS2_PLACEMENT_3D('',#7083,#7084,#7085);
#7087=PLANE('',#7086);
#7089=ORIENTED_EDGE('',*,*,#7088,.T.);
#7091=ORIENTED_EDGE('',*,*,#7090,.F.);
#7093=ORIENTED_EDGE('',*,*,#7092,.T.);
#7095=ORIENTED_EDGE('',*,*,#7094,.T.);
#7096=EDGE_LOOP('',(#7089,#7091,#7093,#7095));
#7097=FACE_OUTER_BOUND('',#7096,.F.);
#7099=FILL_AREA_STYLE_COLOUR('',#10);
#7100=FILL_AREA_STYLE('',(#7099));
#7101=SURFACE_STYLE_FILL_AREA(#7100);
#7102=SURFACE_SIDE_STYLE('',(#7101));
#7103=SURFACE_STYLE_USAGE(.POSITIVE.,#7102);
#7104=PRESENTATION_STYLE_ASSIGNMENT((#7103));
#7105=STYLED_ITEM('',(#7104),#7098);
#7106=CARTESIAN_POINT('',(6.55E0,6.E0,0.E0));
#7107=DIRECTION('',(0.E0,1.E0,0.E0));
#7108=DIRECTION('',(-1.E0,0.E0,0.E0));
#7109=AXIS2_PLACEMENT_3D('',#7106,#7107,#7108);
#7110=PLANE('',#7109);
#7112=ORIENTED_EDGE('',*,*,#7111,.F.);
#7114=ORIENTED_EDGE('',*,*,#7113,.T.);
#7116=ORIENTED_EDGE('',*,*,#7115,.T.);
#7118=ORIENTED_EDGE('',*,*,#7117,.T.);
#7120=ORIENTED_EDGE('',*,*,#7119,.F.);
#7121=EDGE_LOOP('',(#7112,#7114,#7116,#7118,#7120));
#7122=FACE_OUTER_BOUND('',#7121,.F.);
#7124=FILL_AREA_STYLE_COLOUR('',#10);
#7125=FILL_AREA_STYLE('',(#7124));
#7126=SURFACE_STYLE_FILL_AREA(#7125);
#7127=SURFACE_SIDE_STYLE('',(#7126));
#7128=SURFACE_STYLE_USAGE(.POSITIVE.,#7127);
#7129=PRESENTATION_STYLE_ASSIGNMENT((#7128));
#7130=STYLED_ITEM('',(#7129),#7123);
#7131=CARTESIAN_POINT('',(6.55E0,6.E0,0.E0));
#7132=DIRECTION('',(0.E0,1.E0,0.E0));
#7133=DIRECTION('',(-1.E0,0.E0,0.E0));
#7134=AXIS2_PLACEMENT_3D('',#7131,#7132,#7133);
#7135=PLANE('',#7134);
#7137=ORIENTED_EDGE('',*,*,#7136,.T.);
#7139=ORIENTED_EDGE('',*,*,#7138,.T.);
#7141=ORIENTED_EDGE('',*,*,#7140,.F.);
#7142=EDGE_LOOP('',(#7137,#7139,#7141));
#7143=FACE_OUTER_BOUND('',#7142,.F.);
#7145=FILL_AREA_STYLE_COLOUR('',#10);
#7146=FILL_AREA_STYLE('',(#7145));
#7147=SURFACE_STYLE_FILL_AREA(#7146);
#7148=SURFACE_SIDE_STYLE('',(#7147));
#7149=SURFACE_STYLE_USAGE(.POSITIVE.,#7148);
#7150=PRESENTATION_STYLE_ASSIGNMENT((#7149));
#7151=STYLED_ITEM('',(#7150),#7144);
#7152=CARTESIAN_POINT('',(6.55E0,6.E0,0.E0));
#7153=DIRECTION('',(0.E0,1.E0,0.E0));
#7154=DIRECTION('',(-1.E0,0.E0,0.E0));
#7155=AXIS2_PLACEMENT_3D('',#7152,#7153,#7154);
#7156=PLANE('',#7155);
#7158=ORIENTED_EDGE('',*,*,#7157,.T.);
#7160=ORIENTED_EDGE('',*,*,#7159,.F.);
#7162=ORIENTED_EDGE('',*,*,#7161,.T.);
#7164=ORIENTED_EDGE('',*,*,#7163,.T.);
#7165=EDGE_LOOP('',(#7158,#7160,#7162,#7164));
#7166=FACE_OUTER_BOUND('',#7165,.F.);
#7168=FILL_AREA_STYLE_COLOUR('',#10);
#7169=FILL_AREA_STYLE('',(#7168));
#7170=SURFACE_STYLE_FILL_AREA(#7169);
#7171=SURFACE_SIDE_STYLE('',(#7170));
#7172=SURFACE_STYLE_USAGE(.POSITIVE.,#7171);
#7173=PRESENTATION_STYLE_ASSIGNMENT((#7172));
#7174=STYLED_ITEM('',(#7173),#7167);
#7175=CARTESIAN_POINT('',(6.55E0,6.E0,0.E0));
#7176=DIRECTION('',(0.E0,1.E0,0.E0));
#7177=DIRECTION('',(-1.E0,0.E0,0.E0));
#7178=AXIS2_PLACEMENT_3D('',#7175,#7176,#7177);
#7179=PLANE('',#7178);
#7181=ORIENTED_EDGE('',*,*,#7180,.F.);
#7183=ORIENTED_EDGE('',*,*,#7182,.T.);
#7185=ORIENTED_EDGE('',*,*,#7184,.T.);
#7187=ORIENTED_EDGE('',*,*,#7186,.T.);
#7189=ORIENTED_EDGE('',*,*,#7188,.F.);
#7190=EDGE_LOOP('',(#7181,#7183,#7185,#7187,#7189));
#7191=FACE_OUTER_BOUND('',#7190,.F.);
#7193=FILL_AREA_STYLE_COLOUR('',#10);
#7194=FILL_AREA_STYLE('',(#7193));
#7195=SURFACE_STYLE_FILL_AREA(#7194);
#7196=SURFACE_SIDE_STYLE('',(#7195));
#7197=SURFACE_STYLE_USAGE(.POSITIVE.,#7196);
#7198=PRESENTATION_STYLE_ASSIGNMENT((#7197));
#7199=STYLED_ITEM('',(#7198),#7192);
#7200=CARTESIAN_POINT('',(-5.E0,-6.E0,2.E0));
#7201=DIRECTION('',(0.E0,0.E0,-1.E0));
#7202=DIRECTION('',(1.E0,0.E0,0.E0));
#7203=AXIS2_PLACEMENT_3D('',#7200,#7201,#7202);
#7204=PLANE('',#7203);
#7206=ORIENTED_EDGE('',*,*,#7205,.F.);
#7208=ORIENTED_EDGE('',*,*,#7207,.F.);
#7210=ORIENTED_EDGE('',*,*,#7209,.F.);
#7212=ORIENTED_EDGE('',*,*,#7211,.F.);
#7214=ORIENTED_EDGE('',*,*,#7213,.T.);
#7216=ORIENTED_EDGE('',*,*,#7215,.T.);
#7218=ORIENTED_EDGE('',*,*,#7217,.T.);
#7220=ORIENTED_EDGE('',*,*,#7219,.F.);
#7222=ORIENTED_EDGE('',*,*,#7221,.T.);
#7223=ORIENTED_EDGE('',*,*,#6753,.T.);
#7225=ORIENTED_EDGE('',*,*,#7224,.F.);
#7227=ORIENTED_EDGE('',*,*,#7226,.F.);
#7229=ORIENTED_EDGE('',*,*,#7228,.T.);
#7231=ORIENTED_EDGE('',*,*,#7230,.F.);
#7233=ORIENTED_EDGE('',*,*,#7232,.T.);
#7234=ORIENTED_EDGE('',*,*,#6763,.T.);
#7236=ORIENTED_EDGE('',*,*,#7235,.F.);
#7238=ORIENTED_EDGE('',*,*,#7237,.F.);
#7240=ORIENTED_EDGE('',*,*,#7239,.T.);
#7242=ORIENTED_EDGE('',*,*,#7241,.F.);
#7244=ORIENTED_EDGE('',*,*,#7243,.T.);
#7245=ORIENTED_EDGE('',*,*,#6773,.T.);
#7247=ORIENTED_EDGE('',*,*,#7246,.F.);
#7249=ORIENTED_EDGE('',*,*,#7248,.F.);
#7251=ORIENTED_EDGE('',*,*,#7250,.T.);
#7253=ORIENTED_EDGE('',*,*,#7252,.F.);
#7255=ORIENTED_EDGE('',*,*,#7254,.T.);
#7256=ORIENTED_EDGE('',*,*,#6783,.T.);
#7258=ORIENTED_EDGE('',*,*,#7257,.F.);
#7260=ORIENTED_EDGE('',*,*,#7259,.F.);
#7262=ORIENTED_EDGE('',*,*,#7261,.T.);
#7264=ORIENTED_EDGE('',*,*,#7263,.F.);
#7266=ORIENTED_EDGE('',*,*,#7265,.T.);
#7267=ORIENTED_EDGE('',*,*,#6793,.T.);
#7269=ORIENTED_EDGE('',*,*,#7268,.F.);
#7271=ORIENTED_EDGE('',*,*,#7270,.F.);
#7273=ORIENTED_EDGE('',*,*,#7272,.T.);
#7275=ORIENTED_EDGE('',*,*,#7274,.F.);
#7277=ORIENTED_EDGE('',*,*,#7276,.T.);
#7278=ORIENTED_EDGE('',*,*,#6803,.T.);
#7280=ORIENTED_EDGE('',*,*,#7279,.F.);
#7282=ORIENTED_EDGE('',*,*,#7281,.F.);
#7284=ORIENTED_EDGE('',*,*,#7283,.T.);
#7286=ORIENTED_EDGE('',*,*,#7285,.F.);
#7288=ORIENTED_EDGE('',*,*,#7287,.T.);
#7290=ORIENTED_EDGE('',*,*,#7289,.F.);
#7292=ORIENTED_EDGE('',*,*,#7291,.F.);
#7294=ORIENTED_EDGE('',*,*,#7293,.F.);
#7296=ORIENTED_EDGE('',*,*,#7295,.F.);
#7298=ORIENTED_EDGE('',*,*,#7297,.T.);
#7300=ORIENTED_EDGE('',*,*,#7299,.F.);
#7302=ORIENTED_EDGE('',*,*,#7301,.F.);
#7304=ORIENTED_EDGE('',*,*,#7303,.F.);
#7306=ORIENTED_EDGE('',*,*,#7305,.T.);
#7308=ORIENTED_EDGE('',*,*,#7307,.F.);
#7310=ORIENTED_EDGE('',*,*,#7309,.F.);
#7312=ORIENTED_EDGE('',*,*,#7311,.F.);
#7314=ORIENTED_EDGE('',*,*,#7313,.T.);
#7316=ORIENTED_EDGE('',*,*,#7315,.F.);
#7318=ORIENTED_EDGE('',*,*,#7317,.F.);
#7320=ORIENTED_EDGE('',*,*,#7319,.F.);
#7322=ORIENTED_EDGE('',*,*,#7321,.T.);
#7324=ORIENTED_EDGE('',*,*,#7323,.F.);
#7326=ORIENTED_EDGE('',*,*,#7325,.F.);
#7327=EDGE_LOOP('',(#7206,#7208,#7210,#7212,#7214,#7216,#7218,#7220,#7222,#7223,
#7225,#7227,#7229,#7231,#7233,#7234,#7236,#7238,#7240,#7242,#7244,#7245,#7247,
#7249,#7251,#7253,#7255,#7256,#7258,#7260,#7262,#7264,#7266,#7267,#7269,#7271,
#7273,#7275,#7277,#7278,#7280,#7282,#7284,#7286,#7288,#7290,#7292,#7294,#7296,
#7298,#7300,#7302,#7304,#7306,#7308,#7310,#7312,#7314,#7316,#7318,#7320,#7322,
#7324,#7326));
#7328=FACE_OUTER_BOUND('',#7327,.F.);
#7330=FILL_AREA_STYLE_COLOUR('',#10);
#7331=FILL_AREA_STYLE('',(#7330));
#7332=SURFACE_STYLE_FILL_AREA(#7331);
#7333=SURFACE_SIDE_STYLE('',(#7332));
#7334=SURFACE_STYLE_USAGE(.POSITIVE.,#7333);
#7335=PRESENTATION_STYLE_ASSIGNMENT((#7334));
#7336=STYLED_ITEM('',(#7335),#7329);
#7337=CARTESIAN_POINT('',(-2.362716260371E1,-6.E-1,1.6E0));
#7338=DIRECTION('',(1.E0,0.E0,0.E0));
#7339=DIRECTION('',(0.E0,0.E0,1.E0));
#7340=AXIS2_PLACEMENT_3D('',#7337,#7338,#7339);
#7341=CYLINDRICAL_SURFACE('',#7340,4.E-1);
#7343=ORIENTED_EDGE('',*,*,#7342,.T.);
#7345=ORIENTED_EDGE('',*,*,#7344,.F.);
#7347=ORIENTED_EDGE('',*,*,#7346,.T.);
#7348=ORIENTED_EDGE('',*,*,#7205,.T.);
#7349=EDGE_LOOP('',(#7343,#7345,#7347,#7348));
#7350=FACE_OUTER_BOUND('',#7349,.F.);
#7352=FILL_AREA_STYLE_COLOUR('',#10);
#7353=FILL_AREA_STYLE('',(#7352));
#7354=SURFACE_STYLE_FILL_AREA(#7353);
#7355=SURFACE_SIDE_STYLE('',(#7354));
#7356=SURFACE_STYLE_USAGE(.POSITIVE.,#7355);
#7357=PRESENTATION_STYLE_ASSIGNMENT((#7356));
#7358=STYLED_ITEM('',(#7357),#7351);
#7359=CARTESIAN_POINT('',(-1.805E0,2.35E0,0.E0));
#7360=DIRECTION('',(-1.E0,0.E0,0.E0));
#7361=DIRECTION('',(0.E0,1.E0,0.E0));
#7362=AXIS2_PLACEMENT_3D('',#7359,#7360,#7361);
#7363=PLANE('',#7362);
#7365=ORIENTED_EDGE('',*,*,#7364,.T.);
#7367=ORIENTED_EDGE('',*,*,#7366,.F.);
#7369=ORIENTED_EDGE('',*,*,#7368,.T.);
#7370=ORIENTED_EDGE('',*,*,#7342,.F.);
#7371=ORIENTED_EDGE('',*,*,#7325,.T.);
#7373=ORIENTED_EDGE('',*,*,#7372,.T.);
#7375=ORIENTED_EDGE('',*,*,#7374,.T.);
#7377=ORIENTED_EDGE('',*,*,#7376,.T.);
#7379=ORIENTED_EDGE('',*,*,#7378,.T.);
#7381=ORIENTED_EDGE('',*,*,#7380,.T.);
#7382=EDGE_LOOP('',(#7365,#7367,#7369,#7370,#7371,#7373,#7375,#7377,#7379,
#7381));
#7383=FACE_OUTER_BOUND('',#7382,.F.);
#7385=FILL_AREA_STYLE_COLOUR('',#10);
#7386=FILL_AREA_STYLE('',(#7385));
#7387=SURFACE_STYLE_FILL_AREA(#7386);
#7388=SURFACE_SIDE_STYLE('',(#7387));
#7389=SURFACE_STYLE_USAGE(.POSITIVE.,#7388);
#7390=PRESENTATION_STYLE_ASSIGNMENT((#7389));
#7391=STYLED_ITEM('',(#7390),#7384);
#7392=CARTESIAN_POINT('',(-1.53E0,2.625E0,-2.098076E1));
#7393=DIRECTION('',(0.E0,0.E0,1.E0));
#7394=DIRECTION('',(-1.E0,0.E0,0.E0));
#7395=AXIS2_PLACEMENT_3D('',#7392,#7393,#7394);
#7396=CYLINDRICAL_SURFACE('',#7395,2.75E-1);
#7397=ORIENTED_EDGE('',*,*,#7364,.F.);
#7399=ORIENTED_EDGE('',*,*,#7398,.F.);
#7401=ORIENTED_EDGE('',*,*,#7400,.T.);
#7403=ORIENTED_EDGE('',*,*,#7402,.T.);
#7404=EDGE_LOOP('',(#7397,#7399,#7401,#7403));
#7405=FACE_OUTER_BOUND('',#7404,.F.);
#7407=FILL_AREA_STYLE_COLOUR('',#10);
#7408=FILL_AREA_STYLE('',(#7407));
#7409=SURFACE_STYLE_FILL_AREA(#7408);
#7410=SURFACE_SIDE_STYLE('',(#7409));
#7411=SURFACE_STYLE_USAGE(.POSITIVE.,#7410);
#7412=PRESENTATION_STYLE_ASSIGNMENT((#7411));
#7413=STYLED_ITEM('',(#7412),#7406);
#7414=CARTESIAN_POINT('',(-1.53E0,2.625E0,1.E-1));
#7415=DIRECTION('',(0.E0,0.E0,1.E0));
#7416=DIRECTION('',(-6.798692684790E-1,-7.333333333333E-1,0.E0));
#7417=AXIS2_PLACEMENT_3D('',#7414,#7415,#7416);
#7418=TOROIDAL_SURFACE('',#7417,3.75E-1,1.E-1);
#7419=ORIENTED_EDGE('',*,*,#7398,.T.);
#7421=ORIENTED_EDGE('',*,*,#7420,.F.);
#7423=ORIENTED_EDGE('',*,*,#7422,.T.);
#7425=ORIENTED_EDGE('',*,*,#7424,.F.);
#7426=EDGE_LOOP('',(#7419,#7421,#7423,#7425));
#7427=FACE_OUTER_BOUND('',#7426,.F.);
#7429=FILL_AREA_STYLE_COLOUR('',#10);
#7430=FILL_AREA_STYLE('',(#7429));
#7431=SURFACE_STYLE_FILL_AREA(#7430);
#7432=SURFACE_SIDE_STYLE('',(#7431));
#7433=SURFACE_STYLE_USAGE(.POSITIVE.,#7432);
#7434=PRESENTATION_STYLE_ASSIGNMENT((#7433));
#7435=STYLED_ITEM('',(#7434),#7428);
#7436=CARTESIAN_POINT('',(-1.905E0,5.735489543355E0,1.E-1));
#7437=DIRECTION('',(0.E0,-1.E0,0.E0));
#7438=DIRECTION('',(0.E0,0.E0,-1.E0));
#7439=AXIS2_PLACEMENT_3D('',#7436,#7437,#7438);
#7440=CYLINDRICAL_SURFACE('',#7439,1.E-1);
#7441=ORIENTED_EDGE('',*,*,#7380,.F.);
#7443=ORIENTED_EDGE('',*,*,#7442,.F.);
#7445=ORIENTED_EDGE('',*,*,#7444,.T.);
#7446=ORIENTED_EDGE('',*,*,#7420,.T.);
#7447=EDGE_LOOP('',(#7441,#7443,#7445,#7446));
#7448=FACE_OUTER_BOUND('',#7447,.F.);
#7450=FILL_AREA_STYLE_COLOUR('',#10);
#7451=FILL_AREA_STYLE('',(#7450));
#7452=SURFACE_STYLE_FILL_AREA(#7451);
#7453=SURFACE_SIDE_STYLE('',(#7452));
#7454=SURFACE_STYLE_USAGE(.POSITIVE.,#7453);
#7455=PRESENTATION_STYLE_ASSIGNMENT((#7454));
#7456=STYLED_ITEM('',(#7455),#7449);
#7457=CARTESIAN_POINT('',(-1.905E0,5.7E0,3.E-1));
#7458=DIRECTION('',(1.E0,0.E0,0.E0));
#7459=DIRECTION('',(0.E0,9.937595941321E-1,1.115431265041E-1));
#7460=AXIS2_PLACEMENT_3D('',#7457,#7458,#7459);
#7461=TOROIDAL_SURFACE('',#7460,2.E-1,1.E-1);
#7463=ORIENTED_EDGE('',*,*,#7462,.T.);
#7464=ORIENTED_EDGE('',*,*,#7442,.T.);
#7465=ORIENTED_EDGE('',*,*,#7378,.F.);
#7467=ORIENTED_EDGE('',*,*,#7466,.F.);
#7468=EDGE_LOOP('',(#7463,#7464,#7465,#7467));
#7469=FACE_OUTER_BOUND('',#7468,.F.);
#7471=FILL_AREA_STYLE_COLOUR('',#10);
#7472=FILL_AREA_STYLE('',(#7471));
#7473=SURFACE_STYLE_FILL_AREA(#7472);
#7474=SURFACE_SIDE_STYLE('',(#7473));
#7475=SURFACE_STYLE_USAGE(.POSITIVE.,#7474);
#7476=PRESENTATION_STYLE_ASSIGNMENT((#7475));
#7477=STYLED_ITEM('',(#7476),#7470);
#7478=CARTESIAN_POINT('',(-2.362716E1,5.7E0,3.E-1));
#7479=DIRECTION('',(1.E0,0.E0,0.E0));
#7480=DIRECTION('',(0.E0,0.E0,-1.E0));
#7481=AXIS2_PLACEMENT_3D('',#7478,#7479,#7480);
#7482=CYLINDRICAL_SURFACE('',#7481,3.E-1);
#7483=ORIENTED_EDGE('',*,*,#7462,.F.);
#7484=ORIENTED_EDGE('',*,*,#6725,.F.);
#7486=ORIENTED_EDGE('',*,*,#7485,.F.);
#7488=ORIENTED_EDGE('',*,*,#7487,.T.);
#7489=EDGE_LOOP('',(#7483,#7484,#7486,#7488));
#7490=FACE_OUTER_BOUND('',#7489,.F.);
#7492=FILL_AREA_STYLE_COLOUR('',#10);
#7493=FILL_AREA_STYLE('',(#7492));
#7494=SURFACE_STYLE_FILL_AREA(#7493);
#7495=SURFACE_SIDE_STYLE('',(#7494));
#7496=SURFACE_STYLE_USAGE(.POSITIVE.,#7495);
#7497=PRESENTATION_STYLE_ASSIGNMENT((#7496));
#7498=STYLED_ITEM('',(#7497),#7491);
#7499=CARTESIAN_POINT('',(-2.362716E1,5.7E0,3.E-1));
#7500=DIRECTION('',(1.E0,0.E0,0.E0));
#7501=DIRECTION('',(0.E0,0.E0,-1.E0));
#7502=AXIS2_PLACEMENT_3D('',#7499,#7500,#7501);
#7503=CYLINDRICAL_SURFACE('',#7502,3.E-1);
#7505=ORIENTED_EDGE('',*,*,#7504,.F.);
#7506=ORIENTED_EDGE('',*,*,#6717,.F.);
#7508=ORIENTED_EDGE('',*,*,#7507,.T.);
#7510=ORIENTED_EDGE('',*,*,#7509,.T.);
#7511=EDGE_LOOP('',(#7505,#7506,#7508,#7510));
#7512=FACE_OUTER_BOUND('',#7511,.F.);
#7514=FILL_AREA_STYLE_COLOUR('',#10);
#7515=FILL_AREA_STYLE('',(#7514));
#7516=SURFACE_STYLE_FILL_AREA(#7515);
#7517=SURFACE_SIDE_STYLE('',(#7516));
#7518=SURFACE_STYLE_USAGE(.POSITIVE.,#7517);
#7519=PRESENTATION_STYLE_ASSIGNMENT((#7518));
#7520=STYLED_ITEM('',(#7519),#7513);
#7521=CARTESIAN_POINT('',(-2.362716E1,5.7E0,3.E-1));
#7522=DIRECTION('',(1.E0,0.E0,0.E0));
#7523=DIRECTION('',(0.E0,0.E0,-1.E0));
#7524=AXIS2_PLACEMENT_3D('',#7521,#7522,#7523);
#7525=CYLINDRICAL_SURFACE('',#7524,3.E-1);
#7527=ORIENTED_EDGE('',*,*,#7526,.F.);
#7528=ORIENTED_EDGE('',*,*,#6741,.F.);
#7530=ORIENTED_EDGE('',*,*,#7529,.F.);
#7532=ORIENTED_EDGE('',*,*,#7531,.T.);
#7533=EDGE_LOOP('',(#7527,#7528,#7530,#7532));
#7534=FACE_OUTER_BOUND('',#7533,.F.);
#7536=FILL_AREA_STYLE_COLOUR('',#10);
#7537=FILL_AREA_STYLE('',(#7536));
#7538=SURFACE_STYLE_FILL_AREA(#7537);
#7539=SURFACE_SIDE_STYLE('',(#7538));
#7540=SURFACE_STYLE_USAGE(.POSITIVE.,#7539);
#7541=PRESENTATION_STYLE_ASSIGNMENT((#7540));
#7542=STYLED_ITEM('',(#7541),#7535);
#7543=CARTESIAN_POINT('',(-2.362716E1,5.7E0,3.E-1));
#7544=DIRECTION('',(1.E0,0.E0,0.E0));
#7545=DIRECTION('',(0.E0,0.E0,-1.E0));
#7546=AXIS2_PLACEMENT_3D('',#7543,#7544,#7545);
#7547=CYLINDRICAL_SURFACE('',#7546,3.E-1);
#7549=ORIENTED_EDGE('',*,*,#7548,.F.);
#7550=ORIENTED_EDGE('',*,*,#6733,.F.);
#7552=ORIENTED_EDGE('',*,*,#7551,.F.);
#7554=ORIENTED_EDGE('',*,*,#7553,.T.);
#7555=EDGE_LOOP('',(#7549,#7550,#7552,#7554));
#7556=FACE_OUTER_BOUND('',#7555,.F.);
#7558=FILL_AREA_STYLE_COLOUR('',#10);
#7559=FILL_AREA_STYLE('',(#7558));
#7560=SURFACE_STYLE_FILL_AREA(#7559);
#7561=SURFACE_SIDE_STYLE('',(#7560));
#7562=SURFACE_STYLE_USAGE(.POSITIVE.,#7561);
#7563=PRESENTATION_STYLE_ASSIGNMENT((#7562));
#7564=STYLED_ITEM('',(#7563),#7557);
#7565=CARTESIAN_POINT('',(-2.362716E1,5.7E0,3.E-1));
#7566=DIRECTION('',(1.E0,0.E0,0.E0));
#7567=DIRECTION('',(0.E0,0.E0,-1.E0));
#7568=AXIS2_PLACEMENT_3D('',#7565,#7566,#7567);
#7569=CYLINDRICAL_SURFACE('',#7568,3.E-1);
#7571=ORIENTED_EDGE('',*,*,#7570,.F.);
#7573=ORIENTED_EDGE('',*,*,#7572,.T.);
#7575=ORIENTED_EDGE('',*,*,#7574,.T.);
#7576=ORIENTED_EDGE('',*,*,#6709,.F.);
#7577=EDGE_LOOP('',(#7571,#7573,#7575,#7576));
#7578=FACE_OUTER_BOUND('',#7577,.F.);
#7580=FILL_AREA_STYLE_COLOUR('',#10);
#7581=FILL_AREA_STYLE('',(#7580));
#7582=SURFACE_STYLE_FILL_AREA(#7581);
#7583=SURFACE_SIDE_STYLE('',(#7582));
#7584=SURFACE_STYLE_USAGE(.POSITIVE.,#7583);
#7585=PRESENTATION_STYLE_ASSIGNMENT((#7584));
#7586=STYLED_ITEM('',(#7585),#7579);
#7587=CARTESIAN_POINT('',(-2.362716E1,5.7E0,3.E-1));
#7588=DIRECTION('',(1.E0,0.E0,0.E0));
#7589=DIRECTION('',(0.E0,0.E0,-1.E0));
#7590=AXIS2_PLACEMENT_3D('',#7587,#7588,#7589);
#7591=CYLINDRICAL_SURFACE('',#7590,3.E-1);
#7593=ORIENTED_EDGE('',*,*,#7592,.F.);
#7594=ORIENTED_EDGE('',*,*,#6701,.F.);
#7596=ORIENTED_EDGE('',*,*,#7595,.F.);
#7598=ORIENTED_EDGE('',*,*,#7597,.T.);
#7599=EDGE_LOOP('',(#7593,#7594,#7596,#7598));
#7600=FACE_OUTER_BOUND('',#7599,.F.);
#7602=FILL_AREA_STYLE_COLOUR('',#10);
#7603=FILL_AREA_STYLE('',(#7602));
#7604=SURFACE_STYLE_FILL_AREA(#7603);
#7605=SURFACE_SIDE_STYLE('',(#7604));
#7606=SURFACE_STYLE_USAGE(.POSITIVE.,#7605);
#7607=PRESENTATION_STYLE_ASSIGNMENT((#7606));
#7608=STYLED_ITEM('',(#7607),#7601);
#7609=CARTESIAN_POINT('',(-2.362716E1,5.7E0,3.E-1));
#7610=DIRECTION('',(1.E0,0.E0,0.E0));
#7611=DIRECTION('',(0.E0,0.E0,-1.E0));
#7612=AXIS2_PLACEMENT_3D('',#7609,#7610,#7611);
#7613=CYLINDRICAL_SURFACE('',#7612,3.E-1);
#7615=ORIENTED_EDGE('',*,*,#7614,.F.);
#7616=ORIENTED_EDGE('',*,*,#6749,.F.);
#7618=ORIENTED_EDGE('',*,*,#7617,.F.);
#7620=ORIENTED_EDGE('',*,*,#7619,.T.);
#7621=EDGE_LOOP('',(#7615,#7616,#7618,#7620));
#7622=FACE_OUTER_BOUND('',#7621,.F.);
#7624=FILL_AREA_STYLE_COLOUR('',#10);
#7625=FILL_AREA_STYLE('',(#7624));
#7626=SURFACE_STYLE_FILL_AREA(#7625);
#7627=SURFACE_SIDE_STYLE('',(#7626));
#7628=SURFACE_STYLE_USAGE(.POSITIVE.,#7627);
#7629=PRESENTATION_STYLE_ASSIGNMENT((#7628));
#7630=STYLED_ITEM('',(#7629),#7623);
#7631=CARTESIAN_POINT('',(-2.175E0,5.7E0,3.E-1));
#7632=DIRECTION('',(1.E0,0.E0,0.E0));
#7633=DIRECTION('',(0.E0,-1.215533523461E-1,-9.925848994083E-1));
#7634=AXIS2_PLACEMENT_3D('',#7631,#7632,#7633);
#7635=TOROIDAL_SURFACE('',#7634,2.E-1,1.E-1);
#7636=ORIENTED_EDGE('',*,*,#7485,.T.);
#7638=ORIENTED_EDGE('',*,*,#7637,.T.);
#7640=ORIENTED_EDGE('',*,*,#7639,.F.);
#7642=ORIENTED_EDGE('',*,*,#7641,.F.);
#7643=EDGE_LOOP('',(#7636,#7638,#7640,#7642));
#7644=FACE_OUTER_BOUND('',#7643,.F.);
#7646=FILL_AREA_STYLE_COLOUR('',#10);
#7647=FILL_AREA_STYLE('',(#7646));
#7648=SURFACE_STYLE_FILL_AREA(#7647);
#7649=SURFACE_SIDE_STYLE('',(#7648));
#7650=SURFACE_STYLE_USAGE(.POSITIVE.,#7649);
#7651=PRESENTATION_STYLE_ASSIGNMENT((#7650));
#7652=STYLED_ITEM('',(#7651),#7645);
#7653=CARTESIAN_POINT('',(-2.175E0,5.9E0,2.657977690692E-1));
#7654=DIRECTION('',(0.E0,0.E0,1.E0));
#7655=DIRECTION('',(0.E0,1.E0,0.E0));
#7656=AXIS2_PLACEMENT_3D('',#7653,#7654,#7655);
#7657=CYLINDRICAL_SURFACE('',#7656,1.E-1);
#7659=ORIENTED_EDGE('',*,*,#7658,.F.);
#7660=ORIENTED_EDGE('',*,*,#7637,.F.);
#7661=ORIENTED_EDGE('',*,*,#6723,.T.);
#7663=ORIENTED_EDGE('',*,*,#7662,.T.);
#7664=EDGE_LOOP('',(#7659,#7660,#7661,#7663));
#7665=FACE_OUTER_BOUND('',#7664,.F.);
#7667=FILL_AREA_STYLE_COLOUR('',#10);
#7668=FILL_AREA_STYLE('',(#7667));
#7669=SURFACE_STYLE_FILL_AREA(#7668);
#7670=SURFACE_SIDE_STYLE('',(#7669));
#7671=SURFACE_STYLE_USAGE(.POSITIVE.,#7670);
#7672=PRESENTATION_STYLE_ASSIGNMENT((#7671));
#7673=STYLED_ITEM('',(#7672),#7666);
#7674=CARTESIAN_POINT('',(-2.275E0,6.E0,0.E0));
#7675=DIRECTION('',(1.E0,0.E0,0.E0));
#7676=DIRECTION('',(0.E0,-1.E0,0.E0));
#7677=AXIS2_PLACEMENT_3D('',#7674,#7675,#7676);
#7678=PLANE('',#7677);
#7680=ORIENTED_EDGE('',*,*,#7679,.F.);
#7682=ORIENTED_EDGE('',*,*,#7681,.T.);
#7683=ORIENTED_EDGE('',*,*,#7639,.T.);
#7684=ORIENTED_EDGE('',*,*,#7658,.T.);
#7686=ORIENTED_EDGE('',*,*,#7685,.T.);
#7687=EDGE_LOOP('',(#7680,#7682,#7683,#7684,#7686));
#7688=FACE_OUTER_BOUND('',#7687,.F.);
#7690=FILL_AREA_STYLE_COLOUR('',#10);
#7691=FILL_AREA_STYLE('',(#7690));
#7692=SURFACE_STYLE_FILL_AREA(#7691);
#7693=SURFACE_SIDE_STYLE('',(#7692));
#7694=SURFACE_STYLE_USAGE(.POSITIVE.,#7693);
#7695=PRESENTATION_STYLE_ASSIGNMENT((#7694));
#7696=STYLED_ITEM('',(#7695),#7689);
#7697=CARTESIAN_POINT('',(-2.55E0,5.165E0,-2.098076E1));
#7698=DIRECTION('',(0.E0,0.E0,1.E0));
#7699=DIRECTION('',(-1.E0,0.E0,0.E0));
#7700=AXIS2_PLACEMENT_3D('',#7697,#7698,#7699);
#7701=CYLINDRICAL_SURFACE('',#7700,2.75E-1);
#7703=ORIENTED_EDGE('',*,*,#7702,.T.);
#7705=ORIENTED_EDGE('',*,*,#7704,.F.);
#7707=ORIENTED_EDGE('',*,*,#7706,.F.);
#7708=ORIENTED_EDGE('',*,*,#7679,.T.);
#7709=EDGE_LOOP('',(#7703,#7705,#7707,#7708));
#7710=FACE_OUTER_BOUND('',#7709,.F.);
#7712=FILL_AREA_STYLE_COLOUR('',#10);
#7713=FILL_AREA_STYLE('',(#7712));
#7714=SURFACE_STYLE_FILL_AREA(#7713);
#7715=SURFACE_SIDE_STYLE('',(#7714));
#7716=SURFACE_STYLE_USAGE(.POSITIVE.,#7715);
#7717=PRESENTATION_STYLE_ASSIGNMENT((#7716));
#7718=STYLED_ITEM('',(#7717),#7711);
#7719=CARTESIAN_POINT('',(0.E0,0.E0,8.E-1));
#7720=DIRECTION('',(0.E0,0.E0,-1.E0));
#7721=DIRECTION('',(1.E0,0.E0,0.E0));
#7722=AXIS2_PLACEMENT_3D('',#7719,#7720,#7721);
#7723=PLANE('',#7722);
#7724=ORIENTED_EDGE('',*,*,#6721,.T.);
#7726=ORIENTED_EDGE('',*,*,#7725,.F.);
#7728=ORIENTED_EDGE('',*,*,#7727,.F.);
#7729=ORIENTED_EDGE('',*,*,#7702,.F.);
#7730=ORIENTED_EDGE('',*,*,#7685,.F.);
#7731=ORIENTED_EDGE('',*,*,#7662,.F.);
#7732=EDGE_LOOP('',(#7724,#7726,#7728,#7729,#7730,#7731));
#7733=FACE_OUTER_BOUND('',#7732,.F.);
#7735=ORIENTED_EDGE('',*,*,#7734,.T.);
#7737=ORIENTED_EDGE('',*,*,#7736,.T.);
#7738=EDGE_LOOP('',(#7735,#7737));
#7739=FACE_BOUND('',#7738,.F.);
#7741=FILL_AREA_STYLE_COLOUR('',#10);
#7742=FILL_AREA_STYLE('',(#7741));
#7743=SURFACE_STYLE_FILL_AREA(#7742);
#7744=SURFACE_SIDE_STYLE('',(#7743));
#7745=SURFACE_STYLE_USAGE(.POSITIVE.,#7744);
#7746=PRESENTATION_STYLE_ASSIGNMENT((#7745));
#7747=STYLED_ITEM('',(#7746),#7740);
#7748=CARTESIAN_POINT('',(0.E0,0.E0,8.E-1));
#7749=DIRECTION('',(0.E0,0.E0,-1.E0));
#7750=DIRECTION('',(1.E0,0.E0,0.E0));
#7751=AXIS2_PLACEMENT_3D('',#7748,#7749,#7750);
#7752=PLANE('',#7751);
#7754=ORIENTED_EDGE('',*,*,#7753,.F.);
#7756=ORIENTED_EDGE('',*,*,#7755,.F.);
#7757=ORIENTED_EDGE('',*,*,#6729,.T.);
#7759=ORIENTED_EDGE('',*,*,#7758,.F.);
#7760=ORIENTED_EDGE('',*,*,#7374,.F.);
#7762=ORIENTED_EDGE('',*,*,#7761,.T.);
#7763=EDGE_LOOP('',(#7754,#7756,#7757,#7759,#7760,#7762));
#7764=FACE_OUTER_BOUND('',#7763,.F.);
#7766=FILL_AREA_STYLE_COLOUR('',#10);
#7767=FILL_AREA_STYLE('',(#7766));
#7768=SURFACE_STYLE_FILL_AREA(#7767);
#7769=SURFACE_SIDE_STYLE('',(#7768));
#7770=SURFACE_STYLE_USAGE(.POSITIVE.,#7769);
#7771=PRESENTATION_STYLE_ASSIGNMENT((#7770));
#7772=STYLED_ITEM('',(#7771),#7765);
#7773=CARTESIAN_POINT('',(-2.925E0,5.9E0,2.988076E1));
#7774=DIRECTION('',(0.E0,0.E0,-1.E0));
#7775=DIRECTION('',(0.E0,1.E0,0.E0));
#7776=AXIS2_PLACEMENT_3D('',#7773,#7774,#7775);
#7777=CYLINDRICAL_SURFACE('',#7776,1.E-1);
#7779=ORIENTED_EDGE('',*,*,#7778,.F.);
#7780=ORIENTED_EDGE('',*,*,#7725,.T.);
#7781=ORIENTED_EDGE('',*,*,#6719,.T.);
#7783=ORIENTED_EDGE('',*,*,#7782,.T.);
#7784=EDGE_LOOP('',(#7779,#7780,#7781,#7783));
#7785=FACE_OUTER_BOUND('',#7784,.F.);
#7787=FILL_AREA_STYLE_COLOUR('',#10);
#7788=FILL_AREA_STYLE('',(#7787));
#7789=SURFACE_STYLE_FILL_AREA(#7788);
#7790=SURFACE_SIDE_STYLE('',(#7789));
#7791=SURFACE_STYLE_USAGE(.POSITIVE.,#7790);
#7792=PRESENTATION_STYLE_ASSIGNMENT((#7791));
#7793=STYLED_ITEM('',(#7792),#7786);
#7794=CARTESIAN_POINT('',(-2.825E0,4.89E0,0.E0));
#7795=DIRECTION('',(-1.E0,0.E0,0.E0));
#7796=DIRECTION('',(0.E0,1.E0,0.E0));
#7797=AXIS2_PLACEMENT_3D('',#7794,#7795,#7796);
#7798=PLANE('',#7797);
#7799=ORIENTED_EDGE('',*,*,#7704,.T.);
#7800=ORIENTED_EDGE('',*,*,#7727,.T.);
#7801=ORIENTED_EDGE('',*,*,#7778,.T.);
#7803=ORIENTED_EDGE('',*,*,#7802,.T.);
#7805=ORIENTED_EDGE('',*,*,#7804,.T.);
#7806=EDGE_LOOP('',(#7799,#7800,#7801,#7803,#7805));
#7807=FACE_OUTER_BOUND('',#7806,.F.);
#7809=FILL_AREA_STYLE_COLOUR('',#10);
#7810=FILL_AREA_STYLE('',(#7809));
#7811=SURFACE_STYLE_FILL_AREA(#7810);
#7812=SURFACE_SIDE_STYLE('',(#7811));
#7813=SURFACE_STYLE_USAGE(.POSITIVE.,#7812);
#7814=PRESENTATION_STYLE_ASSIGNMENT((#7813));
#7815=STYLED_ITEM('',(#7814),#7808);
#7816=CARTESIAN_POINT('',(-2.925E0,5.7E0,3.E-1));
#7817=DIRECTION('',(1.E0,0.E0,0.E0));
#7818=DIRECTION('',(0.E0,9.937595941321E-1,1.115431265041E-1));
#7819=AXIS2_PLACEMENT_3D('',#7816,#7817,#7818);
#7820=TOROIDAL_SURFACE('',#7819,2.E-1,1.E-1);
#7821=ORIENTED_EDGE('',*,*,#7504,.T.);
#7823=ORIENTED_EDGE('',*,*,#7822,.T.);
#7824=ORIENTED_EDGE('',*,*,#7802,.F.);
#7825=ORIENTED_EDGE('',*,*,#7782,.F.);
#7826=EDGE_LOOP('',(#7821,#7823,#7824,#7825));
#7827=FACE_OUTER_BOUND('',#7826,.F.);
#7829=FILL_AREA_STYLE_COLOUR('',#10);
#7830=FILL_AREA_STYLE('',(#7829));
#7831=SURFACE_STYLE_FILL_AREA(#7830);
#7832=SURFACE_SIDE_STYLE('',(#7831));
#7833=SURFACE_STYLE_USAGE(.POSITIVE.,#7832);
#7834=PRESENTATION_STYLE_ASSIGNMENT((#7833));
#7835=STYLED_ITEM('',(#7834),#7828);
#7836=CARTESIAN_POINT('',(-2.925E0,5.735489543355E0,1.E-1));
#7837=DIRECTION('',(0.E0,-1.E0,0.E0));
#7838=DIRECTION('',(0.E0,0.E0,-1.E0));
#7839=AXIS2_PLACEMENT_3D('',#7836,#7837,#7838);
#7840=CYLINDRICAL_SURFACE('',#7839,1.E-1);
#7841=ORIENTED_EDGE('',*,*,#7804,.F.);
#7842=ORIENTED_EDGE('',*,*,#7822,.F.);
#7844=ORIENTED_EDGE('',*,*,#7843,.T.);
#7846=ORIENTED_EDGE('',*,*,#7845,.T.);
#7847=EDGE_LOOP('',(#7841,#7842,#7844,#7846));
#7848=FACE_OUTER_BOUND('',#7847,.F.);
#7850=FILL_AREA_STYLE_COLOUR('',#10);
#7851=FILL_AREA_STYLE('',(#7850));
#7852=SURFACE_STYLE_FILL_AREA(#7851);
#7853=SURFACE_SIDE_STYLE('',(#7852));
#7854=SURFACE_STYLE_USAGE(.POSITIVE.,#7853);
#7855=PRESENTATION_STYLE_ASSIGNMENT((#7854));
#7856=STYLED_ITEM('',(#7855),#7849);
#7857=CARTESIAN_POINT('',(0.E0,0.E0,0.E0));
#7858=DIRECTION('',(0.E0,0.E0,1.E0));
#7859=DIRECTION('',(1.E0,0.E0,0.E0));
#7860=AXIS2_PLACEMENT_3D('',#7857,#7858,#7859);
#7861=PLANE('',#7860);
#7863=ORIENTED_EDGE('',*,*,#7862,.F.);
#7865=ORIENTED_EDGE('',*,*,#7864,.F.);
#7866=ORIENTED_EDGE('',*,*,#7619,.F.);
#7868=ORIENTED_EDGE('',*,*,#7867,.F.);
#7870=ORIENTED_EDGE('',*,*,#7869,.F.);
#7872=ORIENTED_EDGE('',*,*,#7871,.F.);
#7873=ORIENTED_EDGE('',*,*,#7531,.F.);
#7875=ORIENTED_EDGE('',*,*,#7874,.F.);
#7877=ORIENTED_EDGE('',*,*,#7876,.F.);
#7879=ORIENTED_EDGE('',*,*,#7878,.F.);
#7880=ORIENTED_EDGE('',*,*,#7553,.F.);
#7882=ORIENTED_EDGE('',*,*,#7881,.F.);
#7883=ORIENTED_EDGE('',*,*,#7422,.F.);
#7884=ORIENTED_EDGE('',*,*,#7444,.F.);
#7885=ORIENTED_EDGE('',*,*,#7487,.F.);
#7887=ORIENTED_EDGE('',*,*,#7886,.F.);
#7889=ORIENTED_EDGE('',*,*,#7888,.F.);
#7890=ORIENTED_EDGE('',*,*,#7843,.F.);
#7891=ORIENTED_EDGE('',*,*,#7509,.F.);
#7893=ORIENTED_EDGE('',*,*,#7892,.F.);
#7895=ORIENTED_EDGE('',*,*,#7894,.T.);
#7897=ORIENTED_EDGE('',*,*,#7896,.F.);
#7899=ORIENTED_EDGE('',*,*,#7898,.F.);
#7901=ORIENTED_EDGE('',*,*,#7900,.F.);
#7903=ORIENTED_EDGE('',*,*,#7902,.T.);
#7905=ORIENTED_EDGE('',*,*,#7904,.F.);
#7907=ORIENTED_EDGE('',*,*,#7906,.F.);
#7909=ORIENTED_EDGE('',*,*,#7908,.F.);
#7911=ORIENTED_EDGE('',*,*,#7910,.F.);
#7913=ORIENTED_EDGE('',*,*,#7912,.T.);
#7915=ORIENTED_EDGE('',*,*,#7914,.F.);
#7917=ORIENTED_EDGE('',*,*,#7916,.T.);
#7919=ORIENTED_EDGE('',*,*,#7918,.F.);
#7921=ORIENTED_EDGE('',*,*,#7920,.F.);
#7922=ORIENTED_EDGE('',*,*,#7572,.F.);
#7924=ORIENTED_EDGE('',*,*,#7923,.F.);
#7926=ORIENTED_EDGE('',*,*,#7925,.F.);
#7928=ORIENTED_EDGE('',*,*,#7927,.F.);
#7929=ORIENTED_EDGE('',*,*,#7597,.F.);
#7931=ORIENTED_EDGE('',*,*,#7930,.F.);
#7932=EDGE_LOOP('',(#7863,#7865,#7866,#7868,#7870,#7872,#7873,#7875,#7877,#7879,
#7880,#7882,#7883,#7884,#7885,#7887,#7889,#7890,#7891,#7893,#7895,#7897,#7899,
#7901,#7903,#7905,#7907,#7909,#7911,#7913,#7915,#7917,#7919,#7921,#7922,#7924,
#7926,#7928,#7929,#7931));
#7933=FACE_OUTER_BOUND('',#7932,.F.);
#7935=FILL_AREA_STYLE_COLOUR('',#10);
#7936=FILL_AREA_STYLE('',(#7935));
#7937=SURFACE_STYLE_FILL_AREA(#7936);
#7938=SURFACE_SIDE_STYLE('',(#7937));
#7939=SURFACE_STYLE_USAGE(.POSITIVE.,#7938);
#7940=PRESENTATION_STYLE_ASSIGNMENT((#7939));
#7941=STYLED_ITEM('',(#7940),#7934);
#7942=CARTESIAN_POINT('',(1.53E0,5.165E0,1.E-1));
#7943=DIRECTION('',(0.E0,0.E0,1.E0));
#7944=DIRECTION('',(-6.798692684790E-1,-7.333333333333E-1,0.E0));
#7945=AXIS2_PLACEMENT_3D('',#7942,#7943,#7944);
#7946=TOROIDAL_SURFACE('',#7945,3.75E-1,1.E-1);
#7948=ORIENTED_EDGE('',*,*,#7947,.T.);
#7950=ORIENTED_EDGE('',*,*,#7949,.F.);
#7951=ORIENTED_EDGE('',*,*,#7862,.T.);
#7953=ORIENTED_EDGE('',*,*,#7952,.F.);
#7954=EDGE_LOOP('',(#7948,#7950,#7951,#7953));
#7955=FACE_OUTER_BOUND('',#7954,.F.);
#7957=FILL_AREA_STYLE_COLOUR('',#10);
#7958=FILL_AREA_STYLE('',(#7957));
#7959=SURFACE_STYLE_FILL_AREA(#7958);
#7960=SURFACE_SIDE_STYLE('',(#7959));
#7961=SURFACE_STYLE_USAGE(.POSITIVE.,#7960);
#7962=PRESENTATION_STYLE_ASSIGNMENT((#7961));
#7963=STYLED_ITEM('',(#7962),#7956);
#7964=CARTESIAN_POINT('',(1.53E0,5.165E0,-2.098076E1));
#7965=DIRECTION('',(0.E0,0.E0,1.E0));
#7966=DIRECTION('',(-1.E0,0.E0,0.E0));
#7967=AXIS2_PLACEMENT_3D('',#7964,#7965,#7966);
#7968=CYLINDRICAL_SURFACE('',#7967,2.75E-1);
#7970=ORIENTED_EDGE('',*,*,#7969,.T.);
#7972=ORIENTED_EDGE('',*,*,#7971,.F.);
#7973=ORIENTED_EDGE('',*,*,#7947,.F.);
#7975=ORIENTED_EDGE('',*,*,#7974,.T.);
#7976=EDGE_LOOP('',(#7970,#7972,#7973,#7975));
#7977=FACE_OUTER_BOUND('',#7976,.F.);
#7979=FILL_AREA_STYLE_COLOUR('',#10);
#7980=FILL_AREA_STYLE('',(#7979));
#7981=SURFACE_STYLE_FILL_AREA(#7980);
#7982=SURFACE_SIDE_STYLE('',(#7981));
#7983=SURFACE_STYLE_USAGE(.POSITIVE.,#7982);
#7984=PRESENTATION_STYLE_ASSIGNMENT((#7983));
#7985=STYLED_ITEM('',(#7984),#7978);
#7986=CARTESIAN_POINT('',(4.08E0,0.E0,8.E-1));
#7987=DIRECTION('',(0.E0,0.E0,-1.E0));
#7988=DIRECTION('',(1.E0,0.E0,0.E0));
#7989=AXIS2_PLACEMENT_3D('',#7986,#7987,#7988);
#7990=PLANE('',#7989);
#7991=ORIENTED_EDGE('',*,*,#6697,.T.);
#7993=ORIENTED_EDGE('',*,*,#7992,.F.);
#7995=ORIENTED_EDGE('',*,*,#7994,.F.);
#7996=ORIENTED_EDGE('',*,*,#7969,.F.);
#7998=ORIENTED_EDGE('',*,*,#7997,.F.);
#8000=ORIENTED_EDGE('',*,*,#7999,.F.);
#8001=EDGE_LOOP('',(#7991,#7993,#7995,#7996,#7998,#8000));
#8002=FACE_OUTER_BOUND('',#8001,.F.);
#8004=ORIENTED_EDGE('',*,*,#8003,.T.);
#8006=ORIENTED_EDGE('',*,*,#8005,.T.);
#8007=EDGE_LOOP('',(#8004,#8006));
#8008=FACE_BOUND('',#8007,.F.);
#8010=FILL_AREA_STYLE_COLOUR('',#10);
#8011=FILL_AREA_STYLE('',(#8010));
#8012=SURFACE_STYLE_FILL_AREA(#8011);
#8013=SURFACE_SIDE_STYLE('',(#8012));
#8014=SURFACE_STYLE_USAGE(.POSITIVE.,#8013);
#8015=PRESENTATION_STYLE_ASSIGNMENT((#8014));
#8016=STYLED_ITEM('',(#8015),#8009);
#8017=CARTESIAN_POINT('',(4.08E0,0.E0,8.E-1));
#8018=DIRECTION('',(0.E0,0.E0,-1.E0));
#8019=DIRECTION('',(1.E0,0.E0,0.E0));
#8020=AXIS2_PLACEMENT_3D('',#8017,#8018,#8019);
#8021=PLANE('',#8020);
#8023=ORIENTED_EDGE('',*,*,#8022,.F.);
#8025=ORIENTED_EDGE('',*,*,#8024,.F.);
#8026=ORIENTED_EDGE('',*,*,#6705,.T.);
#8028=ORIENTED_EDGE('',*,*,#8027,.F.);
#8030=ORIENTED_EDGE('',*,*,#8029,.F.);
#8032=ORIENTED_EDGE('',*,*,#8031,.T.);
#8033=EDGE_LOOP('',(#8023,#8025,#8026,#8028,#8030,#8032));
#8034=FACE_OUTER_BOUND('',#8033,.F.);
#8036=FILL_AREA_STYLE_COLOUR('',#10);
#8037=FILL_AREA_STYLE('',(#8036));
#8038=SURFACE_STYLE_FILL_AREA(#8037);
#8039=SURFACE_SIDE_STYLE('',(#8038));
#8040=SURFACE_STYLE_USAGE(.POSITIVE.,#8039);
#8041=PRESENTATION_STYLE_ASSIGNMENT((#8040));
#8042=STYLED_ITEM('',(#8041),#8035);
#8043=CARTESIAN_POINT('',(1.155E0,5.9E0,2.988076E1));
#8044=DIRECTION('',(0.E0,0.E0,-1.E0));
#8045=DIRECTION('',(0.E0,1.E0,0.E0));
#8046=AXIS2_PLACEMENT_3D('',#8043,#8044,#8045);
#8047=CYLINDRICAL_SURFACE('',#8046,1.E-1);
#8049=ORIENTED_EDGE('',*,*,#8048,.F.);
#8050=ORIENTED_EDGE('',*,*,#7992,.T.);
#8051=ORIENTED_EDGE('',*,*,#6695,.T.);
#8053=ORIENTED_EDGE('',*,*,#8052,.T.);
#8054=EDGE_LOOP('',(#8049,#8050,#8051,#8053));
#8055=FACE_OUTER_BOUND('',#8054,.F.);
#8057=FILL_AREA_STYLE_COLOUR('',#10);
#8058=FILL_AREA_STYLE('',(#8057));
#8059=SURFACE_STYLE_FILL_AREA(#8058);
#8060=SURFACE_SIDE_STYLE('',(#8059));
#8061=SURFACE_STYLE_USAGE(.POSITIVE.,#8060);
#8062=PRESENTATION_STYLE_ASSIGNMENT((#8061));
#8063=STYLED_ITEM('',(#8062),#8056);
#8064=CARTESIAN_POINT('',(1.255E0,4.89E0,0.E0));
#8065=DIRECTION('',(-1.E0,0.E0,0.E0));
#8066=DIRECTION('',(0.E0,1.E0,0.E0));
#8067=AXIS2_PLACEMENT_3D('',#8064,#8065,#8066);
#8068=PLANE('',#8067);
#8069=ORIENTED_EDGE('',*,*,#7971,.T.);
#8070=ORIENTED_EDGE('',*,*,#7994,.T.);
#8071=ORIENTED_EDGE('',*,*,#8048,.T.);
#8073=ORIENTED_EDGE('',*,*,#8072,.T.);
#8075=ORIENTED_EDGE('',*,*,#8074,.T.);
#8076=EDGE_LOOP('',(#8069,#8070,#8071,#8073,#8075));
#8077=FACE_OUTER_BOUND('',#8076,.F.);
#8079=FILL_AREA_STYLE_COLOUR('',#10);
#8080=FILL_AREA_STYLE('',(#8079));
#8081=SURFACE_STYLE_FILL_AREA(#8080);
#8082=SURFACE_SIDE_STYLE('',(#8081));
#8083=SURFACE_STYLE_USAGE(.POSITIVE.,#8082);
#8084=PRESENTATION_STYLE_ASSIGNMENT((#8083));
#8085=STYLED_ITEM('',(#8084),#8078);
#8086=CARTESIAN_POINT('',(1.155E0,5.7E0,3.E-1));
#8087=DIRECTION('',(1.E0,0.E0,0.E0));
#8088=DIRECTION('',(0.E0,9.937595941321E-1,1.115431265041E-1));
#8089=AXIS2_PLACEMENT_3D('',#8086,#8087,#8088);
#8090=TOROIDAL_SURFACE('',#8089,2.E-1,1.E-1);
#8091=ORIENTED_EDGE('',*,*,#7614,.T.);
#8093=ORIENTED_EDGE('',*,*,#8092,.T.);
#8094=ORIENTED_EDGE('',*,*,#8072,.F.);
#8095=ORIENTED_EDGE('',*,*,#8052,.F.);
#8096=EDGE_LOOP('',(#8091,#8093,#8094,#8095));
#8097=FACE_OUTER_BOUND('',#8096,.F.);
#8099=FILL_AREA_STYLE_COLOUR('',#10);
#8100=FILL_AREA_STYLE('',(#8099));
#8101=SURFACE_STYLE_FILL_AREA(#8100);
#8102=SURFACE_SIDE_STYLE('',(#8101));
#8103=SURFACE_STYLE_USAGE(.POSITIVE.,#8102);
#8104=PRESENTATION_STYLE_ASSIGNMENT((#8103));
#8105=STYLED_ITEM('',(#8104),#8098);
#8106=CARTESIAN_POINT('',(1.155E0,5.735489543355E0,1.E-1));
#8107=DIRECTION('',(0.E0,-1.E0,0.E0));
#8108=DIRECTION('',(0.E0,0.E0,-1.E0));
#8109=AXIS2_PLACEMENT_3D('',#8106,#8107,#8108);
#8110=CYLINDRICAL_SURFACE('',#8109,1.E-1);
#8111=ORIENTED_EDGE('',*,*,#8074,.F.);
#8112=ORIENTED_EDGE('',*,*,#8092,.F.);
#8113=ORIENTED_EDGE('',*,*,#7864,.T.);
#8114=ORIENTED_EDGE('',*,*,#7949,.T.);
#8115=EDGE_LOOP('',(#8111,#8112,#8113,#8114));
#8116=FACE_OUTER_BOUND('',#8115,.F.);
#8118=FILL_AREA_STYLE_COLOUR('',#10);
#8119=FILL_AREA_STYLE('',(#8118));
#8120=SURFACE_STYLE_FILL_AREA(#8119);
#8121=SURFACE_SIDE_STYLE('',(#8120));
#8122=SURFACE_STYLE_USAGE(.POSITIVE.,#8121);
#8123=PRESENTATION_STYLE_ASSIGNMENT((#8122));
#8124=STYLED_ITEM('',(#8123),#8117);
#8125=CARTESIAN_POINT('',(1.805E0,6.E0,0.E0));
#8126=DIRECTION('',(1.E0,0.E0,0.E0));
#8127=DIRECTION('',(0.E0,-1.E0,0.E0));
#8128=AXIS2_PLACEMENT_3D('',#8125,#8126,#8127);
#8129=PLANE('',#8128);
#8130=ORIENTED_EDGE('',*,*,#7974,.F.);
#8132=ORIENTED_EDGE('',*,*,#8131,.T.);
#8134=ORIENTED_EDGE('',*,*,#8133,.T.);
#8136=ORIENTED_EDGE('',*,*,#8135,.T.);
#8137=ORIENTED_EDGE('',*,*,#7997,.T.);
#8138=EDGE_LOOP('',(#8130,#8132,#8134,#8136,#8137));
#8139=FACE_OUTER_BOUND('',#8138,.F.);
#8141=FILL_AREA_STYLE_COLOUR('',#10);
#8142=FILL_AREA_STYLE('',(#8141));
#8143=SURFACE_STYLE_FILL_AREA(#8142);
#8144=SURFACE_SIDE_STYLE('',(#8143));
#8145=SURFACE_STYLE_USAGE(.POSITIVE.,#8144);
#8146=PRESENTATION_STYLE_ASSIGNMENT((#8145));
#8147=STYLED_ITEM('',(#8146),#8140);
#8148=CARTESIAN_POINT('',(1.905E0,-2.16432E1,1.E-1));
#8149=DIRECTION('',(0.E0,1.E0,0.E0));
#8150=DIRECTION('',(0.E0,0.E0,-1.E0));
#8151=AXIS2_PLACEMENT_3D('',#8148,#8149,#8150);
#8152=CYLINDRICAL_SURFACE('',#8151,1.E-1);
#8153=ORIENTED_EDGE('',*,*,#7930,.T.);
#8155=ORIENTED_EDGE('',*,*,#8154,.T.);
#8156=ORIENTED_EDGE('',*,*,#8131,.F.);
#8157=ORIENTED_EDGE('',*,*,#7952,.T.);
#8158=EDGE_LOOP('',(#8153,#8155,#8156,#8157));
#8159=FACE_OUTER_BOUND('',#8158,.F.);
#8161=FILL_AREA_STYLE_COLOUR('',#10);
#8162=FILL_AREA_STYLE('',(#8161));
#8163=SURFACE_STYLE_FILL_AREA(#8162);
#8164=SURFACE_SIDE_STYLE('',(#8163));
#8165=SURFACE_STYLE_USAGE(.POSITIVE.,#8164);
#8166=PRESENTATION_STYLE_ASSIGNMENT((#8165));
#8167=STYLED_ITEM('',(#8166),#8160);
#8168=CARTESIAN_POINT('',(1.905E0,5.7E0,3.E-1));
#8169=DIRECTION('',(1.E0,0.E0,0.E0));
#8170=DIRECTION('',(0.E0,-1.215533523461E-1,-9.925848994083E-1));
#8171=AXIS2_PLACEMENT_3D('',#8168,#8169,#8170);
#8172=TOROIDAL_SURFACE('',#8171,2.E-1,1.E-1);
#8173=ORIENTED_EDGE('',*,*,#7595,.T.);
#8175=ORIENTED_EDGE('',*,*,#8174,.T.);
#8176=ORIENTED_EDGE('',*,*,#8133,.F.);
#8177=ORIENTED_EDGE('',*,*,#8154,.F.);
#8178=EDGE_LOOP('',(#8173,#8175,#8176,#8177));
#8179=FACE_OUTER_BOUND('',#8178,.F.);
#8181=FILL_AREA_STYLE_COLOUR('',#10);
#8182=FILL_AREA_STYLE('',(#8181));
#8183=SURFACE_STYLE_FILL_AREA(#8182);
#8184=SURFACE_SIDE_STYLE('',(#8183));
#8185=SURFACE_STYLE_USAGE(.POSITIVE.,#8184);
#8186=PRESENTATION_STYLE_ASSIGNMENT((#8185));
#8187=STYLED_ITEM('',(#8186),#8180);
#8188=CARTESIAN_POINT('',(1.905E0,5.9E0,2.657977690692E-1));
#8189=DIRECTION('',(0.E0,0.E0,1.E0));
#8190=DIRECTION('',(0.E0,1.E0,0.E0));
#8191=AXIS2_PLACEMENT_3D('',#8188,#8189,#8190);
#8192=CYLINDRICAL_SURFACE('',#8191,1.E-1);
#8193=ORIENTED_EDGE('',*,*,#8135,.F.);
#8194=ORIENTED_EDGE('',*,*,#8174,.F.);
#8195=ORIENTED_EDGE('',*,*,#6699,.T.);
#8196=ORIENTED_EDGE('',*,*,#7999,.T.);
#8197=EDGE_LOOP('',(#8193,#8194,#8195,#8196));
#8198=FACE_OUTER_BOUND('',#8197,.F.);
#8200=FILL_AREA_STYLE_COLOUR('',#10);
#8201=FILL_AREA_STYLE('',(#8200));
#8202=SURFACE_STYLE_FILL_AREA(#8201);
#8203=SURFACE_SIDE_STYLE('',(#8202));
#8204=SURFACE_STYLE_USAGE(.POSITIVE.,#8203);
#8205=PRESENTATION_STYLE_ASSIGNMENT((#8204));
#8206=STYLED_ITEM('',(#8205),#8199);
#8207=CARTESIAN_POINT('',(2.825E0,6.E0,0.E0));
#8208=DIRECTION('',(1.E0,0.E0,0.E0));
#8209=DIRECTION('',(0.E0,-1.E0,0.E0));
#8210=AXIS2_PLACEMENT_3D('',#8207,#8208,#8209);
#8211=PLANE('',#8210);
#8213=ORIENTED_EDGE('',*,*,#8212,.F.);
#8215=ORIENTED_EDGE('',*,*,#8214,.T.);
#8217=ORIENTED_EDGE('',*,*,#8216,.T.);
#8219=ORIENTED_EDGE('',*,*,#8218,.T.);
#8220=ORIENTED_EDGE('',*,*,#8022,.T.);
#8222=ORIENTED_EDGE('',*,*,#8221,.T.);
#8223=ORIENTED_EDGE('',*,*,#7289,.T.);
#8225=ORIENTED_EDGE('',*,*,#8224,.F.);
#8227=ORIENTED_EDGE('',*,*,#8226,.F.);
#8229=ORIENTED_EDGE('',*,*,#8228,.F.);
#8230=EDGE_LOOP('',(#8213,#8215,#8217,#8219,#8220,#8222,#8223,#8225,#8227,
#8229));
#8231=FACE_OUTER_BOUND('',#8230,.F.);
#8233=FILL_AREA_STYLE_COLOUR('',#10);
#8234=FILL_AREA_STYLE('',(#8233));
#8235=SURFACE_STYLE_FILL_AREA(#8234);
#8236=SURFACE_SIDE_STYLE('',(#8235));
#8237=SURFACE_STYLE_USAGE(.POSITIVE.,#8236);
#8238=PRESENTATION_STYLE_ASSIGNMENT((#8237));
#8239=STYLED_ITEM('',(#8238),#8232);
#8240=CARTESIAN_POINT('',(2.55E0,2.625E0,-2.098076E1));
#8241=DIRECTION('',(0.E0,0.E0,1.E0));
#8242=DIRECTION('',(-1.E0,0.E0,0.E0));
#8243=AXIS2_PLACEMENT_3D('',#8240,#8241,#8242);
#8244=CYLINDRICAL_SURFACE('',#8243,2.75E-1);
#8246=ORIENTED_EDGE('',*,*,#8245,.F.);
#8248=ORIENTED_EDGE('',*,*,#8247,.F.);
#8249=ORIENTED_EDGE('',*,*,#8212,.T.);
#8251=ORIENTED_EDGE('',*,*,#8250,.T.);
#8252=EDGE_LOOP('',(#8246,#8248,#8249,#8251));
#8253=FACE_OUTER_BOUND('',#8252,.F.);
#8255=FILL_AREA_STYLE_COLOUR('',#10);
#8256=FILL_AREA_STYLE('',(#8255));
#8257=SURFACE_STYLE_FILL_AREA(#8256);
#8258=SURFACE_SIDE_STYLE('',(#8257));
#8259=SURFACE_STYLE_USAGE(.POSITIVE.,#8258);
#8260=PRESENTATION_STYLE_ASSIGNMENT((#8259));
#8261=STYLED_ITEM('',(#8260),#8254);
#8262=CARTESIAN_POINT('',(2.275E0,2.35E0,0.E0));
#8263=DIRECTION('',(-1.E0,0.E0,0.E0));
#8264=DIRECTION('',(0.E0,1.E0,0.E0));
#8265=AXIS2_PLACEMENT_3D('',#8262,#8263,#8264);
#8266=PLANE('',#8265);
#8267=ORIENTED_EDGE('',*,*,#8245,.T.);
#8269=ORIENTED_EDGE('',*,*,#8268,.F.);
#8271=ORIENTED_EDGE('',*,*,#8270,.T.);
#8273=ORIENTED_EDGE('',*,*,#8272,.F.);
#8274=ORIENTED_EDGE('',*,*,#7293,.T.);
#8276=ORIENTED_EDGE('',*,*,#8275,.T.);
#8277=ORIENTED_EDGE('',*,*,#8029,.T.);
#8279=ORIENTED_EDGE('',*,*,#8278,.T.);
#8281=ORIENTED_EDGE('',*,*,#8280,.T.);
#8283=ORIENTED_EDGE('',*,*,#8282,.T.);
#8284=EDGE_LOOP('',(#8267,#8269,#8271,#8273,#8274,#8276,#8277,#8279,#8281,
#8283));
#8285=FACE_OUTER_BOUND('',#8284,.F.);
#8287=FILL_AREA_STYLE_COLOUR('',#10);
#8288=FILL_AREA_STYLE('',(#8287));
#8289=SURFACE_STYLE_FILL_AREA(#8288);
#8290=SURFACE_SIDE_STYLE('',(#8289));
#8291=SURFACE_STYLE_USAGE(.POSITIVE.,#8290);
#8292=PRESENTATION_STYLE_ASSIGNMENT((#8291));
#8293=STYLED_ITEM('',(#8292),#8286);
#8294=CARTESIAN_POINT('',(-2.825E0,-6.E0,8.E-1));
#8295=DIRECTION('',(0.E0,0.E0,-1.E0));
#8296=DIRECTION('',(1.E0,0.E0,0.E0));
#8297=AXIS2_PLACEMENT_3D('',#8294,#8295,#8296);
#8298=PLANE('',#8297);
#8299=ORIENTED_EDGE('',*,*,#8268,.T.);
#8300=ORIENTED_EDGE('',*,*,#8250,.F.);
#8301=ORIENTED_EDGE('',*,*,#8228,.T.);
#8303=ORIENTED_EDGE('',*,*,#8302,.F.);
#8305=ORIENTED_EDGE('',*,*,#8304,.T.);
#8307=ORIENTED_EDGE('',*,*,#8306,.T.);
#8309=ORIENTED_EDGE('',*,*,#8308,.F.);
#8311=ORIENTED_EDGE('',*,*,#8310,.T.);
#8312=ORIENTED_EDGE('',*,*,#7366,.T.);
#8313=ORIENTED_EDGE('',*,*,#7402,.F.);
#8315=ORIENTED_EDGE('',*,*,#8314,.T.);
#8317=ORIENTED_EDGE('',*,*,#8316,.T.);
#8319=ORIENTED_EDGE('',*,*,#8318,.T.);
#8321=ORIENTED_EDGE('',*,*,#8320,.T.);
#8323=ORIENTED_EDGE('',*,*,#8322,.F.);
#8325=ORIENTED_EDGE('',*,*,#8324,.T.);
#8327=ORIENTED_EDGE('',*,*,#8326,.T.);
#8329=ORIENTED_EDGE('',*,*,#8328,.F.);
#8331=ORIENTED_EDGE('',*,*,#8330,.T.);
#8333=ORIENTED_EDGE('',*,*,#8332,.T.);
#8335=ORIENTED_EDGE('',*,*,#8334,.T.);
#8337=ORIENTED_EDGE('',*,*,#8336,.T.);
#8339=ORIENTED_EDGE('',*,*,#8338,.F.);
#8341=ORIENTED_EDGE('',*,*,#8340,.T.);
#8342=EDGE_LOOP('',(#8299,#8300,#8301,#8303,#8305,#8307,#8309,#8311,#8312,#8313,
#8315,#8317,#8319,#8321,#8323,#8325,#8327,#8329,#8331,#8333,#8335,#8337,#8339,
#8341));
#8343=FACE_OUTER_BOUND('',#8342,.F.);
#8345=FILL_AREA_STYLE_COLOUR('',#10);
#8346=FILL_AREA_STYLE('',(#8345));
#8347=SURFACE_STYLE_FILL_AREA(#8346);
#8348=SURFACE_SIDE_STYLE('',(#8347));
#8349=SURFACE_STYLE_USAGE(.POSITIVE.,#8348);
#8350=PRESENTATION_STYLE_ASSIGNMENT((#8349));
#8351=STYLED_ITEM('',(#8350),#8344);
#8352=CARTESIAN_POINT('',(-6.55E0,-6.E0,0.E0));
#8353=DIRECTION('',(0.E0,-1.E0,0.E0));
#8354=DIRECTION('',(1.E0,0.E0,0.E0));
#8355=AXIS2_PLACEMENT_3D('',#8352,#8353,#8354);
#8356=PLANE('',#8355);
#8357=ORIENTED_EDGE('',*,*,#8302,.T.);
#8358=ORIENTED_EDGE('',*,*,#8226,.T.);
#8360=ORIENTED_EDGE('',*,*,#8359,.F.);
#8362=ORIENTED_EDGE('',*,*,#8361,.F.);
#8364=ORIENTED_EDGE('',*,*,#8363,.F.);
#8366=ORIENTED_EDGE('',*,*,#8365,.T.);
#8368=ORIENTED_EDGE('',*,*,#8367,.T.);
#8370=ORIENTED_EDGE('',*,*,#8369,.F.);
#8372=ORIENTED_EDGE('',*,*,#8371,.T.);
#8374=ORIENTED_EDGE('',*,*,#8373,.T.);
#8376=ORIENTED_EDGE('',*,*,#8375,.T.);
#8378=ORIENTED_EDGE('',*,*,#8377,.F.);
#8380=ORIENTED_EDGE('',*,*,#8379,.T.);
#8382=ORIENTED_EDGE('',*,*,#8381,.T.);
#8384=ORIENTED_EDGE('',*,*,#8383,.T.);
#8386=ORIENTED_EDGE('',*,*,#8385,.T.);
#8388=ORIENTED_EDGE('',*,*,#8387,.F.);
#8390=ORIENTED_EDGE('',*,*,#8389,.F.);
#8392=ORIENTED_EDGE('',*,*,#8391,.F.);
#8394=ORIENTED_EDGE('',*,*,#8393,.T.);
#8395=EDGE_LOOP('',(#8357,#8358,#8360,#8362,#8364,#8366,#8368,#8370,#8372,#8374,
#8376,#8378,#8380,#8382,#8384,#8386,#8388,#8390,#8392,#8394));
#8396=FACE_OUTER_BOUND('',#8395,.F.);
#8398=FILL_AREA_STYLE_COLOUR('',#10);
#8399=FILL_AREA_STYLE('',(#8398));
#8400=SURFACE_STYLE_FILL_AREA(#8399);
#8401=SURFACE_SIDE_STYLE('',(#8400));
#8402=SURFACE_STYLE_USAGE(.POSITIVE.,#8401);
#8403=PRESENTATION_STYLE_ASSIGNMENT((#8402));
#8404=STYLED_ITEM('',(#8403),#8397);
#8405=CARTESIAN_POINT('',(0.E0,-5.8E0,1.8E0));
#8406=DIRECTION('',(0.E0,-7.071067811865E-1,7.071067811865E-1));
#8407=DIRECTION('',(0.E0,7.071067811865E-1,7.071067811865E-1));
#8408=AXIS2_PLACEMENT_3D('',#8405,#8406,#8407);
#8409=PLANE('',#8408);
#8410=ORIENTED_EDGE('',*,*,#8224,.T.);
#8411=ORIENTED_EDGE('',*,*,#7287,.F.);
#8413=ORIENTED_EDGE('',*,*,#8412,.T.);
#8414=ORIENTED_EDGE('',*,*,#8359,.T.);
#8415=EDGE_LOOP('',(#8410,#8411,#8413,#8414));
#8416=FACE_OUTER_BOUND('',#8415,.F.);
#8418=FILL_AREA_STYLE_COLOUR('',#10);
#8419=FILL_AREA_STYLE('',(#8418));
#8420=SURFACE_STYLE_FILL_AREA(#8419);
#8421=SURFACE_SIDE_STYLE('',(#8420));
#8422=SURFACE_STYLE_USAGE(.POSITIVE.,#8421);
#8423=PRESENTATION_STYLE_ASSIGNMENT((#8422));
#8424=STYLED_ITEM('',(#8423),#8417);
#8425=CARTESIAN_POINT('',(0.E0,-5.8E0,1.8E0));
#8426=DIRECTION('',(0.E0,-7.071067811865E-1,7.071067811865E-1));
#8427=DIRECTION('',(0.E0,7.071067811865E-1,7.071067811865E-1));
#8428=AXIS2_PLACEMENT_3D('',#8425,#8426,#8427);
#8429=PLANE('',#8428);
#8431=ORIENTED_EDGE('',*,*,#8430,.F.);
#8432=ORIENTED_EDGE('',*,*,#8391,.T.);
#8434=ORIENTED_EDGE('',*,*,#8433,.F.);
#8435=ORIENTED_EDGE('',*,*,#7213,.F.);
#8436=EDGE_LOOP('',(#8431,#8432,#8434,#8435));
#8437=FACE_OUTER_BOUND('',#8436,.F.);
#8439=FILL_AREA_STYLE_COLOUR('',#10);
#8440=FILL_AREA_STYLE('',(#8439));
#8441=SURFACE_STYLE_FILL_AREA(#8440);
#8442=SURFACE_SIDE_STYLE('',(#8441));
#8443=SURFACE_STYLE_USAGE(.POSITIVE.,#8442);
#8444=PRESENTATION_STYLE_ASSIGNMENT((#8443));
#8445=STYLED_ITEM('',(#8444),#8438);
#8446=CARTESIAN_POINT('',(5.2E0,-5.8E0,5.4E0));
#8447=DIRECTION('',(-7.071067811865E-1,-7.071067811865E-1,0.E0));
#8448=DIRECTION('',(-7.071067811865E-1,7.071067811865E-1,0.E0));
#8449=AXIS2_PLACEMENT_3D('',#8446,#8447,#8448);
#8450=PLANE('',#8449);
#8451=ORIENTED_EDGE('',*,*,#8361,.T.);
#8452=ORIENTED_EDGE('',*,*,#8412,.F.);
#8454=ORIENTED_EDGE('',*,*,#8453,.F.);
#8456=ORIENTED_EDGE('',*,*,#8455,.T.);
#8457=EDGE_LOOP('',(#8451,#8452,#8454,#8456));
#8458=FACE_OUTER_BOUND('',#8457,.F.);
#8460=FILL_AREA_STYLE_COLOUR('',#10);
#8461=FILL_AREA_STYLE('',(#8460));
#8462=SURFACE_STYLE_FILL_AREA(#8461);
#8463=SURFACE_SIDE_STYLE('',(#8462));
#8464=SURFACE_STYLE_USAGE(.POSITIVE.,#8463);
#8465=PRESENTATION_STYLE_ASSIGNMENT((#8464));
#8466=STYLED_ITEM('',(#8465),#8459);
#8467=CARTESIAN_POINT('',(5.E0,-6.E0,2.E0));
#8468=DIRECTION('',(1.E0,0.E0,0.E0));
#8469=DIRECTION('',(0.E0,0.E0,1.E0));
#8470=AXIS2_PLACEMENT_3D('',#8467,#8468,#8469);
#8471=PLANE('',#8470);
#8472=ORIENTED_EDGE('',*,*,#8453,.T.);
#8473=ORIENTED_EDGE('',*,*,#7285,.T.);
#8475=ORIENTED_EDGE('',*,*,#8474,.T.);
#8477=ORIENTED_EDGE('',*,*,#8476,.T.);
#8479=ORIENTED_EDGE('',*,*,#8478,.F.);
#8481=ORIENTED_EDGE('',*,*,#8480,.F.);
#8482=EDGE_LOOP('',(#8472,#8473,#8475,#8477,#8479,#8481));
#8483=FACE_OUTER_BOUND('',#8482,.F.);
#8485=FILL_AREA_STYLE_COLOUR('',#10);
#8486=FILL_AREA_STYLE('',(#8485));
#8487=SURFACE_STYLE_FILL_AREA(#8486);
#8488=SURFACE_SIDE_STYLE('',(#8487));
#8489=SURFACE_STYLE_USAGE(.POSITIVE.,#8488);
#8490=PRESENTATION_STYLE_ASSIGNMENT((#8489));
#8491=STYLED_ITEM('',(#8490),#8484);
#8492=CARTESIAN_POINT('',(0.E0,4.E0,0.E0));
#8493=DIRECTION('',(0.E0,-1.E0,0.E0));
#8494=DIRECTION('',(1.E0,0.E0,0.E0));
#8495=AXIS2_PLACEMENT_3D('',#8492,#8493,#8494);
#8496=PLANE('',#8495);
#8497=ORIENTED_EDGE('',*,*,#7209,.T.);
#8499=ORIENTED_EDGE('',*,*,#8498,.F.);
#8500=ORIENTED_EDGE('',*,*,#8306,.F.);
#8502=ORIENTED_EDGE('',*,*,#8501,.F.);
#8503=EDGE_LOOP('',(#8497,#8499,#8500,#8502));
#8504=FACE_OUTER_BOUND('',#8503,.F.);
#8506=FILL_AREA_STYLE_COLOUR('',#10);
#8507=FILL_AREA_STYLE('',(#8506));
#8508=SURFACE_STYLE_FILL_AREA(#8507);
#8509=SURFACE_SIDE_STYLE('',(#8508));
#8510=SURFACE_STYLE_USAGE(.POSITIVE.,#8509);
#8511=PRESENTATION_STYLE_ASSIGNMENT((#8510));
#8512=STYLED_ITEM('',(#8511),#8505);
#8513=CARTESIAN_POINT('',(0.E0,4.E0,0.E0));
#8514=DIRECTION('',(0.E0,-1.E0,0.E0));
#8515=DIRECTION('',(1.E0,0.E0,0.E0));
#8516=AXIS2_PLACEMENT_3D('',#8513,#8514,#8515);
#8517=PLANE('',#8516);
#8518=ORIENTED_EDGE('',*,*,#7315,.T.);
#8520=ORIENTED_EDGE('',*,*,#8519,.F.);
#8521=ORIENTED_EDGE('',*,*,#8320,.F.);
#8523=ORIENTED_EDGE('',*,*,#8522,.F.);
#8524=EDGE_LOOP('',(#8518,#8520,#8521,#8523));
#8525=FACE_OUTER_BOUND('',#8524,.F.);
#8527=FILL_AREA_STYLE_COLOUR('',#10);
#8528=FILL_AREA_STYLE('',(#8527));
#8529=SURFACE_STYLE_FILL_AREA(#8528);
#8530=SURFACE_SIDE_STYLE('',(#8529));
#8531=SURFACE_STYLE_USAGE(.POSITIVE.,#8530);
#8532=PRESENTATION_STYLE_ASSIGNMENT((#8531));
#8533=STYLED_ITEM('',(#8532),#8526);
#8534=CARTESIAN_POINT('',(0.E0,4.E0,0.E0));
#8535=DIRECTION('',(0.E0,-1.E0,0.E0));
#8536=DIRECTION('',(1.E0,0.E0,0.E0));
#8537=AXIS2_PLACEMENT_3D('',#8534,#8535,#8536);
#8538=PLANE('',#8537);
#8539=ORIENTED_EDGE('',*,*,#7299,.T.);
#8541=ORIENTED_EDGE('',*,*,#8540,.F.);
#8542=ORIENTED_EDGE('',*,*,#8336,.F.);
#8544=ORIENTED_EDGE('',*,*,#8543,.F.);
#8545=EDGE_LOOP('',(#8539,#8541,#8542,#8544));
#8546=FACE_OUTER_BOUND('',#8545,.F.);
#8548=FILL_AREA_STYLE_COLOUR('',#10);
#8549=FILL_AREA_STYLE('',(#8548));
#8550=SURFACE_STYLE_FILL_AREA(#8549);
#8551=SURFACE_SIDE_STYLE('',(#8550));
#8552=SURFACE_STYLE_USAGE(.POSITIVE.,#8551);
#8553=PRESENTATION_STYLE_ASSIGNMENT((#8552));
#8554=STYLED_ITEM('',(#8553),#8547);
#8555=CARTESIAN_POINT('',(0.E0,4.E0,0.E0));
#8556=DIRECTION('',(0.E0,-1.E0,0.E0));
#8557=DIRECTION('',(1.E0,0.E0,0.E0));
#8558=AXIS2_PLACEMENT_3D('',#8555,#8556,#8557);
#8559=PLANE('',#8558);
#8560=ORIENTED_EDGE('',*,*,#7372,.F.);
#8561=ORIENTED_EDGE('',*,*,#7323,.T.);
#8563=ORIENTED_EDGE('',*,*,#8562,.F.);
#8564=ORIENTED_EDGE('',*,*,#7761,.F.);
#8565=EDGE_LOOP('',(#8560,#8561,#8563,#8564));
#8566=FACE_OUTER_BOUND('',#8565,.F.);
#8568=FILL_AREA_STYLE_COLOUR('',#10);
#8569=FILL_AREA_STYLE('',(#8568));
#8570=SURFACE_STYLE_FILL_AREA(#8569);
#8571=SURFACE_SIDE_STYLE('',(#8570));
#8572=SURFACE_STYLE_USAGE(.POSITIVE.,#8571);
#8573=PRESENTATION_STYLE_ASSIGNMENT((#8572));
#8574=STYLED_ITEM('',(#8573),#8567);
#8575=CARTESIAN_POINT('',(0.E0,4.E0,0.E0));
#8576=DIRECTION('',(0.E0,-1.E0,0.E0));
#8577=DIRECTION('',(1.E0,0.E0,0.E0));
#8578=AXIS2_PLACEMENT_3D('',#8575,#8576,#8577);
#8579=PLANE('',#8578);
#8581=ORIENTED_EDGE('',*,*,#8580,.F.);
#8582=ORIENTED_EDGE('',*,*,#7307,.T.);
#8584=ORIENTED_EDGE('',*,*,#8583,.F.);
#8586=ORIENTED_EDGE('',*,*,#8585,.F.);
#8587=EDGE_LOOP('',(#8581,#8582,#8584,#8586));
#8588=FACE_OUTER_BOUND('',#8587,.F.);
#8590=FILL_AREA_STYLE_COLOUR('',#10);
#8591=FILL_AREA_STYLE('',(#8590));
#8592=SURFACE_STYLE_FILL_AREA(#8591);
#8593=SURFACE_SIDE_STYLE('',(#8592));
#8594=SURFACE_STYLE_USAGE(.POSITIVE.,#8593);
#8595=PRESENTATION_STYLE_ASSIGNMENT((#8594));
#8596=STYLED_ITEM('',(#8595),#8589);
#8597=CARTESIAN_POINT('',(0.E0,4.E0,0.E0));
#8598=DIRECTION('',(0.E0,-1.E0,0.E0));
#8599=DIRECTION('',(1.E0,0.E0,0.E0));
#8600=AXIS2_PLACEMENT_3D('',#8597,#8598,#8599);
#8601=PLANE('',#8600);
#8602=ORIENTED_EDGE('',*,*,#8275,.F.);
#8603=ORIENTED_EDGE('',*,*,#7291,.T.);
#8604=ORIENTED_EDGE('',*,*,#8221,.F.);
#8605=ORIENTED_EDGE('',*,*,#8031,.F.);
#8606=EDGE_LOOP('',(#8602,#8603,#8604,#8605));
#8607=FACE_OUTER_BOUND('',#8606,.F.);
#8609=FILL_AREA_STYLE_COLOUR('',#10);
#8610=FILL_AREA_STYLE('',(#8609));
#8611=SURFACE_STYLE_FILL_AREA(#8610);
#8612=SURFACE_SIDE_STYLE('',(#8611));
#8613=SURFACE_STYLE_USAGE(.POSITIVE.,#8612);
#8614=PRESENTATION_STYLE_ASSIGNMENT((#8613));
#8615=STYLED_ITEM('',(#8614),#8608);
#8616=CARTESIAN_POINT('',(0.E0,4.E0,0.E0));
#8617=DIRECTION('',(0.E0,-1.E0,0.E0));
#8618=DIRECTION('',(1.E0,0.E0,0.E0));
#8619=AXIS2_PLACEMENT_3D('',#8616,#8617,#8618);
#8620=PLANE('',#8619);
#8622=ORIENTED_EDGE('',*,*,#8621,.T.);
#8624=ORIENTED_EDGE('',*,*,#8623,.T.);
#8626=ORIENTED_EDGE('',*,*,#8625,.F.);
#8627=ORIENTED_EDGE('',*,*,#7217,.F.);
#8629=ORIENTED_EDGE('',*,*,#8628,.F.);
#8631=ORIENTED_EDGE('',*,*,#8630,.T.);
#8632=EDGE_LOOP('',(#8622,#8624,#8626,#8627,#8629,#8631));
#8633=FACE_OUTER_BOUND('',#8632,.F.);
#8635=FILL_AREA_STYLE_COLOUR('',#10);
#8636=FILL_AREA_STYLE('',(#8635));
#8637=SURFACE_STYLE_FILL_AREA(#8636);
#8638=SURFACE_SIDE_STYLE('',(#8637));
#8639=SURFACE_STYLE_USAGE(.POSITIVE.,#8638);
#8640=PRESENTATION_STYLE_ASSIGNMENT((#8639));
#8641=STYLED_ITEM('',(#8640),#8634);
#8642=CARTESIAN_POINT('',(0.E0,4.E0,0.E0));
#8643=DIRECTION('',(0.E0,-1.E0,0.E0));
#8644=DIRECTION('',(1.E0,0.E0,0.E0));
#8645=AXIS2_PLACEMENT_3D('',#8642,#8643,#8644);
#8646=PLANE('',#8645);
#8648=ORIENTED_EDGE('',*,*,#8647,.T.);
#8650=ORIENTED_EDGE('',*,*,#8649,.F.);
#8651=ORIENTED_EDGE('',*,*,#7228,.F.);
#8653=ORIENTED_EDGE('',*,*,#8652,.F.);
#8654=EDGE_LOOP('',(#8648,#8650,#8651,#8653));
#8655=FACE_OUTER_BOUND('',#8654,.F.);
#8657=FILL_AREA_STYLE_COLOUR('',#10);
#8658=FILL_AREA_STYLE('',(#8657));
#8659=SURFACE_STYLE_FILL_AREA(#8658);
#8660=SURFACE_SIDE_STYLE('',(#8659));
#8661=SURFACE_STYLE_USAGE(.POSITIVE.,#8660);
#8662=PRESENTATION_STYLE_ASSIGNMENT((#8661));
#8663=STYLED_ITEM('',(#8662),#8656);
#8664=CARTESIAN_POINT('',(0.E0,4.E0,0.E0));
#8665=DIRECTION('',(0.E0,-1.E0,0.E0));
#8666=DIRECTION('',(1.E0,0.E0,0.E0));
#8667=AXIS2_PLACEMENT_3D('',#8664,#8665,#8666);
#8668=PLANE('',#8667);
#8670=ORIENTED_EDGE('',*,*,#8669,.T.);
#8672=ORIENTED_EDGE('',*,*,#8671,.F.);
#8673=ORIENTED_EDGE('',*,*,#7239,.F.);
#8675=ORIENTED_EDGE('',*,*,#8674,.F.);
#8676=EDGE_LOOP('',(#8670,#8672,#8673,#8675));
#8677=FACE_OUTER_BOUND('',#8676,.F.);
#8679=FILL_AREA_STYLE_COLOUR('',#10);
#8680=FILL_AREA_STYLE('',(#8679));
#8681=SURFACE_STYLE_FILL_AREA(#8680);
#8682=SURFACE_SIDE_STYLE('',(#8681));
#8683=SURFACE_STYLE_USAGE(.POSITIVE.,#8682);
#8684=PRESENTATION_STYLE_ASSIGNMENT((#8683));
#8685=STYLED_ITEM('',(#8684),#8678);
#8686=CARTESIAN_POINT('',(0.E0,4.E0,0.E0));
#8687=DIRECTION('',(0.E0,-1.E0,0.E0));
#8688=DIRECTION('',(1.E0,0.E0,0.E0));
#8689=AXIS2_PLACEMENT_3D('',#8686,#8687,#8688);
#8690=PLANE('',#8689);
#8692=ORIENTED_EDGE('',*,*,#8691,.T.);
#8694=ORIENTED_EDGE('',*,*,#8693,.F.);
#8695=ORIENTED_EDGE('',*,*,#7250,.F.);
#8697=ORIENTED_EDGE('',*,*,#8696,.F.);
#8698=EDGE_LOOP('',(#8692,#8694,#8695,#8697));
#8699=FACE_OUTER_BOUND('',#8698,.F.);
#8701=FILL_AREA_STYLE_COLOUR('',#10);
#8702=FILL_AREA_STYLE('',(#8701));
#8703=SURFACE_STYLE_FILL_AREA(#8702);
#8704=SURFACE_SIDE_STYLE('',(#8703));
#8705=SURFACE_STYLE_USAGE(.POSITIVE.,#8704);
#8706=PRESENTATION_STYLE_ASSIGNMENT((#8705));
#8707=STYLED_ITEM('',(#8706),#8700);
#8708=CARTESIAN_POINT('',(0.E0,4.E0,0.E0));
#8709=DIRECTION('',(0.E0,-1.E0,0.E0));
#8710=DIRECTION('',(1.E0,0.E0,0.E0));
#8711=AXIS2_PLACEMENT_3D('',#8708,#8709,#8710);
#8712=PLANE('',#8711);
#8714=ORIENTED_EDGE('',*,*,#8713,.T.);
#8716=ORIENTED_EDGE('',*,*,#8715,.F.);
#8717=ORIENTED_EDGE('',*,*,#7261,.F.);
#8719=ORIENTED_EDGE('',*,*,#8718,.F.);
#8720=EDGE_LOOP('',(#8714,#8716,#8717,#8719));
#8721=FACE_OUTER_BOUND('',#8720,.F.);
#8723=FILL_AREA_STYLE_COLOUR('',#10);
#8724=FILL_AREA_STYLE('',(#8723));
#8725=SURFACE_STYLE_FILL_AREA(#8724);
#8726=SURFACE_SIDE_STYLE('',(#8725));
#8727=SURFACE_STYLE_USAGE(.POSITIVE.,#8726);
#8728=PRESENTATION_STYLE_ASSIGNMENT((#8727));
#8729=STYLED_ITEM('',(#8728),#8722);
#8730=CARTESIAN_POINT('',(0.E0,4.E0,0.E0));
#8731=DIRECTION('',(0.E0,-1.E0,0.E0));
#8732=DIRECTION('',(1.E0,0.E0,0.E0));
#8733=AXIS2_PLACEMENT_3D('',#8730,#8731,#8732);
#8734=PLANE('',#8733);
#8736=ORIENTED_EDGE('',*,*,#8735,.T.);
#8738=ORIENTED_EDGE('',*,*,#8737,.F.);
#8739=ORIENTED_EDGE('',*,*,#7272,.F.);
#8741=ORIENTED_EDGE('',*,*,#8740,.F.);
#8742=EDGE_LOOP('',(#8736,#8738,#8739,#8741));
#8743=FACE_OUTER_BOUND('',#8742,.F.);
#8745=FILL_AREA_STYLE_COLOUR('',#10);
#8746=FILL_AREA_STYLE('',(#8745));
#8747=SURFACE_STYLE_FILL_AREA(#8746);
#8748=SURFACE_SIDE_STYLE('',(#8747));
#8749=SURFACE_STYLE_USAGE(.POSITIVE.,#8748);
#8750=PRESENTATION_STYLE_ASSIGNMENT((#8749));
#8751=STYLED_ITEM('',(#8750),#8744);
#8752=CARTESIAN_POINT('',(0.E0,4.E0,0.E0));
#8753=DIRECTION('',(0.E0,-1.E0,0.E0));
#8754=DIRECTION('',(1.E0,0.E0,0.E0));
#8755=AXIS2_PLACEMENT_3D('',#8752,#8753,#8754);
#8756=PLANE('',#8755);
#8758=ORIENTED_EDGE('',*,*,#8757,.T.);
#8760=ORIENTED_EDGE('',*,*,#8759,.F.);
#8762=ORIENTED_EDGE('',*,*,#8761,.F.);
#8763=ORIENTED_EDGE('',*,*,#8474,.F.);
#8764=ORIENTED_EDGE('',*,*,#7283,.F.);
#8766=ORIENTED_EDGE('',*,*,#8765,.F.);
#8767=EDGE_LOOP('',(#8758,#8760,#8762,#8763,#8764,#8766));
#8768=FACE_OUTER_BOUND('',#8767,.F.);
#8770=FILL_AREA_STYLE_COLOUR('',#10);
#8771=FILL_AREA_STYLE('',(#8770));
#8772=SURFACE_STYLE_FILL_AREA(#8771);
#8773=SURFACE_SIDE_STYLE('',(#8772));
#8774=SURFACE_STYLE_USAGE(.POSITIVE.,#8773);
#8775=PRESENTATION_STYLE_ASSIGNMENT((#8774));
#8776=STYLED_ITEM('',(#8775),#8769);
#8777=CARTESIAN_POINT('',(-2.275E0,-6.E0,8.E-1));
#8778=DIRECTION('',(1.E0,0.E0,0.E0));
#8779=DIRECTION('',(0.E0,0.E0,1.E0));
#8780=AXIS2_PLACEMENT_3D('',#8777,#8778,#8779);
#8781=PLANE('',#8780);
#8782=ORIENTED_EDGE('',*,*,#7207,.T.);
#8783=ORIENTED_EDGE('',*,*,#7346,.F.);
#8785=ORIENTED_EDGE('',*,*,#8784,.F.);
#8786=ORIENTED_EDGE('',*,*,#8308,.T.);
#8787=ORIENTED_EDGE('',*,*,#8498,.T.);
#8788=EDGE_LOOP('',(#8782,#8783,#8785,#8786,#8787));
#8789=FACE_OUTER_BOUND('',#8788,.F.);
#8791=FILL_AREA_STYLE_COLOUR('',#14);
#8792=FILL_AREA_STYLE('',(#8791));
#8793=SURFACE_STYLE_FILL_AREA(#8792);
#8794=SURFACE_SIDE_STYLE('',(#8793));
#8795=SURFACE_STYLE_USAGE(.POSITIVE.,#8794);
#8796=PRESENTATION_STYLE_ASSIGNMENT((#8795));
#8797=STYLED_ITEM('',(#8796),#8790);
#8798=CARTESIAN_POINT('',(0.E0,-1.E0,0.E0));
#8799=DIRECTION('',(0.E0,-1.E0,0.E0));
#8800=DIRECTION('',(1.E0,0.E0,0.E0));
#8801=AXIS2_PLACEMENT_3D('',#8798,#8799,#8800);
#8802=PLANE('',#8801);
#8803=ORIENTED_EDGE('',*,*,#7344,.T.);
#8804=ORIENTED_EDGE('',*,*,#7368,.F.);
#8805=ORIENTED_EDGE('',*,*,#8310,.F.);
#8806=ORIENTED_EDGE('',*,*,#8784,.T.);
#8807=EDGE_LOOP('',(#8803,#8804,#8805,#8806));
#8808=FACE_OUTER_BOUND('',#8807,.F.);
#8810=FILL_AREA_STYLE_COLOUR('',#10);
#8811=FILL_AREA_STYLE('',(#8810));
#8812=SURFACE_STYLE_FILL_AREA(#8811);
#8813=SURFACE_SIDE_STYLE('',(#8812));
#8814=SURFACE_STYLE_USAGE(.POSITIVE.,#8813);
#8815=PRESENTATION_STYLE_ASSIGNMENT((#8814));
#8816=STYLED_ITEM('',(#8815),#8809);
#8817=CARTESIAN_POINT('',(0.E0,-1.E0,0.E0));
#8818=DIRECTION('',(0.E0,-1.E0,0.E0));
#8819=DIRECTION('',(1.E0,0.E0,0.E0));
#8820=AXIS2_PLACEMENT_3D('',#8817,#8818,#8819);
#8821=PLANE('',#8820);
#8823=ORIENTED_EDGE('',*,*,#8822,.T.);
#8825=ORIENTED_EDGE('',*,*,#8824,.F.);
#8826=ORIENTED_EDGE('',*,*,#8316,.F.);
#8828=ORIENTED_EDGE('',*,*,#8827,.T.);
#8829=EDGE_LOOP('',(#8823,#8825,#8826,#8828));
#8830=FACE_OUTER_BOUND('',#8829,.F.);
#8832=FILL_AREA_STYLE_COLOUR('',#10);
#8833=FILL_AREA_STYLE('',(#8832));
#8834=SURFACE_STYLE_FILL_AREA(#8833);
#8835=SURFACE_SIDE_STYLE('',(#8834));
#8836=SURFACE_STYLE_USAGE(.POSITIVE.,#8835);
#8837=PRESENTATION_STYLE_ASSIGNMENT((#8836));
#8838=STYLED_ITEM('',(#8837),#8831);
#8839=CARTESIAN_POINT('',(0.E0,-1.E0,0.E0));
#8840=DIRECTION('',(0.E0,-1.E0,0.E0));
#8841=DIRECTION('',(1.E0,0.E0,0.E0));
#8842=AXIS2_PLACEMENT_3D('',#8839,#8840,#8841);
#8843=PLANE('',#8842);
#8845=ORIENTED_EDGE('',*,*,#8844,.T.);
#8847=ORIENTED_EDGE('',*,*,#8846,.F.);
#8848=ORIENTED_EDGE('',*,*,#8324,.F.);
#8850=ORIENTED_EDGE('',*,*,#8849,.T.);
#8851=EDGE_LOOP('',(#8845,#8847,#8848,#8850));
#8852=FACE_OUTER_BOUND('',#8851,.F.);
#8854=FILL_AREA_STYLE_COLOUR('',#10);
#8855=FILL_AREA_STYLE('',(#8854));
#8856=SURFACE_STYLE_FILL_AREA(#8855);
#8857=SURFACE_SIDE_STYLE('',(#8856));
#8858=SURFACE_STYLE_USAGE(.POSITIVE.,#8857);
#8859=PRESENTATION_STYLE_ASSIGNMENT((#8858));
#8860=STYLED_ITEM('',(#8859),#8853);
#8861=CARTESIAN_POINT('',(0.E0,-1.E0,0.E0));
#8862=DIRECTION('',(0.E0,-1.E0,0.E0));
#8863=DIRECTION('',(1.E0,0.E0,0.E0));
#8864=AXIS2_PLACEMENT_3D('',#8861,#8862,#8863);
#8865=PLANE('',#8864);
#8867=ORIENTED_EDGE('',*,*,#8866,.T.);
#8869=ORIENTED_EDGE('',*,*,#8868,.F.);
#8870=ORIENTED_EDGE('',*,*,#8332,.F.);
#8872=ORIENTED_EDGE('',*,*,#8871,.T.);
#8873=EDGE_LOOP('',(#8867,#8869,#8870,#8872));
#8874=FACE_OUTER_BOUND('',#8873,.F.);
#8876=FILL_AREA_STYLE_COLOUR('',#10);
#8877=FILL_AREA_STYLE('',(#8876));
#8878=SURFACE_STYLE_FILL_AREA(#8877);
#8879=SURFACE_SIDE_STYLE('',(#8878));
#8880=SURFACE_STYLE_USAGE(.POSITIVE.,#8879);
#8881=PRESENTATION_STYLE_ASSIGNMENT((#8880));
#8882=STYLED_ITEM('',(#8881),#8875);
#8883=CARTESIAN_POINT('',(0.E0,-1.E0,0.E0));
#8884=DIRECTION('',(0.E0,-1.E0,0.E0));
#8885=DIRECTION('',(1.E0,0.E0,0.E0));
#8886=AXIS2_PLACEMENT_3D('',#8883,#8884,#8885);
#8887=PLANE('',#8886);
#8889=ORIENTED_EDGE('',*,*,#8888,.T.);
#8890=ORIENTED_EDGE('',*,*,#8270,.F.);
#8891=ORIENTED_EDGE('',*,*,#8340,.F.);
#8893=ORIENTED_EDGE('',*,*,#8892,.T.);
#8894=EDGE_LOOP('',(#8889,#8890,#8891,#8893));
#8895=FACE_OUTER_BOUND('',#8894,.F.);
#8897=FILL_AREA_STYLE_COLOUR('',#10);
#8898=FILL_AREA_STYLE('',(#8897));
#8899=SURFACE_STYLE_FILL_AREA(#8898);
#8900=SURFACE_SIDE_STYLE('',(#8899));
#8901=SURFACE_STYLE_USAGE(.POSITIVE.,#8900);
#8902=PRESENTATION_STYLE_ASSIGNMENT((#8901));
#8903=STYLED_ITEM('',(#8902),#8896);
#8904=CARTESIAN_POINT('',(-2.362716260371E1,-6.E-1,1.6E0));
#8905=DIRECTION('',(1.E0,0.E0,0.E0));
#8906=DIRECTION('',(0.E0,0.E0,1.E0));
#8907=AXIS2_PLACEMENT_3D('',#8904,#8905,#8906);
#8908=CYLINDRICAL_SURFACE('',#8907,4.E-1);
#8909=ORIENTED_EDGE('',*,*,#8822,.F.);
#8911=ORIENTED_EDGE('',*,*,#8910,.T.);
#8912=ORIENTED_EDGE('',*,*,#7319,.T.);
#8914=ORIENTED_EDGE('',*,*,#8913,.T.);
#8915=EDGE_LOOP('',(#8909,#8911,#8912,#8914));
#8916=FACE_OUTER_BOUND('',#8915,.F.);
#8918=FILL_AREA_STYLE_COLOUR('',#10);
#8919=FILL_AREA_STYLE('',(#8918));
#8920=SURFACE_STYLE_FILL_AREA(#8919);
#8921=SURFACE_SIDE_STYLE('',(#8920));
#8922=SURFACE_STYLE_USAGE(.POSITIVE.,#8921);
#8923=PRESENTATION_STYLE_ASSIGNMENT((#8922));
#8924=STYLED_ITEM('',(#8923),#8917);
#8925=CARTESIAN_POINT('',(-1.255E0,6.E0,0.E0));
#8926=DIRECTION('',(1.E0,0.E0,0.E0));
#8927=DIRECTION('',(0.E0,-1.E0,0.E0));
#8928=AXIS2_PLACEMENT_3D('',#8925,#8926,#8927);
#8929=PLANE('',#8928);
#8930=ORIENTED_EDGE('',*,*,#7400,.F.);
#8932=ORIENTED_EDGE('',*,*,#8931,.T.);
#8934=ORIENTED_EDGE('',*,*,#8933,.T.);
#8936=ORIENTED_EDGE('',*,*,#8935,.T.);
#8937=ORIENTED_EDGE('',*,*,#7753,.T.);
#8938=ORIENTED_EDGE('',*,*,#8562,.T.);
#8939=ORIENTED_EDGE('',*,*,#7321,.F.);
#8940=ORIENTED_EDGE('',*,*,#8910,.F.);
#8941=ORIENTED_EDGE('',*,*,#8827,.F.);
#8942=ORIENTED_EDGE('',*,*,#8314,.F.);
#8943=EDGE_LOOP('',(#8930,#8932,#8934,#8936,#8937,#8938,#8939,#8940,#8941,
#8942));
#8944=FACE_OUTER_BOUND('',#8943,.F.);
#8946=FILL_AREA_STYLE_COLOUR('',#10);
#8947=FILL_AREA_STYLE('',(#8946));
#8948=SURFACE_STYLE_FILL_AREA(#8947);
#8949=SURFACE_SIDE_STYLE('',(#8948));
#8950=SURFACE_STYLE_USAGE(.POSITIVE.,#8949);
#8951=PRESENTATION_STYLE_ASSIGNMENT((#8950));
#8952=STYLED_ITEM('',(#8951),#8945);
#8953=CARTESIAN_POINT('',(-1.155E0,-2.16432E1,1.E-1));
#8954=DIRECTION('',(0.E0,1.E0,0.E0));
#8955=DIRECTION('',(0.E0,0.E0,-1.E0));
#8956=AXIS2_PLACEMENT_3D('',#8953,#8954,#8955);
#8957=CYLINDRICAL_SURFACE('',#8956,1.E-1);
#8958=ORIENTED_EDGE('',*,*,#7881,.T.);
#8960=ORIENTED_EDGE('',*,*,#8959,.T.);
#8961=ORIENTED_EDGE('',*,*,#8931,.F.);
#8962=ORIENTED_EDGE('',*,*,#7424,.T.);
#8963=EDGE_LOOP('',(#8958,#8960,#8961,#8962));
#8964=FACE_OUTER_BOUND('',#8963,.F.);
#8966=FILL_AREA_STYLE_COLOUR('',#10);
#8967=FILL_AREA_STYLE('',(#8966));
#8968=SURFACE_STYLE_FILL_AREA(#8967);
#8969=SURFACE_SIDE_STYLE('',(#8968));
#8970=SURFACE_STYLE_USAGE(.POSITIVE.,#8969);
#8971=PRESENTATION_STYLE_ASSIGNMENT((#8970));
#8972=STYLED_ITEM('',(#8971),#8965);
#8973=CARTESIAN_POINT('',(-1.155E0,5.7E0,3.E-1));
#8974=DIRECTION('',(1.E0,0.E0,0.E0));
#8975=DIRECTION('',(0.E0,-1.215533523461E-1,-9.925848994083E-1));
#8976=AXIS2_PLACEMENT_3D('',#8973,#8974,#8975);
#8977=TOROIDAL_SURFACE('',#8976,2.E-1,1.E-1);
#8978=ORIENTED_EDGE('',*,*,#7551,.T.);
#8980=ORIENTED_EDGE('',*,*,#8979,.T.);
#8981=ORIENTED_EDGE('',*,*,#8933,.F.);
#8982=ORIENTED_EDGE('',*,*,#8959,.F.);
#8983=EDGE_LOOP('',(#8978,#8980,#8981,#8982));
#8984=FACE_OUTER_BOUND('',#8983,.F.);
#8986=FILL_AREA_STYLE_COLOUR('',#10);
#8987=FILL_AREA_STYLE('',(#8986));
#8988=SURFACE_STYLE_FILL_AREA(#8987);
#8989=SURFACE_SIDE_STYLE('',(#8988));
#8990=SURFACE_STYLE_USAGE(.POSITIVE.,#8989);
#8991=PRESENTATION_STYLE_ASSIGNMENT((#8990));
#8992=STYLED_ITEM('',(#8991),#8985);
#8993=CARTESIAN_POINT('',(-1.155E0,5.9E0,2.657977690692E-1));
#8994=DIRECTION('',(0.E0,0.E0,1.E0));
#8995=DIRECTION('',(0.E0,1.E0,0.E0));
#8996=AXIS2_PLACEMENT_3D('',#8993,#8994,#8995);
#8997=CYLINDRICAL_SURFACE('',#8996,1.E-1);
#8998=ORIENTED_EDGE('',*,*,#8935,.F.);
#8999=ORIENTED_EDGE('',*,*,#8979,.F.);
#9000=ORIENTED_EDGE('',*,*,#6731,.T.);
#9001=ORIENTED_EDGE('',*,*,#7755,.T.);
#9002=EDGE_LOOP('',(#8998,#8999,#9000,#9001));
#9003=FACE_OUTER_BOUND('',#9002,.F.);
#9005=FILL_AREA_STYLE_COLOUR('',#10);
#9006=FILL_AREA_STYLE('',(#9005));
#9007=SURFACE_STYLE_FILL_AREA(#9006);
#9008=SURFACE_SIDE_STYLE('',(#9007));
#9009=SURFACE_STYLE_USAGE(.POSITIVE.,#9008);
#9010=PRESENTATION_STYLE_ASSIGNMENT((#9009));
#9011=STYLED_ITEM('',(#9010),#9004);
#9012=CARTESIAN_POINT('',(-7.85E-1,-6.E0,2.E0));
#9013=DIRECTION('',(-1.E0,0.E0,0.E0));
#9014=DIRECTION('',(0.E0,0.E0,-1.E0));
#9015=AXIS2_PLACEMENT_3D('',#9012,#9013,#9014);
#9016=PLANE('',#9015);
#9017=ORIENTED_EDGE('',*,*,#8824,.T.);
#9018=ORIENTED_EDGE('',*,*,#8913,.F.);
#9019=ORIENTED_EDGE('',*,*,#7317,.T.);
#9020=ORIENTED_EDGE('',*,*,#8522,.T.);
#9021=ORIENTED_EDGE('',*,*,#8318,.F.);
#9022=EDGE_LOOP('',(#9017,#9018,#9019,#9020,#9021));
#9023=FACE_OUTER_BOUND('',#9022,.F.);
#9025=CARTESIAN_POINT('',(-2.362716260371E1,-6.E-1,1.6E0));
#9026=DIRECTION('',(1.E0,0.E0,0.E0));
#9027=DIRECTION('',(0.E0,0.E0,1.E0));
#9028=AXIS2_PLACEMENT_3D('',#9025,#9026,#9027);
#9029=CYLINDRICAL_SURFACE('',#9028,4.E-1);
#9031=ORIENTED_EDGE('',*,*,#9030,.T.);
#9032=ORIENTED_EDGE('',*,*,#8844,.F.);
#9034=ORIENTED_EDGE('',*,*,#9033,.T.);
#9035=ORIENTED_EDGE('',*,*,#7311,.T.);
#9036=EDGE_LOOP('',(#9031,#9032,#9034,#9035));
#9037=FACE_OUTER_BOUND('',#9036,.F.);
#9039=FILL_AREA_STYLE_COLOUR('',#10);
#9040=FILL_AREA_STYLE('',(#9039));
#9041=SURFACE_STYLE_FILL_AREA(#9040);
#9042=SURFACE_SIDE_STYLE('',(#9041));
#9043=SURFACE_STYLE_USAGE(.POSITIVE.,#9042);
#9044=PRESENTATION_STYLE_ASSIGNMENT((#9043));
#9045=STYLED_ITEM('',(#9044),#9038);
#9046=CARTESIAN_POINT('',(2.35E-1,2.35E0,0.E0));
#9047=DIRECTION('',(-1.E0,0.E0,0.E0));
#9048=DIRECTION('',(0.E0,1.E0,0.E0));
#9049=AXIS2_PLACEMENT_3D('',#9046,#9047,#9048);
#9050=PLANE('',#9049);
#9052=ORIENTED_EDGE('',*,*,#9051,.T.);
#9053=ORIENTED_EDGE('',*,*,#8326,.F.);
#9054=ORIENTED_EDGE('',*,*,#8846,.T.);
#9055=ORIENTED_EDGE('',*,*,#9030,.F.);
#9056=ORIENTED_EDGE('',*,*,#7309,.T.);
#9057=ORIENTED_EDGE('',*,*,#8580,.T.);
#9059=ORIENTED_EDGE('',*,*,#9058,.T.);
#9061=ORIENTED_EDGE('',*,*,#9060,.T.);
#9063=ORIENTED_EDGE('',*,*,#9062,.T.);
#9065=ORIENTED_EDGE('',*,*,#9064,.T.);
#9066=EDGE_LOOP('',(#9052,#9053,#9054,#9055,#9056,#9057,#9059,#9061,#9063,
#9065));
#9067=FACE_OUTER_BOUND('',#9066,.F.);
#9069=FILL_AREA_STYLE_COLOUR('',#10);
#9070=FILL_AREA_STYLE('',(#9069));
#9071=SURFACE_STYLE_FILL_AREA(#9070);
#9072=SURFACE_SIDE_STYLE('',(#9071));
#9073=SURFACE_STYLE_USAGE(.POSITIVE.,#9072);
#9074=PRESENTATION_STYLE_ASSIGNMENT((#9073));
#9075=STYLED_ITEM('',(#9074),#9068);
#9076=CARTESIAN_POINT('',(5.1E-1,2.625E0,-2.098076E1));
#9077=DIRECTION('',(0.E0,0.E0,1.E0));
#9078=DIRECTION('',(-1.E0,0.E0,0.E0));
#9079=AXIS2_PLACEMENT_3D('',#9076,#9077,#9078);
#9080=CYLINDRICAL_SURFACE('',#9079,2.75E-1);
#9081=ORIENTED_EDGE('',*,*,#9051,.F.);
#9083=ORIENTED_EDGE('',*,*,#9082,.F.);
#9085=ORIENTED_EDGE('',*,*,#9084,.T.);
#9086=ORIENTED_EDGE('',*,*,#8328,.T.);
#9087=EDGE_LOOP('',(#9081,#9083,#9085,#9086));
#9088=FACE_OUTER_BOUND('',#9087,.F.);
#9090=FILL_AREA_STYLE_COLOUR('',#10);
#9091=FILL_AREA_STYLE('',(#9090));
#9092=SURFACE_STYLE_FILL_AREA(#9091);
#9093=SURFACE_SIDE_STYLE('',(#9092));
#9094=SURFACE_STYLE_USAGE(.POSITIVE.,#9093);
#9095=PRESENTATION_STYLE_ASSIGNMENT((#9094));
#9096=STYLED_ITEM('',(#9095),#9089);
#9097=CARTESIAN_POINT('',(5.1E-1,2.625E0,1.E-1));
#9098=DIRECTION('',(0.E0,0.E0,1.E0));
#9099=DIRECTION('',(-6.798692684790E-1,-7.333333333333E-1,0.E0));
#9100=AXIS2_PLACEMENT_3D('',#9097,#9098,#9099);
#9101=TOROIDAL_SURFACE('',#9100,3.75E-1,1.E-1);
#9102=ORIENTED_EDGE('',*,*,#9082,.T.);
#9104=ORIENTED_EDGE('',*,*,#9103,.F.);
#9105=ORIENTED_EDGE('',*,*,#7869,.T.);
#9107=ORIENTED_EDGE('',*,*,#9106,.F.);
#9108=EDGE_LOOP('',(#9102,#9104,#9105,#9107));
#9109=FACE_OUTER_BOUND('',#9108,.F.);
#9111=FILL_AREA_STYLE_COLOUR('',#10);
#9112=FILL_AREA_STYLE('',(#9111));
#9113=SURFACE_STYLE_FILL_AREA(#9112);
#9114=SURFACE_SIDE_STYLE('',(#9113));
#9115=SURFACE_STYLE_USAGE(.POSITIVE.,#9114);
#9116=PRESENTATION_STYLE_ASSIGNMENT((#9115));
#9117=STYLED_ITEM('',(#9116),#9110);
#9118=CARTESIAN_POINT('',(1.35E-1,5.735489543355E0,1.E-1));
#9119=DIRECTION('',(0.E0,-1.E0,0.E0));
#9120=DIRECTION('',(0.E0,0.E0,-1.E0));
#9121=AXIS2_PLACEMENT_3D('',#9118,#9119,#9120);
#9122=CYLINDRICAL_SURFACE('',#9121,1.E-1);
#9123=ORIENTED_EDGE('',*,*,#9064,.F.);
#9125=ORIENTED_EDGE('',*,*,#9124,.F.);
#9126=ORIENTED_EDGE('',*,*,#7871,.T.);
#9127=ORIENTED_EDGE('',*,*,#9103,.T.);
#9128=EDGE_LOOP('',(#9123,#9125,#9126,#9127));
#9129=FACE_OUTER_BOUND('',#9128,.F.);
#9131=FILL_AREA_STYLE_COLOUR('',#10);
#9132=FILL_AREA_STYLE('',(#9131));
#9133=SURFACE_STYLE_FILL_AREA(#9132);
#9134=SURFACE_SIDE_STYLE('',(#9133));
#9135=SURFACE_STYLE_USAGE(.POSITIVE.,#9134);
#9136=PRESENTATION_STYLE_ASSIGNMENT((#9135));
#9137=STYLED_ITEM('',(#9136),#9130);
#9138=CARTESIAN_POINT('',(1.35E-1,5.7E0,3.E-1));
#9139=DIRECTION('',(1.E0,0.E0,0.E0));
#9140=DIRECTION('',(0.E0,9.937595941321E-1,1.115431265041E-1));
#9141=AXIS2_PLACEMENT_3D('',#9138,#9139,#9140);
#9142=TOROIDAL_SURFACE('',#9141,2.E-1,1.E-1);
#9143=ORIENTED_EDGE('',*,*,#7526,.T.);
#9144=ORIENTED_EDGE('',*,*,#9124,.T.);
#9145=ORIENTED_EDGE('',*,*,#9062,.F.);
#9147=ORIENTED_EDGE('',*,*,#9146,.F.);
#9148=EDGE_LOOP('',(#9143,#9144,#9145,#9147));
#9149=FACE_OUTER_BOUND('',#9148,.F.);
#9151=FILL_AREA_STYLE_COLOUR('',#10);
#9152=FILL_AREA_STYLE('',(#9151));
#9153=SURFACE_STYLE_FILL_AREA(#9152);
#9154=SURFACE_SIDE_STYLE('',(#9153));
#9155=SURFACE_STYLE_USAGE(.POSITIVE.,#9154);
#9156=PRESENTATION_STYLE_ASSIGNMENT((#9155));
#9157=STYLED_ITEM('',(#9156),#9150);
#9158=CARTESIAN_POINT('',(1.35E-1,5.9E0,2.988076E1));
#9159=DIRECTION('',(0.E0,0.E0,-1.E0));
#9160=DIRECTION('',(0.E0,1.E0,0.E0));
#9161=AXIS2_PLACEMENT_3D('',#9158,#9159,#9160);
#9162=CYLINDRICAL_SURFACE('',#9161,1.E-1);
#9163=ORIENTED_EDGE('',*,*,#9060,.F.);
#9165=ORIENTED_EDGE('',*,*,#9164,.T.);
#9166=ORIENTED_EDGE('',*,*,#6743,.T.);
#9167=ORIENTED_EDGE('',*,*,#9146,.T.);
#9168=EDGE_LOOP('',(#9163,#9165,#9166,#9167));
#9169=FACE_OUTER_BOUND('',#9168,.F.);
#9171=FILL_AREA_STYLE_COLOUR('',#10);
#9172=FILL_AREA_STYLE('',(#9171));
#9173=SURFACE_STYLE_FILL_AREA(#9172);
#9174=SURFACE_SIDE_STYLE('',(#9173));
#9175=SURFACE_STYLE_USAGE(.POSITIVE.,#9174);
#9176=PRESENTATION_STYLE_ASSIGNMENT((#9175));
#9177=STYLED_ITEM('',(#9176),#9170);
#9178=CARTESIAN_POINT('',(2.04E0,0.E0,8.E-1));
#9179=DIRECTION('',(0.E0,0.E0,-1.E0));
#9180=DIRECTION('',(1.E0,0.E0,0.E0));
#9181=AXIS2_PLACEMENT_3D('',#9178,#9179,#9180);
#9182=PLANE('',#9181);
#9183=ORIENTED_EDGE('',*,*,#6737,.T.);
#9185=ORIENTED_EDGE('',*,*,#9184,.F.);
#9187=ORIENTED_EDGE('',*,*,#9186,.F.);
#9189=ORIENTED_EDGE('',*,*,#9188,.F.);
#9191=ORIENTED_EDGE('',*,*,#9190,.F.);
#9193=ORIENTED_EDGE('',*,*,#9192,.F.);
#9194=EDGE_LOOP('',(#9183,#9185,#9187,#9189,#9191,#9193));
#9195=FACE_OUTER_BOUND('',#9194,.F.);
#9197=ORIENTED_EDGE('',*,*,#9196,.T.);
#9199=ORIENTED_EDGE('',*,*,#9198,.T.);
#9200=EDGE_LOOP('',(#9197,#9199));
#9201=FACE_BOUND('',#9200,.F.);
#9203=FILL_AREA_STYLE_COLOUR('',#10);
#9204=FILL_AREA_STYLE('',(#9203));
#9205=SURFACE_STYLE_FILL_AREA(#9204);
#9206=SURFACE_SIDE_STYLE('',(#9205));
#9207=SURFACE_STYLE_USAGE(.POSITIVE.,#9206);
#9208=PRESENTATION_STYLE_ASSIGNMENT((#9207));
#9209=STYLED_ITEM('',(#9208),#9202);
#9210=CARTESIAN_POINT('',(2.04E0,0.E0,8.E-1));
#9211=DIRECTION('',(0.E0,0.E0,-1.E0));
#9212=DIRECTION('',(1.E0,0.E0,0.E0));
#9213=AXIS2_PLACEMENT_3D('',#9210,#9211,#9212);
#9214=PLANE('',#9213);
#9216=ORIENTED_EDGE('',*,*,#9215,.F.);
#9218=ORIENTED_EDGE('',*,*,#9217,.F.);
#9219=ORIENTED_EDGE('',*,*,#6745,.T.);
#9220=ORIENTED_EDGE('',*,*,#9164,.F.);
#9221=ORIENTED_EDGE('',*,*,#9058,.F.);
#9222=ORIENTED_EDGE('',*,*,#8585,.T.);
#9223=EDGE_LOOP('',(#9216,#9218,#9219,#9220,#9221,#9222));
#9224=FACE_OUTER_BOUND('',#9223,.F.);
#9226=FILL_AREA_STYLE_COLOUR('',#10);
#9227=FILL_AREA_STYLE('',(#9226));
#9228=SURFACE_STYLE_FILL_AREA(#9227);
#9229=SURFACE_SIDE_STYLE('',(#9228));
#9230=SURFACE_STYLE_USAGE(.POSITIVE.,#9229);
#9231=PRESENTATION_STYLE_ASSIGNMENT((#9230));
#9232=STYLED_ITEM('',(#9231),#9225);
#9233=CARTESIAN_POINT('',(-8.85E-1,5.9E0,2.838727327837E1));
#9234=DIRECTION('',(0.E0,0.E0,-1.E0));
#9235=DIRECTION('',(0.E0,1.E0,0.E0));
#9236=AXIS2_PLACEMENT_3D('',#9233,#9234,#9235);
#9237=CYLINDRICAL_SURFACE('',#9236,1.E-1);
#9239=ORIENTED_EDGE('',*,*,#9238,.F.);
#9240=ORIENTED_EDGE('',*,*,#9184,.T.);
#9241=ORIENTED_EDGE('',*,*,#6735,.T.);
#9243=ORIENTED_EDGE('',*,*,#9242,.T.);
#9244=EDGE_LOOP('',(#9239,#9240,#9241,#9243));
#9245=FACE_OUTER_BOUND('',#9244,.F.);
#9247=FILL_AREA_STYLE_COLOUR('',#10);
#9248=FILL_AREA_STYLE('',(#9247));
#9249=SURFACE_STYLE_FILL_AREA(#9248);
#9250=SURFACE_SIDE_STYLE('',(#9249));
#9251=SURFACE_STYLE_USAGE(.POSITIVE.,#9250);
#9252=PRESENTATION_STYLE_ASSIGNMENT((#9251));
#9253=STYLED_ITEM('',(#9252),#9246);
#9254=CARTESIAN_POINT('',(-7.85E-1,4.89E0,0.E0));
#9255=DIRECTION('',(-1.E0,0.E0,0.E0));
#9256=DIRECTION('',(0.E0,1.E0,0.E0));
#9257=AXIS2_PLACEMENT_3D('',#9254,#9255,#9256);
#9258=PLANE('',#9257);
#9260=ORIENTED_EDGE('',*,*,#9259,.T.);
#9261=ORIENTED_EDGE('',*,*,#9186,.T.);
#9262=ORIENTED_EDGE('',*,*,#9238,.T.);
#9264=ORIENTED_EDGE('',*,*,#9263,.T.);
#9266=ORIENTED_EDGE('',*,*,#9265,.T.);
#9267=EDGE_LOOP('',(#9260,#9261,#9262,#9264,#9266));
#9268=FACE_OUTER_BOUND('',#9267,.F.);
#9270=FILL_AREA_STYLE_COLOUR('',#10);
#9271=FILL_AREA_STYLE('',(#9270));
#9272=SURFACE_STYLE_FILL_AREA(#9271);
#9273=SURFACE_SIDE_STYLE('',(#9272));
#9274=SURFACE_STYLE_USAGE(.POSITIVE.,#9273);
#9275=PRESENTATION_STYLE_ASSIGNMENT((#9274));
#9276=STYLED_ITEM('',(#9275),#9269);
#9277=CARTESIAN_POINT('',(-5.1E-1,5.165E0,-2.098076E1));
#9278=DIRECTION('',(0.E0,0.E0,1.E0));
#9279=DIRECTION('',(-1.E0,0.E0,0.E0));
#9280=AXIS2_PLACEMENT_3D('',#9277,#9278,#9279);
#9281=CYLINDRICAL_SURFACE('',#9280,2.75E-1);
#9282=ORIENTED_EDGE('',*,*,#9188,.T.);
#9283=ORIENTED_EDGE('',*,*,#9259,.F.);
#9285=ORIENTED_EDGE('',*,*,#9284,.F.);
#9287=ORIENTED_EDGE('',*,*,#9286,.T.);
#9288=EDGE_LOOP('',(#9282,#9283,#9285,#9287));
#9289=FACE_OUTER_BOUND('',#9288,.F.);
#9291=FILL_AREA_STYLE_COLOUR('',#10);
#9292=FILL_AREA_STYLE('',(#9291));
#9293=SURFACE_STYLE_FILL_AREA(#9292);
#9294=SURFACE_SIDE_STYLE('',(#9293));
#9295=SURFACE_STYLE_USAGE(.POSITIVE.,#9294);
#9296=PRESENTATION_STYLE_ASSIGNMENT((#9295));
#9297=STYLED_ITEM('',(#9296),#9290);
#9298=CARTESIAN_POINT('',(-5.1E-1,5.165E0,1.E-1));
#9299=DIRECTION('',(0.E0,0.E0,1.E0));
#9300=DIRECTION('',(-6.798692684790E-1,-7.333333333333E-1,0.E0));
#9301=AXIS2_PLACEMENT_3D('',#9298,#9299,#9300);
#9302=TOROIDAL_SURFACE('',#9301,3.75E-1,1.E-1);
#9303=ORIENTED_EDGE('',*,*,#9284,.T.);
#9305=ORIENTED_EDGE('',*,*,#9304,.F.);
#9306=ORIENTED_EDGE('',*,*,#7876,.T.);
#9308=ORIENTED_EDGE('',*,*,#9307,.F.);
#9309=EDGE_LOOP('',(#9303,#9305,#9306,#9308));
#9310=FACE_OUTER_BOUND('',#9309,.F.);
#9312=FILL_AREA_STYLE_COLOUR('',#10);
#9313=FILL_AREA_STYLE('',(#9312));
#9314=SURFACE_STYLE_FILL_AREA(#9313);
#9315=SURFACE_SIDE_STYLE('',(#9314));
#9316=SURFACE_STYLE_USAGE(.POSITIVE.,#9315);
#9317=PRESENTATION_STYLE_ASSIGNMENT((#9316));
#9318=STYLED_ITEM('',(#9317),#9311);
#9319=CARTESIAN_POINT('',(-8.85E-1,5.735489543355E0,1.E-1));
#9320=DIRECTION('',(0.E0,-1.E0,0.E0));
#9321=DIRECTION('',(0.E0,0.E0,-1.E0));
#9322=AXIS2_PLACEMENT_3D('',#9319,#9320,#9321);
#9323=CYLINDRICAL_SURFACE('',#9322,1.E-1);
#9324=ORIENTED_EDGE('',*,*,#9265,.F.);
#9326=ORIENTED_EDGE('',*,*,#9325,.F.);
#9327=ORIENTED_EDGE('',*,*,#7878,.T.);
#9328=ORIENTED_EDGE('',*,*,#9304,.T.);
#9329=EDGE_LOOP('',(#9324,#9326,#9327,#9328));
#9330=FACE_OUTER_BOUND('',#9329,.F.);
#9332=FILL_AREA_STYLE_COLOUR('',#10);
#9333=FILL_AREA_STYLE('',(#9332));
#9334=SURFACE_STYLE_FILL_AREA(#9333);
#9335=SURFACE_SIDE_STYLE('',(#9334));
#9336=SURFACE_STYLE_USAGE(.POSITIVE.,#9335);
#9337=PRESENTATION_STYLE_ASSIGNMENT((#9336));
#9338=STYLED_ITEM('',(#9337),#9331);
#9339=CARTESIAN_POINT('',(-8.85E-1,5.7E0,3.E-1));
#9340=DIRECTION('',(1.E0,0.E0,0.E0));
#9341=DIRECTION('',(0.E0,9.937595941321E-1,1.115431265041E-1));
#9342=AXIS2_PLACEMENT_3D('',#9339,#9340,#9341);
#9343=TOROIDAL_SURFACE('',#9342,2.E-1,1.E-1);
#9344=ORIENTED_EDGE('',*,*,#7548,.T.);
#9345=ORIENTED_EDGE('',*,*,#9325,.T.);
#9346=ORIENTED_EDGE('',*,*,#9263,.F.);
#9347=ORIENTED_EDGE('',*,*,#9242,.F.);
#9348=EDGE_LOOP('',(#9344,#9345,#9346,#9347));
#9349=FACE_OUTER_BOUND('',#9348,.F.);
#9351=FILL_AREA_STYLE_COLOUR('',#10);
#9352=FILL_AREA_STYLE('',(#9351));
#9353=SURFACE_STYLE_FILL_AREA(#9352);
#9354=SURFACE_SIDE_STYLE('',(#9353));
#9355=SURFACE_STYLE_USAGE(.POSITIVE.,#9354);
#9356=PRESENTATION_STYLE_ASSIGNMENT((#9355));
#9357=STYLED_ITEM('',(#9356),#9350);
#9358=CARTESIAN_POINT('',(-1.35E-1,-2.16432E1,1.E-1));
#9359=DIRECTION('',(0.E0,1.E0,0.E0));
#9360=DIRECTION('',(0.E0,0.E0,-1.E0));
#9361=AXIS2_PLACEMENT_3D('',#9358,#9359,#9360);
#9362=CYLINDRICAL_SURFACE('',#9361,1.E-1);
#9363=ORIENTED_EDGE('',*,*,#7874,.T.);
#9365=ORIENTED_EDGE('',*,*,#9364,.T.);
#9367=ORIENTED_EDGE('',*,*,#9366,.F.);
#9368=ORIENTED_EDGE('',*,*,#9307,.T.);
#9369=EDGE_LOOP('',(#9363,#9365,#9367,#9368));
#9370=FACE_OUTER_BOUND('',#9369,.F.);
#9372=FILL_AREA_STYLE_COLOUR('',#10);
#9373=FILL_AREA_STYLE('',(#9372));
#9374=SURFACE_STYLE_FILL_AREA(#9373);
#9375=SURFACE_SIDE_STYLE('',(#9374));
#9376=SURFACE_STYLE_USAGE(.POSITIVE.,#9375);
#9377=PRESENTATION_STYLE_ASSIGNMENT((#9376));
#9378=STYLED_ITEM('',(#9377),#9371);
#9379=CARTESIAN_POINT('',(-1.35E-1,5.7E0,3.E-1));
#9380=DIRECTION('',(1.E0,0.E0,0.E0));
#9381=DIRECTION('',(0.E0,-1.215533523461E-1,-9.925848994083E-1));
#9382=AXIS2_PLACEMENT_3D('',#9379,#9380,#9381);
#9383=TOROIDAL_SURFACE('',#9382,2.E-1,1.E-1);
#9384=ORIENTED_EDGE('',*,*,#7529,.T.);
#9386=ORIENTED_EDGE('',*,*,#9385,.T.);
#9388=ORIENTED_EDGE('',*,*,#9387,.F.);
#9389=ORIENTED_EDGE('',*,*,#9364,.F.);
#9390=EDGE_LOOP('',(#9384,#9386,#9388,#9389));
#9391=FACE_OUTER_BOUND('',#9390,.F.);
#9393=FILL_AREA_STYLE_COLOUR('',#10);
#9394=FILL_AREA_STYLE('',(#9393));
#9395=SURFACE_STYLE_FILL_AREA(#9394);
#9396=SURFACE_SIDE_STYLE('',(#9395));
#9397=SURFACE_STYLE_USAGE(.POSITIVE.,#9396);
#9398=PRESENTATION_STYLE_ASSIGNMENT((#9397));
#9399=STYLED_ITEM('',(#9398),#9392);
#9400=CARTESIAN_POINT('',(-1.35E-1,5.9E0,2.657977690692E-1));
#9401=DIRECTION('',(0.E0,0.E0,1.E0));
#9402=DIRECTION('',(0.E0,1.E0,0.E0));
#9403=AXIS2_PLACEMENT_3D('',#9400,#9401,#9402);
#9404=CYLINDRICAL_SURFACE('',#9403,1.E-1);
#9406=ORIENTED_EDGE('',*,*,#9405,.F.);
#9407=ORIENTED_EDGE('',*,*,#9385,.F.);
#9408=ORIENTED_EDGE('',*,*,#6739,.T.);
#9409=ORIENTED_EDGE('',*,*,#9192,.T.);
#9410=EDGE_LOOP('',(#9406,#9407,#9408,#9409));
#9411=FACE_OUTER_BOUND('',#9410,.F.);
#9413=FILL_AREA_STYLE_COLOUR('',#10);
#9414=FILL_AREA_STYLE('',(#9413));
#9415=SURFACE_STYLE_FILL_AREA(#9414);
#9416=SURFACE_SIDE_STYLE('',(#9415));
#9417=SURFACE_STYLE_USAGE(.POSITIVE.,#9416);
#9418=PRESENTATION_STYLE_ASSIGNMENT((#9417));
#9419=STYLED_ITEM('',(#9418),#9412);
#9420=CARTESIAN_POINT('',(-2.35E-1,6.E0,0.E0));
#9421=DIRECTION('',(1.E0,0.E0,0.E0));
#9422=DIRECTION('',(0.E0,-1.E0,0.E0));
#9423=AXIS2_PLACEMENT_3D('',#9420,#9421,#9422);
#9424=PLANE('',#9423);
#9425=ORIENTED_EDGE('',*,*,#9286,.F.);
#9426=ORIENTED_EDGE('',*,*,#9366,.T.);
#9427=ORIENTED_EDGE('',*,*,#9387,.T.);
#9428=ORIENTED_EDGE('',*,*,#9405,.T.);
#9429=ORIENTED_EDGE('',*,*,#9190,.T.);
#9430=EDGE_LOOP('',(#9425,#9426,#9427,#9428,#9429));
#9431=FACE_OUTER_BOUND('',#9430,.F.);
#9433=FILL_AREA_STYLE_COLOUR('',#10);
#9434=FILL_AREA_STYLE('',(#9433));
#9435=SURFACE_STYLE_FILL_AREA(#9434);
#9436=SURFACE_SIDE_STYLE('',(#9435));
#9437=SURFACE_STYLE_USAGE(.POSITIVE.,#9436);
#9438=PRESENTATION_STYLE_ASSIGNMENT((#9437));
#9439=STYLED_ITEM('',(#9438),#9432);
#9440=CARTESIAN_POINT('',(7.85E-1,6.E0,0.E0));
#9441=DIRECTION('',(1.E0,0.E0,0.E0));
#9442=DIRECTION('',(0.E0,-1.E0,0.E0));
#9443=AXIS2_PLACEMENT_3D('',#9440,#9441,#9442);
#9444=PLANE('',#9443);
#9445=ORIENTED_EDGE('',*,*,#9084,.F.);
#9447=ORIENTED_EDGE('',*,*,#9446,.T.);
#9449=ORIENTED_EDGE('',*,*,#9448,.T.);
#9451=ORIENTED_EDGE('',*,*,#9450,.T.);
#9452=ORIENTED_EDGE('',*,*,#9215,.T.);
#9453=ORIENTED_EDGE('',*,*,#8583,.T.);
#9454=ORIENTED_EDGE('',*,*,#7305,.F.);
#9456=ORIENTED_EDGE('',*,*,#9455,.F.);
#9457=ORIENTED_EDGE('',*,*,#8871,.F.);
#9458=ORIENTED_EDGE('',*,*,#8330,.F.);
#9459=EDGE_LOOP('',(#9445,#9447,#9449,#9451,#9452,#9453,#9454,#9456,#9457,
#9458));
#9460=FACE_OUTER_BOUND('',#9459,.F.);
#9462=FILL_AREA_STYLE_COLOUR('',#10);
#9463=FILL_AREA_STYLE('',(#9462));
#9464=SURFACE_STYLE_FILL_AREA(#9463);
#9465=SURFACE_SIDE_STYLE('',(#9464));
#9466=SURFACE_STYLE_USAGE(.POSITIVE.,#9465);
#9467=PRESENTATION_STYLE_ASSIGNMENT((#9466));
#9468=STYLED_ITEM('',(#9467),#9461);
#9469=CARTESIAN_POINT('',(8.85E-1,-2.16432E1,1.E-1));
#9470=DIRECTION('',(0.E0,1.E0,0.E0));
#9471=DIRECTION('',(0.E0,0.E0,-1.E0));
#9472=AXIS2_PLACEMENT_3D('',#9469,#9470,#9471);
#9473=CYLINDRICAL_SURFACE('',#9472,1.E-1);
#9474=ORIENTED_EDGE('',*,*,#7867,.T.);
#9476=ORIENTED_EDGE('',*,*,#9475,.T.);
#9477=ORIENTED_EDGE('',*,*,#9446,.F.);
#9478=ORIENTED_EDGE('',*,*,#9106,.T.);
#9479=EDGE_LOOP('',(#9474,#9476,#9477,#9478));
#9480=FACE_OUTER_BOUND('',#9479,.F.);
#9482=FILL_AREA_STYLE_COLOUR('',#10);
#9483=FILL_AREA_STYLE('',(#9482));
#9484=SURFACE_STYLE_FILL_AREA(#9483);
#9485=SURFACE_SIDE_STYLE('',(#9484));
#9486=SURFACE_STYLE_USAGE(.POSITIVE.,#9485);
#9487=PRESENTATION_STYLE_ASSIGNMENT((#9486));
#9488=STYLED_ITEM('',(#9487),#9481);
#9489=CARTESIAN_POINT('',(8.85E-1,5.7E0,3.E-1));
#9490=DIRECTION('',(1.E0,0.E0,0.E0));
#9491=DIRECTION('',(0.E0,-1.215533523461E-1,-9.925848994083E-1));
#9492=AXIS2_PLACEMENT_3D('',#9489,#9490,#9491);
#9493=TOROIDAL_SURFACE('',#9492,2.E-1,1.E-1);
#9494=ORIENTED_EDGE('',*,*,#7617,.T.);
#9496=ORIENTED_EDGE('',*,*,#9495,.T.);
#9497=ORIENTED_EDGE('',*,*,#9448,.F.);
#9498=ORIENTED_EDGE('',*,*,#9475,.F.);
#9499=EDGE_LOOP('',(#9494,#9496,#9497,#9498));
#9500=FACE_OUTER_BOUND('',#9499,.F.);
#9502=FILL_AREA_STYLE_COLOUR('',#10);
#9503=FILL_AREA_STYLE('',(#9502));
#9504=SURFACE_STYLE_FILL_AREA(#9503);
#9505=SURFACE_SIDE_STYLE('',(#9504));
#9506=SURFACE_STYLE_USAGE(.POSITIVE.,#9505);
#9507=PRESENTATION_STYLE_ASSIGNMENT((#9506));
#9508=STYLED_ITEM('',(#9507),#9501);
#9509=CARTESIAN_POINT('',(8.85E-1,5.9E0,2.657977690692E-1));
#9510=DIRECTION('',(0.E0,0.E0,1.E0));
#9511=DIRECTION('',(0.E0,1.E0,0.E0));
#9512=AXIS2_PLACEMENT_3D('',#9509,#9510,#9511);
#9513=CYLINDRICAL_SURFACE('',#9512,1.E-1);
#9514=ORIENTED_EDGE('',*,*,#9450,.F.);
#9515=ORIENTED_EDGE('',*,*,#9495,.F.);
#9516=ORIENTED_EDGE('',*,*,#6747,.T.);
#9517=ORIENTED_EDGE('',*,*,#9217,.T.);
#9518=EDGE_LOOP('',(#9514,#9515,#9516,#9517));
#9519=FACE_OUTER_BOUND('',#9518,.F.);
#9521=FILL_AREA_STYLE_COLOUR('',#10);
#9522=FILL_AREA_STYLE('',(#9521));
#9523=SURFACE_STYLE_FILL_AREA(#9522);
#9524=SURFACE_SIDE_STYLE('',(#9523));
#9525=SURFACE_STYLE_USAGE(.POSITIVE.,#9524);
#9526=PRESENTATION_STYLE_ASSIGNMENT((#9525));
#9527=STYLED_ITEM('',(#9526),#9520);
#9528=CARTESIAN_POINT('',(-2.362716260371E1,-6.E-1,1.6E0));
#9529=DIRECTION('',(1.E0,0.E0,0.E0));
#9530=DIRECTION('',(0.E0,0.E0,1.E0));
#9531=AXIS2_PLACEMENT_3D('',#9528,#9529,#9530);
#9532=CYLINDRICAL_SURFACE('',#9531,4.E-1);
#9533=ORIENTED_EDGE('',*,*,#8866,.F.);
#9534=ORIENTED_EDGE('',*,*,#9455,.T.);
#9535=ORIENTED_EDGE('',*,*,#7303,.T.);
#9537=ORIENTED_EDGE('',*,*,#9536,.T.);
#9538=EDGE_LOOP('',(#9533,#9534,#9535,#9537));
#9539=FACE_OUTER_BOUND('',#9538,.F.);
#9541=FILL_AREA_STYLE_COLOUR('',#10);
#9542=FILL_AREA_STYLE('',(#9541));
#9543=SURFACE_STYLE_FILL_AREA(#9542);
#9544=SURFACE_SIDE_STYLE('',(#9543));
#9545=SURFACE_STYLE_USAGE(.POSITIVE.,#9544);
#9546=PRESENTATION_STYLE_ASSIGNMENT((#9545));
#9547=STYLED_ITEM('',(#9546),#9540);
#9548=CARTESIAN_POINT('',(1.255E0,-6.E0,2.E0));
#9549=DIRECTION('',(-1.E0,0.E0,0.E0));
#9550=DIRECTION('',(0.E0,0.E0,-1.E0));
#9551=AXIS2_PLACEMENT_3D('',#9548,#9549,#9550);
#9552=PLANE('',#9551);
#9553=ORIENTED_EDGE('',*,*,#8868,.T.);
#9554=ORIENTED_EDGE('',*,*,#9536,.F.);
#9555=ORIENTED_EDGE('',*,*,#7301,.T.);
#9556=ORIENTED_EDGE('',*,*,#8543,.T.);
#9557=ORIENTED_EDGE('',*,*,#8334,.F.);
#9558=EDGE_LOOP('',(#9553,#9554,#9555,#9556,#9557));
#9559=FACE_OUTER_BOUND('',#9558,.F.);
#9561=CARTESIAN_POINT('',(-5.1E-1,5.19E0,8.E-1));
#9562=DIRECTION('',(0.E0,0.E0,-1.E0));
#9563=DIRECTION('',(1.E0,0.E0,0.E0));
#9564=AXIS2_PLACEMENT_3D('',#9561,#9562,#9563);
#9565=CYLINDRICAL_SURFACE('',#9564,2.3E-1);
#9566=ORIENTED_EDGE('',*,*,#9196,.F.);
#9568=ORIENTED_EDGE('',*,*,#9567,.T.);
#9570=ORIENTED_EDGE('',*,*,#9569,.T.);
#9572=ORIENTED_EDGE('',*,*,#9571,.F.);
#9573=EDGE_LOOP('',(#9566,#9568,#9570,#9572));
#9574=FACE_OUTER_BOUND('',#9573,.F.);
#9576=FILL_AREA_STYLE_COLOUR('',#6);
#9577=FILL_AREA_STYLE('',(#9576));
#9578=SURFACE_STYLE_FILL_AREA(#9577);
#9579=SURFACE_SIDE_STYLE('',(#9578));
#9580=SURFACE_STYLE_USAGE(.POSITIVE.,#9579);
#9581=PRESENTATION_STYLE_ASSIGNMENT((#9580));
#9582=STYLED_ITEM('',(#9581),#9575);
#9583=CARTESIAN_POINT('',(-5.1E-1,5.19E0,8.E-1));
#9584=DIRECTION('',(0.E0,0.E0,-1.E0));
#9585=DIRECTION('',(1.E0,0.E0,0.E0));
#9586=AXIS2_PLACEMENT_3D('',#9583,#9584,#9585);
#9587=CYLINDRICAL_SURFACE('',#9586,2.3E-1);
#9588=ORIENTED_EDGE('',*,*,#9198,.F.);
#9589=ORIENTED_EDGE('',*,*,#9571,.T.);
#9591=ORIENTED_EDGE('',*,*,#9590,.T.);
#9592=ORIENTED_EDGE('',*,*,#9567,.F.);
#9593=EDGE_LOOP('',(#9588,#9589,#9591,#9592));
#9594=FACE_OUTER_BOUND('',#9593,.F.);
#9596=FILL_AREA_STYLE_COLOUR('',#6);
#9597=FILL_AREA_STYLE('',(#9596));
#9598=SURFACE_STYLE_FILL_AREA(#9597);
#9599=SURFACE_SIDE_STYLE('',(#9598));
#9600=SURFACE_STYLE_USAGE(.POSITIVE.,#9599);
#9601=PRESENTATION_STYLE_ASSIGNMENT((#9600));
#9602=STYLED_ITEM('',(#9601),#9595);
#9603=CARTESIAN_POINT('',(2.04E0,0.E0,-2.2E0));
#9604=DIRECTION('',(0.E0,0.E0,-1.E0));
#9605=DIRECTION('',(1.E0,0.E0,0.E0));
#9606=AXIS2_PLACEMENT_3D('',#9603,#9604,#9605);
#9607=PLANE('',#9606);
#9608=ORIENTED_EDGE('',*,*,#9569,.F.);
#9609=ORIENTED_EDGE('',*,*,#9590,.F.);
#9610=EDGE_LOOP('',(#9608,#9609));
#9611=FACE_OUTER_BOUND('',#9610,.F.);
#9613=FILL_AREA_STYLE_COLOUR('',#6);
#9614=FILL_AREA_STYLE('',(#9613));
#9615=SURFACE_STYLE_FILL_AREA(#9614);
#9616=SURFACE_SIDE_STYLE('',(#9615));
#9617=SURFACE_STYLE_USAGE(.POSITIVE.,#9616);
#9618=PRESENTATION_STYLE_ASSIGNMENT((#9617));
#9619=STYLED_ITEM('',(#9618),#9612);
#9620=CARTESIAN_POINT('',(-2.35E-1,-6.E0,8.E-1));
#9621=DIRECTION('',(1.E0,0.E0,0.E0));
#9622=DIRECTION('',(0.E0,0.E0,1.E0));
#9623=AXIS2_PLACEMENT_3D('',#9620,#9621,#9622);
#9624=PLANE('',#9623);
#9625=ORIENTED_EDGE('',*,*,#8849,.F.);
#9626=ORIENTED_EDGE('',*,*,#8322,.T.);
#9627=ORIENTED_EDGE('',*,*,#8519,.T.);
#9628=ORIENTED_EDGE('',*,*,#7313,.F.);
#9629=ORIENTED_EDGE('',*,*,#9033,.F.);
#9630=EDGE_LOOP('',(#9625,#9626,#9627,#9628,#9629));
#9631=FACE_OUTER_BOUND('',#9630,.F.);
#9633=CARTESIAN_POINT('',(-2.362716260371E1,-6.E-1,1.6E0));
#9634=DIRECTION('',(1.E0,0.E0,0.E0));
#9635=DIRECTION('',(0.E0,0.E0,1.E0));
#9636=AXIS2_PLACEMENT_3D('',#9633,#9634,#9635);
#9637=CYLINDRICAL_SURFACE('',#9636,4.E-1);
#9638=ORIENTED_EDGE('',*,*,#8272,.T.);
#9639=ORIENTED_EDGE('',*,*,#8888,.F.);
#9641=ORIENTED_EDGE('',*,*,#9640,.T.);
#9642=ORIENTED_EDGE('',*,*,#7295,.T.);
#9643=EDGE_LOOP('',(#9638,#9639,#9641,#9642));
#9644=FACE_OUTER_BOUND('',#9643,.F.);
#9646=FILL_AREA_STYLE_COLOUR('',#10);
#9647=FILL_AREA_STYLE('',(#9646));
#9648=SURFACE_STYLE_FILL_AREA(#9647);
#9649=SURFACE_SIDE_STYLE('',(#9648));
#9650=SURFACE_STYLE_USAGE(.POSITIVE.,#9649);
#9651=PRESENTATION_STYLE_ASSIGNMENT((#9650));
#9652=STYLED_ITEM('',(#9651),#9645);
#9653=CARTESIAN_POINT('',(1.805E0,-6.E0,8.E-1));
#9654=DIRECTION('',(1.E0,0.E0,0.E0));
#9655=DIRECTION('',(0.E0,0.E0,1.E0));
#9656=AXIS2_PLACEMENT_3D('',#9653,#9654,#9655);
#9657=PLANE('',#9656);
#9658=ORIENTED_EDGE('',*,*,#8892,.F.);
#9659=ORIENTED_EDGE('',*,*,#8338,.T.);
#9660=ORIENTED_EDGE('',*,*,#8540,.T.);
#9661=ORIENTED_EDGE('',*,*,#7297,.F.);
#9662=ORIENTED_EDGE('',*,*,#9640,.F.);
#9663=EDGE_LOOP('',(#9658,#9659,#9660,#9661,#9662));
#9664=FACE_OUTER_BOUND('',#9663,.F.);
#9666=CARTESIAN_POINT('',(-2.825E0,-6.E0,2.E0));
#9667=DIRECTION('',(-1.E0,0.E0,0.E0));
#9668=DIRECTION('',(0.E0,0.E0,-1.E0));
#9669=AXIS2_PLACEMENT_3D('',#9666,#9667,#9668);
#9670=PLANE('',#9669);
#9671=ORIENTED_EDGE('',*,*,#7211,.T.);
#9672=ORIENTED_EDGE('',*,*,#8501,.T.);
#9673=ORIENTED_EDGE('',*,*,#8304,.F.);
#9674=ORIENTED_EDGE('',*,*,#8393,.F.);
#9675=ORIENTED_EDGE('',*,*,#8430,.T.);
#9676=EDGE_LOOP('',(#9671,#9672,#9673,#9674,#9675));
#9677=FACE_OUTER_BOUND('',#9676,.F.);
#9679=FILL_AREA_STYLE_COLOUR('',#14);
#9680=FILL_AREA_STYLE('',(#9679));
#9681=SURFACE_STYLE_FILL_AREA(#9680);
#9682=SURFACE_SIDE_STYLE('',(#9681));
#9683=SURFACE_STYLE_USAGE(.POSITIVE.,#9682);
#9684=PRESENTATION_STYLE_ASSIGNMENT((#9683));
#9685=STYLED_ITEM('',(#9684),#9678);
#9686=CARTESIAN_POINT('',(-4.25E0,-6.E0,9.8E0));
#9687=DIRECTION('',(-1.E0,0.E0,0.E0));
#9688=DIRECTION('',(0.E0,0.E0,-1.E0));
#9689=AXIS2_PLACEMENT_3D('',#9686,#9687,#9688);
#9690=PLANE('',#9689);
#9692=ORIENTED_EDGE('',*,*,#9691,.T.);
#9694=ORIENTED_EDGE('',*,*,#9693,.T.);
#9696=ORIENTED_EDGE('',*,*,#9695,.F.);
#9697=ORIENTED_EDGE('',*,*,#8621,.F.);
#9699=ORIENTED_EDGE('',*,*,#9698,.T.);
#9701=ORIENTED_EDGE('',*,*,#9700,.T.);
#9703=ORIENTED_EDGE('',*,*,#9702,.F.);
#9705=ORIENTED_EDGE('',*,*,#9704,.F.);
#9706=EDGE_LOOP('',(#9692,#9694,#9696,#9697,#9699,#9701,#9703,#9705));
#9707=FACE_OUTER_BOUND('',#9706,.F.);
#9709=FILL_AREA_STYLE_COLOUR('',#10);
#9710=FILL_AREA_STYLE('',(#9709));
#9711=SURFACE_STYLE_FILL_AREA(#9710);
#9712=SURFACE_SIDE_STYLE('',(#9711));
#9713=SURFACE_STYLE_USAGE(.POSITIVE.,#9712);
#9714=PRESENTATION_STYLE_ASSIGNMENT((#9713));
#9715=STYLED_ITEM('',(#9714),#9708);
#9716=CARTESIAN_POINT('',(3.15E0,-6.E0,1.05E1));
#9717=DIRECTION('',(0.E0,0.E0,1.E0));
#9718=DIRECTION('',(-1.E0,0.E0,0.E0));
#9719=AXIS2_PLACEMENT_3D('',#9716,#9717,#9718);
#9720=PLANE('',#9719);
#9722=ORIENTED_EDGE('',*,*,#9721,.F.);
#9724=ORIENTED_EDGE('',*,*,#9723,.T.);
#9725=ORIENTED_EDGE('',*,*,#9691,.F.);
#9727=ORIENTED_EDGE('',*,*,#9726,.F.);
#9729=ORIENTED_EDGE('',*,*,#9728,.T.);
#9731=ORIENTED_EDGE('',*,*,#9730,.F.);
#9733=ORIENTED_EDGE('',*,*,#9732,.F.);
#9735=ORIENTED_EDGE('',*,*,#9734,.F.);
#9737=ORIENTED_EDGE('',*,*,#9736,.F.);
#9739=ORIENTED_EDGE('',*,*,#9738,.T.);
#9741=ORIENTED_EDGE('',*,*,#9740,.F.);
#9743=ORIENTED_EDGE('',*,*,#9742,.F.);
#9744=EDGE_LOOP('',(#9722,#9724,#9725,#9727,#9729,#9731,#9733,#9735,#9737,#9739,
#9741,#9743));
#9745=FACE_OUTER_BOUND('',#9744,.F.);
#9747=FILL_AREA_STYLE_COLOUR('',#10);
#9748=FILL_AREA_STYLE('',(#9747));
#9749=SURFACE_STYLE_FILL_AREA(#9748);
#9750=SURFACE_SIDE_STYLE('',(#9749));
#9751=SURFACE_STYLE_USAGE(.POSITIVE.,#9750);
#9752=PRESENTATION_STYLE_ASSIGNMENT((#9751));
#9753=STYLED_ITEM('',(#9752),#9746);
#9754=CARTESIAN_POINT('',(4.25E0,-6.E0,8.8E0));
#9755=DIRECTION('',(1.E0,0.E0,0.E0));
#9756=DIRECTION('',(0.E0,0.E0,1.E0));
#9757=AXIS2_PLACEMENT_3D('',#9754,#9755,#9756);
#9758=PLANE('',#9757);
#9760=ORIENTED_EDGE('',*,*,#9759,.F.);
#9761=ORIENTED_EDGE('',*,*,#8759,.T.);
#9763=ORIENTED_EDGE('',*,*,#9762,.T.);
#9765=ORIENTED_EDGE('',*,*,#9764,.T.);
#9766=ORIENTED_EDGE('',*,*,#9721,.T.);
#9768=ORIENTED_EDGE('',*,*,#9767,.F.);
#9770=ORIENTED_EDGE('',*,*,#9769,.T.);
#9772=ORIENTED_EDGE('',*,*,#9771,.T.);
#9773=EDGE_LOOP('',(#9760,#9761,#9763,#9765,#9766,#9768,#9770,#9772));
#9774=FACE_OUTER_BOUND('',#9773,.F.);
#9776=FILL_AREA_STYLE_COLOUR('',#10);
#9777=FILL_AREA_STYLE('',(#9776));
#9778=SURFACE_STYLE_FILL_AREA(#9777);
#9779=SURFACE_SIDE_STYLE('',(#9778));
#9780=SURFACE_STYLE_USAGE(.POSITIVE.,#9779);
#9781=PRESENTATION_STYLE_ASSIGNMENT((#9780));
#9782=STYLED_ITEM('',(#9781),#9775);
#9783=CARTESIAN_POINT('',(4.25E0,4.E0,6.8E0));
#9784=DIRECTION('',(0.E0,0.E0,-1.E0));
#9785=DIRECTION('',(1.E0,0.E0,0.E0));
#9786=AXIS2_PLACEMENT_3D('',#9783,#9784,#9785);
#9787=PLANE('',#9786);
#9788=ORIENTED_EDGE('',*,*,#8761,.T.);
#9789=ORIENTED_EDGE('',*,*,#9759,.T.);
#9791=ORIENTED_EDGE('',*,*,#9790,.T.);
#9792=ORIENTED_EDGE('',*,*,#8476,.F.);
#9793=EDGE_LOOP('',(#9788,#9789,#9791,#9792));
#9794=FACE_OUTER_BOUND('',#9793,.F.);
#9796=FILL_AREA_STYLE_COLOUR('',#10);
#9797=FILL_AREA_STYLE('',(#9796));
#9798=SURFACE_STYLE_FILL_AREA(#9797);
#9799=SURFACE_SIDE_STYLE('',(#9798));
#9800=SURFACE_STYLE_USAGE(.POSITIVE.,#9799);
#9801=PRESENTATION_STYLE_ASSIGNMENT((#9800));
#9802=STYLED_ITEM('',(#9801),#9795);
#9803=CARTESIAN_POINT('',(0.E0,1.5E0,0.E0));
#9804=DIRECTION('',(0.E0,-1.E0,0.E0));
#9805=DIRECTION('',(1.E0,0.E0,0.E0));
#9806=AXIS2_PLACEMENT_3D('',#9803,#9804,#9805);
#9807=PLANE('',#9806);
#9809=ORIENTED_EDGE('',*,*,#9808,.F.);
#9810=ORIENTED_EDGE('',*,*,#9700,.F.);
#9812=ORIENTED_EDGE('',*,*,#9811,.F.);
#9814=ORIENTED_EDGE('',*,*,#9813,.F.);
#9815=EDGE_LOOP('',(#9809,#9810,#9812,#9814));
#9816=FACE_OUTER_BOUND('',#9815,.F.);
#9818=FILL_AREA_STYLE_COLOUR('',#10);
#9819=FILL_AREA_STYLE('',(#9818));
#9820=SURFACE_STYLE_FILL_AREA(#9819);
#9821=SURFACE_SIDE_STYLE('',(#9820));
#9822=SURFACE_STYLE_USAGE(.POSITIVE.,#9821);
#9823=PRESENTATION_STYLE_ASSIGNMENT((#9822));
#9824=STYLED_ITEM('',(#9823),#9817);
#9825=CARTESIAN_POINT('',(0.E0,1.5E0,0.E0));
#9826=DIRECTION('',(0.E0,-1.E0,0.E0));
#9827=DIRECTION('',(1.E0,0.E0,0.E0));
#9828=AXIS2_PLACEMENT_3D('',#9825,#9826,#9827);
#9829=PLANE('',#9828);
#9830=ORIENTED_EDGE('',*,*,#8478,.T.);
#9831=ORIENTED_EDGE('',*,*,#9790,.F.);
#9832=ORIENTED_EDGE('',*,*,#9771,.F.);
#9834=ORIENTED_EDGE('',*,*,#9833,.F.);
#9835=EDGE_LOOP('',(#9830,#9831,#9832,#9834));
#9836=FACE_OUTER_BOUND('',#9835,.F.);
#9838=FILL_AREA_STYLE_COLOUR('',#10);
#9839=FILL_AREA_STYLE('',(#9838));
#9840=SURFACE_STYLE_FILL_AREA(#9839);
#9841=SURFACE_SIDE_STYLE('',(#9840));
#9842=SURFACE_STYLE_USAGE(.POSITIVE.,#9841);
#9843=PRESENTATION_STYLE_ASSIGNMENT((#9842));
#9844=STYLED_ITEM('',(#9843),#9837);
#9845=CARTESIAN_POINT('',(-4.25E0,-6.E0,8.8E0));
#9846=DIRECTION('',(0.E0,0.E0,1.E0));
#9847=DIRECTION('',(-1.E0,0.E0,0.E0));
#9848=AXIS2_PLACEMENT_3D('',#9845,#9846,#9847);
#9849=PLANE('',#9848);
#9851=ORIENTED_EDGE('',*,*,#9850,.T.);
#9852=ORIENTED_EDGE('',*,*,#9702,.T.);
#9853=ORIENTED_EDGE('',*,*,#9808,.T.);
#9855=ORIENTED_EDGE('',*,*,#9854,.F.);
#9856=EDGE_LOOP('',(#9851,#9852,#9853,#9855));
#9857=FACE_OUTER_BOUND('',#9856,.F.);
#9859=FILL_AREA_STYLE_COLOUR('',#10);
#9860=FILL_AREA_STYLE('',(#9859));
#9861=SURFACE_STYLE_FILL_AREA(#9860);
#9862=SURFACE_SIDE_STYLE('',(#9861));
#9863=SURFACE_STYLE_USAGE(.POSITIVE.,#9862);
#9864=PRESENTATION_STYLE_ASSIGNMENT((#9863));
#9865=STYLED_ITEM('',(#9864),#9858);
#9866=CARTESIAN_POINT('',(-4.625E0,-5.8E0,9.E0));
#9867=DIRECTION('',(0.E0,-7.071067811865E-1,-7.071067811865E-1));
#9868=DIRECTION('',(0.E0,7.071067811865E-1,-7.071067811865E-1));
#9869=AXIS2_PLACEMENT_3D('',#9866,#9867,#9868);
#9870=PLANE('',#9869);
#9871=ORIENTED_EDGE('',*,*,#8387,.T.);
#9873=ORIENTED_EDGE('',*,*,#9872,.F.);
#9874=ORIENTED_EDGE('',*,*,#9850,.F.);
#9876=ORIENTED_EDGE('',*,*,#9875,.T.);
#9877=EDGE_LOOP('',(#9871,#9873,#9874,#9876));
#9878=FACE_OUTER_BOUND('',#9877,.F.);
#9880=FILL_AREA_STYLE_COLOUR('',#10);
#9881=FILL_AREA_STYLE('',(#9880));
#9882=SURFACE_STYLE_FILL_AREA(#9881);
#9883=SURFACE_SIDE_STYLE('',(#9882));
#9884=SURFACE_STYLE_USAGE(.POSITIVE.,#9883);
#9885=PRESENTATION_STYLE_ASSIGNMENT((#9884));
#9886=STYLED_ITEM('',(#9885),#9879);
#9887=CARTESIAN_POINT('',(-4.45E0,-5.8E0,9.65E0));
#9888=DIRECTION('',(7.071067811865E-1,-7.071067811865E-1,0.E0));
#9889=DIRECTION('',(-7.071067811865E-1,-7.071067811865E-1,0.E0));
#9890=AXIS2_PLACEMENT_3D('',#9887,#9888,#9889);
#9891=PLANE('',#9890);
#9892=ORIENTED_EDGE('',*,*,#8385,.F.);
#9894=ORIENTED_EDGE('',*,*,#9893,.F.);
#9895=ORIENTED_EDGE('',*,*,#9704,.T.);
#9896=ORIENTED_EDGE('',*,*,#9872,.T.);
#9897=EDGE_LOOP('',(#9892,#9894,#9895,#9896));
#9898=FACE_OUTER_BOUND('',#9897,.F.);
#9900=FILL_AREA_STYLE_COLOUR('',#10);
#9901=FILL_AREA_STYLE('',(#9900));
#9902=SURFACE_STYLE_FILL_AREA(#9901);
#9903=SURFACE_SIDE_STYLE('',(#9902));
#9904=SURFACE_STYLE_USAGE(.POSITIVE.,#9903);
#9905=PRESENTATION_STYLE_ASSIGNMENT((#9904));
#9906=STYLED_ITEM('',(#9905),#9899);
#9907=CARTESIAN_POINT('',(-3.125E0,-5.8E0,1.07E1));
#9908=DIRECTION('',(0.E0,-7.071067811865E-1,-7.071067811865E-1));
#9909=DIRECTION('',(0.E0,-7.071067811865E-1,7.071067811865E-1));
#9910=AXIS2_PLACEMENT_3D('',#9907,#9908,#9909);
#9911=PLANE('',#9910);
#9913=ORIENTED_EDGE('',*,*,#9912,.T.);
#9914=ORIENTED_EDGE('',*,*,#9726,.T.);
#9915=ORIENTED_EDGE('',*,*,#9893,.T.);
#9916=ORIENTED_EDGE('',*,*,#8383,.F.);
#9917=EDGE_LOOP('',(#9913,#9914,#9915,#9916));
#9918=FACE_OUTER_BOUND('',#9917,.F.);
#9920=FILL_AREA_STYLE_COLOUR('',#10);
#9921=FILL_AREA_STYLE('',(#9920));
#9922=SURFACE_STYLE_FILL_AREA(#9921);
#9923=SURFACE_SIDE_STYLE('',(#9922));
#9924=SURFACE_STYLE_USAGE(.POSITIVE.,#9923);
#9925=PRESENTATION_STYLE_ASSIGNMENT((#9924));
#9926=STYLED_ITEM('',(#9925),#9919);
#9927=CARTESIAN_POINT('',(-2.E0,-4.E0,1.15E1));
#9928=DIRECTION('',(-1.E0,0.E0,0.E0));
#9929=DIRECTION('',(0.E0,-1.E0,0.E0));
#9930=AXIS2_PLACEMENT_3D('',#9927,#9928,#9929);
#9931=PLANE('',#9930);
#9932=ORIENTED_EDGE('',*,*,#8381,.F.);
#9934=ORIENTED_EDGE('',*,*,#9933,.F.);
#9936=ORIENTED_EDGE('',*,*,#9935,.T.);
#9938=ORIENTED_EDGE('',*,*,#9937,.T.);
#9939=ORIENTED_EDGE('',*,*,#9728,.F.);
#9940=ORIENTED_EDGE('',*,*,#9912,.F.);
#9941=EDGE_LOOP('',(#9932,#9934,#9936,#9938,#9939,#9940));
#9942=FACE_OUTER_BOUND('',#9941,.F.);
#9944=FILL_AREA_STYLE_COLOUR('',#10);
#9945=FILL_AREA_STYLE('',(#9944));
#9946=SURFACE_STYLE_FILL_AREA(#9945);
#9947=SURFACE_SIDE_STYLE('',(#9946));
#9948=SURFACE_STYLE_USAGE(.POSITIVE.,#9947);
#9949=PRESENTATION_STYLE_ASSIGNMENT((#9948));
#9950=STYLED_ITEM('',(#9949),#9943);
#9951=CARTESIAN_POINT('',(-2.362716E1,-5.7E0,1.12E1));
#9952=DIRECTION('',(1.E0,0.E0,0.E0));
#9953=DIRECTION('',(0.E0,0.E0,1.E0));
#9954=AXIS2_PLACEMENT_3D('',#9951,#9952,#9953);
#9955=CYLINDRICAL_SURFACE('',#9954,3.E-1);
#9956=ORIENTED_EDGE('',*,*,#9933,.T.);
#9957=ORIENTED_EDGE('',*,*,#8379,.F.);
#9959=ORIENTED_EDGE('',*,*,#9958,.T.);
#9961=ORIENTED_EDGE('',*,*,#9960,.T.);
#9962=EDGE_LOOP('',(#9956,#9957,#9959,#9961));
#9963=FACE_OUTER_BOUND('',#9962,.F.);
#9965=FILL_AREA_STYLE_COLOUR('',#10);
#9966=FILL_AREA_STYLE('',(#9965));
#9967=SURFACE_STYLE_FILL_AREA(#9966);
#9968=SURFACE_SIDE_STYLE('',(#9967));
#9969=SURFACE_STYLE_USAGE(.POSITIVE.,#9968);
#9970=PRESENTATION_STYLE_ASSIGNMENT((#9969));
#9971=STYLED_ITEM('',(#9970),#9964);
#9972=CARTESIAN_POINT('',(-2.362716E1,-5.7E0,1.12E1));
#9973=DIRECTION('',(1.E0,0.E0,0.E0));
#9974=DIRECTION('',(0.E0,0.E0,1.E0));
#9975=AXIS2_PLACEMENT_3D('',#9972,#9973,#9974);
#9976=CYLINDRICAL_SURFACE('',#9975,3.E-1);
#9978=ORIENTED_EDGE('',*,*,#9977,.F.);
#9980=ORIENTED_EDGE('',*,*,#9979,.T.);
#9982=ORIENTED_EDGE('',*,*,#9981,.T.);
#9983=ORIENTED_EDGE('',*,*,#8371,.F.);
#9984=EDGE_LOOP('',(#9978,#9980,#9982,#9983));
#9985=FACE_OUTER_BOUND('',#9984,.F.);
#9987=FILL_AREA_STYLE_COLOUR('',#10);
#9988=FILL_AREA_STYLE('',(#9987));
#9989=SURFACE_STYLE_FILL_AREA(#9988);
#9990=SURFACE_SIDE_STYLE('',(#9989));
#9991=SURFACE_STYLE_USAGE(.POSITIVE.,#9990);
#9992=PRESENTATION_STYLE_ASSIGNMENT((#9991));
#9993=STYLED_ITEM('',(#9992),#9986);
#9994=CARTESIAN_POINT('',(-6.25E0,-5.7E0,1.12E1));
#9995=DIRECTION('',(0.E0,-7.071067811865E-1,-7.071067811865E-1));
#9996=DIRECTION('',(0.E0,-7.071067811865E-1,7.071067811865E-1));
#9997=AXIS2_PLACEMENT_3D('',#9994,#9995,#9996);
#9998=SPHERICAL_SURFACE('',#9997,3.E-1);
#9999=ORIENTED_EDGE('',*,*,#9958,.F.);
#10001=ORIENTED_EDGE('',*,*,#10000,.F.);
#10003=ORIENTED_EDGE('',*,*,#10002,.F.);
#10004=EDGE_LOOP('',(#9999,#10001,#10003));
#10005=FACE_OUTER_BOUND('',#10004,.F.);
#10007=FILL_AREA_STYLE_COLOUR('',#10);
#10008=FILL_AREA_STYLE('',(#10007));
#10009=SURFACE_STYLE_FILL_AREA(#10008);
#10010=SURFACE_SIDE_STYLE('',(#10009));
#10011=SURFACE_STYLE_USAGE(.POSITIVE.,#10010);
#10012=PRESENTATION_STYLE_ASSIGNMENT((#10011));
#10013=STYLED_ITEM('',(#10012),#10006);
#10014=CARTESIAN_POINT('',(-6.25E0,-5.7E0,2.64914E1));
#10015=DIRECTION('',(0.E0,0.E0,-1.E0));
#10016=DIRECTION('',(0.E0,-1.E0,0.E0));
#10017=AXIS2_PLACEMENT_3D('',#10014,#10015,#10016);
#10018=CYLINDRICAL_SURFACE('',#10017,3.E-1);
#10019=ORIENTED_EDGE('',*,*,#8377,.T.);
#10021=ORIENTED_EDGE('',*,*,#10020,.T.);
#10023=ORIENTED_EDGE('',*,*,#10022,.F.);
#10024=ORIENTED_EDGE('',*,*,#10000,.T.);
#10025=EDGE_LOOP('',(#10019,#10021,#10023,#10024));
#10026=FACE_OUTER_BOUND('',#10025,.F.);
#10028=FILL_AREA_STYLE_COLOUR('',#10);
#10029=FILL_AREA_STYLE('',(#10028));
#10030=SURFACE_STYLE_FILL_AREA(#10029);
#10031=SURFACE_SIDE_STYLE('',(#10030));
#10032=SURFACE_STYLE_USAGE(.POSITIVE.,#10031);
#10033=PRESENTATION_STYLE_ASSIGNMENT((#10032));
#10034=STYLED_ITEM('',(#10033),#10027);
#10035=CARTESIAN_POINT('',(-6.25E0,-5.7E0,3.E-1));
#10036=DIRECTION('',(7.071067811865E-1,-7.071067811865E-1,0.E0));
#10037=DIRECTION('',(-7.071067811865E-1,-7.071067811865E-1,0.E0));
#10038=AXIS2_PLACEMENT_3D('',#10035,#10036,#10037);
#10039=SPHERICAL_SURFACE('',#10038,3.E-1);
#10040=ORIENTED_EDGE('',*,*,#10020,.F.);
#10042=ORIENTED_EDGE('',*,*,#10041,.F.);
#10044=ORIENTED_EDGE('',*,*,#10043,.F.);
#10045=EDGE_LOOP('',(#10040,#10042,#10044));
#10046=FACE_OUTER_BOUND('',#10045,.F.);
#10048=FILL_AREA_STYLE_COLOUR('',#10);
#10049=FILL_AREA_STYLE('',(#10048));
#10050=SURFACE_STYLE_FILL_AREA(#10049);
#10051=SURFACE_SIDE_STYLE('',(#10050));
#10052=SURFACE_STYLE_USAGE(.POSITIVE.,#10051);
#10053=PRESENTATION_STYLE_ASSIGNMENT((#10052));
#10054=STYLED_ITEM('',(#10053),#10047);
#10055=CARTESIAN_POINT('',(2.362716E1,-5.7E0,3.E-1));
#10056=DIRECTION('',(-1.E0,0.E0,0.E0));
#10057=DIRECTION('',(0.E0,0.E0,-1.E0));
#10058=AXIS2_PLACEMENT_3D('',#10055,#10056,#10057);
#10059=CYLINDRICAL_SURFACE('',#10058,3.E-1);
#10060=ORIENTED_EDGE('',*,*,#7906,.T.);
#10061=ORIENTED_EDGE('',*,*,#10041,.T.);
#10062=ORIENTED_EDGE('',*,*,#8375,.F.);
#10064=ORIENTED_EDGE('',*,*,#10063,.T.);
#10065=EDGE_LOOP('',(#10060,#10061,#10062,#10064));
#10066=FACE_OUTER_BOUND('',#10065,.F.);
#10068=FILL_AREA_STYLE_COLOUR('',#10);
#10069=FILL_AREA_STYLE('',(#10068));
#10070=SURFACE_STYLE_FILL_AREA(#10069);
#10071=SURFACE_SIDE_STYLE('',(#10070));
#10072=SURFACE_STYLE_USAGE(.POSITIVE.,#10071);
#10073=PRESENTATION_STYLE_ASSIGNMENT((#10072));
#10074=STYLED_ITEM('',(#10073),#10067);
#10075=CARTESIAN_POINT('',(6.25E0,-5.7E0,3.E-1));
#10076=DIRECTION('',(7.071067811865E-1,7.071067811865E-1,0.E0));
#10077=DIRECTION('',(7.071067811865E-1,-7.071067811865E-1,0.E0));
#10078=AXIS2_PLACEMENT_3D('',#10075,#10076,#10077);
#10079=SPHERICAL_SURFACE('',#10078,3.E-1);
#10080=ORIENTED_EDGE('',*,*,#10063,.F.);
#10082=ORIENTED_EDGE('',*,*,#10081,.F.);
#10084=ORIENTED_EDGE('',*,*,#10083,.F.);
#10085=EDGE_LOOP('',(#10080,#10082,#10084));
#10086=FACE_OUTER_BOUND('',#10085,.F.);
#10088=FILL_AREA_STYLE_COLOUR('',#10);
#10089=FILL_AREA_STYLE('',(#10088));
#10090=SURFACE_STYLE_FILL_AREA(#10089);
#10091=SURFACE_SIDE_STYLE('',(#10090));
#10092=SURFACE_STYLE_USAGE(.POSITIVE.,#10091);
#10093=PRESENTATION_STYLE_ASSIGNMENT((#10092));
#10094=STYLED_ITEM('',(#10093),#10087);
#10095=CARTESIAN_POINT('',(6.25E0,-5.7E0,2.64914E1));
#10096=DIRECTION('',(0.E0,0.E0,-1.E0));
#10097=DIRECTION('',(1.E0,0.E0,0.E0));
#10098=AXIS2_PLACEMENT_3D('',#10095,#10096,#10097);
#10099=CYLINDRICAL_SURFACE('',#10098,3.E-1);
#10101=ORIENTED_EDGE('',*,*,#10100,.T.);
#10102=ORIENTED_EDGE('',*,*,#10081,.T.);
#10103=ORIENTED_EDGE('',*,*,#8373,.F.);
#10105=ORIENTED_EDGE('',*,*,#10104,.T.);
#10106=EDGE_LOOP('',(#10101,#10102,#10103,#10105));
#10107=FACE_OUTER_BOUND('',#10106,.F.);
#10109=FILL_AREA_STYLE_COLOUR('',#10);
#10110=FILL_AREA_STYLE('',(#10109));
#10111=SURFACE_STYLE_FILL_AREA(#10110);
#10112=SURFACE_SIDE_STYLE('',(#10111));
#10113=SURFACE_STYLE_USAGE(.POSITIVE.,#10112);
#10114=PRESENTATION_STYLE_ASSIGNMENT((#10113));
#10115=STYLED_ITEM('',(#10114),#10108);
#10116=CARTESIAN_POINT('',(6.55E0,-6.E0,0.E0));
#10117=DIRECTION('',(1.E0,0.E0,0.E0));
#10118=DIRECTION('',(0.E0,1.E0,0.E0));
#10119=AXIS2_PLACEMENT_3D('',#10116,#10117,#10118);
#10120=PLANE('',#10119);
#10122=ORIENTED_EDGE('',*,*,#10121,.T.);
#10124=ORIENTED_EDGE('',*,*,#10123,.T.);
#10125=ORIENTED_EDGE('',*,*,#10100,.F.);
#10127=ORIENTED_EDGE('',*,*,#10126,.T.);
#10129=ORIENTED_EDGE('',*,*,#10128,.T.);
#10130=EDGE_LOOP('',(#10122,#10124,#10125,#10127,#10129));
#10131=FACE_OUTER_BOUND('',#10130,.F.);
#10133=FILL_AREA_STYLE_COLOUR('',#10);
#10134=FILL_AREA_STYLE('',(#10133));
#10135=SURFACE_STYLE_FILL_AREA(#10134);
#10136=SURFACE_SIDE_STYLE('',(#10135));
#10137=SURFACE_STYLE_USAGE(.POSITIVE.,#10136);
#10138=PRESENTATION_STYLE_ASSIGNMENT((#10137));
#10139=STYLED_ITEM('',(#10138),#10132);
#10140=CARTESIAN_POINT('',(6.25E0,2.16432E1,3.E-1));
#10141=DIRECTION('',(0.E0,-1.E0,0.E0));
#10142=DIRECTION('',(0.E0,0.E0,-1.E0));
#10143=AXIS2_PLACEMENT_3D('',#10140,#10141,#10142);
#10144=CYLINDRICAL_SURFACE('',#10143,3.E-1);
#10146=ORIENTED_EDGE('',*,*,#10145,.T.);
#10147=ORIENTED_EDGE('',*,*,#7908,.T.);
#10148=ORIENTED_EDGE('',*,*,#10083,.T.);
#10149=ORIENTED_EDGE('',*,*,#10123,.F.);
#10150=EDGE_LOOP('',(#10146,#10147,#10148,#10149));
#10151=FACE_OUTER_BOUND('',#10150,.F.);
#10153=FILL_AREA_STYLE_COLOUR('',#10);
#10154=FILL_AREA_STYLE('',(#10153));
#10155=SURFACE_STYLE_FILL_AREA(#10154);
#10156=SURFACE_SIDE_STYLE('',(#10155));
#10157=SURFACE_STYLE_USAGE(.POSITIVE.,#10156);
#10158=PRESENTATION_STYLE_ASSIGNMENT((#10157));
#10159=STYLED_ITEM('',(#10158),#10152);
#10160=CARTESIAN_POINT('',(6.25E0,2.16432E1,3.E-1));
#10161=DIRECTION('',(0.E0,-1.E0,0.E0));
#10162=DIRECTION('',(0.E0,0.E0,-1.E0));
#10163=AXIS2_PLACEMENT_3D('',#10160,#10161,#10162);
#10164=CYLINDRICAL_SURFACE('',#10163,3.E-1);
#10166=ORIENTED_EDGE('',*,*,#10165,.T.);
#10167=ORIENTED_EDGE('',*,*,#10121,.F.);
#10169=ORIENTED_EDGE('',*,*,#10168,.T.);
#10170=ORIENTED_EDGE('',*,*,#7920,.T.);
#10171=EDGE_LOOP('',(#10166,#10167,#10169,#10170));
#10172=FACE_OUTER_BOUND('',#10171,.F.);
#10174=FILL_AREA_STYLE_COLOUR('',#10);
#10175=FILL_AREA_STYLE('',(#10174));
#10176=SURFACE_STYLE_FILL_AREA(#10175);
#10177=SURFACE_SIDE_STYLE('',(#10176));
#10178=SURFACE_STYLE_USAGE(.POSITIVE.,#10177);
#10179=PRESENTATION_STYLE_ASSIGNMENT((#10178));
#10180=STYLED_ITEM('',(#10179),#10173);
#10181=CARTESIAN_POINT('',(5.15E0,-7.E-1,1.291E1));
#10182=DIRECTION('',(0.E0,0.E0,1.E0));
#10183=DIRECTION('',(-1.E0,0.E0,0.E0));
#10184=AXIS2_PLACEMENT_3D('',#10181,#10182,#10183);
#10185=CYLINDRICAL_SURFACE('',#10184,1.4E0);
#10187=ORIENTED_EDGE('',*,*,#10186,.T.);
#10189=ORIENTED_EDGE('',*,*,#10188,.T.);
#10190=ORIENTED_EDGE('',*,*,#7914,.T.);
#10192=ORIENTED_EDGE('',*,*,#10191,.F.);
#10193=EDGE_LOOP('',(#10187,#10189,#10190,#10192));
#10194=FACE_OUTER_BOUND('',#10193,.F.);
#10196=FILL_AREA_STYLE_COLOUR('',#10);
#10197=FILL_AREA_STYLE('',(#10196));
#10198=SURFACE_STYLE_FILL_AREA(#10197);
#10199=SURFACE_SIDE_STYLE('',(#10198));
#10200=SURFACE_STYLE_USAGE(.POSITIVE.,#10199);
#10201=PRESENTATION_STYLE_ASSIGNMENT((#10200));
#10202=STYLED_ITEM('',(#10201),#10195);
#10203=CARTESIAN_POINT('',(5.15E0,-7.E-1,1.291E1));
#10204=DIRECTION('',(0.E0,0.E0,1.E0));
#10205=DIRECTION('',(-1.E0,0.E0,0.E0));
#10206=AXIS2_PLACEMENT_3D('',#10203,#10204,#10205);
#10207=CYLINDRICAL_SURFACE('',#10206,1.4E0);
#10209=ORIENTED_EDGE('',*,*,#10208,.F.);
#10211=ORIENTED_EDGE('',*,*,#10210,.T.);
#10212=ORIENTED_EDGE('',*,*,#7910,.T.);
#10213=ORIENTED_EDGE('',*,*,#10145,.F.);
#10214=ORIENTED_EDGE('',*,*,#10165,.F.);
#10215=ORIENTED_EDGE('',*,*,#7918,.T.);
#10217=ORIENTED_EDGE('',*,*,#10216,.F.);
#10218=EDGE_LOOP('',(#10209,#10211,#10212,#10213,#10214,#10215,#10217));
#10219=FACE_OUTER_BOUND('',#10218,.F.);
#10221=FILL_AREA_STYLE_COLOUR('',#10);
#10222=FILL_AREA_STYLE('',(#10221));
#10223=SURFACE_STYLE_FILL_AREA(#10222);
#10224=SURFACE_SIDE_STYLE('',(#10223));
#10225=SURFACE_STYLE_USAGE(.POSITIVE.,#10224);
#10226=PRESENTATION_STYLE_ASSIGNMENT((#10225));
#10227=STYLED_ITEM('',(#10226),#10220);
#10228=CARTESIAN_POINT('',(0.E0,0.E0,-1.7E0));
#10229=DIRECTION('',(0.E0,0.E0,1.E0));
#10230=DIRECTION('',(-1.E0,0.E0,0.E0));
#10231=AXIS2_PLACEMENT_3D('',#10228,#10229,#10230);
#10232=PLANE('',#10231);
#10234=ORIENTED_EDGE('',*,*,#10233,.F.);
#10236=ORIENTED_EDGE('',*,*,#10235,.F.);
#10237=ORIENTED_EDGE('',*,*,#10186,.F.);
#10239=ORIENTED_EDGE('',*,*,#10238,.T.);
#10240=EDGE_LOOP('',(#10234,#10236,#10237,#10239));
#10241=FACE_OUTER_BOUND('',#10240,.F.);
#10243=FILL_AREA_STYLE_COLOUR('',#10);
#10244=FILL_AREA_STYLE('',(#10243));
#10245=SURFACE_STYLE_FILL_AREA(#10244);
#10246=SURFACE_SIDE_STYLE('',(#10245));
#10247=SURFACE_STYLE_USAGE(.POSITIVE.,#10246);
#10248=PRESENTATION_STYLE_ASSIGNMENT((#10247));
#10249=STYLED_ITEM('',(#10248),#10242);
#10250=CARTESIAN_POINT('',(5.15E0,-7.E-1,-1.800000113633E0));
#10251=DIRECTION('',(0.E0,0.E0,-1.E0));
#10252=DIRECTION('',(0.E0,-1.E0,0.E0));
#10253=AXIS2_PLACEMENT_3D('',#10250,#10251,#10252);
#10254=CONICAL_SURFACE('',#10253,1.620000113633E0,4.5E1);
#10256=ORIENTED_EDGE('',*,*,#10255,.T.);
#10258=ORIENTED_EDGE('',*,*,#10257,.F.);
#10260=ORIENTED_EDGE('',*,*,#10259,.T.);
#10261=ORIENTED_EDGE('',*,*,#10233,.T.);
#10262=EDGE_LOOP('',(#10256,#10258,#10260,#10261));
#10263=FACE_OUTER_BOUND('',#10262,.F.);
#10265=FILL_AREA_STYLE_COLOUR('',#10);
#10266=FILL_AREA_STYLE('',(#10265));
#10267=SURFACE_STYLE_FILL_AREA(#10266);
#10268=SURFACE_SIDE_STYLE('',(#10267));
#10269=SURFACE_STYLE_USAGE(.POSITIVE.,#10268);
#10270=PRESENTATION_STYLE_ASSIGNMENT((#10269));
#10271=STYLED_ITEM('',(#10270),#10264);
#10272=CARTESIAN_POINT('',(7.049423949827E0,-2.E0,-2.6E0));
#10273=DIRECTION('',(0.E0,-1.E0,0.E0));
#10274=DIRECTION('',(-1.E0,0.E0,0.E0));
#10275=AXIS2_PLACEMENT_3D('',#10272,#10273,#10274);
#10276=PLANE('',#10275);
#10278=ORIENTED_EDGE('',*,*,#10277,.F.);
#10280=ORIENTED_EDGE('',*,*,#10279,.F.);
#10282=ORIENTED_EDGE('',*,*,#10281,.T.);
#10283=ORIENTED_EDGE('',*,*,#10255,.F.);
#10284=ORIENTED_EDGE('',*,*,#10238,.F.);
#10285=ORIENTED_EDGE('',*,*,#10191,.T.);
#10286=ORIENTED_EDGE('',*,*,#7912,.F.);
#10287=ORIENTED_EDGE('',*,*,#10210,.F.);
#10289=ORIENTED_EDGE('',*,*,#10288,.F.);
#10291=ORIENTED_EDGE('',*,*,#10290,.F.);
#10293=ORIENTED_EDGE('',*,*,#10292,.T.);
#10295=ORIENTED_EDGE('',*,*,#10294,.T.);
#10296=EDGE_LOOP('',(#10278,#10280,#10282,#10283,#10284,#10285,#10286,#10287,
#10289,#10291,#10293,#10295));
#10297=FACE_OUTER_BOUND('',#10296,.F.);
#10299=FILL_AREA_STYLE_COLOUR('',#10);
#10300=FILL_AREA_STYLE('',(#10299));
#10301=SURFACE_STYLE_FILL_AREA(#10300);
#10302=SURFACE_SIDE_STYLE('',(#10301));
#10303=SURFACE_STYLE_USAGE(.POSITIVE.,#10302);
#10304=PRESENTATION_STYLE_ASSIGNMENT((#10303));
#10305=STYLED_ITEM('',(#10304),#10298);
#10306=CARTESIAN_POINT('',(5.15E0,-7.E-1,-2.3E0));
#10307=DIRECTION('',(0.E0,0.E0,1.E0));
#10308=DIRECTION('',(9.999995644445E-1,-9.333331978269E-4,0.E0));
#10309=AXIS2_PLACEMENT_3D('',#10306,#10307,#10308);
#10310=TOROIDAL_SURFACE('',#10309,1.195735931288E0,3.E-1);
#10312=ORIENTED_EDGE('',*,*,#10311,.T.);
#10314=ORIENTED_EDGE('',*,*,#10313,.T.);
#10316=ORIENTED_EDGE('',*,*,#10315,.F.);
#10317=ORIENTED_EDGE('',*,*,#10277,.T.);
#10319=ORIENTED_EDGE('',*,*,#10318,.T.);
#10321=ORIENTED_EDGE('',*,*,#10320,.T.);
#10322=EDGE_LOOP('',(#10312,#10314,#10316,#10317,#10319,#10321));
#10323=FACE_OUTER_BOUND('',#10322,.F.);
#10325=FILL_AREA_STYLE_COLOUR('',#10);
#10326=FILL_AREA_STYLE('',(#10325));
#10327=SURFACE_STYLE_FILL_AREA(#10326);
#10328=SURFACE_SIDE_STYLE('',(#10327));
#10329=SURFACE_STYLE_USAGE(.POSITIVE.,#10328);
#10330=PRESENTATION_STYLE_ASSIGNMENT((#10329));
#10331=STYLED_ITEM('',(#10330),#10324);
#10332=CARTESIAN_POINT('',(4.75E0,1.605870280606E0,-2.6E0));
#10333=DIRECTION('',(1.E0,0.E0,0.E0));
#10334=DIRECTION('',(0.E0,-1.E0,0.E0));
#10335=AXIS2_PLACEMENT_3D('',#10332,#10333,#10334);
#10336=PLANE('',#10335);
#10337=ORIENTED_EDGE('',*,*,#10311,.F.);
#10339=ORIENTED_EDGE('',*,*,#10338,.T.);
#10340=ORIENTED_EDGE('',*,*,#10318,.F.);
#10341=ORIENTED_EDGE('',*,*,#10294,.F.);
#10343=ORIENTED_EDGE('',*,*,#10342,.F.);
#10345=ORIENTED_EDGE('',*,*,#10344,.T.);
#10346=EDGE_LOOP('',(#10337,#10339,#10340,#10341,#10343,#10345));
#10347=FACE_OUTER_BOUND('',#10346,.F.);
#10349=FILL_AREA_STYLE_COLOUR('',#10);
#10350=FILL_AREA_STYLE('',(#10349));
#10351=SURFACE_STYLE_FILL_AREA(#10350);
#10352=SURFACE_SIDE_STYLE('',(#10351));
#10353=SURFACE_STYLE_USAGE(.POSITIVE.,#10352);
#10354=PRESENTATION_STYLE_ASSIGNMENT((#10353));
#10355=STYLED_ITEM('',(#10354),#10348);
#10356=CARTESIAN_POINT('',(0.E0,0.E0,-2.6E0));
#10357=DIRECTION('',(0.E0,0.E0,1.E0));
#10358=DIRECTION('',(-1.E0,0.E0,0.E0));
#10359=AXIS2_PLACEMENT_3D('',#10356,#10357,#10358);
#10360=PLANE('',#10359);
#10362=ORIENTED_EDGE('',*,*,#10361,.T.);
#10364=ORIENTED_EDGE('',*,*,#10363,.T.);
#10365=EDGE_LOOP('',(#10362,#10364));
#10366=FACE_OUTER_BOUND('',#10365,.F.);
#10368=FILL_AREA_STYLE_COLOUR('',#10);
#10369=FILL_AREA_STYLE('',(#10368));
#10370=SURFACE_STYLE_FILL_AREA(#10369);
#10371=SURFACE_SIDE_STYLE('',(#10370));
#10372=SURFACE_STYLE_USAGE(.POSITIVE.,#10371);
#10373=PRESENTATION_STYLE_ASSIGNMENT((#10372));
#10374=STYLED_ITEM('',(#10373),#10367);
#10375=CARTESIAN_POINT('',(0.E0,0.E0,-2.6E0));
#10376=DIRECTION('',(0.E0,0.E0,1.E0));
#10377=DIRECTION('',(-1.E0,0.E0,0.E0));
#10378=AXIS2_PLACEMENT_3D('',#10375,#10376,#10377);
#10379=PLANE('',#10378);
#10380=ORIENTED_EDGE('',*,*,#10320,.F.);
#10381=ORIENTED_EDGE('',*,*,#10338,.F.);
#10382=EDGE_LOOP('',(#10380,#10381));
#10383=FACE_OUTER_BOUND('',#10382,.F.);
#10385=FILL_AREA_STYLE_COLOUR('',#10);
#10386=FILL_AREA_STYLE('',(#10385));
#10387=SURFACE_STYLE_FILL_AREA(#10386);
#10388=SURFACE_SIDE_STYLE('',(#10387));
#10389=SURFACE_STYLE_USAGE(.POSITIVE.,#10388);
#10390=PRESENTATION_STYLE_ASSIGNMENT((#10389));
#10391=STYLED_ITEM('',(#10390),#10384);
#10392=CARTESIAN_POINT('',(5.150000115334E0,-7.000016505134E-1,-2.3E0));
#10393=DIRECTION('',(0.E0,0.E0,1.E0));
#10394=DIRECTION('',(-9.999995645821E-1,-9.331857503545E-4,0.E0));
#10395=AXIS2_PLACEMENT_3D('',#10392,#10393,#10394);
#10396=TOROIDAL_SURFACE('',#10395,9.757347510024E-1,3.E-1);
#10398=ORIENTED_EDGE('',*,*,#10397,.T.);
#10399=ORIENTED_EDGE('',*,*,#10361,.F.);
#10401=ORIENTED_EDGE('',*,*,#10400,.T.);
#10403=ORIENTED_EDGE('',*,*,#10402,.T.);
#10404=EDGE_LOOP('',(#10398,#10399,#10401,#10403));
#10405=FACE_OUTER_BOUND('',#10404,.F.);
#10407=FILL_AREA_STYLE_COLOUR('',#10);
#10408=FILL_AREA_STYLE('',(#10407));
#10409=SURFACE_STYLE_FILL_AREA(#10408);
#10410=SURFACE_SIDE_STYLE('',(#10409));
#10411=SURFACE_STYLE_USAGE(.POSITIVE.,#10410);
#10412=PRESENTATION_STYLE_ASSIGNMENT((#10411));
#10413=STYLED_ITEM('',(#10412),#10406);
#10414=CARTESIAN_POINT('',(5.55E0,-3.005870280606E0,-2.6E0));
#10415=DIRECTION('',(-1.E0,0.E0,0.E0));
#10416=DIRECTION('',(0.E0,1.E0,0.E0));
#10417=AXIS2_PLACEMENT_3D('',#10414,#10415,#10416);
#10418=PLANE('',#10417);
#10419=ORIENTED_EDGE('',*,*,#10397,.F.);
#10421=ORIENTED_EDGE('',*,*,#10420,.F.);
#10423=ORIENTED_EDGE('',*,*,#10422,.F.);
#10425=ORIENTED_EDGE('',*,*,#10424,.T.);
#10426=ORIENTED_EDGE('',*,*,#10290,.T.);
#10428=ORIENTED_EDGE('',*,*,#10427,.F.);
#10429=ORIENTED_EDGE('',*,*,#10400,.F.);
#10430=ORIENTED_EDGE('',*,*,#10363,.F.);
#10431=EDGE_LOOP('',(#10419,#10421,#10423,#10425,#10426,#10428,#10429,#10430));
#10432=FACE_OUTER_BOUND('',#10431,.F.);
#10434=FILL_AREA_STYLE_COLOUR('',#10);
#10435=FILL_AREA_STYLE('',(#10434));
#10436=SURFACE_STYLE_FILL_AREA(#10435);
#10437=SURFACE_SIDE_STYLE('',(#10436));
#10438=SURFACE_STYLE_USAGE(.POSITIVE.,#10437);
#10439=PRESENTATION_STYLE_ASSIGNMENT((#10438));
#10440=STYLED_ITEM('',(#10439),#10433);
#10441=CARTESIAN_POINT('',(5.150000115334E0,-7.000016505134E-1,
-2.406064820909E0));
#10442=DIRECTION('',(0.E0,0.E0,1.E0));
#10443=DIRECTION('',(0.E0,-1.E0,0.E0));
#10444=AXIS2_PLACEMENT_3D('',#10441,#10442,#10443);
#10445=CONICAL_SURFACE('',#10444,1.293934167099E0,4.500004545467E1);
#10446=ORIENTED_EDGE('',*,*,#10402,.F.);
#10447=ORIENTED_EDGE('',*,*,#10427,.T.);
#10448=ORIENTED_EDGE('',*,*,#10288,.T.);
#10449=ORIENTED_EDGE('',*,*,#10208,.T.);
#10451=ORIENTED_EDGE('',*,*,#10450,.T.);
#10452=ORIENTED_EDGE('',*,*,#10420,.T.);
#10453=EDGE_LOOP('',(#10446,#10447,#10448,#10449,#10451,#10452));
#10454=FACE_OUTER_BOUND('',#10453,.F.);
#10456=FILL_AREA_STYLE_COLOUR('',#10);
#10457=FILL_AREA_STYLE('',(#10456));
#10458=SURFACE_STYLE_FILL_AREA(#10457);
#10459=SURFACE_SIDE_STYLE('',(#10458));
#10460=SURFACE_STYLE_USAGE(.POSITIVE.,#10459);
#10461=PRESENTATION_STYLE_ASSIGNMENT((#10460));
#10462=STYLED_ITEM('',(#10461),#10455);
#10463=CARTESIAN_POINT('',(3.206243511533E0,6.E-1,-2.6E0));
#10464=DIRECTION('',(0.E0,1.E0,0.E0));
#10465=DIRECTION('',(1.E0,0.E0,0.E0));
#10466=AXIS2_PLACEMENT_3D('',#10463,#10464,#10465);
#10467=PLANE('',#10466);
#10468=ORIENTED_EDGE('',*,*,#10313,.F.);
#10469=ORIENTED_EDGE('',*,*,#10344,.F.);
#10471=ORIENTED_EDGE('',*,*,#10470,.F.);
#10472=ORIENTED_EDGE('',*,*,#10422,.T.);
#10473=ORIENTED_EDGE('',*,*,#10450,.F.);
#10474=ORIENTED_EDGE('',*,*,#10216,.T.);
#10475=ORIENTED_EDGE('',*,*,#7916,.F.);
#10476=ORIENTED_EDGE('',*,*,#10188,.F.);
#10477=ORIENTED_EDGE('',*,*,#10235,.T.);
#10478=ORIENTED_EDGE('',*,*,#10259,.F.);
#10480=ORIENTED_EDGE('',*,*,#10479,.F.);
#10482=ORIENTED_EDGE('',*,*,#10481,.F.);
#10483=EDGE_LOOP('',(#10468,#10469,#10471,#10472,#10473,#10474,#10475,#10476,
#10477,#10478,#10480,#10482));
#10484=FACE_OUTER_BOUND('',#10483,.F.);
#10486=FILL_AREA_STYLE_COLOUR('',#10);
#10487=FILL_AREA_STYLE('',(#10486));
#10488=SURFACE_STYLE_FILL_AREA(#10487);
#10489=SURFACE_SIDE_STYLE('',(#10488));
#10490=SURFACE_STYLE_USAGE(.POSITIVE.,#10489);
#10491=PRESENTATION_STYLE_ASSIGNMENT((#10490));
#10492=STYLED_ITEM('',(#10491),#10485);
#10493=CARTESIAN_POINT('',(5.15E0,2.16432E1,-1.E0));
#10494=DIRECTION('',(0.E0,-1.E0,0.E0));
#10495=DIRECTION('',(1.E0,0.E0,0.E0));
#10496=AXIS2_PLACEMENT_3D('',#10493,#10494,#10495);
#10497=CYLINDRICAL_SURFACE('',#10496,4.E-1);
#10498=ORIENTED_EDGE('',*,*,#10292,.F.);
#10499=ORIENTED_EDGE('',*,*,#10424,.F.);
#10500=ORIENTED_EDGE('',*,*,#10470,.T.);
#10501=ORIENTED_EDGE('',*,*,#10342,.T.);
#10502=EDGE_LOOP('',(#10498,#10499,#10500,#10501));
#10503=FACE_OUTER_BOUND('',#10502,.F.);
#10505=FILL_AREA_STYLE_COLOUR('',#10);
#10506=FILL_AREA_STYLE('',(#10505));
#10507=SURFACE_STYLE_FILL_AREA(#10506);
#10508=SURFACE_SIDE_STYLE('',(#10507));
#10509=SURFACE_STYLE_USAGE(.POSITIVE.,#10508);
#10510=PRESENTATION_STYLE_ASSIGNMENT((#10509));
#10511=STYLED_ITEM('',(#10510),#10504);
#10512=CARTESIAN_POINT('',(5.15E0,-7.E-1,-2.6E0));
#10513=DIRECTION('',(0.E0,0.E0,1.E0));
#10514=DIRECTION('',(-1.E0,0.E0,0.E0));
#10515=AXIS2_PLACEMENT_3D('',#10512,#10513,#10514);
#10516=CYLINDRICAL_SURFACE('',#10515,1.72E0);
#10518=ORIENTED_EDGE('',*,*,#10517,.T.);
#10519=ORIENTED_EDGE('',*,*,#10479,.T.);
#10520=ORIENTED_EDGE('',*,*,#10257,.T.);
#10521=ORIENTED_EDGE('',*,*,#10281,.F.);
#10522=EDGE_LOOP('',(#10518,#10519,#10520,#10521));
#10523=FACE_OUTER_BOUND('',#10522,.F.);
#10525=FILL_AREA_STYLE_COLOUR('',#10);
#10526=FILL_AREA_STYLE('',(#10525));
#10527=SURFACE_STYLE_FILL_AREA(#10526);
#10528=SURFACE_SIDE_STYLE('',(#10527));
#10529=SURFACE_STYLE_USAGE(.POSITIVE.,#10528);
#10530=PRESENTATION_STYLE_ASSIGNMENT((#10529));
#10531=STYLED_ITEM('',(#10530),#10524);
#10532=CARTESIAN_POINT('',(5.15E0,-7.E-1,-2.356065902088E0));
#10533=DIRECTION('',(0.E0,0.E0,1.E0));
#10534=DIRECTION('',(0.E0,-1.E0,0.E0));
#10535=AXIS2_PLACEMENT_3D('',#10532,#10533,#10534);
#10536=CONICAL_SURFACE('',#10535,1.563934097912E0,4.5E1);
#10537=ORIENTED_EDGE('',*,*,#10315,.T.);
#10538=ORIENTED_EDGE('',*,*,#10481,.T.);
#10539=ORIENTED_EDGE('',*,*,#10517,.F.);
#10540=ORIENTED_EDGE('',*,*,#10279,.T.);
#10541=EDGE_LOOP('',(#10537,#10538,#10539,#10540));
#10542=FACE_OUTER_BOUND('',#10541,.F.);
#10544=FILL_AREA_STYLE_COLOUR('',#10);
#10545=FILL_AREA_STYLE('',(#10544));
#10546=SURFACE_STYLE_FILL_AREA(#10545);
#10547=SURFACE_SIDE_STYLE('',(#10546));
#10548=SURFACE_STYLE_USAGE(.POSITIVE.,#10547);
#10549=PRESENTATION_STYLE_ASSIGNMENT((#10548));
#10550=STYLED_ITEM('',(#10549),#10543);
#10551=CARTESIAN_POINT('',(6.25E0,5.7E0,3.E-1));
#10552=DIRECTION('',(-7.071067811865E-1,7.071067811865E-1,0.E0));
#10553=DIRECTION('',(7.071067811865E-1,7.071067811865E-1,0.E0));
#10554=AXIS2_PLACEMENT_3D('',#10551,#10552,#10553);
#10555=SPHERICAL_SURFACE('',#10554,3.E-1);
#10556=ORIENTED_EDGE('',*,*,#10168,.F.);
#10558=ORIENTED_EDGE('',*,*,#10557,.F.);
#10559=ORIENTED_EDGE('',*,*,#7574,.F.);
#10560=EDGE_LOOP('',(#10556,#10558,#10559));
#10561=FACE_OUTER_BOUND('',#10560,.F.);
#10563=FILL_AREA_STYLE_COLOUR('',#10);
#10564=FILL_AREA_STYLE('',(#10563));
#10565=SURFACE_STYLE_FILL_AREA(#10564);
#10566=SURFACE_SIDE_STYLE('',(#10565));
#10567=SURFACE_STYLE_USAGE(.POSITIVE.,#10566);
#10568=PRESENTATION_STYLE_ASSIGNMENT((#10567));
#10569=STYLED_ITEM('',(#10568),#10562);
#10570=CARTESIAN_POINT('',(6.25E0,5.7E0,2.64914E1));
#10571=DIRECTION('',(0.E0,0.E0,-1.E0));
#10572=DIRECTION('',(0.E0,1.E0,0.E0));
#10573=AXIS2_PLACEMENT_3D('',#10570,#10571,#10572);
#10574=CYLINDRICAL_SURFACE('',#10573,3.E-1);
#10575=ORIENTED_EDGE('',*,*,#6711,.T.);
#10576=ORIENTED_EDGE('',*,*,#10557,.T.);
#10577=ORIENTED_EDGE('',*,*,#10128,.F.);
#10579=ORIENTED_EDGE('',*,*,#10578,.T.);
#10580=EDGE_LOOP('',(#10575,#10576,#10577,#10579));
#10581=FACE_OUTER_BOUND('',#10580,.F.);
#10583=FILL_AREA_STYLE_COLOUR('',#10);
#10584=FILL_AREA_STYLE('',(#10583));
#10585=SURFACE_STYLE_FILL_AREA(#10584);
#10586=SURFACE_SIDE_STYLE('',(#10585));
#10587=SURFACE_STYLE_USAGE(.POSITIVE.,#10586);
#10588=PRESENTATION_STYLE_ASSIGNMENT((#10587));
#10589=STYLED_ITEM('',(#10588),#10582);
#10590=CARTESIAN_POINT('',(6.25E0,5.7E0,1.12E1));
#10591=DIRECTION('',(0.E0,7.071067811865E-1,-7.071067811865E-1));
#10592=DIRECTION('',(0.E0,7.071067811865E-1,7.071067811865E-1));
#10593=AXIS2_PLACEMENT_3D('',#10590,#10591,#10592);
#10594=SPHERICAL_SURFACE('',#10593,3.E-1);
#10595=ORIENTED_EDGE('',*,*,#10578,.F.);
#10597=ORIENTED_EDGE('',*,*,#10596,.F.);
#10599=ORIENTED_EDGE('',*,*,#10598,.F.);
#10600=EDGE_LOOP('',(#10595,#10597,#10599));
#10601=FACE_OUTER_BOUND('',#10600,.F.);
#10603=FILL_AREA_STYLE_COLOUR('',#10);
#10604=FILL_AREA_STYLE('',(#10603));
#10605=SURFACE_STYLE_FILL_AREA(#10604);
#10606=SURFACE_SIDE_STYLE('',(#10605));
#10607=SURFACE_STYLE_USAGE(.POSITIVE.,#10606);
#10608=PRESENTATION_STYLE_ASSIGNMENT((#10607));
#10609=STYLED_ITEM('',(#10608),#10602);
#10610=CARTESIAN_POINT('',(6.25E0,-2.16432E1,1.12E1));
#10611=DIRECTION('',(0.E0,1.E0,0.E0));
#10612=DIRECTION('',(0.E0,0.E0,1.E0));
#10613=AXIS2_PLACEMENT_3D('',#10610,#10611,#10612);
#10614=CYLINDRICAL_SURFACE('',#10613,3.E-1);
#10615=ORIENTED_EDGE('',*,*,#10126,.F.);
#10617=ORIENTED_EDGE('',*,*,#10616,.T.);
#10619=ORIENTED_EDGE('',*,*,#10618,.T.);
#10620=ORIENTED_EDGE('',*,*,#10596,.T.);
#10621=EDGE_LOOP('',(#10615,#10617,#10619,#10620));
#10622=FACE_OUTER_BOUND('',#10621,.F.);
#10624=FILL_AREA_STYLE_COLOUR('',#10);
#10625=FILL_AREA_STYLE('',(#10624));
#10626=SURFACE_STYLE_FILL_AREA(#10625);
#10627=SURFACE_SIDE_STYLE('',(#10626));
#10628=SURFACE_STYLE_USAGE(.POSITIVE.,#10627);
#10629=PRESENTATION_STYLE_ASSIGNMENT((#10628));
#10630=STYLED_ITEM('',(#10629),#10623);
#10631=CARTESIAN_POINT('',(6.25E0,-5.7E0,1.12E1));
#10632=DIRECTION('',(7.071067811865E-1,0.E0,-7.071067811865E-1));
#10633=DIRECTION('',(7.071067811865E-1,0.E0,7.071067811865E-1));
#10634=AXIS2_PLACEMENT_3D('',#10631,#10632,#10633);
#10635=SPHERICAL_SURFACE('',#10634,3.E-1);
#10636=ORIENTED_EDGE('',*,*,#9981,.F.);
#10637=ORIENTED_EDGE('',*,*,#10616,.F.);
#10638=ORIENTED_EDGE('',*,*,#10104,.F.);
#10639=EDGE_LOOP('',(#10636,#10637,#10638));
#10640=FACE_OUTER_BOUND('',#10639,.F.);
#10642=FILL_AREA_STYLE_COLOUR('',#10);
#10643=FILL_AREA_STYLE('',(#10642));
#10644=SURFACE_STYLE_FILL_AREA(#10643);
#10645=SURFACE_SIDE_STYLE('',(#10644));
#10646=SURFACE_STYLE_USAGE(.POSITIVE.,#10645);
#10647=PRESENTATION_STYLE_ASSIGNMENT((#10646));
#10648=STYLED_ITEM('',(#10647),#10641);
#10649=CARTESIAN_POINT('',(0.E0,0.E0,1.15E1));
#10650=DIRECTION('',(0.E0,0.E0,1.E0));
#10651=DIRECTION('',(1.E0,0.E0,0.E0));
#10652=AXIS2_PLACEMENT_3D('',#10649,#10650,#10651);
#10653=PLANE('',#10652);
#10655=ORIENTED_EDGE('',*,*,#10654,.T.);
#10657=ORIENTED_EDGE('',*,*,#10656,.T.);
#10658=ORIENTED_EDGE('',*,*,#9935,.F.);
#10659=ORIENTED_EDGE('',*,*,#9960,.F.);
#10661=ORIENTED_EDGE('',*,*,#10660,.F.);
#10663=ORIENTED_EDGE('',*,*,#10662,.F.);
#10664=ORIENTED_EDGE('',*,*,#10618,.F.);
#10665=ORIENTED_EDGE('',*,*,#9979,.F.);
#10667=ORIENTED_EDGE('',*,*,#10666,.T.);
#10669=ORIENTED_EDGE('',*,*,#10668,.T.);
#10671=ORIENTED_EDGE('',*,*,#10670,.T.);
#10673=ORIENTED_EDGE('',*,*,#10672,.T.);
#10674=EDGE_LOOP('',(#10655,#10657,#10658,#10659,#10661,#10663,#10664,#10665,
#10667,#10669,#10671,#10673));
#10675=FACE_OUTER_BOUND('',#10674,.F.);
#10677=FILL_AREA_STYLE_COLOUR('',#10);
#10678=FILL_AREA_STYLE('',(#10677));
#10679=SURFACE_STYLE_FILL_AREA(#10678);
#10680=SURFACE_SIDE_STYLE('',(#10679));
#10681=SURFACE_STYLE_USAGE(.POSITIVE.,#10680);
#10682=PRESENTATION_STYLE_ASSIGNMENT((#10681));
#10683=STYLED_ITEM('',(#10682),#10676);
#10684=CARTESIAN_POINT('',(-3.15E0,-7.5E-1,1.15E1));
#10685=DIRECTION('',(-1.E0,0.E0,0.E0));
#10686=DIRECTION('',(0.E0,-1.E0,0.E0));
#10687=AXIS2_PLACEMENT_3D('',#10684,#10685,#10686);
#10688=PLANE('',#10687);
#10689=ORIENTED_EDGE('',*,*,#10654,.F.);
#10691=ORIENTED_EDGE('',*,*,#10690,.T.);
#10692=ORIENTED_EDGE('',*,*,#9732,.T.);
#10694=ORIENTED_EDGE('',*,*,#10693,.F.);
#10695=EDGE_LOOP('',(#10689,#10691,#10692,#10694));
#10696=FACE_OUTER_BOUND('',#10695,.F.);
#10698=FILL_AREA_STYLE_COLOUR('',#10);
#10699=FILL_AREA_STYLE('',(#10698));
#10700=SURFACE_STYLE_FILL_AREA(#10699);
#10701=SURFACE_SIDE_STYLE('',(#10700));
#10702=SURFACE_STYLE_USAGE(.POSITIVE.,#10701);
#10703=PRESENTATION_STYLE_ASSIGNMENT((#10702));
#10704=STYLED_ITEM('',(#10703),#10697);
#10705=CARTESIAN_POINT('',(3.15E0,-7.5E-1,1.15E1));
#10706=DIRECTION('',(0.E0,1.E0,0.E0));
#10707=DIRECTION('',(-1.E0,0.E0,0.E0));
#10708=AXIS2_PLACEMENT_3D('',#10705,#10706,#10707);
#10709=PLANE('',#10708);
#10710=ORIENTED_EDGE('',*,*,#10672,.F.);
#10712=ORIENTED_EDGE('',*,*,#10711,.T.);
#10713=ORIENTED_EDGE('',*,*,#9734,.T.);
#10714=ORIENTED_EDGE('',*,*,#10690,.F.);
#10715=EDGE_LOOP('',(#10710,#10712,#10713,#10714));
#10716=FACE_OUTER_BOUND('',#10715,.F.);
#10718=FILL_AREA_STYLE_COLOUR('',#10);
#10719=FILL_AREA_STYLE('',(#10718));
#10720=SURFACE_STYLE_FILL_AREA(#10719);
#10721=SURFACE_SIDE_STYLE('',(#10720));
#10722=SURFACE_STYLE_USAGE(.POSITIVE.,#10721);
#10723=PRESENTATION_STYLE_ASSIGNMENT((#10722));
#10724=STYLED_ITEM('',(#10723),#10717);
#10725=CARTESIAN_POINT('',(3.15E0,-4.E0,1.15E1));
#10726=DIRECTION('',(1.E0,0.E0,0.E0));
#10727=DIRECTION('',(0.E0,1.E0,0.E0));
#10728=AXIS2_PLACEMENT_3D('',#10725,#10726,#10727);
#10729=PLANE('',#10728);
#10730=ORIENTED_EDGE('',*,*,#10670,.F.);
#10732=ORIENTED_EDGE('',*,*,#10731,.T.);
#10733=ORIENTED_EDGE('',*,*,#9736,.T.);
#10734=ORIENTED_EDGE('',*,*,#10711,.F.);
#10735=EDGE_LOOP('',(#10730,#10732,#10733,#10734));
#10736=FACE_OUTER_BOUND('',#10735,.F.);
#10738=FILL_AREA_STYLE_COLOUR('',#10);
#10739=FILL_AREA_STYLE('',(#10738));
#10740=SURFACE_STYLE_FILL_AREA(#10739);
#10741=SURFACE_SIDE_STYLE('',(#10740));
#10742=SURFACE_STYLE_USAGE(.POSITIVE.,#10741);
#10743=PRESENTATION_STYLE_ASSIGNMENT((#10742));
#10744=STYLED_ITEM('',(#10743),#10737);
#10745=CARTESIAN_POINT('',(2.E0,-4.E0,1.15E1));
#10746=DIRECTION('',(0.E0,-1.E0,0.E0));
#10747=DIRECTION('',(1.E0,0.E0,0.E0));
#10748=AXIS2_PLACEMENT_3D('',#10745,#10746,#10747);
#10749=PLANE('',#10748);
#10750=ORIENTED_EDGE('',*,*,#10668,.F.);
#10752=ORIENTED_EDGE('',*,*,#10751,.T.);
#10753=ORIENTED_EDGE('',*,*,#9738,.F.);
#10754=ORIENTED_EDGE('',*,*,#10731,.F.);
#10755=EDGE_LOOP('',(#10750,#10752,#10753,#10754));
#10756=FACE_OUTER_BOUND('',#10755,.F.);
#10758=FILL_AREA_STYLE_COLOUR('',#10);
#10759=FILL_AREA_STYLE('',(#10758));
#10760=SURFACE_STYLE_FILL_AREA(#10759);
#10761=SURFACE_SIDE_STYLE('',(#10760));
#10762=SURFACE_STYLE_USAGE(.POSITIVE.,#10761);
#10763=PRESENTATION_STYLE_ASSIGNMENT((#10762));
#10764=STYLED_ITEM('',(#10763),#10757);
#10765=CARTESIAN_POINT('',(2.E0,-6.E0,1.15E1));
#10766=DIRECTION('',(1.E0,0.E0,0.E0));
#10767=DIRECTION('',(0.E0,1.E0,0.E0));
#10768=AXIS2_PLACEMENT_3D('',#10765,#10766,#10767);
#10769=PLANE('',#10768);
#10770=ORIENTED_EDGE('',*,*,#8369,.T.);
#10772=ORIENTED_EDGE('',*,*,#10771,.F.);
#10773=ORIENTED_EDGE('',*,*,#9740,.T.);
#10774=ORIENTED_EDGE('',*,*,#10751,.F.);
#10775=ORIENTED_EDGE('',*,*,#10666,.F.);
#10776=ORIENTED_EDGE('',*,*,#9977,.T.);
#10777=EDGE_LOOP('',(#10770,#10772,#10773,#10774,#10775,#10776));
#10778=FACE_OUTER_BOUND('',#10777,.F.);
#10780=FILL_AREA_STYLE_COLOUR('',#10);
#10781=FILL_AREA_STYLE('',(#10780));
#10782=SURFACE_STYLE_FILL_AREA(#10781);
#10783=SURFACE_SIDE_STYLE('',(#10782));
#10784=SURFACE_STYLE_USAGE(.POSITIVE.,#10783);
#10785=PRESENTATION_STYLE_ASSIGNMENT((#10784));
#10786=STYLED_ITEM('',(#10785),#10779);
#10787=CARTESIAN_POINT('',(3.125E0,-5.8E0,1.07E1));
#10788=DIRECTION('',(0.E0,-7.071067811865E-1,-7.071067811865E-1));
#10789=DIRECTION('',(0.E0,-7.071067811865E-1,7.071067811865E-1));
#10790=AXIS2_PLACEMENT_3D('',#10787,#10788,#10789);
#10791=PLANE('',#10790);
#10792=ORIENTED_EDGE('',*,*,#10771,.T.);
#10793=ORIENTED_EDGE('',*,*,#8367,.F.);
#10795=ORIENTED_EDGE('',*,*,#10794,.F.);
#10796=ORIENTED_EDGE('',*,*,#9742,.T.);
#10797=EDGE_LOOP('',(#10792,#10793,#10795,#10796));
#10798=FACE_OUTER_BOUND('',#10797,.F.);
#10800=FILL_AREA_STYLE_COLOUR('',#10);
#10801=FILL_AREA_STYLE('',(#10800));
#10802=SURFACE_STYLE_FILL_AREA(#10801);
#10803=SURFACE_SIDE_STYLE('',(#10802));
#10804=SURFACE_STYLE_USAGE(.POSITIVE.,#10803);
#10805=PRESENTATION_STYLE_ASSIGNMENT((#10804));
#10806=STYLED_ITEM('',(#10805),#10799);
#10807=CARTESIAN_POINT('',(4.45E0,-5.8E0,9.65E0));
#10808=DIRECTION('',(-7.071067811865E-1,-7.071067811865E-1,0.E0));
#10809=DIRECTION('',(7.071067811865E-1,-7.071067811865E-1,0.E0));
#10810=AXIS2_PLACEMENT_3D('',#10807,#10808,#10809);
#10811=PLANE('',#10810);
#10812=ORIENTED_EDGE('',*,*,#9767,.T.);
#10813=ORIENTED_EDGE('',*,*,#10794,.T.);
#10814=ORIENTED_EDGE('',*,*,#8365,.F.);
#10816=ORIENTED_EDGE('',*,*,#10815,.F.);
#10817=EDGE_LOOP('',(#10812,#10813,#10814,#10816));
#10818=FACE_OUTER_BOUND('',#10817,.F.);
#10820=FILL_AREA_STYLE_COLOUR('',#10);
#10821=FILL_AREA_STYLE('',(#10820));
#10822=SURFACE_STYLE_FILL_AREA(#10821);
#10823=SURFACE_SIDE_STYLE('',(#10822));
#10824=SURFACE_STYLE_USAGE(.POSITIVE.,#10823);
#10825=PRESENTATION_STYLE_ASSIGNMENT((#10824));
#10826=STYLED_ITEM('',(#10825),#10819);
#10827=CARTESIAN_POINT('',(4.625E0,-5.8E0,9.E0));
#10828=DIRECTION('',(0.E0,-7.071067811865E-1,-7.071067811865E-1));
#10829=DIRECTION('',(0.E0,7.071067811865E-1,-7.071067811865E-1));
#10830=AXIS2_PLACEMENT_3D('',#10827,#10828,#10829);
#10831=PLANE('',#10830);
#10832=ORIENTED_EDGE('',*,*,#8363,.T.);
#10833=ORIENTED_EDGE('',*,*,#8455,.F.);
#10835=ORIENTED_EDGE('',*,*,#10834,.F.);
#10836=ORIENTED_EDGE('',*,*,#10815,.T.);
#10837=EDGE_LOOP('',(#10832,#10833,#10835,#10836));
#10838=FACE_OUTER_BOUND('',#10837,.F.);
#10840=FILL_AREA_STYLE_COLOUR('',#10);
#10841=FILL_AREA_STYLE('',(#10840));
#10842=SURFACE_STYLE_FILL_AREA(#10841);
#10843=SURFACE_SIDE_STYLE('',(#10842));
#10844=SURFACE_STYLE_USAGE(.POSITIVE.,#10843);
#10845=PRESENTATION_STYLE_ASSIGNMENT((#10844));
#10846=STYLED_ITEM('',(#10845),#10839);
#10847=CARTESIAN_POINT('',(5.E0,-6.E0,8.8E0));
#10848=DIRECTION('',(0.E0,0.E0,1.E0));
#10849=DIRECTION('',(-1.E0,0.E0,0.E0));
#10850=AXIS2_PLACEMENT_3D('',#10847,#10848,#10849);
#10851=PLANE('',#10850);
#10852=ORIENTED_EDGE('',*,*,#10834,.T.);
#10853=ORIENTED_EDGE('',*,*,#8480,.T.);
#10854=ORIENTED_EDGE('',*,*,#9833,.T.);
#10855=ORIENTED_EDGE('',*,*,#9769,.F.);
#10856=EDGE_LOOP('',(#10852,#10853,#10854,#10855));
#10857=FACE_OUTER_BOUND('',#10856,.F.);
#10859=FILL_AREA_STYLE_COLOUR('',#10);
#10860=FILL_AREA_STYLE('',(#10859));
#10861=SURFACE_STYLE_FILL_AREA(#10860);
#10862=SURFACE_SIDE_STYLE('',(#10861));
#10863=SURFACE_STYLE_USAGE(.POSITIVE.,#10862);
#10864=PRESENTATION_STYLE_ASSIGNMENT((#10863));
#10865=STYLED_ITEM('',(#10864),#10858);
#10866=CARTESIAN_POINT('',(-3.15E0,-4.E0,1.15E1));
#10867=DIRECTION('',(0.E0,-1.E0,0.E0));
#10868=DIRECTION('',(1.E0,0.E0,0.E0));
#10869=AXIS2_PLACEMENT_3D('',#10866,#10867,#10868);
#10870=PLANE('',#10869);
#10871=ORIENTED_EDGE('',*,*,#10656,.F.);
#10872=ORIENTED_EDGE('',*,*,#10693,.T.);
#10873=ORIENTED_EDGE('',*,*,#9730,.T.);
#10874=ORIENTED_EDGE('',*,*,#9937,.F.);
#10875=EDGE_LOOP('',(#10871,#10872,#10873,#10874));
#10876=FACE_OUTER_BOUND('',#10875,.F.);
#10878=FILL_AREA_STYLE_COLOUR('',#10);
#10879=FILL_AREA_STYLE('',(#10878));
#10880=SURFACE_STYLE_FILL_AREA(#10879);
#10881=SURFACE_SIDE_STYLE('',(#10880));
#10882=SURFACE_STYLE_USAGE(.POSITIVE.,#10881);
#10883=PRESENTATION_STYLE_ASSIGNMENT((#10882));
#10884=STYLED_ITEM('',(#10883),#10877);
#10885=CARTESIAN_POINT('',(-6.25E0,2.16432E1,1.12E1));
#10886=DIRECTION('',(0.E0,-1.E0,0.E0));
#10887=DIRECTION('',(0.E0,0.E0,1.E0));
#10888=AXIS2_PLACEMENT_3D('',#10885,#10886,#10887);
#10889=CYLINDRICAL_SURFACE('',#10888,3.E-1);
#10891=ORIENTED_EDGE('',*,*,#10890,.F.);
#10893=ORIENTED_EDGE('',*,*,#10892,.T.);
#10894=ORIENTED_EDGE('',*,*,#10660,.T.);
#10895=ORIENTED_EDGE('',*,*,#10002,.T.);
#10896=EDGE_LOOP('',(#10891,#10893,#10894,#10895));
#10897=FACE_OUTER_BOUND('',#10896,.F.);
#10899=FILL_AREA_STYLE_COLOUR('',#10);
#10900=FILL_AREA_STYLE('',(#10899));
#10901=SURFACE_STYLE_FILL_AREA(#10900);
#10902=SURFACE_SIDE_STYLE('',(#10901));
#10903=SURFACE_STYLE_USAGE(.POSITIVE.,#10902);
#10904=PRESENTATION_STYLE_ASSIGNMENT((#10903));
#10905=STYLED_ITEM('',(#10904),#10898);
#10906=CARTESIAN_POINT('',(-6.55E0,6.E0,0.E0));
#10907=DIRECTION('',(-1.E0,0.E0,0.E0));
#10908=DIRECTION('',(0.E0,-1.E0,0.E0));
#10909=AXIS2_PLACEMENT_3D('',#10906,#10907,#10908);
#10910=PLANE('',#10909);
#10912=ORIENTED_EDGE('',*,*,#10911,.T.);
#10914=ORIENTED_EDGE('',*,*,#10913,.T.);
#10916=ORIENTED_EDGE('',*,*,#10915,.F.);
#10917=ORIENTED_EDGE('',*,*,#10890,.T.);
#10918=ORIENTED_EDGE('',*,*,#10022,.T.);
#10919=EDGE_LOOP('',(#10912,#10914,#10916,#10917,#10918));
#10920=FACE_OUTER_BOUND('',#10919,.F.);
#10922=FILL_AREA_STYLE_COLOUR('',#10);
#10923=FILL_AREA_STYLE('',(#10922));
#10924=SURFACE_STYLE_FILL_AREA(#10923);
#10925=SURFACE_SIDE_STYLE('',(#10924));
#10926=SURFACE_STYLE_USAGE(.POSITIVE.,#10925);
#10927=PRESENTATION_STYLE_ASSIGNMENT((#10926));
#10928=STYLED_ITEM('',(#10927),#10921);
#10929=CARTESIAN_POINT('',(-6.25E0,-2.16432E1,3.E-1));
#10930=DIRECTION('',(0.E0,1.E0,0.E0));
#10931=DIRECTION('',(0.E0,0.E0,-1.E0));
#10932=AXIS2_PLACEMENT_3D('',#10929,#10930,#10931);
#10933=CYLINDRICAL_SURFACE('',#10932,3.E-1);
#10934=ORIENTED_EDGE('',*,*,#7904,.T.);
#10936=ORIENTED_EDGE('',*,*,#10935,.T.);
#10937=ORIENTED_EDGE('',*,*,#10911,.F.);
#10938=ORIENTED_EDGE('',*,*,#10043,.T.);
#10939=EDGE_LOOP('',(#10934,#10936,#10937,#10938));
#10940=FACE_OUTER_BOUND('',#10939,.F.);
#10942=FILL_AREA_STYLE_COLOUR('',#10);
#10943=FILL_AREA_STYLE('',(#10942));
#10944=SURFACE_STYLE_FILL_AREA(#10943);
#10945=SURFACE_SIDE_STYLE('',(#10944));
#10946=SURFACE_STYLE_USAGE(.POSITIVE.,#10945);
#10947=PRESENTATION_STYLE_ASSIGNMENT((#10946));
#10948=STYLED_ITEM('',(#10947),#10941);
#10949=CARTESIAN_POINT('',(-6.25E0,-2.16432E1,3.E-1));
#10950=DIRECTION('',(0.E0,1.E0,0.E0));
#10951=DIRECTION('',(0.E0,0.E0,-1.E0));
#10952=AXIS2_PLACEMENT_3D('',#10949,#10950,#10951);
#10953=CYLINDRICAL_SURFACE('',#10952,3.E-1);
#10954=ORIENTED_EDGE('',*,*,#7892,.T.);
#10956=ORIENTED_EDGE('',*,*,#10955,.T.);
#10957=ORIENTED_EDGE('',*,*,#10913,.F.);
#10959=ORIENTED_EDGE('',*,*,#10958,.T.);
#10960=EDGE_LOOP('',(#10954,#10956,#10957,#10959));
#10961=FACE_OUTER_BOUND('',#10960,.F.);
#10963=FILL_AREA_STYLE_COLOUR('',#10);
#10964=FILL_AREA_STYLE('',(#10963));
#10965=SURFACE_STYLE_FILL_AREA(#10964);
#10966=SURFACE_SIDE_STYLE('',(#10965));
#10967=SURFACE_STYLE_USAGE(.POSITIVE.,#10966);
#10968=PRESENTATION_STYLE_ASSIGNMENT((#10967));
#10969=STYLED_ITEM('',(#10968),#10962);
#10970=CARTESIAN_POINT('',(-5.15E0,-7.E-1,1.265E1));
#10971=DIRECTION('',(0.E0,0.E0,-1.E0));
#10972=DIRECTION('',(1.E0,0.E0,0.E0));
#10973=AXIS2_PLACEMENT_3D('',#10970,#10971,#10972);
#10974=CYLINDRICAL_SURFACE('',#10973,1.4E0);
#10975=ORIENTED_EDGE('',*,*,#7898,.T.);
#10977=ORIENTED_EDGE('',*,*,#10976,.T.);
#10979=ORIENTED_EDGE('',*,*,#10978,.T.);
#10981=ORIENTED_EDGE('',*,*,#10980,.F.);
#10982=EDGE_LOOP('',(#10975,#10977,#10979,#10981));
#10983=FACE_OUTER_BOUND('',#10982,.F.);
#10985=FILL_AREA_STYLE_COLOUR('',#10);
#10986=FILL_AREA_STYLE('',(#10985));
#10987=SURFACE_STYLE_FILL_AREA(#10986);
#10988=SURFACE_SIDE_STYLE('',(#10987));
#10989=SURFACE_STYLE_USAGE(.POSITIVE.,#10988);
#10990=PRESENTATION_STYLE_ASSIGNMENT((#10989));
#10991=STYLED_ITEM('',(#10990),#10984);
#10992=CARTESIAN_POINT('',(-5.15E0,-7.E-1,1.265E1));
#10993=DIRECTION('',(0.E0,0.E0,-1.E0));
#10994=DIRECTION('',(1.E0,0.E0,0.E0));
#10995=AXIS2_PLACEMENT_3D('',#10992,#10993,#10994);
#10996=CYLINDRICAL_SURFACE('',#10995,1.4E0);
#10998=ORIENTED_EDGE('',*,*,#10997,.F.);
#11000=ORIENTED_EDGE('',*,*,#10999,.F.);
#11001=ORIENTED_EDGE('',*,*,#7894,.F.);
#11002=ORIENTED_EDGE('',*,*,#10958,.F.);
#11003=ORIENTED_EDGE('',*,*,#10935,.F.);
#11004=ORIENTED_EDGE('',*,*,#7902,.F.);
#11006=ORIENTED_EDGE('',*,*,#11005,.T.);
#11007=EDGE_LOOP('',(#10998,#11000,#11001,#11002,#11003,#11004,#11006));
#11008=FACE_OUTER_BOUND('',#11007,.F.);
#11010=FILL_AREA_STYLE_COLOUR('',#10);
#11011=FILL_AREA_STYLE('',(#11010));
#11012=SURFACE_STYLE_FILL_AREA(#11011);
#11013=SURFACE_SIDE_STYLE('',(#11012));
#11014=SURFACE_STYLE_USAGE(.POSITIVE.,#11013);
#11015=PRESENTATION_STYLE_ASSIGNMENT((#11014));
#11016=STYLED_ITEM('',(#11015),#11009);
#11017=CARTESIAN_POINT('',(-3.206243511533E0,6.E-1,-2.6E0));
#11018=DIRECTION('',(0.E0,-1.E0,0.E0));
#11019=DIRECTION('',(-1.E0,0.E0,0.E0));
#11020=AXIS2_PLACEMENT_3D('',#11017,#11018,#11019);
#11021=PLANE('',#11020);
#11023=ORIENTED_EDGE('',*,*,#11022,.F.);
#11025=ORIENTED_EDGE('',*,*,#11024,.F.);
#11027=ORIENTED_EDGE('',*,*,#11026,.F.);
#11029=ORIENTED_EDGE('',*,*,#11028,.F.);
#11031=ORIENTED_EDGE('',*,*,#11030,.F.);
#11032=ORIENTED_EDGE('',*,*,#10976,.F.);
#11033=ORIENTED_EDGE('',*,*,#7896,.T.);
#11034=ORIENTED_EDGE('',*,*,#10999,.T.);
#11036=ORIENTED_EDGE('',*,*,#11035,.F.);
#11038=ORIENTED_EDGE('',*,*,#11037,.F.);
#11040=ORIENTED_EDGE('',*,*,#11039,.T.);
#11042=ORIENTED_EDGE('',*,*,#11041,.T.);
#11043=EDGE_LOOP('',(#11023,#11025,#11027,#11029,#11031,#11032,#11033,#11034,
#11036,#11038,#11040,#11042));
#11044=FACE_OUTER_BOUND('',#11043,.F.);
#11046=FILL_AREA_STYLE_COLOUR('',#10);
#11047=FILL_AREA_STYLE('',(#11046));
#11048=SURFACE_STYLE_FILL_AREA(#11047);
#11049=SURFACE_SIDE_STYLE('',(#11048));
#11050=SURFACE_STYLE_USAGE(.POSITIVE.,#11049);
#11051=PRESENTATION_STYLE_ASSIGNMENT((#11050));
#11052=STYLED_ITEM('',(#11051),#11045);
#11053=CARTESIAN_POINT('',(-5.15E0,-7.E-1,-2.3E0));
#11054=DIRECTION('',(0.E0,0.E0,1.E0));
#11055=DIRECTION('',(-9.999995644445E-1,9.333331978282E-4,0.E0));
#11056=AXIS2_PLACEMENT_3D('',#11053,#11054,#11055);
#11057=TOROIDAL_SURFACE('',#11056,1.195735931288E0,3.E-1);
#11059=ORIENTED_EDGE('',*,*,#11058,.T.);
#11061=ORIENTED_EDGE('',*,*,#11060,.T.);
#11063=ORIENTED_EDGE('',*,*,#11062,.F.);
#11064=ORIENTED_EDGE('',*,*,#11022,.T.);
#11066=ORIENTED_EDGE('',*,*,#11065,.T.);
#11068=ORIENTED_EDGE('',*,*,#11067,.T.);
#11069=EDGE_LOOP('',(#11059,#11061,#11063,#11064,#11066,#11068));
#11070=FACE_OUTER_BOUND('',#11069,.F.);
#11072=FILL_AREA_STYLE_COLOUR('',#10);
#11073=FILL_AREA_STYLE('',(#11072));
#11074=SURFACE_STYLE_FILL_AREA(#11073);
#11075=SURFACE_SIDE_STYLE('',(#11074));
#11076=SURFACE_STYLE_USAGE(.POSITIVE.,#11075);
#11077=PRESENTATION_STYLE_ASSIGNMENT((#11076));
#11078=STYLED_ITEM('',(#11077),#11071);
#11079=CARTESIAN_POINT('',(-4.75E0,1.605870280606E0,-2.6E0));
#11080=DIRECTION('',(1.E0,0.E0,0.E0));
#11081=DIRECTION('',(0.E0,-1.E0,0.E0));
#11082=AXIS2_PLACEMENT_3D('',#11079,#11080,#11081);
#11083=PLANE('',#11082);
#11084=ORIENTED_EDGE('',*,*,#11058,.F.);
#11086=ORIENTED_EDGE('',*,*,#11085,.F.);
#11087=ORIENTED_EDGE('',*,*,#11065,.F.);
#11088=ORIENTED_EDGE('',*,*,#11041,.F.);
#11090=ORIENTED_EDGE('',*,*,#11089,.F.);
#11092=ORIENTED_EDGE('',*,*,#11091,.T.);
#11093=EDGE_LOOP('',(#11084,#11086,#11087,#11088,#11090,#11092));
#11094=FACE_OUTER_BOUND('',#11093,.F.);
#11096=FILL_AREA_STYLE_COLOUR('',#10);
#11097=FILL_AREA_STYLE('',(#11096));
#11098=SURFACE_STYLE_FILL_AREA(#11097);
#11099=SURFACE_SIDE_STYLE('',(#11098));
#11100=SURFACE_STYLE_USAGE(.POSITIVE.,#11099);
#11101=PRESENTATION_STYLE_ASSIGNMENT((#11100));
#11102=STYLED_ITEM('',(#11101),#11095);
#11103=CARTESIAN_POINT('',(0.E0,0.E0,-2.6E0));
#11104=DIRECTION('',(0.E0,0.E0,-1.E0));
#11105=DIRECTION('',(1.E0,0.E0,0.E0));
#11106=AXIS2_PLACEMENT_3D('',#11103,#11104,#11105);
#11107=PLANE('',#11106);
#11108=ORIENTED_EDGE('',*,*,#11067,.F.);
#11109=ORIENTED_EDGE('',*,*,#11085,.T.);
#11110=EDGE_LOOP('',(#11108,#11109));
#11111=FACE_OUTER_BOUND('',#11110,.F.);
#11113=FILL_AREA_STYLE_COLOUR('',#10);
#11114=FILL_AREA_STYLE('',(#11113));
#11115=SURFACE_STYLE_FILL_AREA(#11114);
#11116=SURFACE_SIDE_STYLE('',(#11115));
#11117=SURFACE_STYLE_USAGE(.POSITIVE.,#11116);
#11118=PRESENTATION_STYLE_ASSIGNMENT((#11117));
#11119=STYLED_ITEM('',(#11118),#11112);
#11120=CARTESIAN_POINT('',(0.E0,0.E0,-2.6E0));
#11121=DIRECTION('',(0.E0,0.E0,-1.E0));
#11122=DIRECTION('',(1.E0,0.E0,0.E0));
#11123=AXIS2_PLACEMENT_3D('',#11120,#11121,#11122);
#11124=PLANE('',#11123);
#11126=ORIENTED_EDGE('',*,*,#11125,.F.);
#11128=ORIENTED_EDGE('',*,*,#11127,.T.);
#11129=EDGE_LOOP('',(#11126,#11128));
#11130=FACE_OUTER_BOUND('',#11129,.F.);
#11132=FILL_AREA_STYLE_COLOUR('',#10);
#11133=FILL_AREA_STYLE('',(#11132));
#11134=SURFACE_STYLE_FILL_AREA(#11133);
#11135=SURFACE_SIDE_STYLE('',(#11134));
#11136=SURFACE_STYLE_USAGE(.POSITIVE.,#11135);
#11137=PRESENTATION_STYLE_ASSIGNMENT((#11136));
#11138=STYLED_ITEM('',(#11137),#11131);
#11139=CARTESIAN_POINT('',(-5.55E0,-3.005870280606E0,-2.6E0));
#11140=DIRECTION('',(-1.E0,0.E0,0.E0));
#11141=DIRECTION('',(0.E0,1.E0,0.E0));
#11142=AXIS2_PLACEMENT_3D('',#11139,#11140,#11141);
#11143=PLANE('',#11142);
#11145=ORIENTED_EDGE('',*,*,#11144,.F.);
#11147=ORIENTED_EDGE('',*,*,#11146,.F.);
#11148=ORIENTED_EDGE('',*,*,#11125,.T.);
#11150=ORIENTED_EDGE('',*,*,#11149,.F.);
#11152=ORIENTED_EDGE('',*,*,#11151,.F.);
#11154=ORIENTED_EDGE('',*,*,#11153,.F.);
#11156=ORIENTED_EDGE('',*,*,#11155,.T.);
#11157=ORIENTED_EDGE('',*,*,#11037,.T.);
#11158=EDGE_LOOP('',(#11145,#11147,#11148,#11150,#11152,#11154,#11156,#11157));
#11159=FACE_OUTER_BOUND('',#11158,.F.);
#11161=FILL_AREA_STYLE_COLOUR('',#10);
#11162=FILL_AREA_STYLE('',(#11161));
#11163=SURFACE_STYLE_FILL_AREA(#11162);
#11164=SURFACE_SIDE_STYLE('',(#11163));
#11165=SURFACE_STYLE_USAGE(.POSITIVE.,#11164);
#11166=PRESENTATION_STYLE_ASSIGNMENT((#11165));
#11167=STYLED_ITEM('',(#11166),#11160);
#11168=CARTESIAN_POINT('',(-5.149999055606E0,-7.000004297111E-1,
-2.406066006179E0));
#11169=DIRECTION('',(0.E0,0.E0,1.E0));
#11170=DIRECTION('',(0.E0,-1.E0,0.E0));
#11171=AXIS2_PLACEMENT_3D('',#11168,#11169,#11170);
#11172=CONICAL_SURFACE('',#11171,1.293934672928E0,4.500004545467E1);
#11173=ORIENTED_EDGE('',*,*,#11144,.T.);
#11174=ORIENTED_EDGE('',*,*,#11035,.T.);
#11175=ORIENTED_EDGE('',*,*,#10997,.T.);
#11177=ORIENTED_EDGE('',*,*,#11176,.T.);
#11178=ORIENTED_EDGE('',*,*,#11151,.T.);
#11180=ORIENTED_EDGE('',*,*,#11179,.F.);
#11181=EDGE_LOOP('',(#11173,#11174,#11175,#11177,#11178,#11180));
#11182=FACE_OUTER_BOUND('',#11181,.F.);
#11184=FILL_AREA_STYLE_COLOUR('',#10);
#11185=FILL_AREA_STYLE('',(#11184));
#11186=SURFACE_STYLE_FILL_AREA(#11185);
#11187=SURFACE_SIDE_STYLE('',(#11186));
#11188=SURFACE_STYLE_USAGE(.POSITIVE.,#11187);
#11189=PRESENTATION_STYLE_ASSIGNMENT((#11188));
#11190=STYLED_ITEM('',(#11189),#11183);
#11191=CARTESIAN_POINT('',(-7.049423949827E0,-2.E0,-2.6E0));
#11192=DIRECTION('',(0.E0,1.E0,0.E0));
#11193=DIRECTION('',(1.E0,0.E0,0.E0));
#11194=AXIS2_PLACEMENT_3D('',#11191,#11192,#11193);
#11195=PLANE('',#11194);
#11196=ORIENTED_EDGE('',*,*,#11060,.F.);
#11197=ORIENTED_EDGE('',*,*,#11091,.F.);
#11199=ORIENTED_EDGE('',*,*,#11198,.F.);
#11200=ORIENTED_EDGE('',*,*,#11153,.T.);
#11201=ORIENTED_EDGE('',*,*,#11176,.F.);
#11202=ORIENTED_EDGE('',*,*,#11005,.F.);
#11203=ORIENTED_EDGE('',*,*,#7900,.T.);
#11204=ORIENTED_EDGE('',*,*,#10980,.T.);
#11206=ORIENTED_EDGE('',*,*,#11205,.T.);
#11208=ORIENTED_EDGE('',*,*,#11207,.F.);
#11210=ORIENTED_EDGE('',*,*,#11209,.T.);
#11212=ORIENTED_EDGE('',*,*,#11211,.F.);
#11213=EDGE_LOOP('',(#11196,#11197,#11199,#11200,#11201,#11202,#11203,#11204,
#11206,#11208,#11210,#11212));
#11214=FACE_OUTER_BOUND('',#11213,.F.);
#11216=FILL_AREA_STYLE_COLOUR('',#10);
#11217=FILL_AREA_STYLE('',(#11216));
#11218=SURFACE_STYLE_FILL_AREA(#11217);
#11219=SURFACE_SIDE_STYLE('',(#11218));
#11220=SURFACE_STYLE_USAGE(.POSITIVE.,#11219);
#11221=PRESENTATION_STYLE_ASSIGNMENT((#11220));
#11222=STYLED_ITEM('',(#11221),#11215);
#11223=CARTESIAN_POINT('',(-5.15E0,-2.16432E1,-1.E0));
#11224=DIRECTION('',(0.E0,1.E0,0.E0));
#11225=DIRECTION('',(-1.E0,0.E0,0.E0));
#11226=AXIS2_PLACEMENT_3D('',#11223,#11224,#11225);
#11227=CYLINDRICAL_SURFACE('',#11226,4.E-1);
#11228=ORIENTED_EDGE('',*,*,#11155,.F.);
#11229=ORIENTED_EDGE('',*,*,#11198,.T.);
#11230=ORIENTED_EDGE('',*,*,#11089,.T.);
#11231=ORIENTED_EDGE('',*,*,#11039,.F.);
#11232=EDGE_LOOP('',(#11228,#11229,#11230,#11231));
#11233=FACE_OUTER_BOUND('',#11232,.F.);
#11235=FILL_AREA_STYLE_COLOUR('',#10);
#11236=FILL_AREA_STYLE('',(#11235));
#11237=SURFACE_STYLE_FILL_AREA(#11236);
#11238=SURFACE_SIDE_STYLE('',(#11237));
#11239=SURFACE_STYLE_USAGE(.POSITIVE.,#11238);
#11240=PRESENTATION_STYLE_ASSIGNMENT((#11239));
#11241=STYLED_ITEM('',(#11240),#11234);
#11242=CARTESIAN_POINT('',(0.E0,0.E0,-1.7E0));
#11243=DIRECTION('',(0.E0,0.E0,-1.E0));
#11244=DIRECTION('',(1.E0,0.E0,0.E0));
#11245=AXIS2_PLACEMENT_3D('',#11242,#11243,#11244);
#11246=PLANE('',#11245);
#11248=ORIENTED_EDGE('',*,*,#11247,.F.);
#11249=ORIENTED_EDGE('',*,*,#11205,.F.);
#11250=ORIENTED_EDGE('',*,*,#10978,.F.);
#11251=ORIENTED_EDGE('',*,*,#11030,.T.);
#11252=EDGE_LOOP('',(#11248,#11249,#11250,#11251));
#11253=FACE_OUTER_BOUND('',#11252,.F.);
#11255=FILL_AREA_STYLE_COLOUR('',#10);
#11256=FILL_AREA_STYLE('',(#11255));
#11257=SURFACE_STYLE_FILL_AREA(#11256);
#11258=SURFACE_SIDE_STYLE('',(#11257));
#11259=SURFACE_STYLE_USAGE(.POSITIVE.,#11258);
#11260=PRESENTATION_STYLE_ASSIGNMENT((#11259));
#11261=STYLED_ITEM('',(#11260),#11254);
#11262=CARTESIAN_POINT('',(-5.15E0,-7.E-1,-1.800000115082E0));
#11263=DIRECTION('',(0.E0,0.E0,-1.E0));
#11264=DIRECTION('',(0.E0,-1.E0,0.E0));
#11265=AXIS2_PLACEMENT_3D('',#11262,#11263,#11264);
#11266=CONICAL_SURFACE('',#11265,1.620000115082E0,4.5E1);
#11268=ORIENTED_EDGE('',*,*,#11267,.F.);
#11269=ORIENTED_EDGE('',*,*,#11207,.T.);
#11270=ORIENTED_EDGE('',*,*,#11247,.T.);
#11271=ORIENTED_EDGE('',*,*,#11028,.T.);
#11272=EDGE_LOOP('',(#11268,#11269,#11270,#11271));
#11273=FACE_OUTER_BOUND('',#11272,.F.);
#11275=FILL_AREA_STYLE_COLOUR('',#10);
#11276=FILL_AREA_STYLE('',(#11275));
#11277=SURFACE_STYLE_FILL_AREA(#11276);
#11278=SURFACE_SIDE_STYLE('',(#11277));
#11279=SURFACE_STYLE_USAGE(.POSITIVE.,#11278);
#11280=PRESENTATION_STYLE_ASSIGNMENT((#11279));
#11281=STYLED_ITEM('',(#11280),#11274);
#11282=CARTESIAN_POINT('',(-5.15E0,-7.E-1,-2.6E0));
#11283=DIRECTION('',(0.E0,0.E0,-1.E0));
#11284=DIRECTION('',(1.E0,0.E0,0.E0));
#11285=AXIS2_PLACEMENT_3D('',#11282,#11283,#11284);
#11286=CYLINDRICAL_SURFACE('',#11285,1.72E0);
#11288=ORIENTED_EDGE('',*,*,#11287,.T.);
#11289=ORIENTED_EDGE('',*,*,#11209,.F.);
#11290=ORIENTED_EDGE('',*,*,#11267,.T.);
#11291=ORIENTED_EDGE('',*,*,#11026,.T.);
#11292=EDGE_LOOP('',(#11288,#11289,#11290,#11291));
#11293=FACE_OUTER_BOUND('',#11292,.F.);
#11295=FILL_AREA_STYLE_COLOUR('',#10);
#11296=FILL_AREA_STYLE('',(#11295));
#11297=SURFACE_STYLE_FILL_AREA(#11296);
#11298=SURFACE_SIDE_STYLE('',(#11297));
#11299=SURFACE_STYLE_USAGE(.POSITIVE.,#11298);
#11300=PRESENTATION_STYLE_ASSIGNMENT((#11299));
#11301=STYLED_ITEM('',(#11300),#11294);
#11302=CARTESIAN_POINT('',(-5.15E0,-7.E-1,-2.356065903538E0));
#11303=DIRECTION('',(0.E0,0.E0,1.E0));
#11304=DIRECTION('',(0.E0,-1.E0,0.E0));
#11305=AXIS2_PLACEMENT_3D('',#11302,#11303,#11304);
#11306=CONICAL_SURFACE('',#11305,1.563934096462E0,4.5E1);
#11307=ORIENTED_EDGE('',*,*,#11062,.T.);
#11308=ORIENTED_EDGE('',*,*,#11211,.T.);
#11309=ORIENTED_EDGE('',*,*,#11287,.F.);
#11310=ORIENTED_EDGE('',*,*,#11024,.T.);
#11311=EDGE_LOOP('',(#11307,#11308,#11309,#11310));
#11312=FACE_OUTER_BOUND('',#11311,.F.);
#11314=FILL_AREA_STYLE_COLOUR('',#10);
#11315=FILL_AREA_STYLE('',(#11314));
#11316=SURFACE_STYLE_FILL_AREA(#11315);
#11317=SURFACE_SIDE_STYLE('',(#11316));
#11318=SURFACE_STYLE_USAGE(.POSITIVE.,#11317);
#11319=PRESENTATION_STYLE_ASSIGNMENT((#11318));
#11320=STYLED_ITEM('',(#11319),#11313);
#11321=CARTESIAN_POINT('',(-5.149999055606E0,-7.000004297111E-1,-2.3E0));
#11322=DIRECTION('',(0.E0,0.E0,1.E0));
#11323=DIRECTION('',(9.999995643068E-1,9.334806453034E-4,0.E0));
#11324=AXIS2_PLACEMENT_3D('',#11321,#11322,#11323);
#11325=TOROIDAL_SURFACE('',#11324,9.757364421034E-1,3.E-1);
#11326=ORIENTED_EDGE('',*,*,#11149,.T.);
#11327=ORIENTED_EDGE('',*,*,#11127,.F.);
#11328=ORIENTED_EDGE('',*,*,#11146,.T.);
#11329=ORIENTED_EDGE('',*,*,#11179,.T.);
#11330=EDGE_LOOP('',(#11326,#11327,#11328,#11329));
#11331=FACE_OUTER_BOUND('',#11330,.F.);
#11333=FILL_AREA_STYLE_COLOUR('',#10);
#11334=FILL_AREA_STYLE('',(#11333));
#11335=SURFACE_STYLE_FILL_AREA(#11334);
#11336=SURFACE_SIDE_STYLE('',(#11335));
#11337=SURFACE_STYLE_USAGE(.POSITIVE.,#11336);
#11338=PRESENTATION_STYLE_ASSIGNMENT((#11337));
#11339=STYLED_ITEM('',(#11338),#11332);
#11340=CARTESIAN_POINT('',(-6.25E0,5.7E0,3.E-1));
#11341=DIRECTION('',(0.E0,7.071067811865E-1,7.071067811865E-1));
#11342=DIRECTION('',(0.E0,7.071067811865E-1,-7.071067811865E-1));
#11343=AXIS2_PLACEMENT_3D('',#11340,#11341,#11342);
#11344=SPHERICAL_SURFACE('',#11343,3.E-1);
#11345=ORIENTED_EDGE('',*,*,#7507,.F.);
#11347=ORIENTED_EDGE('',*,*,#11346,.F.);
#11348=ORIENTED_EDGE('',*,*,#10955,.F.);
#11349=EDGE_LOOP('',(#11345,#11347,#11348));
#11350=FACE_OUTER_BOUND('',#11349,.F.);
#11352=FILL_AREA_STYLE_COLOUR('',#10);
#11353=FILL_AREA_STYLE('',(#11352));
#11354=SURFACE_STYLE_FILL_AREA(#11353);
#11355=SURFACE_SIDE_STYLE('',(#11354));
#11356=SURFACE_STYLE_USAGE(.POSITIVE.,#11355);
#11357=PRESENTATION_STYLE_ASSIGNMENT((#11356));
#11358=STYLED_ITEM('',(#11357),#11351);
#11359=CARTESIAN_POINT('',(-6.25E0,5.7E0,2.64914E1));
#11360=DIRECTION('',(0.E0,0.E0,-1.E0));
#11361=DIRECTION('',(-1.E0,0.E0,0.E0));
#11362=AXIS2_PLACEMENT_3D('',#11359,#11360,#11361);
#11363=CYLINDRICAL_SURFACE('',#11362,3.E-1);
#11364=ORIENTED_EDGE('',*,*,#10915,.T.);
#11365=ORIENTED_EDGE('',*,*,#11346,.T.);
#11366=ORIENTED_EDGE('',*,*,#6715,.F.);
#11368=ORIENTED_EDGE('',*,*,#11367,.T.);
#11369=EDGE_LOOP('',(#11364,#11365,#11366,#11368));
#11370=FACE_OUTER_BOUND('',#11369,.F.);
#11372=FILL_AREA_STYLE_COLOUR('',#10);
#11373=FILL_AREA_STYLE('',(#11372));
#11374=SURFACE_STYLE_FILL_AREA(#11373);
#11375=SURFACE_SIDE_STYLE('',(#11374));
#11376=SURFACE_STYLE_USAGE(.POSITIVE.,#11375);
#11377=PRESENTATION_STYLE_ASSIGNMENT((#11376));
#11378=STYLED_ITEM('',(#11377),#11371);
#11379=CARTESIAN_POINT('',(-6.25E0,5.7E0,1.12E1));
#11380=DIRECTION('',(7.071067811865E-1,7.071067811865E-1,0.E0));
#11381=DIRECTION('',(-7.071067811865E-1,7.071067811865E-1,0.E0));
#11382=AXIS2_PLACEMENT_3D('',#11379,#11380,#11381);
#11383=SPHERICAL_SURFACE('',#11382,3.E-1);
#11384=ORIENTED_EDGE('',*,*,#11367,.F.);
#11386=ORIENTED_EDGE('',*,*,#11385,.F.);
#11387=ORIENTED_EDGE('',*,*,#10892,.F.);
#11388=EDGE_LOOP('',(#11384,#11386,#11387));
#11389=FACE_OUTER_BOUND('',#11388,.F.);
#11391=FILL_AREA_STYLE_COLOUR('',#10);
#11392=FILL_AREA_STYLE('',(#11391));
#11393=SURFACE_STYLE_FILL_AREA(#11392);
#11394=SURFACE_SIDE_STYLE('',(#11393));
#11395=SURFACE_STYLE_USAGE(.POSITIVE.,#11394);
#11396=PRESENTATION_STYLE_ASSIGNMENT((#11395));
#11397=STYLED_ITEM('',(#11396),#11390);
#11398=CARTESIAN_POINT('',(2.362716E1,5.7E0,1.12E1));
#11399=DIRECTION('',(-1.E0,0.E0,0.E0));
#11400=DIRECTION('',(0.E0,0.E0,1.E0));
#11401=AXIS2_PLACEMENT_3D('',#11398,#11399,#11400);
#11402=CYLINDRICAL_SURFACE('',#11401,3.E-1);
#11403=ORIENTED_EDGE('',*,*,#10662,.T.);
#11404=ORIENTED_EDGE('',*,*,#11385,.T.);
#11405=ORIENTED_EDGE('',*,*,#6713,.F.);
#11406=ORIENTED_EDGE('',*,*,#10598,.T.);
#11407=EDGE_LOOP('',(#11403,#11404,#11405,#11406));
#11408=FACE_OUTER_BOUND('',#11407,.F.);
#11410=FILL_AREA_STYLE_COLOUR('',#10);
#11411=FILL_AREA_STYLE('',(#11410));
#11412=SURFACE_STYLE_FILL_AREA(#11411);
#11413=SURFACE_SIDE_STYLE('',(#11412));
#11414=SURFACE_STYLE_USAGE(.POSITIVE.,#11413);
#11415=PRESENTATION_STYLE_ASSIGNMENT((#11414));
#11416=STYLED_ITEM('',(#11415),#11409);
#11417=CARTESIAN_POINT('',(-5.2E0,-5.8E0,5.4E0));
#11418=DIRECTION('',(7.071067811865E-1,-7.071067811865E-1,0.E0));
#11419=DIRECTION('',(7.071067811865E-1,7.071067811865E-1,0.E0));
#11420=AXIS2_PLACEMENT_3D('',#11417,#11418,#11419);
#11421=PLANE('',#11420);
#11422=ORIENTED_EDGE('',*,*,#8389,.T.);
#11423=ORIENTED_EDGE('',*,*,#9875,.F.);
#11425=ORIENTED_EDGE('',*,*,#11424,.F.);
#11426=ORIENTED_EDGE('',*,*,#8433,.T.);
#11427=EDGE_LOOP('',(#11422,#11423,#11425,#11426));
#11428=FACE_OUTER_BOUND('',#11427,.F.);
#11430=FILL_AREA_STYLE_COLOUR('',#10);
#11431=FILL_AREA_STYLE('',(#11430));
#11432=SURFACE_STYLE_FILL_AREA(#11431);
#11433=SURFACE_SIDE_STYLE('',(#11432));
#11434=SURFACE_STYLE_USAGE(.POSITIVE.,#11433);
#11435=PRESENTATION_STYLE_ASSIGNMENT((#11434));
#11436=STYLED_ITEM('',(#11435),#11429);
#11437=CARTESIAN_POINT('',(-5.E0,-6.E0,8.8E0));
#11438=DIRECTION('',(-1.E0,0.E0,0.E0));
#11439=DIRECTION('',(0.E0,0.E0,-1.E0));
#11440=AXIS2_PLACEMENT_3D('',#11437,#11438,#11439);
#11441=PLANE('',#11440);
#11442=ORIENTED_EDGE('',*,*,#11424,.T.);
#11443=ORIENTED_EDGE('',*,*,#9854,.T.);
#11444=ORIENTED_EDGE('',*,*,#9813,.T.);
#11446=ORIENTED_EDGE('',*,*,#11445,.F.);
#11447=ORIENTED_EDGE('',*,*,#8628,.T.);
#11448=ORIENTED_EDGE('',*,*,#7215,.F.);
#11449=EDGE_LOOP('',(#11442,#11443,#11444,#11446,#11447,#11448));
#11450=FACE_OUTER_BOUND('',#11449,.F.);
#11452=FILL_AREA_STYLE_COLOUR('',#10);
#11453=FILL_AREA_STYLE('',(#11452));
#11454=SURFACE_STYLE_FILL_AREA(#11453);
#11455=SURFACE_SIDE_STYLE('',(#11454));
#11456=SURFACE_STYLE_USAGE(.POSITIVE.,#11455);
#11457=PRESENTATION_STYLE_ASSIGNMENT((#11456));
#11458=STYLED_ITEM('',(#11457),#11451);
#11459=CARTESIAN_POINT('',(-5.E0,4.E0,6.8E0));
#11460=DIRECTION('',(0.E0,0.E0,-1.E0));
#11461=DIRECTION('',(1.E0,0.E0,0.E0));
#11462=AXIS2_PLACEMENT_3D('',#11459,#11460,#11461);
#11463=PLANE('',#11462);
#11464=ORIENTED_EDGE('',*,*,#8630,.F.);
#11465=ORIENTED_EDGE('',*,*,#11445,.T.);
#11466=ORIENTED_EDGE('',*,*,#9811,.T.);
#11467=ORIENTED_EDGE('',*,*,#9698,.F.);
#11468=EDGE_LOOP('',(#11464,#11465,#11466,#11467));
#11469=FACE_OUTER_BOUND('',#11468,.F.);
#11471=FILL_AREA_STYLE_COLOUR('',#10);
#11472=FILL_AREA_STYLE('',(#11471));
#11473=SURFACE_STYLE_FILL_AREA(#11472);
#11474=SURFACE_SIDE_STYLE('',(#11473));
#11475=SURFACE_STYLE_USAGE(.POSITIVE.,#11474);
#11476=PRESENTATION_STYLE_ASSIGNMENT((#11475));
#11477=STYLED_ITEM('',(#11476),#11470);
#11478=CARTESIAN_POINT('',(-4.25E0,4.E0,5.E0));
#11479=DIRECTION('',(0.E0,0.E0,-1.E0));
#11480=DIRECTION('',(1.E0,0.E0,0.E0));
#11481=AXIS2_PLACEMENT_3D('',#11478,#11479,#11480);
#11482=PLANE('',#11481);
#11483=ORIENTED_EDGE('',*,*,#8623,.F.);
#11484=ORIENTED_EDGE('',*,*,#9695,.T.);
#11486=ORIENTED_EDGE('',*,*,#11485,.T.);
#11488=ORIENTED_EDGE('',*,*,#11487,.F.);
#11490=ORIENTED_EDGE('',*,*,#11489,.F.);
#11491=EDGE_LOOP('',(#11483,#11484,#11486,#11488,#11490));
#11492=FACE_OUTER_BOUND('',#11491,.F.);
#11494=FILL_AREA_STYLE_COLOUR('',#10);
#11495=FILL_AREA_STYLE('',(#11494));
#11496=SURFACE_STYLE_FILL_AREA(#11495);
#11497=SURFACE_SIDE_STYLE('',(#11496));
#11498=SURFACE_STYLE_USAGE(.POSITIVE.,#11497);
#11499=PRESENTATION_STYLE_ASSIGNMENT((#11498));
#11500=STYLED_ITEM('',(#11499),#11493);
#11501=CARTESIAN_POINT('',(-4.25E0,4.E0,5.E0));
#11502=DIRECTION('',(0.E0,0.E0,-1.E0));
#11503=DIRECTION('',(1.E0,0.E0,0.E0));
#11504=AXIS2_PLACEMENT_3D('',#11501,#11502,#11503);
#11505=PLANE('',#11504);
#11506=ORIENTED_EDGE('',*,*,#8647,.F.);
#11508=ORIENTED_EDGE('',*,*,#11507,.T.);
#11510=ORIENTED_EDGE('',*,*,#11509,.T.);
#11512=ORIENTED_EDGE('',*,*,#11511,.T.);
#11514=ORIENTED_EDGE('',*,*,#11513,.F.);
#11516=ORIENTED_EDGE('',*,*,#11515,.F.);
#11517=EDGE_LOOP('',(#11506,#11508,#11510,#11512,#11514,#11516));
#11518=FACE_OUTER_BOUND('',#11517,.F.);
#11520=FILL_AREA_STYLE_COLOUR('',#10);
#11521=FILL_AREA_STYLE('',(#11520));
#11522=SURFACE_STYLE_FILL_AREA(#11521);
#11523=SURFACE_SIDE_STYLE('',(#11522));
#11524=SURFACE_STYLE_USAGE(.POSITIVE.,#11523);
#11525=PRESENTATION_STYLE_ASSIGNMENT((#11524));
#11526=STYLED_ITEM('',(#11525),#11519);
#11527=CARTESIAN_POINT('',(-4.25E0,4.E0,5.E0));
#11528=DIRECTION('',(0.E0,0.E0,-1.E0));
#11529=DIRECTION('',(1.E0,0.E0,0.E0));
#11530=AXIS2_PLACEMENT_3D('',#11527,#11528,#11529);
#11531=PLANE('',#11530);
#11532=ORIENTED_EDGE('',*,*,#8669,.F.);
#11534=ORIENTED_EDGE('',*,*,#11533,.T.);
#11536=ORIENTED_EDGE('',*,*,#11535,.T.);
#11538=ORIENTED_EDGE('',*,*,#11537,.T.);
#11540=ORIENTED_EDGE('',*,*,#11539,.F.);
#11542=ORIENTED_EDGE('',*,*,#11541,.F.);
#11543=EDGE_LOOP('',(#11532,#11534,#11536,#11538,#11540,#11542));
#11544=FACE_OUTER_BOUND('',#11543,.F.);
#11546=FILL_AREA_STYLE_COLOUR('',#10);
#11547=FILL_AREA_STYLE('',(#11546));
#11548=SURFACE_STYLE_FILL_AREA(#11547);
#11549=SURFACE_SIDE_STYLE('',(#11548));
#11550=SURFACE_STYLE_USAGE(.POSITIVE.,#11549);
#11551=PRESENTATION_STYLE_ASSIGNMENT((#11550));
#11552=STYLED_ITEM('',(#11551),#11545);
#11553=CARTESIAN_POINT('',(-4.25E0,4.E0,5.E0));
#11554=DIRECTION('',(0.E0,0.E0,-1.E0));
#11555=DIRECTION('',(1.E0,0.E0,0.E0));
#11556=AXIS2_PLACEMENT_3D('',#11553,#11554,#11555);
#11557=PLANE('',#11556);
#11558=ORIENTED_EDGE('',*,*,#8691,.F.);
#11560=ORIENTED_EDGE('',*,*,#11559,.T.);
#11562=ORIENTED_EDGE('',*,*,#11561,.T.);
#11564=ORIENTED_EDGE('',*,*,#11563,.T.);
#11566=ORIENTED_EDGE('',*,*,#11565,.F.);
#11568=ORIENTED_EDGE('',*,*,#11567,.F.);
#11569=EDGE_LOOP('',(#11558,#11560,#11562,#11564,#11566,#11568));
#11570=FACE_OUTER_BOUND('',#11569,.F.);
#11572=FILL_AREA_STYLE_COLOUR('',#10);
#11573=FILL_AREA_STYLE('',(#11572));
#11574=SURFACE_STYLE_FILL_AREA(#11573);
#11575=SURFACE_SIDE_STYLE('',(#11574));
#11576=SURFACE_STYLE_USAGE(.POSITIVE.,#11575);
#11577=PRESENTATION_STYLE_ASSIGNMENT((#11576));
#11578=STYLED_ITEM('',(#11577),#11571);
#11579=CARTESIAN_POINT('',(-4.25E0,4.E0,5.E0));
#11580=DIRECTION('',(0.E0,0.E0,-1.E0));
#11581=DIRECTION('',(1.E0,0.E0,0.E0));
#11582=AXIS2_PLACEMENT_3D('',#11579,#11580,#11581);
#11583=PLANE('',#11582);
#11584=ORIENTED_EDGE('',*,*,#8713,.F.);
#11586=ORIENTED_EDGE('',*,*,#11585,.T.);
#11588=ORIENTED_EDGE('',*,*,#11587,.T.);
#11590=ORIENTED_EDGE('',*,*,#11589,.T.);
#11592=ORIENTED_EDGE('',*,*,#11591,.F.);
#11594=ORIENTED_EDGE('',*,*,#11593,.F.);
#11595=EDGE_LOOP('',(#11584,#11586,#11588,#11590,#11592,#11594));
#11596=FACE_OUTER_BOUND('',#11595,.F.);
#11598=FILL_AREA_STYLE_COLOUR('',#10);
#11599=FILL_AREA_STYLE('',(#11598));
#11600=SURFACE_STYLE_FILL_AREA(#11599);
#11601=SURFACE_SIDE_STYLE('',(#11600));
#11602=SURFACE_STYLE_USAGE(.POSITIVE.,#11601);
#11603=PRESENTATION_STYLE_ASSIGNMENT((#11602));
#11604=STYLED_ITEM('',(#11603),#11597);
#11605=CARTESIAN_POINT('',(-4.25E0,4.E0,5.E0));
#11606=DIRECTION('',(0.E0,0.E0,-1.E0));
#11607=DIRECTION('',(1.E0,0.E0,0.E0));
#11608=AXIS2_PLACEMENT_3D('',#11605,#11606,#11607);
#11609=PLANE('',#11608);
#11610=ORIENTED_EDGE('',*,*,#8735,.F.);
#11612=ORIENTED_EDGE('',*,*,#11611,.T.);
#11614=ORIENTED_EDGE('',*,*,#11613,.T.);
#11616=ORIENTED_EDGE('',*,*,#11615,.T.);
#11618=ORIENTED_EDGE('',*,*,#11617,.F.);
#11620=ORIENTED_EDGE('',*,*,#11619,.F.);
#11621=EDGE_LOOP('',(#11610,#11612,#11614,#11616,#11618,#11620));
#11622=FACE_OUTER_BOUND('',#11621,.F.);
#11624=FILL_AREA_STYLE_COLOUR('',#10);
#11625=FILL_AREA_STYLE('',(#11624));
#11626=SURFACE_STYLE_FILL_AREA(#11625);
#11627=SURFACE_SIDE_STYLE('',(#11626));
#11628=SURFACE_STYLE_USAGE(.POSITIVE.,#11627);
#11629=PRESENTATION_STYLE_ASSIGNMENT((#11628));
#11630=STYLED_ITEM('',(#11629),#11623);
#11631=CARTESIAN_POINT('',(-4.25E0,4.E0,5.E0));
#11632=DIRECTION('',(0.E0,0.E0,-1.E0));
#11633=DIRECTION('',(1.E0,0.E0,0.E0));
#11634=AXIS2_PLACEMENT_3D('',#11631,#11632,#11633);
#11635=PLANE('',#11634);
#11636=ORIENTED_EDGE('',*,*,#8757,.F.);
#11638=ORIENTED_EDGE('',*,*,#11637,.T.);
#11640=ORIENTED_EDGE('',*,*,#11639,.T.);
#11642=ORIENTED_EDGE('',*,*,#11641,.T.);
#11643=ORIENTED_EDGE('',*,*,#9762,.F.);
#11644=EDGE_LOOP('',(#11636,#11638,#11640,#11642,#11643));
#11645=FACE_OUTER_BOUND('',#11644,.F.);
#11647=FILL_AREA_STYLE_COLOUR('',#10);
#11648=FILL_AREA_STYLE('',(#11647));
#11649=SURFACE_STYLE_FILL_AREA(#11648);
#11650=SURFACE_SIDE_STYLE('',(#11649));
#11651=SURFACE_STYLE_USAGE(.POSITIVE.,#11650);
#11652=PRESENTATION_STYLE_ASSIGNMENT((#11651));
#11653=STYLED_ITEM('',(#11652),#11646);
#11654=CARTESIAN_POINT('',(0.E0,4.4E0,0.E0));
#11655=DIRECTION('',(0.E0,-1.E0,0.E0));
#11656=DIRECTION('',(1.E0,0.E0,0.E0));
#11657=AXIS2_PLACEMENT_3D('',#11654,#11655,#11656);
#11658=PLANE('',#11657);
#11660=ORIENTED_EDGE('',*,*,#11659,.T.);
#11661=ORIENTED_EDGE('',*,*,#11485,.F.);
#11662=ORIENTED_EDGE('',*,*,#9693,.F.);
#11663=ORIENTED_EDGE('',*,*,#9723,.F.);
#11664=ORIENTED_EDGE('',*,*,#9764,.F.);
#11665=ORIENTED_EDGE('',*,*,#11641,.F.);
#11667=ORIENTED_EDGE('',*,*,#11666,.T.);
#11668=ORIENTED_EDGE('',*,*,#11615,.F.);
#11670=ORIENTED_EDGE('',*,*,#11669,.T.);
#11671=ORIENTED_EDGE('',*,*,#11589,.F.);
#11673=ORIENTED_EDGE('',*,*,#11672,.T.);
#11674=ORIENTED_EDGE('',*,*,#11563,.F.);
#11676=ORIENTED_EDGE('',*,*,#11675,.T.);
#11677=ORIENTED_EDGE('',*,*,#11537,.F.);
#11679=ORIENTED_EDGE('',*,*,#11678,.T.);
#11680=ORIENTED_EDGE('',*,*,#11511,.F.);
#11681=EDGE_LOOP('',(#11660,#11661,#11662,#11663,#11664,#11665,#11667,#11668,
#11670,#11671,#11673,#11674,#11676,#11677,#11679,#11680));
#11682=FACE_OUTER_BOUND('',#11681,.F.);
#11684=FILL_AREA_STYLE_COLOUR('',#10);
#11685=FILL_AREA_STYLE('',(#11684));
#11686=SURFACE_STYLE_FILL_AREA(#11685);
#11687=SURFACE_SIDE_STYLE('',(#11686));
#11688=SURFACE_STYLE_USAGE(.POSITIVE.,#11687);
#11689=PRESENTATION_STYLE_ASSIGNMENT((#11688));
#11690=STYLED_ITEM('',(#11689),#11683);
#11691=CARTESIAN_POINT('',(-2.275E0,4.E0,5.E0));
#11692=DIRECTION('',(0.E0,0.E0,1.E0));
#11693=DIRECTION('',(-1.E0,0.E0,0.E0));
#11694=AXIS2_PLACEMENT_3D('',#11691,#11692,#11693);
#11695=PLANE('',#11694);
#11696=ORIENTED_EDGE('',*,*,#11659,.F.);
#11698=ORIENTED_EDGE('',*,*,#11697,.T.);
#11699=ORIENTED_EDGE('',*,*,#6757,.T.);
#11701=ORIENTED_EDGE('',*,*,#11700,.F.);
#11702=EDGE_LOOP('',(#11696,#11698,#11699,#11701));
#11703=FACE_OUTER_BOUND('',#11702,.F.);
#11705=ORIENTED_EDGE('',*,*,#11704,.T.);
#11707=ORIENTED_EDGE('',*,*,#11706,.T.);
#11709=ORIENTED_EDGE('',*,*,#11708,.T.);
#11710=EDGE_LOOP('',(#11705,#11707,#11709));
#11711=FACE_BOUND('',#11710,.F.);
#11713=FILL_AREA_STYLE_COLOUR('',#10);
#11714=FILL_AREA_STYLE('',(#11713));
#11715=SURFACE_STYLE_FILL_AREA(#11714);
#11716=SURFACE_SIDE_STYLE('',(#11715));
#11717=SURFACE_STYLE_USAGE(.POSITIVE.,#11716);
#11718=PRESENTATION_STYLE_ASSIGNMENT((#11717));
#11719=STYLED_ITEM('',(#11718),#11712);
#11720=CARTESIAN_POINT('',(-2.275E0,4.E0,2.E0));
#11721=DIRECTION('',(1.E0,0.E0,0.E0));
#11722=DIRECTION('',(0.E0,0.E0,1.E0));
#11723=AXIS2_PLACEMENT_3D('',#11720,#11721,#11722);
#11724=PLANE('',#11723);
#11725=ORIENTED_EDGE('',*,*,#11509,.F.);
#11727=ORIENTED_EDGE('',*,*,#11726,.T.);
#11728=ORIENTED_EDGE('',*,*,#7224,.T.);
#11729=ORIENTED_EDGE('',*,*,#6759,.T.);
#11730=ORIENTED_EDGE('',*,*,#11697,.F.);
#11731=EDGE_LOOP('',(#11725,#11727,#11728,#11729,#11730));
#11732=FACE_OUTER_BOUND('',#11731,.F.);
#11734=FILL_AREA_STYLE_COLOUR('',#10);
#11735=FILL_AREA_STYLE('',(#11734));
#11736=SURFACE_STYLE_FILL_AREA(#11735);
#11737=SURFACE_SIDE_STYLE('',(#11736));
#11738=SURFACE_STYLE_USAGE(.POSITIVE.,#11737);
#11739=PRESENTATION_STYLE_ASSIGNMENT((#11738));
#11740=STYLED_ITEM('',(#11739),#11733);
#11741=CARTESIAN_POINT('',(-2.225E0,4.15E0,3.5E0));
#11742=DIRECTION('',(-9.486832980505E-1,-3.162277660168E-1,0.E0));
#11743=DIRECTION('',(-3.162277660168E-1,9.486832980505E-1,0.E0));
#11744=AXIS2_PLACEMENT_3D('',#11741,#11742,#11743);
#11745=PLANE('',#11744);
#11746=ORIENTED_EDGE('',*,*,#11507,.F.);
#11747=ORIENTED_EDGE('',*,*,#8652,.T.);
#11748=ORIENTED_EDGE('',*,*,#7226,.T.);
#11749=ORIENTED_EDGE('',*,*,#11726,.F.);
#11750=EDGE_LOOP('',(#11746,#11747,#11748,#11749));
#11751=FACE_OUTER_BOUND('',#11750,.F.);
#11753=FILL_AREA_STYLE_COLOUR('',#10);
#11754=FILL_AREA_STYLE('',(#11753));
#11755=SURFACE_STYLE_FILL_AREA(#11754);
#11756=SURFACE_SIDE_STYLE('',(#11755));
#11757=SURFACE_STYLE_USAGE(.POSITIVE.,#11756);
#11758=PRESENTATION_STYLE_ASSIGNMENT((#11757));
#11759=STYLED_ITEM('',(#11758),#11752);
#11760=CARTESIAN_POINT('',(-2.825E0,4.E0,5.E0));
#11761=DIRECTION('',(-1.E0,0.E0,0.E0));
#11762=DIRECTION('',(0.E0,0.E0,-1.E0));
#11763=AXIS2_PLACEMENT_3D('',#11760,#11761,#11762);
#11764=PLANE('',#11763);
#11765=ORIENTED_EDGE('',*,*,#11487,.T.);
#11766=ORIENTED_EDGE('',*,*,#11700,.T.);
#11767=ORIENTED_EDGE('',*,*,#6755,.T.);
#11768=ORIENTED_EDGE('',*,*,#7221,.F.);
#11770=ORIENTED_EDGE('',*,*,#11769,.T.);
#11771=EDGE_LOOP('',(#11765,#11766,#11767,#11768,#11770));
#11772=FACE_OUTER_BOUND('',#11771,.F.);
#11774=FILL_AREA_STYLE_COLOUR('',#10);
#11775=FILL_AREA_STYLE('',(#11774));
#11776=SURFACE_STYLE_FILL_AREA(#11775);
#11777=SURFACE_SIDE_STYLE('',(#11776));
#11778=SURFACE_STYLE_USAGE(.POSITIVE.,#11777);
#11779=PRESENTATION_STYLE_ASSIGNMENT((#11778));
#11780=STYLED_ITEM('',(#11779),#11773);
#11781=CARTESIAN_POINT('',(-2.875E0,4.15E0,3.5E0));
#11782=DIRECTION('',(9.486832980505E-1,-3.162277660168E-1,0.E0));
#11783=DIRECTION('',(3.162277660168E-1,9.486832980505E-1,0.E0));
#11784=AXIS2_PLACEMENT_3D('',#11781,#11782,#11783);
#11785=PLANE('',#11784);
#11786=ORIENTED_EDGE('',*,*,#11489,.T.);
#11787=ORIENTED_EDGE('',*,*,#11769,.F.);
#11788=ORIENTED_EDGE('',*,*,#7219,.T.);
#11789=ORIENTED_EDGE('',*,*,#8625,.T.);
#11790=EDGE_LOOP('',(#11786,#11787,#11788,#11789));
#11791=FACE_OUTER_BOUND('',#11790,.F.);
#11793=FILL_AREA_STYLE_COLOUR('',#10);
#11794=FILL_AREA_STYLE('',(#11793));
#11795=SURFACE_STYLE_FILL_AREA(#11794);
#11796=SURFACE_SIDE_STYLE('',(#11795));
#11797=SURFACE_STYLE_USAGE(.POSITIVE.,#11796);
#11798=PRESENTATION_STYLE_ASSIGNMENT((#11797));
#11799=STYLED_ITEM('',(#11798),#11792);
#11800=CARTESIAN_POINT('',(-2.55E0,4.956761793129E0,4.8043E0));
#11801=DIRECTION('',(0.E0,-9.300762238355E-1,-3.673665987211E-1));
#11802=DIRECTION('',(0.E0,3.673665987211E-1,-9.300762238355E-1));
#11803=AXIS2_PLACEMENT_3D('',#11800,#11801,#11802);
#11804=PLANE('',#11803);
#11805=ORIENTED_EDGE('',*,*,#11704,.F.);
#11807=ORIENTED_EDGE('',*,*,#11806,.T.);
#11809=ORIENTED_EDGE('',*,*,#11808,.T.);
#11810=EDGE_LOOP('',(#11805,#11807,#11809));
#11811=FACE_OUTER_BOUND('',#11810,.F.);
#11813=FILL_AREA_STYLE_COLOUR('',#6);
#11814=FILL_AREA_STYLE('',(#11813));
#11815=SURFACE_STYLE_FILL_AREA(#11814);
#11816=SURFACE_SIDE_STYLE('',(#11815));
#11817=SURFACE_STYLE_USAGE(.POSITIVE.,#11816);
#11818=PRESENTATION_STYLE_ASSIGNMENT((#11817));
#11819=STYLED_ITEM('',(#11818),#11812);
#11820=CARTESIAN_POINT('',(-2.55E0,4.956761793129E0,4.8043E0));
#11821=DIRECTION('',(0.E0,-9.300762238355E-1,-3.673665987211E-1));
#11822=DIRECTION('',(0.E0,3.673665987211E-1,-9.300762238355E-1));
#11823=AXIS2_PLACEMENT_3D('',#11820,#11821,#11822);
#11824=CYLINDRICAL_SURFACE('',#11823,2.3E-1);
#11825=ORIENTED_EDGE('',*,*,#11708,.F.);
#11827=ORIENTED_EDGE('',*,*,#11826,.T.);
#11829=ORIENTED_EDGE('',*,*,#11828,.T.);
#11831=ORIENTED_EDGE('',*,*,#11830,.F.);
#11832=ORIENTED_EDGE('',*,*,#11806,.F.);
#11833=EDGE_LOOP('',(#11825,#11827,#11829,#11831,#11832));
#11834=FACE_OUTER_BOUND('',#11833,.F.);
#11836=FILL_AREA_STYLE_COLOUR('',#6);
#11837=FILL_AREA_STYLE('',(#11836));
#11838=SURFACE_STYLE_FILL_AREA(#11837);
#11839=SURFACE_SIDE_STYLE('',(#11838));
#11840=SURFACE_STYLE_USAGE(.POSITIVE.,#11839);
#11841=PRESENTATION_STYLE_ASSIGNMENT((#11840));
#11842=STYLED_ITEM('',(#11841),#11835);
#11843=CARTESIAN_POINT('',(-2.55E0,4.956761793129E0,4.8043E0));
#11844=DIRECTION('',(0.E0,-9.300762238355E-1,-3.673665987211E-1));
#11845=DIRECTION('',(0.E0,3.673665987211E-1,-9.300762238355E-1));
#11846=AXIS2_PLACEMENT_3D('',#11843,#11844,#11845);
#11847=CYLINDRICAL_SURFACE('',#11846,2.3E-1);
#11848=ORIENTED_EDGE('',*,*,#11706,.F.);
#11849=ORIENTED_EDGE('',*,*,#11808,.F.);
#11850=ORIENTED_EDGE('',*,*,#11830,.T.);
#11852=ORIENTED_EDGE('',*,*,#11851,.T.);
#11853=ORIENTED_EDGE('',*,*,#11826,.F.);
#11854=EDGE_LOOP('',(#11848,#11849,#11850,#11852,#11853));
#11855=FACE_OUTER_BOUND('',#11854,.F.);
#11857=FILL_AREA_STYLE_COLOUR('',#6);
#11858=FILL_AREA_STYLE('',(#11857));
#11859=SURFACE_STYLE_FILL_AREA(#11858);
#11860=SURFACE_SIDE_STYLE('',(#11859));
#11861=SURFACE_STYLE_USAGE(.POSITIVE.,#11860);
#11862=PRESENTATION_STYLE_ASSIGNMENT((#11861));
#11863=STYLED_ITEM('',(#11862),#11856);
#11864=CARTESIAN_POINT('',(-2.55E0,-1.7504E0,1.6135E0));
#11865=DIRECTION('',(1.E0,0.E0,0.E0));
#11866=DIRECTION('',(0.E0,3.673665987211E-1,-9.300762238355E-1));
#11867=AXIS2_PLACEMENT_3D('',#11864,#11865,#11866);
#11868=TOROIDAL_SURFACE('',#11867,5.037E-1,2.3E-1);
#11869=ORIENTED_EDGE('',*,*,#11851,.F.);
#11871=ORIENTED_EDGE('',*,*,#11870,.T.);
#11873=ORIENTED_EDGE('',*,*,#11872,.T.);
#11875=ORIENTED_EDGE('',*,*,#11874,.F.);
#11876=EDGE_LOOP('',(#11869,#11871,#11873,#11875));
#11877=FACE_OUTER_BOUND('',#11876,.F.);
#11879=FILL_AREA_STYLE_COLOUR('',#6);
#11880=FILL_AREA_STYLE('',(#11879));
#11881=SURFACE_STYLE_FILL_AREA(#11880);
#11882=SURFACE_SIDE_STYLE('',(#11881));
#11883=SURFACE_STYLE_USAGE(.POSITIVE.,#11882);
#11884=PRESENTATION_STYLE_ASSIGNMENT((#11883));
#11885=STYLED_ITEM('',(#11884),#11878);
#11886=CARTESIAN_POINT('',(-2.55E0,-1.7504E0,1.6135E0));
#11887=DIRECTION('',(1.E0,0.E0,0.E0));
#11888=DIRECTION('',(0.E0,3.673665987211E-1,-9.300762238355E-1));
#11889=AXIS2_PLACEMENT_3D('',#11886,#11887,#11888);
#11890=TOROIDAL_SURFACE('',#11889,5.037E-1,2.3E-1);
#11891=ORIENTED_EDGE('',*,*,#11828,.F.);
#11892=ORIENTED_EDGE('',*,*,#11874,.T.);
#11894=ORIENTED_EDGE('',*,*,#11893,.T.);
#11895=ORIENTED_EDGE('',*,*,#11870,.F.);
#11896=EDGE_LOOP('',(#11891,#11892,#11894,#11895));
#11897=FACE_OUTER_BOUND('',#11896,.F.);
#11899=FILL_AREA_STYLE_COLOUR('',#6);
#11900=FILL_AREA_STYLE('',(#11899));
#11901=SURFACE_STYLE_FILL_AREA(#11900);
#11902=SURFACE_SIDE_STYLE('',(#11901));
#11903=SURFACE_STYLE_USAGE(.POSITIVE.,#11902);
#11904=PRESENTATION_STYLE_ASSIGNMENT((#11903));
#11905=STYLED_ITEM('',(#11904),#11898);
#11906=CARTESIAN_POINT('',(-2.55E0,-1.7504E0,1.1098E0));
#11907=DIRECTION('',(0.E0,1.E0,0.E0));
#11908=DIRECTION('',(0.E0,0.E0,1.E0));
#11909=AXIS2_PLACEMENT_3D('',#11906,#11907,#11908);
#11910=CYLINDRICAL_SURFACE('',#11909,2.3E-1);
#11911=ORIENTED_EDGE('',*,*,#11893,.F.);
#11913=ORIENTED_EDGE('',*,*,#11912,.T.);
#11915=ORIENTED_EDGE('',*,*,#11914,.T.);
#11917=ORIENTED_EDGE('',*,*,#11916,.F.);
#11918=EDGE_LOOP('',(#11911,#11913,#11915,#11917));
#11919=FACE_OUTER_BOUND('',#11918,.F.);
#11921=FILL_AREA_STYLE_COLOUR('',#6);
#11922=FILL_AREA_STYLE('',(#11921));
#11923=SURFACE_STYLE_FILL_AREA(#11922);
#11924=SURFACE_SIDE_STYLE('',(#11923));
#11925=SURFACE_STYLE_USAGE(.POSITIVE.,#11924);
#11926=PRESENTATION_STYLE_ASSIGNMENT((#11925));
#11927=STYLED_ITEM('',(#11926),#11920);
#11928=CARTESIAN_POINT('',(-2.55E0,-1.7504E0,1.1098E0));
#11929=DIRECTION('',(0.E0,1.E0,0.E0));
#11930=DIRECTION('',(0.E0,0.E0,1.E0));
#11931=AXIS2_PLACEMENT_3D('',#11928,#11929,#11930);
#11932=CYLINDRICAL_SURFACE('',#11931,2.3E-1);
#11933=ORIENTED_EDGE('',*,*,#11872,.F.);
#11934=ORIENTED_EDGE('',*,*,#11916,.T.);
#11936=ORIENTED_EDGE('',*,*,#11935,.T.);
#11937=ORIENTED_EDGE('',*,*,#11912,.F.);
#11938=EDGE_LOOP('',(#11933,#11934,#11936,#11937));
#11939=FACE_OUTER_BOUND('',#11938,.F.);
#11941=FILL_AREA_STYLE_COLOUR('',#6);
#11942=FILL_AREA_STYLE('',(#11941));
#11943=SURFACE_STYLE_FILL_AREA(#11942);
#11944=SURFACE_SIDE_STYLE('',(#11943));
#11945=SURFACE_STYLE_USAGE(.POSITIVE.,#11944);
#11946=PRESENTATION_STYLE_ASSIGNMENT((#11945));
#11947=STYLED_ITEM('',(#11946),#11940);
#11948=CARTESIAN_POINT('',(-2.55E0,2.5E0,1.1098E0));
#11949=DIRECTION('',(0.E0,1.E0,0.E0));
#11950=DIRECTION('',(0.E0,0.E0,1.E0));
#11951=AXIS2_PLACEMENT_3D('',#11948,#11949,#11950);
#11952=PLANE('',#11951);
#11953=ORIENTED_EDGE('',*,*,#11935,.F.);
#11954=ORIENTED_EDGE('',*,*,#11914,.F.);
#11955=EDGE_LOOP('',(#11953,#11954));
#11956=FACE_OUTER_BOUND('',#11955,.F.);
#11958=CARTESIAN_POINT('',(2.825E0,4.E0,5.E0));
#11959=DIRECTION('',(0.E0,0.E0,1.E0));
#11960=DIRECTION('',(-1.E0,0.E0,0.E0));
#11961=AXIS2_PLACEMENT_3D('',#11958,#11959,#11960);
#11962=PLANE('',#11961);
#11963=ORIENTED_EDGE('',*,*,#11666,.F.);
#11965=ORIENTED_EDGE('',*,*,#11964,.T.);
#11966=ORIENTED_EDGE('',*,*,#6807,.T.);
#11968=ORIENTED_EDGE('',*,*,#11967,.F.);
#11969=EDGE_LOOP('',(#11963,#11965,#11966,#11968));
#11970=FACE_OUTER_BOUND('',#11969,.F.);
#11972=ORIENTED_EDGE('',*,*,#11971,.T.);
#11974=ORIENTED_EDGE('',*,*,#11973,.T.);
#11976=ORIENTED_EDGE('',*,*,#11975,.T.);
#11977=EDGE_LOOP('',(#11972,#11974,#11976));
#11978=FACE_BOUND('',#11977,.F.);
#11980=FILL_AREA_STYLE_COLOUR('',#10);
#11981=FILL_AREA_STYLE('',(#11980));
#11982=SURFACE_STYLE_FILL_AREA(#11981);
#11983=SURFACE_SIDE_STYLE('',(#11982));
#11984=SURFACE_STYLE_USAGE(.POSITIVE.,#11983);
#11985=PRESENTATION_STYLE_ASSIGNMENT((#11984));
#11986=STYLED_ITEM('',(#11985),#11979);
#11987=CARTESIAN_POINT('',(2.825E0,4.E0,2.E0));
#11988=DIRECTION('',(1.E0,0.E0,0.E0));
#11989=DIRECTION('',(0.E0,0.E0,1.E0));
#11990=AXIS2_PLACEMENT_3D('',#11987,#11988,#11989);
#11991=PLANE('',#11990);
#11992=ORIENTED_EDGE('',*,*,#11639,.F.);
#11994=ORIENTED_EDGE('',*,*,#11993,.T.);
#11995=ORIENTED_EDGE('',*,*,#7279,.T.);
#11996=ORIENTED_EDGE('',*,*,#6809,.T.);
#11997=ORIENTED_EDGE('',*,*,#11964,.F.);
#11998=EDGE_LOOP('',(#11992,#11994,#11995,#11996,#11997));
#11999=FACE_OUTER_BOUND('',#11998,.F.);
#12001=FILL_AREA_STYLE_COLOUR('',#10);
#12002=FILL_AREA_STYLE('',(#12001));
#12003=SURFACE_STYLE_FILL_AREA(#12002);
#12004=SURFACE_SIDE_STYLE('',(#12003));
#12005=SURFACE_STYLE_USAGE(.POSITIVE.,#12004);
#12006=PRESENTATION_STYLE_ASSIGNMENT((#12005));
#12007=STYLED_ITEM('',(#12006),#12000);
#12008=CARTESIAN_POINT('',(2.875E0,4.15E0,3.5E0));
#12009=DIRECTION('',(-9.486832980505E-1,-3.162277660168E-1,0.E0));
#12010=DIRECTION('',(-3.162277660168E-1,9.486832980505E-1,0.E0));
#12011=AXIS2_PLACEMENT_3D('',#12008,#12009,#12010);
#12012=PLANE('',#12011);
#12013=ORIENTED_EDGE('',*,*,#11637,.F.);
#12014=ORIENTED_EDGE('',*,*,#8765,.T.);
#12015=ORIENTED_EDGE('',*,*,#7281,.T.);
#12016=ORIENTED_EDGE('',*,*,#11993,.F.);
#12017=EDGE_LOOP('',(#12013,#12014,#12015,#12016));
#12018=FACE_OUTER_BOUND('',#12017,.F.);
#12020=FILL_AREA_STYLE_COLOUR('',#10);
#12021=FILL_AREA_STYLE('',(#12020));
#12022=SURFACE_STYLE_FILL_AREA(#12021);
#12023=SURFACE_SIDE_STYLE('',(#12022));
#12024=SURFACE_STYLE_USAGE(.POSITIVE.,#12023);
#12025=PRESENTATION_STYLE_ASSIGNMENT((#12024));
#12026=STYLED_ITEM('',(#12025),#12019);
#12027=CARTESIAN_POINT('',(2.275E0,4.E0,5.E0));
#12028=DIRECTION('',(-1.E0,0.E0,0.E0));
#12029=DIRECTION('',(0.E0,0.E0,-1.E0));
#12030=AXIS2_PLACEMENT_3D('',#12027,#12028,#12029);
#12031=PLANE('',#12030);
#12032=ORIENTED_EDGE('',*,*,#11617,.T.);
#12033=ORIENTED_EDGE('',*,*,#11967,.T.);
#12034=ORIENTED_EDGE('',*,*,#6805,.T.);
#12035=ORIENTED_EDGE('',*,*,#7276,.F.);
#12037=ORIENTED_EDGE('',*,*,#12036,.T.);
#12038=EDGE_LOOP('',(#12032,#12033,#12034,#12035,#12037));
#12039=FACE_OUTER_BOUND('',#12038,.F.);
#12041=FILL_AREA_STYLE_COLOUR('',#10);
#12042=FILL_AREA_STYLE('',(#12041));
#12043=SURFACE_STYLE_FILL_AREA(#12042);
#12044=SURFACE_SIDE_STYLE('',(#12043));
#12045=SURFACE_STYLE_USAGE(.POSITIVE.,#12044);
#12046=PRESENTATION_STYLE_ASSIGNMENT((#12045));
#12047=STYLED_ITEM('',(#12046),#12040);
#12048=CARTESIAN_POINT('',(2.225E0,4.15E0,3.5E0));
#12049=DIRECTION('',(9.486832980505E-1,-3.162277660168E-1,0.E0));
#12050=DIRECTION('',(3.162277660168E-1,9.486832980505E-1,0.E0));
#12051=AXIS2_PLACEMENT_3D('',#12048,#12049,#12050);
#12052=PLANE('',#12051);
#12053=ORIENTED_EDGE('',*,*,#11619,.T.);
#12054=ORIENTED_EDGE('',*,*,#12036,.F.);
#12055=ORIENTED_EDGE('',*,*,#7274,.T.);
#12056=ORIENTED_EDGE('',*,*,#8737,.T.);
#12057=EDGE_LOOP('',(#12053,#12054,#12055,#12056));
#12058=FACE_OUTER_BOUND('',#12057,.F.);
#12060=FILL_AREA_STYLE_COLOUR('',#10);
#12061=FILL_AREA_STYLE('',(#12060));
#12062=SURFACE_STYLE_FILL_AREA(#12061);
#12063=SURFACE_SIDE_STYLE('',(#12062));
#12064=SURFACE_STYLE_USAGE(.POSITIVE.,#12063);
#12065=PRESENTATION_STYLE_ASSIGNMENT((#12064));
#12066=STYLED_ITEM('',(#12065),#12059);
#12067=CARTESIAN_POINT('',(2.55E0,4.956761793129E0,4.8043E0));
#12068=DIRECTION('',(0.E0,-9.300762238355E-1,-3.673665987211E-1));
#12069=DIRECTION('',(0.E0,3.673665987211E-1,-9.300762238355E-1));
#12070=AXIS2_PLACEMENT_3D('',#12067,#12068,#12069);
#12071=PLANE('',#12070);
#12073=ORIENTED_EDGE('',*,*,#12072,.T.);
#12074=ORIENTED_EDGE('',*,*,#11971,.F.);
#12076=ORIENTED_EDGE('',*,*,#12075,.T.);
#12077=EDGE_LOOP('',(#12073,#12074,#12076));
#12078=FACE_OUTER_BOUND('',#12077,.F.);
#12080=FILL_AREA_STYLE_COLOUR('',#6);
#12081=FILL_AREA_STYLE('',(#12080));
#12082=SURFACE_STYLE_FILL_AREA(#12081);
#12083=SURFACE_SIDE_STYLE('',(#12082));
#12084=SURFACE_STYLE_USAGE(.POSITIVE.,#12083);
#12085=PRESENTATION_STYLE_ASSIGNMENT((#12084));
#12086=STYLED_ITEM('',(#12085),#12079);
#12087=CARTESIAN_POINT('',(2.55E0,4.956761793129E0,4.8043E0));
#12088=DIRECTION('',(0.E0,-9.300762238355E-1,-3.673665987211E-1));
#12089=DIRECTION('',(0.E0,3.673665987211E-1,-9.300762238355E-1));
#12090=AXIS2_PLACEMENT_3D('',#12087,#12088,#12089);
#12091=CYLINDRICAL_SURFACE('',#12090,2.3E-1);
#12092=ORIENTED_EDGE('',*,*,#12072,.F.);
#12094=ORIENTED_EDGE('',*,*,#12093,.T.);
#12096=ORIENTED_EDGE('',*,*,#12095,.T.);
#12098=ORIENTED_EDGE('',*,*,#12097,.F.);
#12099=ORIENTED_EDGE('',*,*,#11973,.F.);
#12100=EDGE_LOOP('',(#12092,#12094,#12096,#12098,#12099));
#12101=FACE_OUTER_BOUND('',#12100,.F.);
#12103=FILL_AREA_STYLE_COLOUR('',#6);
#12104=FILL_AREA_STYLE('',(#12103));
#12105=SURFACE_STYLE_FILL_AREA(#12104);
#12106=SURFACE_SIDE_STYLE('',(#12105));
#12107=SURFACE_STYLE_USAGE(.POSITIVE.,#12106);
#12108=PRESENTATION_STYLE_ASSIGNMENT((#12107));
#12109=STYLED_ITEM('',(#12108),#12102);
#12110=CARTESIAN_POINT('',(2.55E0,4.956761793129E0,4.8043E0));
#12111=DIRECTION('',(0.E0,-9.300762238355E-1,-3.673665987211E-1));
#12112=DIRECTION('',(0.E0,3.673665987211E-1,-9.300762238355E-1));
#12113=AXIS2_PLACEMENT_3D('',#12110,#12111,#12112);
#12114=CYLINDRICAL_SURFACE('',#12113,2.3E-1);
#12115=ORIENTED_EDGE('',*,*,#12075,.F.);
#12116=ORIENTED_EDGE('',*,*,#11975,.F.);
#12117=ORIENTED_EDGE('',*,*,#12097,.T.);
#12119=ORIENTED_EDGE('',*,*,#12118,.T.);
#12120=ORIENTED_EDGE('',*,*,#12093,.F.);
#12121=EDGE_LOOP('',(#12115,#12116,#12117,#12119,#12120));
#12122=FACE_OUTER_BOUND('',#12121,.F.);
#12124=FILL_AREA_STYLE_COLOUR('',#6);
#12125=FILL_AREA_STYLE('',(#12124));
#12126=SURFACE_STYLE_FILL_AREA(#12125);
#12127=SURFACE_SIDE_STYLE('',(#12126));
#12128=SURFACE_STYLE_USAGE(.POSITIVE.,#12127);
#12129=PRESENTATION_STYLE_ASSIGNMENT((#12128));
#12130=STYLED_ITEM('',(#12129),#12123);
#12131=CARTESIAN_POINT('',(2.55E0,-1.7504E0,1.6135E0));
#12132=DIRECTION('',(1.E0,0.E0,0.E0));
#12133=DIRECTION('',(0.E0,3.673665987211E-1,-9.300762238355E-1));
#12134=AXIS2_PLACEMENT_3D('',#12131,#12132,#12133);
#12135=TOROIDAL_SURFACE('',#12134,5.037E-1,2.3E-1);
#12136=ORIENTED_EDGE('',*,*,#12118,.F.);
#12138=ORIENTED_EDGE('',*,*,#12137,.T.);
#12140=ORIENTED_EDGE('',*,*,#12139,.T.);
#12142=ORIENTED_EDGE('',*,*,#12141,.F.);
#12143=EDGE_LOOP('',(#12136,#12138,#12140,#12142));
#12144=FACE_OUTER_BOUND('',#12143,.F.);
#12146=FILL_AREA_STYLE_COLOUR('',#6);
#12147=FILL_AREA_STYLE('',(#12146));
#12148=SURFACE_STYLE_FILL_AREA(#12147);
#12149=SURFACE_SIDE_STYLE('',(#12148));
#12150=SURFACE_STYLE_USAGE(.POSITIVE.,#12149);
#12151=PRESENTATION_STYLE_ASSIGNMENT((#12150));
#12152=STYLED_ITEM('',(#12151),#12145);
#12153=CARTESIAN_POINT('',(2.55E0,-1.7504E0,1.6135E0));
#12154=DIRECTION('',(1.E0,0.E0,0.E0));
#12155=DIRECTION('',(0.E0,3.673665987211E-1,-9.300762238355E-1));
#12156=AXIS2_PLACEMENT_3D('',#12153,#12154,#12155);
#12157=TOROIDAL_SURFACE('',#12156,5.037E-1,2.3E-1);
#12158=ORIENTED_EDGE('',*,*,#12095,.F.);
#12159=ORIENTED_EDGE('',*,*,#12141,.T.);
#12161=ORIENTED_EDGE('',*,*,#12160,.T.);
#12162=ORIENTED_EDGE('',*,*,#12137,.F.);
#12163=EDGE_LOOP('',(#12158,#12159,#12161,#12162));
#12164=FACE_OUTER_BOUND('',#12163,.F.);
#12166=FILL_AREA_STYLE_COLOUR('',#6);
#12167=FILL_AREA_STYLE('',(#12166));
#12168=SURFACE_STYLE_FILL_AREA(#12167);
#12169=SURFACE_SIDE_STYLE('',(#12168));
#12170=SURFACE_STYLE_USAGE(.POSITIVE.,#12169);
#12171=PRESENTATION_STYLE_ASSIGNMENT((#12170));
#12172=STYLED_ITEM('',(#12171),#12165);
#12173=CARTESIAN_POINT('',(2.55E0,-1.7504E0,1.1098E0));
#12174=DIRECTION('',(0.E0,1.E0,0.E0));
#12175=DIRECTION('',(0.E0,0.E0,1.E0));
#12176=AXIS2_PLACEMENT_3D('',#12173,#12174,#12175);
#12177=CYLINDRICAL_SURFACE('',#12176,2.3E-1);
#12178=ORIENTED_EDGE('',*,*,#12160,.F.);
#12180=ORIENTED_EDGE('',*,*,#12179,.T.);
#12182=ORIENTED_EDGE('',*,*,#12181,.T.);
#12184=ORIENTED_EDGE('',*,*,#12183,.F.);
#12185=EDGE_LOOP('',(#12178,#12180,#12182,#12184));
#12186=FACE_OUTER_BOUND('',#12185,.F.);
#12188=FILL_AREA_STYLE_COLOUR('',#6);
#12189=FILL_AREA_STYLE('',(#12188));
#12190=SURFACE_STYLE_FILL_AREA(#12189);
#12191=SURFACE_SIDE_STYLE('',(#12190));
#12192=SURFACE_STYLE_USAGE(.POSITIVE.,#12191);
#12193=PRESENTATION_STYLE_ASSIGNMENT((#12192));
#12194=STYLED_ITEM('',(#12193),#12187);
#12195=CARTESIAN_POINT('',(2.55E0,-1.7504E0,1.1098E0));
#12196=DIRECTION('',(0.E0,1.E0,0.E0));
#12197=DIRECTION('',(0.E0,0.E0,1.E0));
#12198=AXIS2_PLACEMENT_3D('',#12195,#12196,#12197);
#12199=CYLINDRICAL_SURFACE('',#12198,2.3E-1);
#12200=ORIENTED_EDGE('',*,*,#12139,.F.);
#12201=ORIENTED_EDGE('',*,*,#12183,.T.);
#12203=ORIENTED_EDGE('',*,*,#12202,.T.);
#12204=ORIENTED_EDGE('',*,*,#12179,.F.);
#12205=EDGE_LOOP('',(#12200,#12201,#12203,#12204));
#12206=FACE_OUTER_BOUND('',#12205,.F.);
#12208=FILL_AREA_STYLE_COLOUR('',#6);
#12209=FILL_AREA_STYLE('',(#12208));
#12210=SURFACE_STYLE_FILL_AREA(#12209);
#12211=SURFACE_SIDE_STYLE('',(#12210));
#12212=SURFACE_STYLE_USAGE(.POSITIVE.,#12211);
#12213=PRESENTATION_STYLE_ASSIGNMENT((#12212));
#12214=STYLED_ITEM('',(#12213),#12207);
#12215=CARTESIAN_POINT('',(2.55E0,2.5E0,1.1098E0));
#12216=DIRECTION('',(0.E0,1.E0,0.E0));
#12217=DIRECTION('',(0.E0,0.E0,1.E0));
#12218=AXIS2_PLACEMENT_3D('',#12215,#12216,#12217);
#12219=PLANE('',#12218);
#12220=ORIENTED_EDGE('',*,*,#12181,.F.);
#12221=ORIENTED_EDGE('',*,*,#12202,.F.);
#12222=EDGE_LOOP('',(#12220,#12221));
#12223=FACE_OUTER_BOUND('',#12222,.F.);
#12225=CARTESIAN_POINT('',(1.805E0,4.E0,5.E0));
#12226=DIRECTION('',(0.E0,0.E0,1.E0));
#12227=DIRECTION('',(-1.E0,0.E0,0.E0));
#12228=AXIS2_PLACEMENT_3D('',#12225,#12226,#12227);
#12229=PLANE('',#12228);
#12230=ORIENTED_EDGE('',*,*,#11669,.F.);
#12232=ORIENTED_EDGE('',*,*,#12231,.T.);
#12233=ORIENTED_EDGE('',*,*,#6797,.T.);
#12235=ORIENTED_EDGE('',*,*,#12234,.F.);
#12236=EDGE_LOOP('',(#12230,#12232,#12233,#12235));
#12237=FACE_OUTER_BOUND('',#12236,.F.);
#12239=ORIENTED_EDGE('',*,*,#12238,.T.);
#12241=ORIENTED_EDGE('',*,*,#12240,.T.);
#12243=ORIENTED_EDGE('',*,*,#12242,.T.);
#12244=EDGE_LOOP('',(#12239,#12241,#12243));
#12245=FACE_BOUND('',#12244,.F.);
#12247=FILL_AREA_STYLE_COLOUR('',#10);
#12248=FILL_AREA_STYLE('',(#12247));
#12249=SURFACE_STYLE_FILL_AREA(#12248);
#12250=SURFACE_SIDE_STYLE('',(#12249));
#12251=SURFACE_STYLE_USAGE(.POSITIVE.,#12250);
#12252=PRESENTATION_STYLE_ASSIGNMENT((#12251));
#12253=STYLED_ITEM('',(#12252),#12246);
#12254=CARTESIAN_POINT('',(1.805E0,4.E0,2.E0));
#12255=DIRECTION('',(1.E0,0.E0,0.E0));
#12256=DIRECTION('',(0.E0,0.E0,1.E0));
#12257=AXIS2_PLACEMENT_3D('',#12254,#12255,#12256);
#12258=PLANE('',#12257);
#12259=ORIENTED_EDGE('',*,*,#11613,.F.);
#12261=ORIENTED_EDGE('',*,*,#12260,.T.);
#12262=ORIENTED_EDGE('',*,*,#7268,.T.);
#12263=ORIENTED_EDGE('',*,*,#6799,.T.);
#12264=ORIENTED_EDGE('',*,*,#12231,.F.);
#12265=EDGE_LOOP('',(#12259,#12261,#12262,#12263,#12264));
#12266=FACE_OUTER_BOUND('',#12265,.F.);
#12268=FILL_AREA_STYLE_COLOUR('',#10);
#12269=FILL_AREA_STYLE('',(#12268));
#12270=SURFACE_STYLE_FILL_AREA(#12269);
#12271=SURFACE_SIDE_STYLE('',(#12270));
#12272=SURFACE_STYLE_USAGE(.POSITIVE.,#12271);
#12273=PRESENTATION_STYLE_ASSIGNMENT((#12272));
#12274=STYLED_ITEM('',(#12273),#12267);
#12275=CARTESIAN_POINT('',(1.855E0,4.15E0,3.5E0));
#12276=DIRECTION('',(-9.486832980505E-1,-3.162277660168E-1,0.E0));
#12277=DIRECTION('',(-3.162277660168E-1,9.486832980505E-1,0.E0));
#12278=AXIS2_PLACEMENT_3D('',#12275,#12276,#12277);
#12279=PLANE('',#12278);
#12280=ORIENTED_EDGE('',*,*,#11611,.F.);
#12281=ORIENTED_EDGE('',*,*,#8740,.T.);
#12282=ORIENTED_EDGE('',*,*,#7270,.T.);
#12283=ORIENTED_EDGE('',*,*,#12260,.F.);
#12284=EDGE_LOOP('',(#12280,#12281,#12282,#12283));
#12285=FACE_OUTER_BOUND('',#12284,.F.);
#12287=FILL_AREA_STYLE_COLOUR('',#10);
#12288=FILL_AREA_STYLE('',(#12287));
#12289=SURFACE_STYLE_FILL_AREA(#12288);
#12290=SURFACE_SIDE_STYLE('',(#12289));
#12291=SURFACE_STYLE_USAGE(.POSITIVE.,#12290);
#12292=PRESENTATION_STYLE_ASSIGNMENT((#12291));
#12293=STYLED_ITEM('',(#12292),#12286);
#12294=CARTESIAN_POINT('',(1.255E0,4.E0,5.E0));
#12295=DIRECTION('',(-1.E0,0.E0,0.E0));
#12296=DIRECTION('',(0.E0,0.E0,-1.E0));
#12297=AXIS2_PLACEMENT_3D('',#12294,#12295,#12296);
#12298=PLANE('',#12297);
#12299=ORIENTED_EDGE('',*,*,#11591,.T.);
#12300=ORIENTED_EDGE('',*,*,#12234,.T.);
#12301=ORIENTED_EDGE('',*,*,#6795,.T.);
#12302=ORIENTED_EDGE('',*,*,#7265,.F.);
#12304=ORIENTED_EDGE('',*,*,#12303,.T.);
#12305=EDGE_LOOP('',(#12299,#12300,#12301,#12302,#12304));
#12306=FACE_OUTER_BOUND('',#12305,.F.);
#12308=FILL_AREA_STYLE_COLOUR('',#10);
#12309=FILL_AREA_STYLE('',(#12308));
#12310=SURFACE_STYLE_FILL_AREA(#12309);
#12311=SURFACE_SIDE_STYLE('',(#12310));
#12312=SURFACE_STYLE_USAGE(.POSITIVE.,#12311);
#12313=PRESENTATION_STYLE_ASSIGNMENT((#12312));
#12314=STYLED_ITEM('',(#12313),#12307);
#12315=CARTESIAN_POINT('',(1.205E0,4.15E0,3.5E0));
#12316=DIRECTION('',(9.486832980505E-1,-3.162277660168E-1,0.E0));
#12317=DIRECTION('',(3.162277660168E-1,9.486832980505E-1,0.E0));
#12318=AXIS2_PLACEMENT_3D('',#12315,#12316,#12317);
#12319=PLANE('',#12318);
#12320=ORIENTED_EDGE('',*,*,#11593,.T.);
#12321=ORIENTED_EDGE('',*,*,#12303,.F.);
#12322=ORIENTED_EDGE('',*,*,#7263,.T.);
#12323=ORIENTED_EDGE('',*,*,#8715,.T.);
#12324=EDGE_LOOP('',(#12320,#12321,#12322,#12323));
#12325=FACE_OUTER_BOUND('',#12324,.F.);
#12327=FILL_AREA_STYLE_COLOUR('',#10);
#12328=FILL_AREA_STYLE('',(#12327));
#12329=SURFACE_STYLE_FILL_AREA(#12328);
#12330=SURFACE_SIDE_STYLE('',(#12329));
#12331=SURFACE_STYLE_USAGE(.POSITIVE.,#12330);
#12332=PRESENTATION_STYLE_ASSIGNMENT((#12331));
#12333=STYLED_ITEM('',(#12332),#12326);
#12334=CARTESIAN_POINT('',(1.53E0,4.956761793129E0,4.8043E0));
#12335=DIRECTION('',(0.E0,-9.300762238355E-1,-3.673665987211E-1));
#12336=DIRECTION('',(0.E0,3.673665987211E-1,-9.300762238355E-1));
#12337=AXIS2_PLACEMENT_3D('',#12334,#12335,#12336);
#12338=PLANE('',#12337);
#12340=ORIENTED_EDGE('',*,*,#12339,.T.);
#12341=ORIENTED_EDGE('',*,*,#12238,.F.);
#12343=ORIENTED_EDGE('',*,*,#12342,.T.);
#12344=EDGE_LOOP('',(#12340,#12341,#12343));
#12345=FACE_OUTER_BOUND('',#12344,.F.);
#12347=FILL_AREA_STYLE_COLOUR('',#6);
#12348=FILL_AREA_STYLE('',(#12347));
#12349=SURFACE_STYLE_FILL_AREA(#12348);
#12350=SURFACE_SIDE_STYLE('',(#12349));
#12351=SURFACE_STYLE_USAGE(.POSITIVE.,#12350);
#12352=PRESENTATION_STYLE_ASSIGNMENT((#12351));
#12353=STYLED_ITEM('',(#12352),#12346);
#12354=CARTESIAN_POINT('',(1.53E0,4.956761793129E0,4.8043E0));
#12355=DIRECTION('',(0.E0,-9.300762238355E-1,-3.673665987211E-1));
#12356=DIRECTION('',(0.E0,3.673665987211E-1,-9.300762238355E-1));
#12357=AXIS2_PLACEMENT_3D('',#12354,#12355,#12356);
#12358=CYLINDRICAL_SURFACE('',#12357,2.3E-1);
#12359=ORIENTED_EDGE('',*,*,#12339,.F.);
#12361=ORIENTED_EDGE('',*,*,#12360,.T.);
#12363=ORIENTED_EDGE('',*,*,#12362,.T.);
#12365=ORIENTED_EDGE('',*,*,#12364,.F.);
#12366=ORIENTED_EDGE('',*,*,#12240,.F.);
#12367=EDGE_LOOP('',(#12359,#12361,#12363,#12365,#12366));
#12368=FACE_OUTER_BOUND('',#12367,.F.);
#12370=FILL_AREA_STYLE_COLOUR('',#6);
#12371=FILL_AREA_STYLE('',(#12370));
#12372=SURFACE_STYLE_FILL_AREA(#12371);
#12373=SURFACE_SIDE_STYLE('',(#12372));
#12374=SURFACE_STYLE_USAGE(.POSITIVE.,#12373);
#12375=PRESENTATION_STYLE_ASSIGNMENT((#12374));
#12376=STYLED_ITEM('',(#12375),#12369);
#12377=CARTESIAN_POINT('',(1.53E0,4.956761793129E0,4.8043E0));
#12378=DIRECTION('',(0.E0,-9.300762238355E-1,-3.673665987211E-1));
#12379=DIRECTION('',(0.E0,3.673665987211E-1,-9.300762238355E-1));
#12380=AXIS2_PLACEMENT_3D('',#12377,#12378,#12379);
#12381=CYLINDRICAL_SURFACE('',#12380,2.3E-1);
#12382=ORIENTED_EDGE('',*,*,#12342,.F.);
#12383=ORIENTED_EDGE('',*,*,#12242,.F.);
#12384=ORIENTED_EDGE('',*,*,#12364,.T.);
#12386=ORIENTED_EDGE('',*,*,#12385,.T.);
#12387=ORIENTED_EDGE('',*,*,#12360,.F.);
#12388=EDGE_LOOP('',(#12382,#12383,#12384,#12386,#12387));
#12389=FACE_OUTER_BOUND('',#12388,.F.);
#12391=FILL_AREA_STYLE_COLOUR('',#6);
#12392=FILL_AREA_STYLE('',(#12391));
#12393=SURFACE_STYLE_FILL_AREA(#12392);
#12394=SURFACE_SIDE_STYLE('',(#12393));
#12395=SURFACE_STYLE_USAGE(.POSITIVE.,#12394);
#12396=PRESENTATION_STYLE_ASSIGNMENT((#12395));
#12397=STYLED_ITEM('',(#12396),#12390);
#12398=CARTESIAN_POINT('',(1.53E0,-1.7504E0,1.6135E0));
#12399=DIRECTION('',(1.E0,0.E0,0.E0));
#12400=DIRECTION('',(0.E0,3.673665987211E-1,-9.300762238355E-1));
#12401=AXIS2_PLACEMENT_3D('',#12398,#12399,#12400);
#12402=TOROIDAL_SURFACE('',#12401,5.037E-1,2.3E-1);
#12403=ORIENTED_EDGE('',*,*,#12385,.F.);
#12405=ORIENTED_EDGE('',*,*,#12404,.T.);
#12407=ORIENTED_EDGE('',*,*,#12406,.T.);
#12409=ORIENTED_EDGE('',*,*,#12408,.F.);
#12410=EDGE_LOOP('',(#12403,#12405,#12407,#12409));
#12411=FACE_OUTER_BOUND('',#12410,.F.);
#12413=FILL_AREA_STYLE_COLOUR('',#6);
#12414=FILL_AREA_STYLE('',(#12413));
#12415=SURFACE_STYLE_FILL_AREA(#12414);
#12416=SURFACE_SIDE_STYLE('',(#12415));
#12417=SURFACE_STYLE_USAGE(.POSITIVE.,#12416);
#12418=PRESENTATION_STYLE_ASSIGNMENT((#12417));
#12419=STYLED_ITEM('',(#12418),#12412);
#12420=CARTESIAN_POINT('',(1.53E0,-1.7504E0,1.6135E0));
#12421=DIRECTION('',(1.E0,0.E0,0.E0));
#12422=DIRECTION('',(0.E0,3.673665987211E-1,-9.300762238355E-1));
#12423=AXIS2_PLACEMENT_3D('',#12420,#12421,#12422);
#12424=TOROIDAL_SURFACE('',#12423,5.037E-1,2.3E-1);
#12425=ORIENTED_EDGE('',*,*,#12362,.F.);
#12426=ORIENTED_EDGE('',*,*,#12408,.T.);
#12428=ORIENTED_EDGE('',*,*,#12427,.T.);
#12429=ORIENTED_EDGE('',*,*,#12404,.F.);
#12430=EDGE_LOOP('',(#12425,#12426,#12428,#12429));
#12431=FACE_OUTER_BOUND('',#12430,.F.);
#12433=FILL_AREA_STYLE_COLOUR('',#6);
#12434=FILL_AREA_STYLE('',(#12433));
#12435=SURFACE_STYLE_FILL_AREA(#12434);
#12436=SURFACE_SIDE_STYLE('',(#12435));
#12437=SURFACE_STYLE_USAGE(.POSITIVE.,#12436);
#12438=PRESENTATION_STYLE_ASSIGNMENT((#12437));
#12439=STYLED_ITEM('',(#12438),#12432);
#12440=CARTESIAN_POINT('',(1.53E0,-1.7504E0,1.1098E0));
#12441=DIRECTION('',(0.E0,1.E0,0.E0));
#12442=DIRECTION('',(0.E0,0.E0,1.E0));
#12443=AXIS2_PLACEMENT_3D('',#12440,#12441,#12442);
#12444=CYLINDRICAL_SURFACE('',#12443,2.3E-1);
#12445=ORIENTED_EDGE('',*,*,#12427,.F.);
#12447=ORIENTED_EDGE('',*,*,#12446,.T.);
#12449=ORIENTED_EDGE('',*,*,#12448,.T.);
#12451=ORIENTED_EDGE('',*,*,#12450,.F.);
#12452=EDGE_LOOP('',(#12445,#12447,#12449,#12451));
#12453=FACE_OUTER_BOUND('',#12452,.F.);
#12455=FILL_AREA_STYLE_COLOUR('',#6);
#12456=FILL_AREA_STYLE('',(#12455));
#12457=SURFACE_STYLE_FILL_AREA(#12456);
#12458=SURFACE_SIDE_STYLE('',(#12457));
#12459=SURFACE_STYLE_USAGE(.POSITIVE.,#12458);
#12460=PRESENTATION_STYLE_ASSIGNMENT((#12459));
#12461=STYLED_ITEM('',(#12460),#12454);
#12462=CARTESIAN_POINT('',(1.53E0,-1.7504E0,1.1098E0));
#12463=DIRECTION('',(0.E0,1.E0,0.E0));
#12464=DIRECTION('',(0.E0,0.E0,1.E0));
#12465=AXIS2_PLACEMENT_3D('',#12462,#12463,#12464);
#12466=CYLINDRICAL_SURFACE('',#12465,2.3E-1);
#12467=ORIENTED_EDGE('',*,*,#12406,.F.);
#12468=ORIENTED_EDGE('',*,*,#12450,.T.);
#12470=ORIENTED_EDGE('',*,*,#12469,.T.);
#12471=ORIENTED_EDGE('',*,*,#12446,.F.);
#12472=EDGE_LOOP('',(#12467,#12468,#12470,#12471));
#12473=FACE_OUTER_BOUND('',#12472,.F.);
#12475=FILL_AREA_STYLE_COLOUR('',#6);
#12476=FILL_AREA_STYLE('',(#12475));
#12477=SURFACE_STYLE_FILL_AREA(#12476);
#12478=SURFACE_SIDE_STYLE('',(#12477));
#12479=SURFACE_STYLE_USAGE(.POSITIVE.,#12478);
#12480=PRESENTATION_STYLE_ASSIGNMENT((#12479));
#12481=STYLED_ITEM('',(#12480),#12474);
#12482=CARTESIAN_POINT('',(1.53E0,2.5E0,1.1098E0));
#12483=DIRECTION('',(0.E0,1.E0,0.E0));
#12484=DIRECTION('',(0.E0,0.E0,1.E0));
#12485=AXIS2_PLACEMENT_3D('',#12482,#12483,#12484);
#12486=PLANE('',#12485);
#12487=ORIENTED_EDGE('',*,*,#12448,.F.);
#12488=ORIENTED_EDGE('',*,*,#12469,.F.);
#12489=EDGE_LOOP('',(#12487,#12488));
#12490=FACE_OUTER_BOUND('',#12489,.F.);
#12492=CARTESIAN_POINT('',(7.85E-1,4.E0,5.E0));
#12493=DIRECTION('',(0.E0,0.E0,1.E0));
#12494=DIRECTION('',(-1.E0,0.E0,0.E0));
#12495=AXIS2_PLACEMENT_3D('',#12492,#12493,#12494);
#12496=PLANE('',#12495);
#12497=ORIENTED_EDGE('',*,*,#11672,.F.);
#12499=ORIENTED_EDGE('',*,*,#12498,.T.);
#12500=ORIENTED_EDGE('',*,*,#6787,.T.);
#12502=ORIENTED_EDGE('',*,*,#12501,.F.);
#12503=EDGE_LOOP('',(#12497,#12499,#12500,#12502));
#12504=FACE_OUTER_BOUND('',#12503,.F.);
#12506=ORIENTED_EDGE('',*,*,#12505,.T.);
#12508=ORIENTED_EDGE('',*,*,#12507,.T.);
#12510=ORIENTED_EDGE('',*,*,#12509,.T.);
#12511=EDGE_LOOP('',(#12506,#12508,#12510));
#12512=FACE_BOUND('',#12511,.F.);
#12514=FILL_AREA_STYLE_COLOUR('',#10);
#12515=FILL_AREA_STYLE('',(#12514));
#12516=SURFACE_STYLE_FILL_AREA(#12515);
#12517=SURFACE_SIDE_STYLE('',(#12516));
#12518=SURFACE_STYLE_USAGE(.POSITIVE.,#12517);
#12519=PRESENTATION_STYLE_ASSIGNMENT((#12518));
#12520=STYLED_ITEM('',(#12519),#12513);
#12521=CARTESIAN_POINT('',(7.85E-1,4.E0,2.E0));
#12522=DIRECTION('',(1.E0,0.E0,0.E0));
#12523=DIRECTION('',(0.E0,0.E0,1.E0));
#12524=AXIS2_PLACEMENT_3D('',#12521,#12522,#12523);
#12525=PLANE('',#12524);
#12526=ORIENTED_EDGE('',*,*,#11587,.F.);
#12528=ORIENTED_EDGE('',*,*,#12527,.T.);
#12529=ORIENTED_EDGE('',*,*,#7257,.T.);
#12530=ORIENTED_EDGE('',*,*,#6789,.T.);
#12531=ORIENTED_EDGE('',*,*,#12498,.F.);
#12532=EDGE_LOOP('',(#12526,#12528,#12529,#12530,#12531));
#12533=FACE_OUTER_BOUND('',#12532,.F.);
#12535=FILL_AREA_STYLE_COLOUR('',#10);
#12536=FILL_AREA_STYLE('',(#12535));
#12537=SURFACE_STYLE_FILL_AREA(#12536);
#12538=SURFACE_SIDE_STYLE('',(#12537));
#12539=SURFACE_STYLE_USAGE(.POSITIVE.,#12538);
#12540=PRESENTATION_STYLE_ASSIGNMENT((#12539));
#12541=STYLED_ITEM('',(#12540),#12534);
#12542=CARTESIAN_POINT('',(8.35E-1,4.15E0,3.5E0));
#12543=DIRECTION('',(-9.486832980505E-1,-3.162277660168E-1,0.E0));
#12544=DIRECTION('',(-3.162277660168E-1,9.486832980505E-1,0.E0));
#12545=AXIS2_PLACEMENT_3D('',#12542,#12543,#12544);
#12546=PLANE('',#12545);
#12547=ORIENTED_EDGE('',*,*,#11585,.F.);
#12548=ORIENTED_EDGE('',*,*,#8718,.T.);
#12549=ORIENTED_EDGE('',*,*,#7259,.T.);
#12550=ORIENTED_EDGE('',*,*,#12527,.F.);
#12551=EDGE_LOOP('',(#12547,#12548,#12549,#12550));
#12552=FACE_OUTER_BOUND('',#12551,.F.);
#12554=FILL_AREA_STYLE_COLOUR('',#10);
#12555=FILL_AREA_STYLE('',(#12554));
#12556=SURFACE_STYLE_FILL_AREA(#12555);
#12557=SURFACE_SIDE_STYLE('',(#12556));
#12558=SURFACE_STYLE_USAGE(.POSITIVE.,#12557);
#12559=PRESENTATION_STYLE_ASSIGNMENT((#12558));
#12560=STYLED_ITEM('',(#12559),#12553);
#12561=CARTESIAN_POINT('',(2.35E-1,4.E0,5.E0));
#12562=DIRECTION('',(-1.E0,0.E0,0.E0));
#12563=DIRECTION('',(0.E0,0.E0,-1.E0));
#12564=AXIS2_PLACEMENT_3D('',#12561,#12562,#12563);
#12565=PLANE('',#12564);
#12566=ORIENTED_EDGE('',*,*,#11565,.T.);
#12567=ORIENTED_EDGE('',*,*,#12501,.T.);
#12568=ORIENTED_EDGE('',*,*,#6785,.T.);
#12569=ORIENTED_EDGE('',*,*,#7254,.F.);
#12571=ORIENTED_EDGE('',*,*,#12570,.T.);
#12572=EDGE_LOOP('',(#12566,#12567,#12568,#12569,#12571));
#12573=FACE_OUTER_BOUND('',#12572,.F.);
#12575=FILL_AREA_STYLE_COLOUR('',#10);
#12576=FILL_AREA_STYLE('',(#12575));
#12577=SURFACE_STYLE_FILL_AREA(#12576);
#12578=SURFACE_SIDE_STYLE('',(#12577));
#12579=SURFACE_STYLE_USAGE(.POSITIVE.,#12578);
#12580=PRESENTATION_STYLE_ASSIGNMENT((#12579));
#12581=STYLED_ITEM('',(#12580),#12574);
#12582=CARTESIAN_POINT('',(1.85E-1,4.15E0,3.5E0));
#12583=DIRECTION('',(9.486832980505E-1,-3.162277660168E-1,0.E0));
#12584=DIRECTION('',(3.162277660168E-1,9.486832980505E-1,0.E0));
#12585=AXIS2_PLACEMENT_3D('',#12582,#12583,#12584);
#12586=PLANE('',#12585);
#12587=ORIENTED_EDGE('',*,*,#11567,.T.);
#12588=ORIENTED_EDGE('',*,*,#12570,.F.);
#12589=ORIENTED_EDGE('',*,*,#7252,.T.);
#12590=ORIENTED_EDGE('',*,*,#8693,.T.);
#12591=EDGE_LOOP('',(#12587,#12588,#12589,#12590));
#12592=FACE_OUTER_BOUND('',#12591,.F.);
#12594=FILL_AREA_STYLE_COLOUR('',#10);
#12595=FILL_AREA_STYLE('',(#12594));
#12596=SURFACE_STYLE_FILL_AREA(#12595);
#12597=SURFACE_SIDE_STYLE('',(#12596));
#12598=SURFACE_STYLE_USAGE(.POSITIVE.,#12597);
#12599=PRESENTATION_STYLE_ASSIGNMENT((#12598));
#12600=STYLED_ITEM('',(#12599),#12593);
#12601=CARTESIAN_POINT('',(5.1E-1,4.956761793129E0,4.8043E0));
#12602=DIRECTION('',(0.E0,-9.300762238355E-1,-3.673665987211E-1));
#12603=DIRECTION('',(0.E0,3.673665987211E-1,-9.300762238355E-1));
#12604=AXIS2_PLACEMENT_3D('',#12601,#12602,#12603);
#12605=PLANE('',#12604);
#12607=ORIENTED_EDGE('',*,*,#12606,.T.);
#12608=ORIENTED_EDGE('',*,*,#12505,.F.);
#12610=ORIENTED_EDGE('',*,*,#12609,.T.);
#12611=EDGE_LOOP('',(#12607,#12608,#12610));
#12612=FACE_OUTER_BOUND('',#12611,.F.);
#12614=FILL_AREA_STYLE_COLOUR('',#6);
#12615=FILL_AREA_STYLE('',(#12614));
#12616=SURFACE_STYLE_FILL_AREA(#12615);
#12617=SURFACE_SIDE_STYLE('',(#12616));
#12618=SURFACE_STYLE_USAGE(.POSITIVE.,#12617);
#12619=PRESENTATION_STYLE_ASSIGNMENT((#12618));
#12620=STYLED_ITEM('',(#12619),#12613);
#12621=CARTESIAN_POINT('',(5.1E-1,4.956761793129E0,4.8043E0));
#12622=DIRECTION('',(0.E0,-9.300762238355E-1,-3.673665987211E-1));
#12623=DIRECTION('',(0.E0,3.673665987211E-1,-9.300762238355E-1));
#12624=AXIS2_PLACEMENT_3D('',#12621,#12622,#12623);
#12625=CYLINDRICAL_SURFACE('',#12624,2.3E-1);
#12626=ORIENTED_EDGE('',*,*,#12606,.F.);
#12628=ORIENTED_EDGE('',*,*,#12627,.T.);
#12630=ORIENTED_EDGE('',*,*,#12629,.T.);
#12632=ORIENTED_EDGE('',*,*,#12631,.F.);
#12633=ORIENTED_EDGE('',*,*,#12507,.F.);
#12634=EDGE_LOOP('',(#12626,#12628,#12630,#12632,#12633));
#12635=FACE_OUTER_BOUND('',#12634,.F.);
#12637=FILL_AREA_STYLE_COLOUR('',#6);
#12638=FILL_AREA_STYLE('',(#12637));
#12639=SURFACE_STYLE_FILL_AREA(#12638);
#12640=SURFACE_SIDE_STYLE('',(#12639));
#12641=SURFACE_STYLE_USAGE(.POSITIVE.,#12640);
#12642=PRESENTATION_STYLE_ASSIGNMENT((#12641));
#12643=STYLED_ITEM('',(#12642),#12636);
#12644=CARTESIAN_POINT('',(5.1E-1,4.956761793129E0,4.8043E0));
#12645=DIRECTION('',(0.E0,-9.300762238355E-1,-3.673665987211E-1));
#12646=DIRECTION('',(0.E0,3.673665987211E-1,-9.300762238355E-1));
#12647=AXIS2_PLACEMENT_3D('',#12644,#12645,#12646);
#12648=CYLINDRICAL_SURFACE('',#12647,2.3E-1);
#12649=ORIENTED_EDGE('',*,*,#12609,.F.);
#12650=ORIENTED_EDGE('',*,*,#12509,.F.);
#12651=ORIENTED_EDGE('',*,*,#12631,.T.);
#12653=ORIENTED_EDGE('',*,*,#12652,.T.);
#12654=ORIENTED_EDGE('',*,*,#12627,.F.);
#12655=EDGE_LOOP('',(#12649,#12650,#12651,#12653,#12654));
#12656=FACE_OUTER_BOUND('',#12655,.F.);
#12658=FILL_AREA_STYLE_COLOUR('',#6);
#12659=FILL_AREA_STYLE('',(#12658));
#12660=SURFACE_STYLE_FILL_AREA(#12659);
#12661=SURFACE_SIDE_STYLE('',(#12660));
#12662=SURFACE_STYLE_USAGE(.POSITIVE.,#12661);
#12663=PRESENTATION_STYLE_ASSIGNMENT((#12662));
#12664=STYLED_ITEM('',(#12663),#12657);
#12665=CARTESIAN_POINT('',(5.1E-1,-1.7504E0,1.6135E0));
#12666=DIRECTION('',(1.E0,0.E0,0.E0));
#12667=DIRECTION('',(0.E0,3.673665987211E-1,-9.300762238355E-1));
#12668=AXIS2_PLACEMENT_3D('',#12665,#12666,#12667);
#12669=TOROIDAL_SURFACE('',#12668,5.037E-1,2.3E-1);
#12670=ORIENTED_EDGE('',*,*,#12652,.F.);
#12672=ORIENTED_EDGE('',*,*,#12671,.T.);
#12674=ORIENTED_EDGE('',*,*,#12673,.T.);
#12676=ORIENTED_EDGE('',*,*,#12675,.F.);
#12677=EDGE_LOOP('',(#12670,#12672,#12674,#12676));
#12678=FACE_OUTER_BOUND('',#12677,.F.);
#12680=FILL_AREA_STYLE_COLOUR('',#6);
#12681=FILL_AREA_STYLE('',(#12680));
#12682=SURFACE_STYLE_FILL_AREA(#12681);
#12683=SURFACE_SIDE_STYLE('',(#12682));
#12684=SURFACE_STYLE_USAGE(.POSITIVE.,#12683);
#12685=PRESENTATION_STYLE_ASSIGNMENT((#12684));
#12686=STYLED_ITEM('',(#12685),#12679);
#12687=CARTESIAN_POINT('',(5.1E-1,-1.7504E0,1.6135E0));
#12688=DIRECTION('',(1.E0,0.E0,0.E0));
#12689=DIRECTION('',(0.E0,3.673665987211E-1,-9.300762238355E-1));
#12690=AXIS2_PLACEMENT_3D('',#12687,#12688,#12689);
#12691=TOROIDAL_SURFACE('',#12690,5.037E-1,2.3E-1);
#12692=ORIENTED_EDGE('',*,*,#12629,.F.);
#12693=ORIENTED_EDGE('',*,*,#12675,.T.);
#12695=ORIENTED_EDGE('',*,*,#12694,.T.);
#12696=ORIENTED_EDGE('',*,*,#12671,.F.);
#12697=EDGE_LOOP('',(#12692,#12693,#12695,#12696));
#12698=FACE_OUTER_BOUND('',#12697,.F.);
#12700=FILL_AREA_STYLE_COLOUR('',#6);
#12701=FILL_AREA_STYLE('',(#12700));
#12702=SURFACE_STYLE_FILL_AREA(#12701);
#12703=SURFACE_SIDE_STYLE('',(#12702));
#12704=SURFACE_STYLE_USAGE(.POSITIVE.,#12703);
#12705=PRESENTATION_STYLE_ASSIGNMENT((#12704));
#12706=STYLED_ITEM('',(#12705),#12699);
#12707=CARTESIAN_POINT('',(5.1E-1,-1.7504E0,1.1098E0));
#12708=DIRECTION('',(0.E0,1.E0,0.E0));
#12709=DIRECTION('',(0.E0,0.E0,1.E0));
#12710=AXIS2_PLACEMENT_3D('',#12707,#12708,#12709);
#12711=CYLINDRICAL_SURFACE('',#12710,2.3E-1);
#12712=ORIENTED_EDGE('',*,*,#12694,.F.);
#12714=ORIENTED_EDGE('',*,*,#12713,.T.);
#12716=ORIENTED_EDGE('',*,*,#12715,.T.);
#12718=ORIENTED_EDGE('',*,*,#12717,.F.);
#12719=EDGE_LOOP('',(#12712,#12714,#12716,#12718));
#12720=FACE_OUTER_BOUND('',#12719,.F.);
#12722=FILL_AREA_STYLE_COLOUR('',#6);
#12723=FILL_AREA_STYLE('',(#12722));
#12724=SURFACE_STYLE_FILL_AREA(#12723);
#12725=SURFACE_SIDE_STYLE('',(#12724));
#12726=SURFACE_STYLE_USAGE(.POSITIVE.,#12725);
#12727=PRESENTATION_STYLE_ASSIGNMENT((#12726));
#12728=STYLED_ITEM('',(#12727),#12721);
#12729=CARTESIAN_POINT('',(5.1E-1,-1.7504E0,1.1098E0));
#12730=DIRECTION('',(0.E0,1.E0,0.E0));
#12731=DIRECTION('',(0.E0,0.E0,1.E0));
#12732=AXIS2_PLACEMENT_3D('',#12729,#12730,#12731);
#12733=CYLINDRICAL_SURFACE('',#12732,2.3E-1);
#12734=ORIENTED_EDGE('',*,*,#12673,.F.);
#12735=ORIENTED_EDGE('',*,*,#12717,.T.);
#12737=ORIENTED_EDGE('',*,*,#12736,.T.);
#12738=ORIENTED_EDGE('',*,*,#12713,.F.);
#12739=EDGE_LOOP('',(#12734,#12735,#12737,#12738));
#12740=FACE_OUTER_BOUND('',#12739,.F.);
#12742=FILL_AREA_STYLE_COLOUR('',#6);
#12743=FILL_AREA_STYLE('',(#12742));
#12744=SURFACE_STYLE_FILL_AREA(#12743);
#12745=SURFACE_SIDE_STYLE('',(#12744));
#12746=SURFACE_STYLE_USAGE(.POSITIVE.,#12745);
#12747=PRESENTATION_STYLE_ASSIGNMENT((#12746));
#12748=STYLED_ITEM('',(#12747),#12741);
#12749=CARTESIAN_POINT('',(5.1E-1,2.5E0,1.1098E0));
#12750=DIRECTION('',(0.E0,1.E0,0.E0));
#12751=DIRECTION('',(0.E0,0.E0,1.E0));
#12752=AXIS2_PLACEMENT_3D('',#12749,#12750,#12751);
#12753=PLANE('',#12752);
#12754=ORIENTED_EDGE('',*,*,#12715,.F.);
#12755=ORIENTED_EDGE('',*,*,#12736,.F.);
#12756=EDGE_LOOP('',(#12754,#12755));
#12757=FACE_OUTER_BOUND('',#12756,.F.);
#12759=CARTESIAN_POINT('',(-2.35E-1,4.E0,5.E0));
#12760=DIRECTION('',(0.E0,0.E0,1.E0));
#12761=DIRECTION('',(-1.E0,0.E0,0.E0));
#12762=AXIS2_PLACEMENT_3D('',#12759,#12760,#12761);
#12763=PLANE('',#12762);
#12764=ORIENTED_EDGE('',*,*,#11675,.F.);
#12766=ORIENTED_EDGE('',*,*,#12765,.T.);
#12767=ORIENTED_EDGE('',*,*,#6777,.T.);
#12769=ORIENTED_EDGE('',*,*,#12768,.F.);
#12770=EDGE_LOOP('',(#12764,#12766,#12767,#12769));
#12771=FACE_OUTER_BOUND('',#12770,.F.);
#12773=ORIENTED_EDGE('',*,*,#12772,.T.);
#12775=ORIENTED_EDGE('',*,*,#12774,.T.);
#12777=ORIENTED_EDGE('',*,*,#12776,.T.);
#12778=EDGE_LOOP('',(#12773,#12775,#12777));
#12779=FACE_BOUND('',#12778,.F.);
#12781=FILL_AREA_STYLE_COLOUR('',#10);
#12782=FILL_AREA_STYLE('',(#12781));
#12783=SURFACE_STYLE_FILL_AREA(#12782);
#12784=SURFACE_SIDE_STYLE('',(#12783));
#12785=SURFACE_STYLE_USAGE(.POSITIVE.,#12784);
#12786=PRESENTATION_STYLE_ASSIGNMENT((#12785));
#12787=STYLED_ITEM('',(#12786),#12780);
#12788=CARTESIAN_POINT('',(-2.35E-1,4.E0,2.E0));
#12789=DIRECTION('',(1.E0,0.E0,0.E0));
#12790=DIRECTION('',(0.E0,0.E0,1.E0));
#12791=AXIS2_PLACEMENT_3D('',#12788,#12789,#12790);
#12792=PLANE('',#12791);
#12793=ORIENTED_EDGE('',*,*,#11561,.F.);
#12795=ORIENTED_EDGE('',*,*,#12794,.T.);
#12796=ORIENTED_EDGE('',*,*,#7246,.T.);
#12797=ORIENTED_EDGE('',*,*,#6779,.T.);
#12798=ORIENTED_EDGE('',*,*,#12765,.F.);
#12799=EDGE_LOOP('',(#12793,#12795,#12796,#12797,#12798));
#12800=FACE_OUTER_BOUND('',#12799,.F.);
#12802=FILL_AREA_STYLE_COLOUR('',#10);
#12803=FILL_AREA_STYLE('',(#12802));
#12804=SURFACE_STYLE_FILL_AREA(#12803);
#12805=SURFACE_SIDE_STYLE('',(#12804));
#12806=SURFACE_STYLE_USAGE(.POSITIVE.,#12805);
#12807=PRESENTATION_STYLE_ASSIGNMENT((#12806));
#12808=STYLED_ITEM('',(#12807),#12801);
#12809=CARTESIAN_POINT('',(-1.85E-1,4.15E0,3.5E0));
#12810=DIRECTION('',(-9.486832980505E-1,-3.162277660168E-1,0.E0));
#12811=DIRECTION('',(-3.162277660168E-1,9.486832980505E-1,0.E0));
#12812=AXIS2_PLACEMENT_3D('',#12809,#12810,#12811);
#12813=PLANE('',#12812);
#12814=ORIENTED_EDGE('',*,*,#11559,.F.);
#12815=ORIENTED_EDGE('',*,*,#8696,.T.);
#12816=ORIENTED_EDGE('',*,*,#7248,.T.);
#12817=ORIENTED_EDGE('',*,*,#12794,.F.);
#12818=EDGE_LOOP('',(#12814,#12815,#12816,#12817));
#12819=FACE_OUTER_BOUND('',#12818,.F.);
#12821=FILL_AREA_STYLE_COLOUR('',#10);
#12822=FILL_AREA_STYLE('',(#12821));
#12823=SURFACE_STYLE_FILL_AREA(#12822);
#12824=SURFACE_SIDE_STYLE('',(#12823));
#12825=SURFACE_STYLE_USAGE(.POSITIVE.,#12824);
#12826=PRESENTATION_STYLE_ASSIGNMENT((#12825));
#12827=STYLED_ITEM('',(#12826),#12820);
#12828=CARTESIAN_POINT('',(-7.85E-1,4.E0,5.E0));
#12829=DIRECTION('',(-1.E0,0.E0,0.E0));
#12830=DIRECTION('',(0.E0,0.E0,-1.E0));
#12831=AXIS2_PLACEMENT_3D('',#12828,#12829,#12830);
#12832=PLANE('',#12831);
#12833=ORIENTED_EDGE('',*,*,#11539,.T.);
#12834=ORIENTED_EDGE('',*,*,#12768,.T.);
#12835=ORIENTED_EDGE('',*,*,#6775,.T.);
#12836=ORIENTED_EDGE('',*,*,#7243,.F.);
#12838=ORIENTED_EDGE('',*,*,#12837,.T.);
#12839=EDGE_LOOP('',(#12833,#12834,#12835,#12836,#12838));
#12840=FACE_OUTER_BOUND('',#12839,.F.);
#12842=FILL_AREA_STYLE_COLOUR('',#10);
#12843=FILL_AREA_STYLE('',(#12842));
#12844=SURFACE_STYLE_FILL_AREA(#12843);
#12845=SURFACE_SIDE_STYLE('',(#12844));
#12846=SURFACE_STYLE_USAGE(.POSITIVE.,#12845);
#12847=PRESENTATION_STYLE_ASSIGNMENT((#12846));
#12848=STYLED_ITEM('',(#12847),#12841);
#12849=CARTESIAN_POINT('',(-8.35E-1,4.15E0,3.5E0));
#12850=DIRECTION('',(9.486832980505E-1,-3.162277660168E-1,0.E0));
#12851=DIRECTION('',(3.162277660168E-1,9.486832980505E-1,0.E0));
#12852=AXIS2_PLACEMENT_3D('',#12849,#12850,#12851);
#12853=PLANE('',#12852);
#12854=ORIENTED_EDGE('',*,*,#11541,.T.);
#12855=ORIENTED_EDGE('',*,*,#12837,.F.);
#12856=ORIENTED_EDGE('',*,*,#7241,.T.);
#12857=ORIENTED_EDGE('',*,*,#8671,.T.);
#12858=EDGE_LOOP('',(#12854,#12855,#12856,#12857));
#12859=FACE_OUTER_BOUND('',#12858,.F.);
#12861=FILL_AREA_STYLE_COLOUR('',#10);
#12862=FILL_AREA_STYLE('',(#12861));
#12863=SURFACE_STYLE_FILL_AREA(#12862);
#12864=SURFACE_SIDE_STYLE('',(#12863));
#12865=SURFACE_STYLE_USAGE(.POSITIVE.,#12864);
#12866=PRESENTATION_STYLE_ASSIGNMENT((#12865));
#12867=STYLED_ITEM('',(#12866),#12860);
#12868=CARTESIAN_POINT('',(-5.1E-1,4.956761793129E0,4.8043E0));
#12869=DIRECTION('',(0.E0,-9.300762238355E-1,-3.673665987211E-1));
#12870=DIRECTION('',(0.E0,3.673665987211E-1,-9.300762238355E-1));
#12871=AXIS2_PLACEMENT_3D('',#12868,#12869,#12870);
#12872=PLANE('',#12871);
#12874=ORIENTED_EDGE('',*,*,#12873,.T.);
#12875=ORIENTED_EDGE('',*,*,#12772,.F.);
#12877=ORIENTED_EDGE('',*,*,#12876,.T.);
#12878=EDGE_LOOP('',(#12874,#12875,#12877));
#12879=FACE_OUTER_BOUND('',#12878,.F.);
#12881=FILL_AREA_STYLE_COLOUR('',#6);
#12882=FILL_AREA_STYLE('',(#12881));
#12883=SURFACE_STYLE_FILL_AREA(#12882);
#12884=SURFACE_SIDE_STYLE('',(#12883));
#12885=SURFACE_STYLE_USAGE(.POSITIVE.,#12884);
#12886=PRESENTATION_STYLE_ASSIGNMENT((#12885));
#12887=STYLED_ITEM('',(#12886),#12880);
#12888=CARTESIAN_POINT('',(-5.1E-1,4.956761793129E0,4.8043E0));
#12889=DIRECTION('',(0.E0,-9.300762238355E-1,-3.673665987211E-1));
#12890=DIRECTION('',(0.E0,3.673665987211E-1,-9.300762238355E-1));
#12891=AXIS2_PLACEMENT_3D('',#12888,#12889,#12890);
#12892=CYLINDRICAL_SURFACE('',#12891,2.3E-1);
#12893=ORIENTED_EDGE('',*,*,#12873,.F.);
#12895=ORIENTED_EDGE('',*,*,#12894,.T.);
#12897=ORIENTED_EDGE('',*,*,#12896,.T.);
#12899=ORIENTED_EDGE('',*,*,#12898,.F.);
#12900=ORIENTED_EDGE('',*,*,#12774,.F.);
#12901=EDGE_LOOP('',(#12893,#12895,#12897,#12899,#12900));
#12902=FACE_OUTER_BOUND('',#12901,.F.);
#12904=FILL_AREA_STYLE_COLOUR('',#6);
#12905=FILL_AREA_STYLE('',(#12904));
#12906=SURFACE_STYLE_FILL_AREA(#12905);
#12907=SURFACE_SIDE_STYLE('',(#12906));
#12908=SURFACE_STYLE_USAGE(.POSITIVE.,#12907);
#12909=PRESENTATION_STYLE_ASSIGNMENT((#12908));
#12910=STYLED_ITEM('',(#12909),#12903);
#12911=CARTESIAN_POINT('',(-5.1E-1,4.956761793129E0,4.8043E0));
#12912=DIRECTION('',(0.E0,-9.300762238355E-1,-3.673665987211E-1));
#12913=DIRECTION('',(0.E0,3.673665987211E-1,-9.300762238355E-1));
#12914=AXIS2_PLACEMENT_3D('',#12911,#12912,#12913);
#12915=CYLINDRICAL_SURFACE('',#12914,2.3E-1);
#12916=ORIENTED_EDGE('',*,*,#12876,.F.);
#12917=ORIENTED_EDGE('',*,*,#12776,.F.);
#12918=ORIENTED_EDGE('',*,*,#12898,.T.);
#12920=ORIENTED_EDGE('',*,*,#12919,.T.);
#12921=ORIENTED_EDGE('',*,*,#12894,.F.);
#12922=EDGE_LOOP('',(#12916,#12917,#12918,#12920,#12921));
#12923=FACE_OUTER_BOUND('',#12922,.F.);
#12925=FILL_AREA_STYLE_COLOUR('',#6);
#12926=FILL_AREA_STYLE('',(#12925));
#12927=SURFACE_STYLE_FILL_AREA(#12926);
#12928=SURFACE_SIDE_STYLE('',(#12927));
#12929=SURFACE_STYLE_USAGE(.POSITIVE.,#12928);
#12930=PRESENTATION_STYLE_ASSIGNMENT((#12929));
#12931=STYLED_ITEM('',(#12930),#12924);
#12932=CARTESIAN_POINT('',(-5.1E-1,-1.7504E0,1.6135E0));
#12933=DIRECTION('',(1.E0,0.E0,0.E0));
#12934=DIRECTION('',(0.E0,3.673665987211E-1,-9.300762238355E-1));
#12935=AXIS2_PLACEMENT_3D('',#12932,#12933,#12934);
#12936=TOROIDAL_SURFACE('',#12935,5.037E-1,2.3E-1);
#12937=ORIENTED_EDGE('',*,*,#12919,.F.);
#12939=ORIENTED_EDGE('',*,*,#12938,.T.);
#12941=ORIENTED_EDGE('',*,*,#12940,.T.);
#12943=ORIENTED_EDGE('',*,*,#12942,.F.);
#12944=EDGE_LOOP('',(#12937,#12939,#12941,#12943));
#12945=FACE_OUTER_BOUND('',#12944,.F.);
#12947=FILL_AREA_STYLE_COLOUR('',#6);
#12948=FILL_AREA_STYLE('',(#12947));
#12949=SURFACE_STYLE_FILL_AREA(#12948);
#12950=SURFACE_SIDE_STYLE('',(#12949));
#12951=SURFACE_STYLE_USAGE(.POSITIVE.,#12950);
#12952=PRESENTATION_STYLE_ASSIGNMENT((#12951));
#12953=STYLED_ITEM('',(#12952),#12946);
#12954=CARTESIAN_POINT('',(-5.1E-1,-1.7504E0,1.6135E0));
#12955=DIRECTION('',(1.E0,0.E0,0.E0));
#12956=DIRECTION('',(0.E0,3.673665987211E-1,-9.300762238355E-1));
#12957=AXIS2_PLACEMENT_3D('',#12954,#12955,#12956);
#12958=TOROIDAL_SURFACE('',#12957,5.037E-1,2.3E-1);
#12959=ORIENTED_EDGE('',*,*,#12896,.F.);
#12960=ORIENTED_EDGE('',*,*,#12942,.T.);
#12962=ORIENTED_EDGE('',*,*,#12961,.T.);
#12963=ORIENTED_EDGE('',*,*,#12938,.F.);
#12964=EDGE_LOOP('',(#12959,#12960,#12962,#12963));
#12965=FACE_OUTER_BOUND('',#12964,.F.);
#12967=FILL_AREA_STYLE_COLOUR('',#6);
#12968=FILL_AREA_STYLE('',(#12967));
#12969=SURFACE_STYLE_FILL_AREA(#12968);
#12970=SURFACE_SIDE_STYLE('',(#12969));
#12971=SURFACE_STYLE_USAGE(.POSITIVE.,#12970);
#12972=PRESENTATION_STYLE_ASSIGNMENT((#12971));
#12973=STYLED_ITEM('',(#12972),#12966);
#12974=CARTESIAN_POINT('',(-5.1E-1,-1.7504E0,1.1098E0));
#12975=DIRECTION('',(0.E0,1.E0,0.E0));
#12976=DIRECTION('',(0.E0,0.E0,1.E0));
#12977=AXIS2_PLACEMENT_3D('',#12974,#12975,#12976);
#12978=CYLINDRICAL_SURFACE('',#12977,2.3E-1);
#12979=ORIENTED_EDGE('',*,*,#12961,.F.);
#12981=ORIENTED_EDGE('',*,*,#12980,.T.);
#12983=ORIENTED_EDGE('',*,*,#12982,.T.);
#12985=ORIENTED_EDGE('',*,*,#12984,.F.);
#12986=EDGE_LOOP('',(#12979,#12981,#12983,#12985));
#12987=FACE_OUTER_BOUND('',#12986,.F.);
#12989=FILL_AREA_STYLE_COLOUR('',#6);
#12990=FILL_AREA_STYLE('',(#12989));
#12991=SURFACE_STYLE_FILL_AREA(#12990);
#12992=SURFACE_SIDE_STYLE('',(#12991));
#12993=SURFACE_STYLE_USAGE(.POSITIVE.,#12992);
#12994=PRESENTATION_STYLE_ASSIGNMENT((#12993));
#12995=STYLED_ITEM('',(#12994),#12988);
#12996=CARTESIAN_POINT('',(-5.1E-1,-1.7504E0,1.1098E0));
#12997=DIRECTION('',(0.E0,1.E0,0.E0));
#12998=DIRECTION('',(0.E0,0.E0,1.E0));
#12999=AXIS2_PLACEMENT_3D('',#12996,#12997,#12998);
#13000=CYLINDRICAL_SURFACE('',#12999,2.3E-1);
#13001=ORIENTED_EDGE('',*,*,#12940,.F.);
#13002=ORIENTED_EDGE('',*,*,#12984,.T.);
#13004=ORIENTED_EDGE('',*,*,#13003,.T.);
#13005=ORIENTED_EDGE('',*,*,#12980,.F.);
#13006=EDGE_LOOP('',(#13001,#13002,#13004,#13005));
#13007=FACE_OUTER_BOUND('',#13006,.F.);
#13009=FILL_AREA_STYLE_COLOUR('',#6);
#13010=FILL_AREA_STYLE('',(#13009));
#13011=SURFACE_STYLE_FILL_AREA(#13010);
#13012=SURFACE_SIDE_STYLE('',(#13011));
#13013=SURFACE_STYLE_USAGE(.POSITIVE.,#13012);
#13014=PRESENTATION_STYLE_ASSIGNMENT((#13013));
#13015=STYLED_ITEM('',(#13014),#13008);
#13016=CARTESIAN_POINT('',(-5.1E-1,2.5E0,1.1098E0));
#13017=DIRECTION('',(0.E0,1.E0,0.E0));
#13018=DIRECTION('',(0.E0,0.E0,1.E0));
#13019=AXIS2_PLACEMENT_3D('',#13016,#13017,#13018);
#13020=PLANE('',#13019);
#13021=ORIENTED_EDGE('',*,*,#12982,.F.);
#13022=ORIENTED_EDGE('',*,*,#13003,.F.);
#13023=EDGE_LOOP('',(#13021,#13022));
#13024=FACE_OUTER_BOUND('',#13023,.F.);
#13026=CARTESIAN_POINT('',(-1.255E0,4.E0,5.E0));
#13027=DIRECTION('',(0.E0,0.E0,1.E0));
#13028=DIRECTION('',(-1.E0,0.E0,0.E0));
#13029=AXIS2_PLACEMENT_3D('',#13026,#13027,#13028);
#13030=PLANE('',#13029);
#13031=ORIENTED_EDGE('',*,*,#11678,.F.);
#13033=ORIENTED_EDGE('',*,*,#13032,.T.);
#13034=ORIENTED_EDGE('',*,*,#6767,.T.);
#13036=ORIENTED_EDGE('',*,*,#13035,.F.);
#13037=EDGE_LOOP('',(#13031,#13033,#13034,#13036));
#13038=FACE_OUTER_BOUND('',#13037,.F.);
#13040=ORIENTED_EDGE('',*,*,#13039,.T.);
#13042=ORIENTED_EDGE('',*,*,#13041,.T.);
#13044=ORIENTED_EDGE('',*,*,#13043,.T.);
#13045=EDGE_LOOP('',(#13040,#13042,#13044));
#13046=FACE_BOUND('',#13045,.F.);
#13048=FILL_AREA_STYLE_COLOUR('',#10);
#13049=FILL_AREA_STYLE('',(#13048));
#13050=SURFACE_STYLE_FILL_AREA(#13049);
#13051=SURFACE_SIDE_STYLE('',(#13050));
#13052=SURFACE_STYLE_USAGE(.POSITIVE.,#13051);
#13053=PRESENTATION_STYLE_ASSIGNMENT((#13052));
#13054=STYLED_ITEM('',(#13053),#13047);
#13055=CARTESIAN_POINT('',(-1.255E0,4.E0,2.E0));
#13056=DIRECTION('',(1.E0,0.E0,0.E0));
#13057=DIRECTION('',(0.E0,0.E0,1.E0));
#13058=AXIS2_PLACEMENT_3D('',#13055,#13056,#13057);
#13059=PLANE('',#13058);
#13060=ORIENTED_EDGE('',*,*,#11535,.F.);
#13062=ORIENTED_EDGE('',*,*,#13061,.T.);
#13063=ORIENTED_EDGE('',*,*,#7235,.T.);
#13064=ORIENTED_EDGE('',*,*,#6769,.T.);
#13065=ORIENTED_EDGE('',*,*,#13032,.F.);
#13066=EDGE_LOOP('',(#13060,#13062,#13063,#13064,#13065));
#13067=FACE_OUTER_BOUND('',#13066,.F.);
#13069=FILL_AREA_STYLE_COLOUR('',#10);
#13070=FILL_AREA_STYLE('',(#13069));
#13071=SURFACE_STYLE_FILL_AREA(#13070);
#13072=SURFACE_SIDE_STYLE('',(#13071));
#13073=SURFACE_STYLE_USAGE(.POSITIVE.,#13072);
#13074=PRESENTATION_STYLE_ASSIGNMENT((#13073));
#13075=STYLED_ITEM('',(#13074),#13068);
#13076=CARTESIAN_POINT('',(-1.205E0,4.15E0,3.5E0));
#13077=DIRECTION('',(-9.486832980505E-1,-3.162277660168E-1,0.E0));
#13078=DIRECTION('',(-3.162277660168E-1,9.486832980505E-1,0.E0));
#13079=AXIS2_PLACEMENT_3D('',#13076,#13077,#13078);
#13080=PLANE('',#13079);
#13081=ORIENTED_EDGE('',*,*,#11533,.F.);
#13082=ORIENTED_EDGE('',*,*,#8674,.T.);
#13083=ORIENTED_EDGE('',*,*,#7237,.T.);
#13084=ORIENTED_EDGE('',*,*,#13061,.F.);
#13085=EDGE_LOOP('',(#13081,#13082,#13083,#13084));
#13086=FACE_OUTER_BOUND('',#13085,.F.);
#13088=FILL_AREA_STYLE_COLOUR('',#10);
#13089=FILL_AREA_STYLE('',(#13088));
#13090=SURFACE_STYLE_FILL_AREA(#13089);
#13091=SURFACE_SIDE_STYLE('',(#13090));
#13092=SURFACE_STYLE_USAGE(.POSITIVE.,#13091);
#13093=PRESENTATION_STYLE_ASSIGNMENT((#13092));
#13094=STYLED_ITEM('',(#13093),#13087);
#13095=CARTESIAN_POINT('',(-1.805E0,4.E0,5.E0));
#13096=DIRECTION('',(-1.E0,0.E0,0.E0));
#13097=DIRECTION('',(0.E0,0.E0,-1.E0));
#13098=AXIS2_PLACEMENT_3D('',#13095,#13096,#13097);
#13099=PLANE('',#13098);
#13100=ORIENTED_EDGE('',*,*,#11513,.T.);
#13101=ORIENTED_EDGE('',*,*,#13035,.T.);
#13102=ORIENTED_EDGE('',*,*,#6765,.T.);
#13103=ORIENTED_EDGE('',*,*,#7232,.F.);
#13105=ORIENTED_EDGE('',*,*,#13104,.T.);
#13106=EDGE_LOOP('',(#13100,#13101,#13102,#13103,#13105));
#13107=FACE_OUTER_BOUND('',#13106,.F.);
#13109=FILL_AREA_STYLE_COLOUR('',#10);
#13110=FILL_AREA_STYLE('',(#13109));
#13111=SURFACE_STYLE_FILL_AREA(#13110);
#13112=SURFACE_SIDE_STYLE('',(#13111));
#13113=SURFACE_STYLE_USAGE(.POSITIVE.,#13112);
#13114=PRESENTATION_STYLE_ASSIGNMENT((#13113));
#13115=STYLED_ITEM('',(#13114),#13108);
#13116=CARTESIAN_POINT('',(-1.855E0,4.15E0,3.5E0));
#13117=DIRECTION('',(9.486832980505E-1,-3.162277660168E-1,0.E0));
#13118=DIRECTION('',(3.162277660168E-1,9.486832980505E-1,0.E0));
#13119=AXIS2_PLACEMENT_3D('',#13116,#13117,#13118);
#13120=PLANE('',#13119);
#13121=ORIENTED_EDGE('',*,*,#11515,.T.);
#13122=ORIENTED_EDGE('',*,*,#13104,.F.);
#13123=ORIENTED_EDGE('',*,*,#7230,.T.);
#13124=ORIENTED_EDGE('',*,*,#8649,.T.);
#13125=EDGE_LOOP('',(#13121,#13122,#13123,#13124));
#13126=FACE_OUTER_BOUND('',#13125,.F.);
#13128=FILL_AREA_STYLE_COLOUR('',#10);
#13129=FILL_AREA_STYLE('',(#13128));
#13130=SURFACE_STYLE_FILL_AREA(#13129);
#13131=SURFACE_SIDE_STYLE('',(#13130));
#13132=SURFACE_STYLE_USAGE(.POSITIVE.,#13131);
#13133=PRESENTATION_STYLE_ASSIGNMENT((#13132));
#13134=STYLED_ITEM('',(#13133),#13127);
#13135=CARTESIAN_POINT('',(-1.53E0,4.956761793129E0,4.8043E0));
#13136=DIRECTION('',(0.E0,-9.300762238355E-1,-3.673665987211E-1));
#13137=DIRECTION('',(0.E0,3.673665987211E-1,-9.300762238355E-1));
#13138=AXIS2_PLACEMENT_3D('',#13135,#13136,#13137);
#13139=PLANE('',#13138);
#13141=ORIENTED_EDGE('',*,*,#13140,.T.);
#13142=ORIENTED_EDGE('',*,*,#13039,.F.);
#13144=ORIENTED_EDGE('',*,*,#13143,.T.);
#13145=EDGE_LOOP('',(#13141,#13142,#13144));
#13146=FACE_OUTER_BOUND('',#13145,.F.);
#13148=FILL_AREA_STYLE_COLOUR('',#6);
#13149=FILL_AREA_STYLE('',(#13148));
#13150=SURFACE_STYLE_FILL_AREA(#13149);
#13151=SURFACE_SIDE_STYLE('',(#13150));
#13152=SURFACE_STYLE_USAGE(.POSITIVE.,#13151);
#13153=PRESENTATION_STYLE_ASSIGNMENT((#13152));
#13154=STYLED_ITEM('',(#13153),#13147);
#13155=CARTESIAN_POINT('',(-1.53E0,4.956761793129E0,4.8043E0));
#13156=DIRECTION('',(0.E0,-9.300762238355E-1,-3.673665987211E-1));
#13157=DIRECTION('',(0.E0,3.673665987211E-1,-9.300762238355E-1));
#13158=AXIS2_PLACEMENT_3D('',#13155,#13156,#13157);
#13159=CYLINDRICAL_SURFACE('',#13158,2.3E-1);
#13160=ORIENTED_EDGE('',*,*,#13140,.F.);
#13162=ORIENTED_EDGE('',*,*,#13161,.T.);
#13164=ORIENTED_EDGE('',*,*,#13163,.T.);
#13166=ORIENTED_EDGE('',*,*,#13165,.F.);
#13167=ORIENTED_EDGE('',*,*,#13041,.F.);
#13168=EDGE_LOOP('',(#13160,#13162,#13164,#13166,#13167));
#13169=FACE_OUTER_BOUND('',#13168,.F.);
#13171=FILL_AREA_STYLE_COLOUR('',#6);
#13172=FILL_AREA_STYLE('',(#13171));
#13173=SURFACE_STYLE_FILL_AREA(#13172);
#13174=SURFACE_SIDE_STYLE('',(#13173));
#13175=SURFACE_STYLE_USAGE(.POSITIVE.,#13174);
#13176=PRESENTATION_STYLE_ASSIGNMENT((#13175));
#13177=STYLED_ITEM('',(#13176),#13170);
#13178=CARTESIAN_POINT('',(-1.53E0,4.956761793129E0,4.8043E0));
#13179=DIRECTION('',(0.E0,-9.300762238355E-1,-3.673665987211E-1));
#13180=DIRECTION('',(0.E0,3.673665987211E-1,-9.300762238355E-1));
#13181=AXIS2_PLACEMENT_3D('',#13178,#13179,#13180);
#13182=CYLINDRICAL_SURFACE('',#13181,2.3E-1);
#13183=ORIENTED_EDGE('',*,*,#13143,.F.);
#13184=ORIENTED_EDGE('',*,*,#13043,.F.);
#13185=ORIENTED_EDGE('',*,*,#13165,.T.);
#13187=ORIENTED_EDGE('',*,*,#13186,.T.);
#13188=ORIENTED_EDGE('',*,*,#13161,.F.);
#13189=EDGE_LOOP('',(#13183,#13184,#13185,#13187,#13188));
#13190=FACE_OUTER_BOUND('',#13189,.F.);
#13192=FILL_AREA_STYLE_COLOUR('',#6);
#13193=FILL_AREA_STYLE('',(#13192));
#13194=SURFACE_STYLE_FILL_AREA(#13193);
#13195=SURFACE_SIDE_STYLE('',(#13194));
#13196=SURFACE_STYLE_USAGE(.POSITIVE.,#13195);
#13197=PRESENTATION_STYLE_ASSIGNMENT((#13196));
#13198=STYLED_ITEM('',(#13197),#13191);
#13199=CARTESIAN_POINT('',(-1.53E0,-1.7504E0,1.6135E0));
#13200=DIRECTION('',(1.E0,0.E0,0.E0));
#13201=DIRECTION('',(0.E0,3.673665987211E-1,-9.300762238355E-1));
#13202=AXIS2_PLACEMENT_3D('',#13199,#13200,#13201);
#13203=TOROIDAL_SURFACE('',#13202,5.037E-1,2.3E-1);
#13204=ORIENTED_EDGE('',*,*,#13186,.F.);
#13206=ORIENTED_EDGE('',*,*,#13205,.T.);
#13208=ORIENTED_EDGE('',*,*,#13207,.T.);
#13210=ORIENTED_EDGE('',*,*,#13209,.F.);
#13211=EDGE_LOOP('',(#13204,#13206,#13208,#13210));
#13212=FACE_OUTER_BOUND('',#13211,.F.);
#13214=FILL_AREA_STYLE_COLOUR('',#6);
#13215=FILL_AREA_STYLE('',(#13214));
#13216=SURFACE_STYLE_FILL_AREA(#13215);
#13217=SURFACE_SIDE_STYLE('',(#13216));
#13218=SURFACE_STYLE_USAGE(.POSITIVE.,#13217);
#13219=PRESENTATION_STYLE_ASSIGNMENT((#13218));
#13220=STYLED_ITEM('',(#13219),#13213);
#13221=CARTESIAN_POINT('',(-1.53E0,-1.7504E0,1.6135E0));
#13222=DIRECTION('',(1.E0,0.E0,0.E0));
#13223=DIRECTION('',(0.E0,3.673665987211E-1,-9.300762238355E-1));
#13224=AXIS2_PLACEMENT_3D('',#13221,#13222,#13223);
#13225=TOROIDAL_SURFACE('',#13224,5.037E-1,2.3E-1);
#13226=ORIENTED_EDGE('',*,*,#13163,.F.);
#13227=ORIENTED_EDGE('',*,*,#13209,.T.);
#13229=ORIENTED_EDGE('',*,*,#13228,.T.);
#13230=ORIENTED_EDGE('',*,*,#13205,.F.);
#13231=EDGE_LOOP('',(#13226,#13227,#13229,#13230));
#13232=FACE_OUTER_BOUND('',#13231,.F.);
#13234=FILL_AREA_STYLE_COLOUR('',#6);
#13235=FILL_AREA_STYLE('',(#13234));
#13236=SURFACE_STYLE_FILL_AREA(#13235);
#13237=SURFACE_SIDE_STYLE('',(#13236));
#13238=SURFACE_STYLE_USAGE(.POSITIVE.,#13237);
#13239=PRESENTATION_STYLE_ASSIGNMENT((#13238));
#13240=STYLED_ITEM('',(#13239),#13233);
#13241=CARTESIAN_POINT('',(-1.53E0,-1.7504E0,1.1098E0));
#13242=DIRECTION('',(0.E0,1.E0,0.E0));
#13243=DIRECTION('',(0.E0,0.E0,1.E0));
#13244=AXIS2_PLACEMENT_3D('',#13241,#13242,#13243);
#13245=CYLINDRICAL_SURFACE('',#13244,2.3E-1);
#13246=ORIENTED_EDGE('',*,*,#13228,.F.);
#13248=ORIENTED_EDGE('',*,*,#13247,.T.);
#13250=ORIENTED_EDGE('',*,*,#13249,.T.);
#13252=ORIENTED_EDGE('',*,*,#13251,.F.);
#13253=EDGE_LOOP('',(#13246,#13248,#13250,#13252));
#13254=FACE_OUTER_BOUND('',#13253,.F.);
#13256=FILL_AREA_STYLE_COLOUR('',#6);
#13257=FILL_AREA_STYLE('',(#13256));
#13258=SURFACE_STYLE_FILL_AREA(#13257);
#13259=SURFACE_SIDE_STYLE('',(#13258));
#13260=SURFACE_STYLE_USAGE(.POSITIVE.,#13259);
#13261=PRESENTATION_STYLE_ASSIGNMENT((#13260));
#13262=STYLED_ITEM('',(#13261),#13255);
#13263=CARTESIAN_POINT('',(-1.53E0,-1.7504E0,1.1098E0));
#13264=DIRECTION('',(0.E0,1.E0,0.E0));
#13265=DIRECTION('',(0.E0,0.E0,1.E0));
#13266=AXIS2_PLACEMENT_3D('',#13263,#13264,#13265);
#13267=CYLINDRICAL_SURFACE('',#13266,2.3E-1);
#13268=ORIENTED_EDGE('',*,*,#13207,.F.);
#13269=ORIENTED_EDGE('',*,*,#13251,.T.);
#13271=ORIENTED_EDGE('',*,*,#13270,.T.);
#13272=ORIENTED_EDGE('',*,*,#13247,.F.);
#13273=EDGE_LOOP('',(#13268,#13269,#13271,#13272));
#13274=FACE_OUTER_BOUND('',#13273,.F.);
#13276=FILL_AREA_STYLE_COLOUR('',#6);
#13277=FILL_AREA_STYLE('',(#13276));
#13278=SURFACE_STYLE_FILL_AREA(#13277);
#13279=SURFACE_SIDE_STYLE('',(#13278));
#13280=SURFACE_STYLE_USAGE(.POSITIVE.,#13279);
#13281=PRESENTATION_STYLE_ASSIGNMENT((#13280));
#13282=STYLED_ITEM('',(#13281),#13275);
#13283=CARTESIAN_POINT('',(-1.53E0,2.5E0,1.1098E0));
#13284=DIRECTION('',(0.E0,1.E0,0.E0));
#13285=DIRECTION('',(0.E0,0.E0,1.E0));
#13286=AXIS2_PLACEMENT_3D('',#13283,#13284,#13285);
#13287=PLANE('',#13286);
#13288=ORIENTED_EDGE('',*,*,#13249,.F.);
#13289=ORIENTED_EDGE('',*,*,#13270,.F.);
#13290=EDGE_LOOP('',(#13288,#13289));
#13291=FACE_OUTER_BOUND('',#13290,.F.);
#13293=CARTESIAN_POINT('',(2.175E0,5.9E0,2.988076E1));
#13294=DIRECTION('',(0.E0,0.E0,-1.E0));
#13295=DIRECTION('',(0.E0,1.E0,0.E0));
#13296=AXIS2_PLACEMENT_3D('',#13293,#13294,#13295);
#13297=CYLINDRICAL_SURFACE('',#13296,1.E-1);
#13298=ORIENTED_EDGE('',*,*,#8278,.F.);
#13299=ORIENTED_EDGE('',*,*,#8027,.T.);
#13300=ORIENTED_EDGE('',*,*,#6703,.T.);
#13302=ORIENTED_EDGE('',*,*,#13301,.T.);
#13303=EDGE_LOOP('',(#13298,#13299,#13300,#13302));
#13304=FACE_OUTER_BOUND('',#13303,.F.);
#13306=FILL_AREA_STYLE_COLOUR('',#10);
#13307=FILL_AREA_STYLE('',(#13306));
#13308=SURFACE_STYLE_FILL_AREA(#13307);
#13309=SURFACE_SIDE_STYLE('',(#13308));
#13310=SURFACE_STYLE_USAGE(.POSITIVE.,#13309);
#13311=PRESENTATION_STYLE_ASSIGNMENT((#13310));
#13312=STYLED_ITEM('',(#13311),#13305);
#13313=CARTESIAN_POINT('',(2.175E0,5.7E0,3.E-1));
#13314=DIRECTION('',(1.E0,0.E0,0.E0));
#13315=DIRECTION('',(0.E0,9.937595941321E-1,1.115431265041E-1));
#13316=AXIS2_PLACEMENT_3D('',#13313,#13314,#13315);
#13317=TOROIDAL_SURFACE('',#13316,2.E-1,1.E-1);
#13318=ORIENTED_EDGE('',*,*,#7592,.T.);
#13320=ORIENTED_EDGE('',*,*,#13319,.T.);
#13321=ORIENTED_EDGE('',*,*,#8280,.F.);
#13322=ORIENTED_EDGE('',*,*,#13301,.F.);
#13323=EDGE_LOOP('',(#13318,#13320,#13321,#13322));
#13324=FACE_OUTER_BOUND('',#13323,.F.);
#13326=FILL_AREA_STYLE_COLOUR('',#10);
#13327=FILL_AREA_STYLE('',(#13326));
#13328=SURFACE_STYLE_FILL_AREA(#13327);
#13329=SURFACE_SIDE_STYLE('',(#13328));
#13330=SURFACE_STYLE_USAGE(.POSITIVE.,#13329);
#13331=PRESENTATION_STYLE_ASSIGNMENT((#13330));
#13332=STYLED_ITEM('',(#13331),#13325);
#13333=CARTESIAN_POINT('',(2.175E0,5.735489543355E0,1.E-1));
#13334=DIRECTION('',(0.E0,-1.E0,0.E0));
#13335=DIRECTION('',(0.E0,0.E0,-1.E0));
#13336=AXIS2_PLACEMENT_3D('',#13333,#13334,#13335);
#13337=CYLINDRICAL_SURFACE('',#13336,1.E-1);
#13338=ORIENTED_EDGE('',*,*,#8282,.F.);
#13339=ORIENTED_EDGE('',*,*,#13319,.F.);
#13340=ORIENTED_EDGE('',*,*,#7927,.T.);
#13342=ORIENTED_EDGE('',*,*,#13341,.T.);
#13343=EDGE_LOOP('',(#13338,#13339,#13340,#13342));
#13344=FACE_OUTER_BOUND('',#13343,.F.);
#13346=FILL_AREA_STYLE_COLOUR('',#10);
#13347=FILL_AREA_STYLE('',(#13346));
#13348=SURFACE_STYLE_FILL_AREA(#13347);
#13349=SURFACE_SIDE_STYLE('',(#13348));
#13350=SURFACE_STYLE_USAGE(.POSITIVE.,#13349);
#13351=PRESENTATION_STYLE_ASSIGNMENT((#13350));
#13352=STYLED_ITEM('',(#13351),#13345);
#13353=CARTESIAN_POINT('',(2.55E0,2.625E0,1.E-1));
#13354=DIRECTION('',(0.E0,0.E0,1.E0));
#13355=DIRECTION('',(-6.798692684790E-1,-7.333333333333E-1,0.E0));
#13356=AXIS2_PLACEMENT_3D('',#13353,#13354,#13355);
#13357=TOROIDAL_SURFACE('',#13356,3.75E-1,1.E-1);
#13358=ORIENTED_EDGE('',*,*,#8247,.T.);
#13359=ORIENTED_EDGE('',*,*,#13341,.F.);
#13360=ORIENTED_EDGE('',*,*,#7925,.T.);
#13362=ORIENTED_EDGE('',*,*,#13361,.F.);
#13363=EDGE_LOOP('',(#13358,#13359,#13360,#13362));
#13364=FACE_OUTER_BOUND('',#13363,.F.);
#13366=FILL_AREA_STYLE_COLOUR('',#10);
#13367=FILL_AREA_STYLE('',(#13366));
#13368=SURFACE_STYLE_FILL_AREA(#13367);
#13369=SURFACE_SIDE_STYLE('',(#13368));
#13370=SURFACE_STYLE_USAGE(.POSITIVE.,#13369);
#13371=PRESENTATION_STYLE_ASSIGNMENT((#13370));
#13372=STYLED_ITEM('',(#13371),#13365);
#13373=CARTESIAN_POINT('',(2.925E0,-2.16432E1,1.E-1));
#13374=DIRECTION('',(0.E0,1.E0,0.E0));
#13375=DIRECTION('',(0.E0,0.E0,-1.E0));
#13376=AXIS2_PLACEMENT_3D('',#13373,#13374,#13375);
#13377=CYLINDRICAL_SURFACE('',#13376,1.E-1);
#13378=ORIENTED_EDGE('',*,*,#7923,.T.);
#13380=ORIENTED_EDGE('',*,*,#13379,.T.);
#13381=ORIENTED_EDGE('',*,*,#8214,.F.);
#13382=ORIENTED_EDGE('',*,*,#13361,.T.);
#13383=EDGE_LOOP('',(#13378,#13380,#13381,#13382));
#13384=FACE_OUTER_BOUND('',#13383,.F.);
#13386=FILL_AREA_STYLE_COLOUR('',#10);
#13387=FILL_AREA_STYLE('',(#13386));
#13388=SURFACE_STYLE_FILL_AREA(#13387);
#13389=SURFACE_SIDE_STYLE('',(#13388));
#13390=SURFACE_STYLE_USAGE(.POSITIVE.,#13389);
#13391=PRESENTATION_STYLE_ASSIGNMENT((#13390));
#13392=STYLED_ITEM('',(#13391),#13385);
#13393=CARTESIAN_POINT('',(2.925E0,5.7E0,3.E-1));
#13394=DIRECTION('',(1.E0,0.E0,0.E0));
#13395=DIRECTION('',(0.E0,-1.215533523461E-1,-9.925848994083E-1));
#13396=AXIS2_PLACEMENT_3D('',#13393,#13394,#13395);
#13397=TOROIDAL_SURFACE('',#13396,2.E-1,1.E-1);
#13398=ORIENTED_EDGE('',*,*,#7570,.T.);
#13400=ORIENTED_EDGE('',*,*,#13399,.T.);
#13401=ORIENTED_EDGE('',*,*,#8216,.F.);
#13402=ORIENTED_EDGE('',*,*,#13379,.F.);
#13403=EDGE_LOOP('',(#13398,#13400,#13401,#13402));
#13404=FACE_OUTER_BOUND('',#13403,.F.);
#13406=FILL_AREA_STYLE_COLOUR('',#10);
#13407=FILL_AREA_STYLE('',(#13406));
#13408=SURFACE_STYLE_FILL_AREA(#13407);
#13409=SURFACE_SIDE_STYLE('',(#13408));
#13410=SURFACE_STYLE_USAGE(.POSITIVE.,#13409);
#13411=PRESENTATION_STYLE_ASSIGNMENT((#13410));
#13412=STYLED_ITEM('',(#13411),#13405);
#13413=CARTESIAN_POINT('',(2.925E0,5.9E0,2.657977690692E-1));
#13414=DIRECTION('',(0.E0,0.E0,1.E0));
#13415=DIRECTION('',(0.E0,1.E0,0.E0));
#13416=AXIS2_PLACEMENT_3D('',#13413,#13414,#13415);
#13417=CYLINDRICAL_SURFACE('',#13416,1.E-1);
#13418=ORIENTED_EDGE('',*,*,#8218,.F.);
#13419=ORIENTED_EDGE('',*,*,#13399,.F.);
#13420=ORIENTED_EDGE('',*,*,#6707,.T.);
#13421=ORIENTED_EDGE('',*,*,#8024,.T.);
#13422=EDGE_LOOP('',(#13418,#13419,#13420,#13421));
#13423=FACE_OUTER_BOUND('',#13422,.F.);
#13425=FILL_AREA_STYLE_COLOUR('',#10);
#13426=FILL_AREA_STYLE('',(#13425));
#13427=SURFACE_STYLE_FILL_AREA(#13426);
#13428=SURFACE_SIDE_STYLE('',(#13427));
#13429=SURFACE_STYLE_USAGE(.POSITIVE.,#13428);
#13430=PRESENTATION_STYLE_ASSIGNMENT((#13429));
#13431=STYLED_ITEM('',(#13430),#13424);
#13432=CARTESIAN_POINT('',(1.53E0,5.19E0,8.E-1));
#13433=DIRECTION('',(0.E0,0.E0,-1.E0));
#13434=DIRECTION('',(1.E0,0.E0,0.E0));
#13435=AXIS2_PLACEMENT_3D('',#13432,#13433,#13434);
#13436=CYLINDRICAL_SURFACE('',#13435,2.3E-1);
#13437=ORIENTED_EDGE('',*,*,#8003,.F.);
#13439=ORIENTED_EDGE('',*,*,#13438,.T.);
#13441=ORIENTED_EDGE('',*,*,#13440,.T.);
#13443=ORIENTED_EDGE('',*,*,#13442,.F.);
#13444=EDGE_LOOP('',(#13437,#13439,#13441,#13443));
#13445=FACE_OUTER_BOUND('',#13444,.F.);
#13447=FILL_AREA_STYLE_COLOUR('',#6);
#13448=FILL_AREA_STYLE('',(#13447));
#13449=SURFACE_STYLE_FILL_AREA(#13448);
#13450=SURFACE_SIDE_STYLE('',(#13449));
#13451=SURFACE_STYLE_USAGE(.POSITIVE.,#13450);
#13452=PRESENTATION_STYLE_ASSIGNMENT((#13451));
#13453=STYLED_ITEM('',(#13452),#13446);
#13454=CARTESIAN_POINT('',(1.53E0,5.19E0,8.E-1));
#13455=DIRECTION('',(0.E0,0.E0,-1.E0));
#13456=DIRECTION('',(1.E0,0.E0,0.E0));
#13457=AXIS2_PLACEMENT_3D('',#13454,#13455,#13456);
#13458=CYLINDRICAL_SURFACE('',#13457,2.3E-1);
#13459=ORIENTED_EDGE('',*,*,#8005,.F.);
#13460=ORIENTED_EDGE('',*,*,#13442,.T.);
#13462=ORIENTED_EDGE('',*,*,#13461,.T.);
#13463=ORIENTED_EDGE('',*,*,#13438,.F.);
#13464=EDGE_LOOP('',(#13459,#13460,#13462,#13463));
#13465=FACE_OUTER_BOUND('',#13464,.F.);
#13467=FILL_AREA_STYLE_COLOUR('',#6);
#13468=FILL_AREA_STYLE('',(#13467));
#13469=SURFACE_STYLE_FILL_AREA(#13468);
#13470=SURFACE_SIDE_STYLE('',(#13469));
#13471=SURFACE_STYLE_USAGE(.POSITIVE.,#13470);
#13472=PRESENTATION_STYLE_ASSIGNMENT((#13471));
#13473=STYLED_ITEM('',(#13472),#13466);
#13474=CARTESIAN_POINT('',(4.08E0,0.E0,-2.2E0));
#13475=DIRECTION('',(0.E0,0.E0,-1.E0));
#13476=DIRECTION('',(1.E0,0.E0,0.E0));
#13477=AXIS2_PLACEMENT_3D('',#13474,#13475,#13476);
#13478=PLANE('',#13477);
#13479=ORIENTED_EDGE('',*,*,#13440,.F.);
#13480=ORIENTED_EDGE('',*,*,#13461,.F.);
#13481=EDGE_LOOP('',(#13479,#13480));
#13482=FACE_OUTER_BOUND('',#13481,.F.);
#13484=FILL_AREA_STYLE_COLOUR('',#6);
#13485=FILL_AREA_STYLE('',(#13484));
#13486=SURFACE_STYLE_FILL_AREA(#13485);
#13487=SURFACE_SIDE_STYLE('',(#13486));
#13488=SURFACE_STYLE_USAGE(.POSITIVE.,#13487);
#13489=PRESENTATION_STYLE_ASSIGNMENT((#13488));
#13490=STYLED_ITEM('',(#13489),#13483);
#13491=CARTESIAN_POINT('',(-2.175E0,-2.16432E1,1.E-1));
#13492=DIRECTION('',(0.E0,1.E0,0.E0));
#13493=DIRECTION('',(0.E0,0.E0,-1.E0));
#13494=AXIS2_PLACEMENT_3D('',#13491,#13492,#13493);
#13495=CYLINDRICAL_SURFACE('',#13494,1.E-1);
#13496=ORIENTED_EDGE('',*,*,#7886,.T.);
#13497=ORIENTED_EDGE('',*,*,#7641,.T.);
#13498=ORIENTED_EDGE('',*,*,#7681,.F.);
#13500=ORIENTED_EDGE('',*,*,#13499,.T.);
#13501=EDGE_LOOP('',(#13496,#13497,#13498,#13500));
#13502=FACE_OUTER_BOUND('',#13501,.F.);
#13504=FILL_AREA_STYLE_COLOUR('',#10);
#13505=FILL_AREA_STYLE('',(#13504));
#13506=SURFACE_STYLE_FILL_AREA(#13505);
#13507=SURFACE_SIDE_STYLE('',(#13506));
#13508=SURFACE_STYLE_USAGE(.POSITIVE.,#13507);
#13509=PRESENTATION_STYLE_ASSIGNMENT((#13508));
#13510=STYLED_ITEM('',(#13509),#13503);
#13511=CARTESIAN_POINT('',(-2.55E0,5.165E0,1.E-1));
#13512=DIRECTION('',(0.E0,0.E0,1.E0));
#13513=DIRECTION('',(-6.798692684790E-1,-7.333333333333E-1,0.E0));
#13514=AXIS2_PLACEMENT_3D('',#13511,#13512,#13513);
#13515=TOROIDAL_SURFACE('',#13514,3.75E-1,1.E-1);
#13516=ORIENTED_EDGE('',*,*,#7706,.T.);
#13517=ORIENTED_EDGE('',*,*,#7845,.F.);
#13518=ORIENTED_EDGE('',*,*,#7888,.T.);
#13519=ORIENTED_EDGE('',*,*,#13499,.F.);
#13520=EDGE_LOOP('',(#13516,#13517,#13518,#13519));
#13521=FACE_OUTER_BOUND('',#13520,.F.);
#13523=FILL_AREA_STYLE_COLOUR('',#10);
#13524=FILL_AREA_STYLE('',(#13523));
#13525=SURFACE_STYLE_FILL_AREA(#13524);
#13526=SURFACE_SIDE_STYLE('',(#13525));
#13527=SURFACE_STYLE_USAGE(.POSITIVE.,#13526);
#13528=PRESENTATION_STYLE_ASSIGNMENT((#13527));
#13529=STYLED_ITEM('',(#13528),#13522);
#13530=CARTESIAN_POINT('',(-1.905E0,5.9E0,2.988076E1));
#13531=DIRECTION('',(0.E0,0.E0,-1.E0));
#13532=DIRECTION('',(0.E0,1.E0,0.E0));
#13533=AXIS2_PLACEMENT_3D('',#13530,#13531,#13532);
#13534=CYLINDRICAL_SURFACE('',#13533,1.E-1);
#13535=ORIENTED_EDGE('',*,*,#7376,.F.);
#13536=ORIENTED_EDGE('',*,*,#7758,.T.);
#13537=ORIENTED_EDGE('',*,*,#6727,.T.);
#13538=ORIENTED_EDGE('',*,*,#7466,.T.);
#13539=EDGE_LOOP('',(#13535,#13536,#13537,#13538));
#13540=FACE_OUTER_BOUND('',#13539,.F.);
#13542=FILL_AREA_STYLE_COLOUR('',#10);
#13543=FILL_AREA_STYLE('',(#13542));
#13544=SURFACE_STYLE_FILL_AREA(#13543);
#13545=SURFACE_SIDE_STYLE('',(#13544));
#13546=SURFACE_STYLE_USAGE(.POSITIVE.,#13545);
#13547=PRESENTATION_STYLE_ASSIGNMENT((#13546));
#13548=STYLED_ITEM('',(#13547),#13541);
#13549=CARTESIAN_POINT('',(-2.55E0,5.19E0,8.E-1));
#13550=DIRECTION('',(0.E0,0.E0,-1.E0));
#13551=DIRECTION('',(1.E0,0.E0,0.E0));
#13552=AXIS2_PLACEMENT_3D('',#13549,#13550,#13551);
#13553=CYLINDRICAL_SURFACE('',#13552,2.3E-1);
#13554=ORIENTED_EDGE('',*,*,#7734,.F.);
#13556=ORIENTED_EDGE('',*,*,#13555,.T.);
#13558=ORIENTED_EDGE('',*,*,#13557,.T.);
#13560=ORIENTED_EDGE('',*,*,#13559,.F.);
#13561=EDGE_LOOP('',(#13554,#13556,#13558,#13560));
#13562=FACE_OUTER_BOUND('',#13561,.F.);
#13564=FILL_AREA_STYLE_COLOUR('',#6);
#13565=FILL_AREA_STYLE('',(#13564));
#13566=SURFACE_STYLE_FILL_AREA(#13565);
#13567=SURFACE_SIDE_STYLE('',(#13566));
#13568=SURFACE_STYLE_USAGE(.POSITIVE.,#13567);
#13569=PRESENTATION_STYLE_ASSIGNMENT((#13568));
#13570=STYLED_ITEM('',(#13569),#13563);
#13571=CARTESIAN_POINT('',(-2.55E0,5.19E0,8.E-1));
#13572=DIRECTION('',(0.E0,0.E0,-1.E0));
#13573=DIRECTION('',(1.E0,0.E0,0.E0));
#13574=AXIS2_PLACEMENT_3D('',#13571,#13572,#13573);
#13575=CYLINDRICAL_SURFACE('',#13574,2.3E-1);
#13576=ORIENTED_EDGE('',*,*,#7736,.F.);
#13577=ORIENTED_EDGE('',*,*,#13559,.T.);
#13579=ORIENTED_EDGE('',*,*,#13578,.T.);
#13580=ORIENTED_EDGE('',*,*,#13555,.F.);
#13581=EDGE_LOOP('',(#13576,#13577,#13579,#13580));
#13582=FACE_OUTER_BOUND('',#13581,.F.);
#13584=FILL_AREA_STYLE_COLOUR('',#6);
#13585=FILL_AREA_STYLE('',(#13584));
#13586=SURFACE_STYLE_FILL_AREA(#13585);
#13587=SURFACE_SIDE_STYLE('',(#13586));
#13588=SURFACE_STYLE_USAGE(.POSITIVE.,#13587);
#13589=PRESENTATION_STYLE_ASSIGNMENT((#13588));
#13590=STYLED_ITEM('',(#13589),#13583);
#13591=CARTESIAN_POINT('',(0.E0,0.E0,-2.2E0));
#13592=DIRECTION('',(0.E0,0.E0,-1.E0));
#13593=DIRECTION('',(1.E0,0.E0,0.E0));
#13594=AXIS2_PLACEMENT_3D('',#13591,#13592,#13593);
#13595=PLANE('',#13594);
#13596=ORIENTED_EDGE('',*,*,#13557,.F.);
#13597=ORIENTED_EDGE('',*,*,#13578,.F.);
#13598=EDGE_LOOP('',(#13596,#13597));
#13599=FACE_OUTER_BOUND('',#13598,.F.);
#13601=FILL_AREA_STYLE_COLOUR('',#6);
#13602=FILL_AREA_STYLE('',(#13601));
#13603=SURFACE_STYLE_FILL_AREA(#13602);
#13604=SURFACE_SIDE_STYLE('',(#13603));
#13605=SURFACE_STYLE_USAGE(.POSITIVE.,#13604);
#13606=PRESENTATION_STYLE_ASSIGNMENT((#13605));
#13607=STYLED_ITEM('',(#13606),#13600);
#13608=CARTESIAN_POINT('',(2.005115725638E0,6.E0,6.097484980364E0));
#13609=DIRECTION('',(0.E0,1.E0,0.E0));
#13610=DIRECTION('',(-1.E0,0.E0,0.E0));
#13611=AXIS2_PLACEMENT_3D('',#13608,#13609,#13610);
#13612=CYLINDRICAL_SURFACE('',#13611,1.480120718211E-1);
#13614=ORIENTED_EDGE('',*,*,#13613,.T.);
#13616=ORIENTED_EDGE('',*,*,#13615,.T.);
#13618=ORIENTED_EDGE('',*,*,#13617,.F.);
#13619=ORIENTED_EDGE('',*,*,#7069,.T.);
#13620=EDGE_LOOP('',(#13614,#13616,#13618,#13619));
#13621=FACE_OUTER_BOUND('',#13620,.F.);
#13623=CARTESIAN_POINT('',(2.005115725638E0,6.E0,6.097484980364E0));
#13624=DIRECTION('',(0.E0,1.E0,0.E0));
#13625=DIRECTION('',(-1.E0,0.E0,0.E0));
#13626=AXIS2_PLACEMENT_3D('',#13623,#13624,#13625);
#13627=CYLINDRICAL_SURFACE('',#13626,1.480120718211E-1);
#13628=ORIENTED_EDGE('',*,*,#13613,.F.);
#13629=ORIENTED_EDGE('',*,*,#7071,.T.);
#13630=ORIENTED_EDGE('',*,*,#13617,.T.);
#13632=ORIENTED_EDGE('',*,*,#13631,.T.);
#13633=EDGE_LOOP('',(#13628,#13629,#13630,#13632));
#13634=FACE_OUTER_BOUND('',#13633,.F.);
#13636=CARTESIAN_POINT('',(0.E0,6.01E0,0.E0));
#13637=DIRECTION('',(0.E0,1.E0,0.E0));
#13638=DIRECTION('',(-1.E0,0.E0,0.E0));
#13639=AXIS2_PLACEMENT_3D('',#13636,#13637,#13638);
#13640=PLANE('',#13639);
#13641=ORIENTED_EDGE('',*,*,#6667,.F.);
#13642=ORIENTED_EDGE('',*,*,#6685,.F.);
#13644=ORIENTED_EDGE('',*,*,#13643,.F.);
#13646=ORIENTED_EDGE('',*,*,#13645,.F.);
#13648=ORIENTED_EDGE('',*,*,#13647,.F.);
#13649=ORIENTED_EDGE('',*,*,#6651,.F.);
#13650=EDGE_LOOP('',(#13641,#13642,#13644,#13646,#13648,#13649));
#13651=FACE_OUTER_BOUND('',#13650,.F.);
#13653=FILL_AREA_STYLE_COLOUR('',#1);
#13654=FILL_AREA_STYLE('',(#13653));
#13655=SURFACE_STYLE_FILL_AREA(#13654);
#13656=SURFACE_SIDE_STYLE('',(#13655));
#13657=SURFACE_STYLE_USAGE(.POSITIVE.,#13656);
#13658=PRESENTATION_STYLE_ASSIGNMENT((#13657));
#13659=STYLED_ITEM('',(#13658),#13652);
#13660=CARTESIAN_POINT('',(0.E0,6.01E0,0.E0));
#13661=DIRECTION('',(0.E0,1.E0,0.E0));
#13662=DIRECTION('',(-1.E0,0.E0,0.E0));
#13663=AXIS2_PLACEMENT_3D('',#13660,#13661,#13662);
#13664=PLANE('',#13663);
#13666=ORIENTED_EDGE('',*,*,#13665,.F.);
#13668=ORIENTED_EDGE('',*,*,#13667,.F.);
#13670=ORIENTED_EDGE('',*,*,#13669,.F.);
#13672=ORIENTED_EDGE('',*,*,#13671,.F.);
#13673=EDGE_LOOP('',(#13666,#13668,#13670,#13672));
#13674=FACE_OUTER_BOUND('',#13673,.F.);
#13676=FILL_AREA_STYLE_COLOUR('',#1);
#13677=FILL_AREA_STYLE('',(#13676));
#13678=SURFACE_STYLE_FILL_AREA(#13677);
#13679=SURFACE_SIDE_STYLE('',(#13678));
#13680=SURFACE_STYLE_USAGE(.POSITIVE.,#13679);
#13681=PRESENTATION_STYLE_ASSIGNMENT((#13680));
#13682=STYLED_ITEM('',(#13681),#13675);
#13683=CARTESIAN_POINT('',(0.E0,6.01E0,0.E0));
#13684=DIRECTION('',(0.E0,1.E0,0.E0));
#13685=DIRECTION('',(-1.E0,0.E0,0.E0));
#13686=AXIS2_PLACEMENT_3D('',#13683,#13684,#13685);
#13687=PLANE('',#13686);
#13689=ORIENTED_EDGE('',*,*,#13688,.F.);
#13691=ORIENTED_EDGE('',*,*,#13690,.F.);
#13693=ORIENTED_EDGE('',*,*,#13692,.F.);
#13695=ORIENTED_EDGE('',*,*,#13694,.F.);
#13697=ORIENTED_EDGE('',*,*,#13696,.F.);
#13699=ORIENTED_EDGE('',*,*,#13698,.F.);
#13701=ORIENTED_EDGE('',*,*,#13700,.F.);
#13703=ORIENTED_EDGE('',*,*,#13702,.F.);
#13705=ORIENTED_EDGE('',*,*,#13704,.F.);
#13707=ORIENTED_EDGE('',*,*,#13706,.F.);
#13709=ORIENTED_EDGE('',*,*,#13708,.F.);
#13711=ORIENTED_EDGE('',*,*,#13710,.F.);
#13712=EDGE_LOOP('',(#13689,#13691,#13693,#13695,#13697,#13699,#13701,#13703,
#13705,#13707,#13709,#13711));
#13713=FACE_OUTER_BOUND('',#13712,.F.);
#13715=FILL_AREA_STYLE_COLOUR('',#1);
#13716=FILL_AREA_STYLE('',(#13715));
#13717=SURFACE_STYLE_FILL_AREA(#13716);
#13718=SURFACE_SIDE_STYLE('',(#13717));
#13719=SURFACE_STYLE_USAGE(.POSITIVE.,#13718);
#13720=PRESENTATION_STYLE_ASSIGNMENT((#13719));
#13721=STYLED_ITEM('',(#13720),#13714);
#13722=CARTESIAN_POINT('',(0.E0,6.01E0,0.E0));
#13723=DIRECTION('',(0.E0,1.E0,0.E0));
#13724=DIRECTION('',(-1.E0,0.E0,0.E0));
#13725=AXIS2_PLACEMENT_3D('',#13722,#13723,#13724);
#13726=PLANE('',#13725);
#13728=ORIENTED_EDGE('',*,*,#13727,.F.);
#13730=ORIENTED_EDGE('',*,*,#13729,.F.);
#13732=ORIENTED_EDGE('',*,*,#13731,.F.);
#13734=ORIENTED_EDGE('',*,*,#13733,.F.);
#13735=EDGE_LOOP('',(#13728,#13730,#13732,#13734));
#13736=FACE_OUTER_BOUND('',#13735,.F.);
#13738=ORIENTED_EDGE('',*,*,#13737,.F.);
#13740=ORIENTED_EDGE('',*,*,#13739,.F.);
#13742=ORIENTED_EDGE('',*,*,#13741,.F.);
#13744=ORIENTED_EDGE('',*,*,#13743,.F.);
#13745=EDGE_LOOP('',(#13738,#13740,#13742,#13744));
#13746=FACE_BOUND('',#13745,.F.);
#13748=FILL_AREA_STYLE_COLOUR('',#1);
#13749=FILL_AREA_STYLE('',(#13748));
#13750=SURFACE_STYLE_FILL_AREA(#13749);
#13751=SURFACE_SIDE_STYLE('',(#13750));
#13752=SURFACE_STYLE_USAGE(.POSITIVE.,#13751);
#13753=PRESENTATION_STYLE_ASSIGNMENT((#13752));
#13754=STYLED_ITEM('',(#13753),#13747);
#13755=CARTESIAN_POINT('',(0.E0,6.01E0,0.E0));
#13756=DIRECTION('',(0.E0,1.E0,0.E0));
#13757=DIRECTION('',(-1.E0,0.E0,0.E0));
#13758=AXIS2_PLACEMENT_3D('',#13755,#13756,#13757);
#13759=PLANE('',#13758);
#13761=ORIENTED_EDGE('',*,*,#13760,.F.);
#13763=ORIENTED_EDGE('',*,*,#13762,.F.);
#13765=ORIENTED_EDGE('',*,*,#13764,.F.);
#13767=ORIENTED_EDGE('',*,*,#13766,.F.);
#13769=ORIENTED_EDGE('',*,*,#13768,.F.);
#13771=ORIENTED_EDGE('',*,*,#13770,.F.);
#13773=ORIENTED_EDGE('',*,*,#13772,.F.);
#13775=ORIENTED_EDGE('',*,*,#13774,.F.);
#13776=EDGE_LOOP('',(#13761,#13763,#13765,#13767,#13769,#13771,#13773,#13775));
#13777=FACE_OUTER_BOUND('',#13776,.F.);
#13779=ORIENTED_EDGE('',*,*,#13778,.F.);
#13781=ORIENTED_EDGE('',*,*,#13780,.F.);
#13783=ORIENTED_EDGE('',*,*,#13782,.F.);
#13785=ORIENTED_EDGE('',*,*,#13784,.F.);
#13787=ORIENTED_EDGE('',*,*,#13786,.F.);
#13788=EDGE_LOOP('',(#13779,#13781,#13783,#13785,#13787));
#13789=FACE_BOUND('',#13788,.F.);
#13791=FILL_AREA_STYLE_COLOUR('',#1);
#13792=FILL_AREA_STYLE('',(#13791));
#13793=SURFACE_STYLE_FILL_AREA(#13792);
#13794=SURFACE_SIDE_STYLE('',(#13793));
#13795=SURFACE_STYLE_USAGE(.POSITIVE.,#13794);
#13796=PRESENTATION_STYLE_ASSIGNMENT((#13795));
#13797=STYLED_ITEM('',(#13796),#13790);
#13798=CARTESIAN_POINT('',(0.E0,6.01E0,0.E0));
#13799=DIRECTION('',(0.E0,1.E0,0.E0));
#13800=DIRECTION('',(-1.E0,0.E0,0.E0));
#13801=AXIS2_PLACEMENT_3D('',#13798,#13799,#13800);
#13802=PLANE('',#13801);
#13804=ORIENTED_EDGE('',*,*,#13803,.F.);
#13806=ORIENTED_EDGE('',*,*,#13805,.F.);
#13808=ORIENTED_EDGE('',*,*,#13807,.F.);
#13810=ORIENTED_EDGE('',*,*,#13809,.F.);
#13812=ORIENTED_EDGE('',*,*,#13811,.F.);
#13814=ORIENTED_EDGE('',*,*,#13813,.F.);
#13816=ORIENTED_EDGE('',*,*,#13815,.F.);
#13818=ORIENTED_EDGE('',*,*,#13817,.F.);
#13820=ORIENTED_EDGE('',*,*,#13819,.F.);
#13822=ORIENTED_EDGE('',*,*,#13821,.F.);
#13824=ORIENTED_EDGE('',*,*,#13823,.F.);
#13826=ORIENTED_EDGE('',*,*,#13825,.F.);
#13827=EDGE_LOOP('',(#13804,#13806,#13808,#13810,#13812,#13814,#13816,#13818,
#13820,#13822,#13824,#13826));
#13828=FACE_OUTER_BOUND('',#13827,.F.);
#13830=FILL_AREA_STYLE_COLOUR('',#1);
#13831=FILL_AREA_STYLE('',(#13830));
#13832=SURFACE_STYLE_FILL_AREA(#13831);
#13833=SURFACE_SIDE_STYLE('',(#13832));
#13834=SURFACE_STYLE_USAGE(.POSITIVE.,#13833);
#13835=PRESENTATION_STYLE_ASSIGNMENT((#13834));
#13836=STYLED_ITEM('',(#13835),#13829);
#13837=CARTESIAN_POINT('',(0.E0,6.01E0,0.E0));
#13838=DIRECTION('',(0.E0,1.E0,0.E0));
#13839=DIRECTION('',(-1.E0,0.E0,0.E0));
#13840=AXIS2_PLACEMENT_3D('',#13837,#13838,#13839);
#13841=PLANE('',#13840);
#13843=ORIENTED_EDGE('',*,*,#13842,.F.);
#13845=ORIENTED_EDGE('',*,*,#13844,.F.);
#13847=ORIENTED_EDGE('',*,*,#13846,.F.);
#13849=ORIENTED_EDGE('',*,*,#13848,.F.);
#13851=ORIENTED_EDGE('',*,*,#13850,.F.);
#13853=ORIENTED_EDGE('',*,*,#13852,.F.);
#13855=ORIENTED_EDGE('',*,*,#13854,.F.);
#13857=ORIENTED_EDGE('',*,*,#13856,.F.);
#13858=EDGE_LOOP('',(#13843,#13845,#13847,#13849,#13851,#13853,#13855,#13857));
#13859=FACE_OUTER_BOUND('',#13858,.F.);
#13861=ORIENTED_EDGE('',*,*,#13860,.F.);
#13863=ORIENTED_EDGE('',*,*,#13862,.F.);
#13865=ORIENTED_EDGE('',*,*,#13864,.F.);
#13866=EDGE_LOOP('',(#13861,#13863,#13865));
#13867=FACE_BOUND('',#13866,.F.);
#13869=FILL_AREA_STYLE_COLOUR('',#1);
#13870=FILL_AREA_STYLE('',(#13869));
#13871=SURFACE_STYLE_FILL_AREA(#13870);
#13872=SURFACE_SIDE_STYLE('',(#13871));
#13873=SURFACE_STYLE_USAGE(.POSITIVE.,#13872);
#13874=PRESENTATION_STYLE_ASSIGNMENT((#13873));
#13875=STYLED_ITEM('',(#13874),#13868);
#13876=CARTESIAN_POINT('',(0.E0,6.01E0,0.E0));
#13877=DIRECTION('',(0.E0,1.E0,0.E0));
#13878=DIRECTION('',(-1.E0,0.E0,0.E0));
#13879=AXIS2_PLACEMENT_3D('',#13876,#13877,#13878);
#13880=PLANE('',#13879);
#13882=ORIENTED_EDGE('',*,*,#13881,.F.);
#13884=ORIENTED_EDGE('',*,*,#13883,.F.);
#13886=ORIENTED_EDGE('',*,*,#13885,.F.);
#13888=ORIENTED_EDGE('',*,*,#13887,.F.);
#13889=EDGE_LOOP('',(#13882,#13884,#13886,#13888));
#13890=FACE_OUTER_BOUND('',#13889,.F.);
#13892=FILL_AREA_STYLE_COLOUR('',#1);
#13893=FILL_AREA_STYLE('',(#13892));
#13894=SURFACE_STYLE_FILL_AREA(#13893);
#13895=SURFACE_SIDE_STYLE('',(#13894));
#13896=SURFACE_STYLE_USAGE(.POSITIVE.,#13895);
#13897=PRESENTATION_STYLE_ASSIGNMENT((#13896));
#13898=STYLED_ITEM('',(#13897),#13891);
#13899=CARTESIAN_POINT('',(0.E0,6.01E0,0.E0));
#13900=DIRECTION('',(0.E0,1.E0,0.E0));
#13901=DIRECTION('',(-1.E0,0.E0,0.E0));
#13902=AXIS2_PLACEMENT_3D('',#13899,#13900,#13901);
#13903=PLANE('',#13902);
#13905=ORIENTED_EDGE('',*,*,#13904,.F.);
#13907=ORIENTED_EDGE('',*,*,#13906,.F.);
#13909=ORIENTED_EDGE('',*,*,#13908,.F.);
#13911=ORIENTED_EDGE('',*,*,#13910,.F.);
#13913=ORIENTED_EDGE('',*,*,#13912,.F.);
#13915=ORIENTED_EDGE('',*,*,#13914,.F.);
#13917=ORIENTED_EDGE('',*,*,#13916,.F.);
#13919=ORIENTED_EDGE('',*,*,#13918,.F.);
#13921=ORIENTED_EDGE('',*,*,#13920,.F.);
#13923=ORIENTED_EDGE('',*,*,#13922,.F.);
#13925=ORIENTED_EDGE('',*,*,#13924,.F.);
#13927=ORIENTED_EDGE('',*,*,#13926,.F.);
#13928=EDGE_LOOP('',(#13905,#13907,#13909,#13911,#13913,#13915,#13917,#13919,
#13921,#13923,#13925,#13927));
#13929=FACE_OUTER_BOUND('',#13928,.F.);
#13931=FILL_AREA_STYLE_COLOUR('',#1);
#13932=FILL_AREA_STYLE('',(#13931));
#13933=SURFACE_STYLE_FILL_AREA(#13932);
#13934=SURFACE_SIDE_STYLE('',(#13933));
#13935=SURFACE_STYLE_USAGE(.POSITIVE.,#13934);
#13936=PRESENTATION_STYLE_ASSIGNMENT((#13935));
#13937=STYLED_ITEM('',(#13936),#13930);
#13938=CARTESIAN_POINT('',(0.E0,6.01E0,0.E0));
#13939=DIRECTION('',(0.E0,1.E0,0.E0));
#13940=DIRECTION('',(-1.E0,0.E0,0.E0));
#13941=AXIS2_PLACEMENT_3D('',#13938,#13939,#13940);
#13942=PLANE('',#13941);
#13944=ORIENTED_EDGE('',*,*,#13943,.F.);
#13946=ORIENTED_EDGE('',*,*,#13945,.F.);
#13948=ORIENTED_EDGE('',*,*,#13947,.F.);
#13950=ORIENTED_EDGE('',*,*,#13949,.F.);
#13952=ORIENTED_EDGE('',*,*,#13951,.F.);
#13954=ORIENTED_EDGE('',*,*,#13953,.F.);
#13956=ORIENTED_EDGE('',*,*,#13955,.F.);
#13958=ORIENTED_EDGE('',*,*,#13957,.F.);
#13960=ORIENTED_EDGE('',*,*,#13959,.F.);
#13962=ORIENTED_EDGE('',*,*,#13961,.F.);
#13964=ORIENTED_EDGE('',*,*,#13963,.F.);
#13966=ORIENTED_EDGE('',*,*,#13965,.F.);
#13967=EDGE_LOOP('',(#13944,#13946,#13948,#13950,#13952,#13954,#13956,#13958,
#13960,#13962,#13964,#13966));
#13968=FACE_OUTER_BOUND('',#13967,.F.);
#13970=FILL_AREA_STYLE_COLOUR('',#1);
#13971=FILL_AREA_STYLE('',(#13970));
#13972=SURFACE_STYLE_FILL_AREA(#13971);
#13973=SURFACE_SIDE_STYLE('',(#13972));
#13974=SURFACE_STYLE_USAGE(.POSITIVE.,#13973);
#13975=PRESENTATION_STYLE_ASSIGNMENT((#13974));
#13976=STYLED_ITEM('',(#13975),#13969);
#13977=CARTESIAN_POINT('',(0.E0,6.01E0,0.E0));
#13978=DIRECTION('',(0.E0,1.E0,0.E0));
#13979=DIRECTION('',(-1.E0,0.E0,0.E0));
#13980=AXIS2_PLACEMENT_3D('',#13977,#13978,#13979);
#13981=PLANE('',#13980);
#13983=ORIENTED_EDGE('',*,*,#13982,.F.);
#13985=ORIENTED_EDGE('',*,*,#13984,.F.);
#13987=ORIENTED_EDGE('',*,*,#13986,.F.);
#13989=ORIENTED_EDGE('',*,*,#13988,.F.);
#13990=EDGE_LOOP('',(#13983,#13985,#13987,#13989));
#13991=FACE_OUTER_BOUND('',#13990,.F.);
#13993=ORIENTED_EDGE('',*,*,#13992,.F.);
#13995=ORIENTED_EDGE('',*,*,#13994,.F.);
#13997=ORIENTED_EDGE('',*,*,#13996,.F.);
#13999=ORIENTED_EDGE('',*,*,#13998,.F.);
#14000=EDGE_LOOP('',(#13993,#13995,#13997,#13999));
#14001=FACE_BOUND('',#14000,.F.);
#14003=FILL_AREA_STYLE_COLOUR('',#1);
#14004=FILL_AREA_STYLE('',(#14003));
#14005=SURFACE_STYLE_FILL_AREA(#14004);
#14006=SURFACE_SIDE_STYLE('',(#14005));
#14007=SURFACE_STYLE_USAGE(.POSITIVE.,#14006);
#14008=PRESENTATION_STYLE_ASSIGNMENT((#14007));
#14009=STYLED_ITEM('',(#14008),#14002);
#14010=CARTESIAN_POINT('',(0.E0,6.01E0,0.E0));
#14011=DIRECTION('',(0.E0,1.E0,0.E0));
#14012=DIRECTION('',(-1.E0,0.E0,0.E0));
#14013=AXIS2_PLACEMENT_3D('',#14010,#14011,#14012);
#14014=PLANE('',#14013);
#14016=ORIENTED_EDGE('',*,*,#14015,.F.);
#14018=ORIENTED_EDGE('',*,*,#14017,.F.);
#14020=ORIENTED_EDGE('',*,*,#14019,.F.);
#14022=ORIENTED_EDGE('',*,*,#14021,.F.);
#14024=ORIENTED_EDGE('',*,*,#14023,.F.);
#14026=ORIENTED_EDGE('',*,*,#14025,.F.);
#14028=ORIENTED_EDGE('',*,*,#14027,.F.);
#14030=ORIENTED_EDGE('',*,*,#14029,.F.);
#14031=EDGE_LOOP('',(#14016,#14018,#14020,#14022,#14024,#14026,#14028,#14030));
#14032=FACE_OUTER_BOUND('',#14031,.F.);
#14034=ORIENTED_EDGE('',*,*,#14033,.F.);
#14036=ORIENTED_EDGE('',*,*,#14035,.F.);
#14038=ORIENTED_EDGE('',*,*,#14037,.F.);
#14040=ORIENTED_EDGE('',*,*,#14039,.F.);
#14042=ORIENTED_EDGE('',*,*,#14041,.F.);
#14043=EDGE_LOOP('',(#14034,#14036,#14038,#14040,#14042));
#14044=FACE_BOUND('',#14043,.F.);
#14046=FILL_AREA_STYLE_COLOUR('',#1);
#14047=FILL_AREA_STYLE('',(#14046));
#14048=SURFACE_STYLE_FILL_AREA(#14047);
#14049=SURFACE_SIDE_STYLE('',(#14048));
#14050=SURFACE_STYLE_USAGE(.POSITIVE.,#14049);
#14051=PRESENTATION_STYLE_ASSIGNMENT((#14050));
#14052=STYLED_ITEM('',(#14051),#14045);
#14053=CARTESIAN_POINT('',(0.E0,6.01E0,0.E0));
#14054=DIRECTION('',(0.E0,1.E0,0.E0));
#14055=DIRECTION('',(-1.E0,0.E0,0.E0));
#14056=AXIS2_PLACEMENT_3D('',#14053,#14054,#14055);
#14057=PLANE('',#14056);
#14059=ORIENTED_EDGE('',*,*,#14058,.F.);
#14061=ORIENTED_EDGE('',*,*,#14060,.F.);
#14063=ORIENTED_EDGE('',*,*,#14062,.F.);
#14065=ORIENTED_EDGE('',*,*,#14064,.F.);
#14067=ORIENTED_EDGE('',*,*,#14066,.F.);
#14069=ORIENTED_EDGE('',*,*,#14068,.F.);
#14071=ORIENTED_EDGE('',*,*,#14070,.F.);
#14073=ORIENTED_EDGE('',*,*,#14072,.F.);
#14075=ORIENTED_EDGE('',*,*,#14074,.F.);
#14077=ORIENTED_EDGE('',*,*,#14076,.F.);
#14079=ORIENTED_EDGE('',*,*,#14078,.F.);
#14081=ORIENTED_EDGE('',*,*,#14080,.F.);
#14083=ORIENTED_EDGE('',*,*,#14082,.F.);
#14085=ORIENTED_EDGE('',*,*,#14084,.F.);
#14087=ORIENTED_EDGE('',*,*,#14086,.F.);
#14089=ORIENTED_EDGE('',*,*,#14088,.F.);
#14090=EDGE_LOOP('',(#14059,#14061,#14063,#14065,#14067,#14069,#14071,#14073,
#14075,#14077,#14079,#14081,#14083,#14085,#14087,#14089));
#14091=FACE_OUTER_BOUND('',#14090,.F.);
#14092=ORIENTED_EDGE('',*,*,#13615,.F.);
#14093=ORIENTED_EDGE('',*,*,#13631,.F.);
#14094=EDGE_LOOP('',(#14092,#14093));
#14095=FACE_BOUND('',#14094,.F.);
#14097=FILL_AREA_STYLE_COLOUR('',#1);
#14098=FILL_AREA_STYLE('',(#14097));
#14099=SURFACE_STYLE_FILL_AREA(#14098);
#14100=SURFACE_SIDE_STYLE('',(#14099));
#14101=SURFACE_STYLE_USAGE(.POSITIVE.,#14100);
#14102=PRESENTATION_STYLE_ASSIGNMENT((#14101));
#14103=STYLED_ITEM('',(#14102),#14096);
#14104=CARTESIAN_POINT('',(-3.361284426366E-2,6.E0,7.354686149985E0));
#14105=DIRECTION('',(1.E0,0.E0,0.E0));
#14106=DIRECTION('',(0.E0,0.E0,-1.E0));
#14107=AXIS2_PLACEMENT_3D('',#14104,#14105,#14106);
#14108=PLANE('',#14107);
#14110=ORIENTED_EDGE('',*,*,#14109,.T.);
#14111=ORIENTED_EDGE('',*,*,#13643,.T.);
#14112=ORIENTED_EDGE('',*,*,#6683,.F.);
#14113=ORIENTED_EDGE('',*,*,#6819,.F.);
#14114=EDGE_LOOP('',(#14110,#14111,#14112,#14113));
#14115=FACE_OUTER_BOUND('',#14114,.F.);
#14117=CARTESIAN_POINT('',(-1.025195749922E-1,6.E0,7.354686149985E0));
#14118=DIRECTION('',(0.E0,0.E0,1.E0));
#14119=DIRECTION('',(1.E0,0.E0,0.E0));
#14120=AXIS2_PLACEMENT_3D('',#14117,#14118,#14119);
#14121=PLANE('',#14120);
#14123=ORIENTED_EDGE('',*,*,#14122,.T.);
#14124=ORIENTED_EDGE('',*,*,#13645,.T.);
#14125=ORIENTED_EDGE('',*,*,#14109,.F.);
#14126=ORIENTED_EDGE('',*,*,#6817,.F.);
#14127=EDGE_LOOP('',(#14123,#14124,#14125,#14126));
#14128=FACE_OUTER_BOUND('',#14127,.F.);
#14130=CARTESIAN_POINT('',(-1.025195749922E-1,6.E0,6.881754013934E0));
#14131=DIRECTION('',(-1.E0,0.E0,0.E0));
#14132=DIRECTION('',(0.E0,0.E0,1.E0));
#14133=AXIS2_PLACEMENT_3D('',#14130,#14131,#14132);
#14134=PLANE('',#14133);
#14135=ORIENTED_EDGE('',*,*,#6653,.T.);
#14136=ORIENTED_EDGE('',*,*,#13647,.T.);
#14137=ORIENTED_EDGE('',*,*,#14122,.F.);
#14138=ORIENTED_EDGE('',*,*,#6815,.F.);
#14139=EDGE_LOOP('',(#14135,#14136,#14137,#14138));
#14140=FACE_OUTER_BOUND('',#14139,.F.);
#14142=CARTESIAN_POINT('',(-7.365979466708E-1,6.E0,6.936267155185E0));
#14143=CARTESIAN_POINT('',(-7.365979466708E-1,6.E0,6.927192706217E0));
#14144=CARTESIAN_POINT('',(-7.365979466708E-1,6.E0,6.896104489809E0));
#14145=CARTESIAN_POINT('',(-7.365979466708E-1,6.E0,6.855941824432E0));
#14146=CARTESIAN_POINT('',(-7.365979466708E-1,6.E0,6.824853608024E0));
#14147=CARTESIAN_POINT('',(-7.365979466708E-1,6.E0,6.815779159056E0));
#14149=DIRECTION('',(0.E0,1.E0,0.E0));
#14150=VECTOR('',#14149,1.E0);
#14151=SURFACE_OF_LINEAR_EXTRUSION('',#14148,#14150);
#14153=ORIENTED_EDGE('',*,*,#14152,.T.);
#14154=ORIENTED_EDGE('',*,*,#13665,.T.);
#14156=ORIENTED_EDGE('',*,*,#14155,.F.);
#14157=ORIENTED_EDGE('',*,*,#6824,.F.);
#14158=EDGE_LOOP('',(#14153,#14154,#14156,#14157));
#14159=FACE_OUTER_BOUND('',#14158,.F.);
#14161=CARTESIAN_POINT('',(-7.487005824001E-1,6.E0,6.849827956319E0));
#14162=CARTESIAN_POINT('',(-7.447253285400E-1,6.E0,6.847436764347E0));
#14163=CARTESIAN_POINT('',(-6.967811443139E-1,6.E0,6.820412573260E0));
#14164=CARTESIAN_POINT('',(-5.740922572452E-1,6.E0,6.796776620238E0));
#14165=CARTESIAN_POINT('',(-3.786721989544E-1,6.E0,6.862853181163E0));
#14166=CARTESIAN_POINT('',(-3.138486200823E-1,6.E0,7.083986066970E0));
#14167=CARTESIAN_POINT('',(-3.859855774766E-1,6.E0,7.307287276307E0));
#14168=CARTESIAN_POINT('',(-5.828196904953E-1,6.E0,7.376472321302E0));
#14169=CARTESIAN_POINT('',(-7.020455688490E-1,6.E0,7.358188822995E0));
#14170=CARTESIAN_POINT('',(-7.450545376043E-1,6.E0,7.338043328691E0));
#14171=CARTESIAN_POINT('',(-7.492072474481E-1,6.E0,7.335949269584E0));
#14173=DIRECTION('',(0.E0,1.E0,0.E0));
#14174=VECTOR('',#14173,1.E0);
#14175=SURFACE_OF_LINEAR_EXTRUSION('',#14172,#14174);
#14176=ORIENTED_EDGE('',*,*,#14152,.F.);
#14177=ORIENTED_EDGE('',*,*,#6830,.T.);
#14179=ORIENTED_EDGE('',*,*,#14178,.T.);
#14180=ORIENTED_EDGE('',*,*,#13667,.T.);
#14181=EDGE_LOOP('',(#14176,#14177,#14179,#14180));
#14182=FACE_OUTER_BOUND('',#14181,.F.);
#14184=CARTESIAN_POINT('',(-7.365979466708E-1,6.E0,7.369083293545E0));
#14185=CARTESIAN_POINT('',(-7.365979466708E-1,6.E0,7.360008844577E0));
#14186=CARTESIAN_POINT('',(-7.365979466708E-1,6.E0,7.326919376584E0));
#14187=CARTESIAN_POINT('',(-7.365979466708E-1,6.E0,7.284755459622E0));
#14188=CARTESIAN_POINT('',(-7.365979466708E-1,6.E0,7.251665991628E0));
#14189=CARTESIAN_POINT('',(-7.365979466708E-1,6.E0,7.242591542660E0));
#14191=DIRECTION('',(0.E0,1.E0,0.E0));
#14192=VECTOR('',#14191,1.E0);
#14193=SURFACE_OF_LINEAR_EXTRUSION('',#14190,#14192);
#14195=ORIENTED_EDGE('',*,*,#14194,.T.);
#14196=ORIENTED_EDGE('',*,*,#13669,.T.);
#14197=ORIENTED_EDGE('',*,*,#14178,.F.);
#14198=ORIENTED_EDGE('',*,*,#6828,.F.);
#14199=EDGE_LOOP('',(#14195,#14196,#14197,#14198));
#14200=FACE_OUTER_BOUND('',#14199,.F.);
#14202=CARTESIAN_POINT('',(-7.485499778191E-1,6.E0,7.262727706470E0));
#14203=CARTESIAN_POINT('',(-7.446360672701E-1,6.E0,7.265193322036E0));
#14204=CARTESIAN_POINT('',(-7.034916837239E-1,6.E0,7.289594629582E0));
#14205=CARTESIAN_POINT('',(-6.026042145516E-1,6.E0,7.316960788315E0));
#14206=CARTESIAN_POINT('',(-4.417374078661E-1,6.E0,7.257322345542E0));
#14207=CARTESIAN_POINT('',(-3.930905570889E-1,6.E0,7.085140076199E0));
#14208=CARTESIAN_POINT('',(-4.389757121638E-1,6.E0,6.914993699933E0));
#14209=CARTESIAN_POINT('',(-5.977275326750E-1,6.E0,6.857366525479E0));
#14210=CARTESIAN_POINT('',(-7.007507577250E-1,6.E0,6.885667320722E0));
#14211=CARTESIAN_POINT('',(-7.444313227828E-1,6.E0,6.913962382061E0));
#14212=CARTESIAN_POINT('',(-7.482329639852E-1,6.E0,6.916581018673E0));
#14214=DIRECTION('',(0.E0,1.E0,0.E0));
#14215=VECTOR('',#14214,1.E0);
#14216=SURFACE_OF_LINEAR_EXTRUSION('',#14213,#14215);
#14217=ORIENTED_EDGE('',*,*,#14155,.T.);
#14218=ORIENTED_EDGE('',*,*,#13671,.T.);
#14219=ORIENTED_EDGE('',*,*,#14194,.F.);
#14220=ORIENTED_EDGE('',*,*,#6826,.T.);
#14221=EDGE_LOOP('',(#14217,#14218,#14219,#14220));
#14222=FACE_OUTER_BOUND('',#14221,.F.);
#14224=CARTESIAN_POINT('',(-1.130526128085E0,6.E0,6.820897772536E0));
#14225=DIRECTION('',(-1.E0,0.E0,0.E0));
#14226=DIRECTION('',(0.E0,0.E0,1.E0));
#14227=AXIS2_PLACEMENT_3D('',#14224,#14225,#14226);
#14228=PLANE('',#14227);
#14230=ORIENTED_EDGE('',*,*,#14229,.T.);
#14231=ORIENTED_EDGE('',*,*,#13688,.T.);
#14233=ORIENTED_EDGE('',*,*,#14232,.F.);
#14234=ORIENTED_EDGE('',*,*,#6834,.F.);
#14235=EDGE_LOOP('',(#14230,#14231,#14233,#14234));
#14236=FACE_OUTER_BOUND('',#14235,.F.);
#14238=CARTESIAN_POINT('',(-8.434374915437E-1,6.E0,6.820897772536E0));
#14239=DIRECTION('',(0.E0,0.E0,-1.E0));
#14240=DIRECTION('',(-1.E0,0.E0,0.E0));
#14241=AXIS2_PLACEMENT_3D('',#14238,#14239,#14240);
#14242=PLANE('',#14241);
#14243=ORIENTED_EDGE('',*,*,#14229,.F.);
#14244=ORIENTED_EDGE('',*,*,#6856,.F.);
#14246=ORIENTED_EDGE('',*,*,#14245,.T.);
#14247=ORIENTED_EDGE('',*,*,#13690,.T.);
#14248=EDGE_LOOP('',(#14243,#14244,#14246,#14247));
#14249=FACE_OUTER_BOUND('',#14248,.F.);
#14251=CARTESIAN_POINT('',(-8.434374915437E-1,6.E0,7.354686149985E0));
#14252=DIRECTION('',(1.E0,0.E0,0.E0));
#14253=DIRECTION('',(0.E0,0.E0,-1.E0));
#14254=AXIS2_PLACEMENT_3D('',#14251,#14252,#14253);
#14255=PLANE('',#14254);
#14257=ORIENTED_EDGE('',*,*,#14256,.T.);
#14258=ORIENTED_EDGE('',*,*,#13692,.T.);
#14259=ORIENTED_EDGE('',*,*,#14245,.F.);
#14260=ORIENTED_EDGE('',*,*,#6854,.F.);
#14261=EDGE_LOOP('',(#14257,#14258,#14259,#14260));
#14262=FACE_OUTER_BOUND('',#14261,.F.);
#14264=CARTESIAN_POINT('',(-1.118382169598E0,6.E0,7.354686149985E0));
#14265=DIRECTION('',(0.E0,0.E0,1.E0));
#14266=DIRECTION('',(1.E0,0.E0,0.E0));
#14267=AXIS2_PLACEMENT_3D('',#14264,#14265,#14266);
#14268=PLANE('',#14267);
#14270=ORIENTED_EDGE('',*,*,#14269,.T.);
#14271=ORIENTED_EDGE('',*,*,#13694,.T.);
#14272=ORIENTED_EDGE('',*,*,#14256,.F.);
#14273=ORIENTED_EDGE('',*,*,#6852,.F.);
#14274=EDGE_LOOP('',(#14270,#14271,#14272,#14273));
#14275=FACE_OUTER_BOUND('',#14274,.F.);
#14277=CARTESIAN_POINT('',(-1.118382169598E0,6.E0,7.293284112703E0));
#14278=DIRECTION('',(-1.E0,0.E0,0.E0));
#14279=DIRECTION('',(0.E0,0.E0,1.E0));
#14280=AXIS2_PLACEMENT_3D('',#14277,#14278,#14279);
#14281=PLANE('',#14280);
#14283=ORIENTED_EDGE('',*,*,#14282,.T.);
#14284=ORIENTED_EDGE('',*,*,#13696,.T.);
#14285=ORIENTED_EDGE('',*,*,#14269,.F.);
#14286=ORIENTED_EDGE('',*,*,#6850,.F.);
#14287=EDGE_LOOP('',(#14283,#14284,#14285,#14286));
#14288=FACE_OUTER_BOUND('',#14287,.F.);
#14290=CARTESIAN_POINT('',(-9.123442222722E-1,6.E0,7.293284112703E0));
#14291=DIRECTION('',(0.E0,0.E0,-1.E0));
#14292=DIRECTION('',(-1.E0,0.E0,0.E0));
#14293=AXIS2_PLACEMENT_3D('',#14290,#14291,#14292);
#14294=PLANE('',#14293);
#14296=ORIENTED_EDGE('',*,*,#14295,.T.);
#14297=ORIENTED_EDGE('',*,*,#13698,.T.);
#14298=ORIENTED_EDGE('',*,*,#14282,.F.);
#14299=ORIENTED_EDGE('',*,*,#6848,.F.);
#14300=EDGE_LOOP('',(#14296,#14297,#14298,#14299));
#14301=FACE_OUTER_BOUND('',#14300,.F.);
#14303=CARTESIAN_POINT('',(-9.123442222722E-1,6.E0,7.122450000082E0));
#14304=DIRECTION('',(-1.E0,0.E0,0.E0));
#14305=DIRECTION('',(0.E0,0.E0,1.E0));
#14306=AXIS2_PLACEMENT_3D('',#14303,#14304,#14305);
#14307=PLANE('',#14306);
#14309=ORIENTED_EDGE('',*,*,#14308,.T.);
#14310=ORIENTED_EDGE('',*,*,#13700,.T.);
#14311=ORIENTED_EDGE('',*,*,#14295,.F.);
#14312=ORIENTED_EDGE('',*,*,#6846,.F.);
#14313=EDGE_LOOP('',(#14309,#14310,#14311,#14312));
#14314=FACE_OUTER_BOUND('',#14313,.F.);
#14316=CARTESIAN_POINT('',(-1.103236333735E0,6.E0,7.122450000082E0));
#14317=DIRECTION('',(0.E0,0.E0,1.E0));
#14318=DIRECTION('',(1.E0,0.E0,0.E0));
#14319=AXIS2_PLACEMENT_3D('',#14316,#14317,#14318);
#14320=PLANE('',#14319);
#14322=ORIENTED_EDGE('',*,*,#14321,.T.);
#14323=ORIENTED_EDGE('',*,*,#13702,.T.);
#14324=ORIENTED_EDGE('',*,*,#14308,.F.);
#14325=ORIENTED_EDGE('',*,*,#6844,.F.);
#14326=EDGE_LOOP('',(#14322,#14323,#14324,#14325));
#14327=FACE_OUTER_BOUND('',#14326,.F.);
#14329=CARTESIAN_POINT('',(-1.103236333735E0,6.E0,7.061320860742E0));
#14330=DIRECTION('',(-1.E0,0.E0,0.E0));
#14331=DIRECTION('',(0.E0,0.E0,1.E0));
#14332=AXIS2_PLACEMENT_3D('',#14329,#14330,#14331);
#14333=PLANE('',#14332);
#14335=ORIENTED_EDGE('',*,*,#14334,.T.);
#14336=ORIENTED_EDGE('',*,*,#13704,.T.);
#14337=ORIENTED_EDGE('',*,*,#14321,.F.);
#14338=ORIENTED_EDGE('',*,*,#6842,.F.);
#14339=EDGE_LOOP('',(#14335,#14336,#14337,#14338));
#14340=FACE_OUTER_BOUND('',#14339,.F.);
#14342=CARTESIAN_POINT('',(-9.123442222722E-1,6.E0,7.061320860742E0));
#14343=DIRECTION('',(0.E0,0.E0,-1.E0));
#14344=DIRECTION('',(-1.E0,0.E0,0.E0));
#14345=AXIS2_PLACEMENT_3D('',#14342,#14343,#14344);
#14346=PLANE('',#14345);
#14348=ORIENTED_EDGE('',*,*,#14347,.T.);
#14349=ORIENTED_EDGE('',*,*,#13706,.T.);
#14350=ORIENTED_EDGE('',*,*,#14334,.F.);
#14351=ORIENTED_EDGE('',*,*,#6840,.F.);
#14352=EDGE_LOOP('',(#14348,#14349,#14350,#14351));
#14353=FACE_OUTER_BOUND('',#14352,.F.);
#14355=CARTESIAN_POINT('',(-9.123442222722E-1,6.E0,6.881754013934E0));
#14356=DIRECTION('',(-1.E0,0.E0,0.E0));
#14357=DIRECTION('',(0.E0,0.E0,1.E0));
#14358=AXIS2_PLACEMENT_3D('',#14355,#14356,#14357);
#14359=PLANE('',#14358);
#14361=ORIENTED_EDGE('',*,*,#14360,.T.);
#14362=ORIENTED_EDGE('',*,*,#13708,.T.);
#14363=ORIENTED_EDGE('',*,*,#14347,.F.);
#14364=ORIENTED_EDGE('',*,*,#6838,.F.);
#14365=EDGE_LOOP('',(#14361,#14362,#14363,#14364));
#14366=FACE_OUTER_BOUND('',#14365,.F.);
#14368=CARTESIAN_POINT('',(-1.130526128085E0,6.E0,6.881754013934E0));
#14369=DIRECTION('',(0.E0,0.E0,1.E0));
#14370=DIRECTION('',(1.E0,0.E0,0.E0));
#14371=AXIS2_PLACEMENT_3D('',#14368,#14369,#14370);
#14372=PLANE('',#14371);
#14373=ORIENTED_EDGE('',*,*,#14232,.T.);
#14374=ORIENTED_EDGE('',*,*,#13710,.T.);
#14375=ORIENTED_EDGE('',*,*,#14360,.F.);
#14376=ORIENTED_EDGE('',*,*,#6836,.F.);
#14377=EDGE_LOOP('',(#14373,#14374,#14375,#14376));
#14378=FACE_OUTER_BOUND('',#14377,.F.);
#14380=CARTESIAN_POINT('',(-1.408133338128E0,6.E0,7.293284112703E0));
#14381=CARTESIAN_POINT('',(-1.399058889160E0,6.E0,7.293284112703E0));
#14382=CARTESIAN_POINT('',(-1.363103992760E0,6.E0,7.293284112703E0));
#14383=CARTESIAN_POINT('',(-1.318074647393E0,6.E0,7.293284112703E0));
#14384=CARTESIAN_POINT('',(-1.282119750993E0,6.E0,7.293284112703E0));
#14385=CARTESIAN_POINT('',(-1.273045302025E0,6.E0,7.293284112703E0));
#14387=DIRECTION('',(0.E0,1.E0,0.E0));
#14388=VECTOR('',#14387,1.E0);
#14389=SURFACE_OF_LINEAR_EXTRUSION('',#14386,#14388);
#14391=ORIENTED_EDGE('',*,*,#14390,.T.);
#14392=ORIENTED_EDGE('',*,*,#13737,.T.);
#14394=ORIENTED_EDGE('',*,*,#14393,.F.);
#14395=ORIENTED_EDGE('',*,*,#7088,.F.);
#14396=EDGE_LOOP('',(#14391,#14392,#14394,#14395));
#14397=FACE_OUTER_BOUND('',#14396,.F.);
#14399=CARTESIAN_POINT('',(-1.300268648929E0,6.E0,7.320507459607E0));
#14400=CARTESIAN_POINT('',(-1.300268648929E0,6.E0,7.311433010639E0));
#14401=CARTESIAN_POINT('',(-1.300268648931E0,6.E0,7.165181862082E0));
#14402=CARTESIAN_POINT('',(-1.300268648932E0,6.E0,7.009856264556E0));
#14403=CARTESIAN_POINT('',(-1.300268648933E0,6.E0,6.863605115998E0));
#14404=CARTESIAN_POINT('',(-1.300268648933E0,6.E0,6.854530667030E0));
#14406=DIRECTION('',(0.E0,1.E0,0.E0));
#14407=VECTOR('',#14406,1.E0);
#14408=SURFACE_OF_LINEAR_EXTRUSION('',#14405,#14407);
#14409=ORIENTED_EDGE('',*,*,#14390,.F.);
#14410=ORIENTED_EDGE('',*,*,#7094,.F.);
#14412=ORIENTED_EDGE('',*,*,#14411,.T.);
#14413=ORIENTED_EDGE('',*,*,#13739,.T.);
#14414=EDGE_LOOP('',(#14409,#14410,#14412,#14413));
#14415=FACE_OUTER_BOUND('',#14414,.F.);
#14417=CARTESIAN_POINT('',(-1.273045302029E0,6.E0,6.881754013934E0));
#14418=CARTESIAN_POINT('',(-1.282119750997E0,6.E0,6.881754013934E0));
#14419=CARTESIAN_POINT('',(-1.317028538614E0,6.E0,6.881754013934E0));
#14420=CARTESIAN_POINT('',(-1.361011775199E0,6.E0,6.881754013934E0));
#14421=CARTESIAN_POINT('',(-1.395920562817E0,6.E0,6.881754013934E0));
#14422=CARTESIAN_POINT('',(-1.404995011785E0,6.E0,6.881754013934E0));
#14424=DIRECTION('',(0.E0,1.E0,0.E0));
#14425=VECTOR('',#14424,1.E0);
#14426=SURFACE_OF_LINEAR_EXTRUSION('',#14423,#14425);
#14428=ORIENTED_EDGE('',*,*,#14427,.T.);
#14429=ORIENTED_EDGE('',*,*,#13741,.T.);
#14430=ORIENTED_EDGE('',*,*,#14411,.F.);
#14431=ORIENTED_EDGE('',*,*,#7092,.F.);
#14432=EDGE_LOOP('',(#14428,#14429,#14430,#14431));
#14433=FACE_OUTER_BOUND('',#14432,.F.);
#14435=CARTESIAN_POINT('',(-1.363833430121E0,6.E0,6.882111943313E0));
#14436=CARTESIAN_POINT('',(-1.368423819217E0,6.E0,6.881874168365E0));
#14437=CARTESIAN_POINT('',(-1.428601483903E0,6.E0,6.880319754629E0));
#14438=CARTESIAN_POINT('',(-1.557608946786E0,6.E0,6.915715032248E0));
#14439=CARTESIAN_POINT('',(-1.611844531632E0,6.E0,7.091216053806E0));
#14440=CARTESIAN_POINT('',(-1.555711557288E0,6.E0,7.264813932976E0));
#14441=CARTESIAN_POINT('',(-1.429759820913E0,6.E0,7.294500176978E0));
#14442=CARTESIAN_POINT('',(-1.371748636811E0,6.E0,7.293180442168E0));
#14443=CARTESIAN_POINT('',(-1.367255994149E0,6.E0,7.292977698128E0));
#14445=DIRECTION('',(0.E0,1.E0,0.E0));
#14446=VECTOR('',#14445,1.E0);
#14447=SURFACE_OF_LINEAR_EXTRUSION('',#14444,#14446);
#14448=ORIENTED_EDGE('',*,*,#14393,.T.);
#14449=ORIENTED_EDGE('',*,*,#13743,.T.);
#14450=ORIENTED_EDGE('',*,*,#14427,.F.);
#14451=ORIENTED_EDGE('',*,*,#7090,.T.);
#14452=EDGE_LOOP('',(#14448,#14449,#14450,#14451));
#14453=FACE_OUTER_BOUND('',#14452,.F.);
#14455=CARTESIAN_POINT('',(-1.405404358701E0,6.E0,6.820897772536E0));
#14456=CARTESIAN_POINT('',(-1.396329909733E0,6.E0,6.820897772536E0));
#14457=CARTESIAN_POINT('',(-1.338315762900E0,6.E0,6.820897772536E0));
#14458=CARTESIAN_POINT('',(-1.271227167099E0,6.E0,6.820897772536E0));
#14459=CARTESIAN_POINT('',(-1.213213020267E0,6.E0,6.820897772536E0));
#14460=CARTESIAN_POINT('',(-1.204138571299E0,6.E0,6.820897772536E0));
#14462=DIRECTION('',(0.E0,1.E0,0.E0));
#14463=VECTOR('',#14462,1.E0);
#14464=SURFACE_OF_LINEAR_EXTRUSION('',#14461,#14463);
#14466=ORIENTED_EDGE('',*,*,#14465,.T.);
#14467=ORIENTED_EDGE('',*,*,#13727,.T.);
#14469=ORIENTED_EDGE('',*,*,#14468,.F.);
#14470=ORIENTED_EDGE('',*,*,#6860,.F.);
#14471=EDGE_LOOP('',(#14466,#14467,#14469,#14470));
#14472=FACE_OUTER_BOUND('',#14471,.F.);
#14474=CARTESIAN_POINT('',(-1.231361918203E0,6.E0,6.793674425632E0));
#14475=CARTESIAN_POINT('',(-1.231361918203E0,6.E0,6.802748874600E0));
#14476=CARTESIAN_POINT('',(-1.231361918202E0,6.E0,6.989752782718E0));
#14477=CARTESIAN_POINT('',(-1.231361918200E0,6.E0,7.185831139803E0));
#14478=CARTESIAN_POINT('',(-1.231361918199E0,6.E0,7.372835047921E0));
#14479=CARTESIAN_POINT('',(-1.231361918199E0,6.E0,7.381909496889E0));
#14481=DIRECTION('',(0.E0,1.E0,0.E0));
#14482=VECTOR('',#14481,1.E0);
#14483=SURFACE_OF_LINEAR_EXTRUSION('',#14480,#14482);
#14484=ORIENTED_EDGE('',*,*,#14465,.F.);
#14485=ORIENTED_EDGE('',*,*,#6866,.F.);
#14487=ORIENTED_EDGE('',*,*,#14486,.T.);
#14488=ORIENTED_EDGE('',*,*,#13729,.T.);
#14489=EDGE_LOOP('',(#14484,#14485,#14487,#14488));
#14490=FACE_OUTER_BOUND('',#14489,.F.);
#14492=CARTESIAN_POINT('',(-1.204138571295E0,6.E0,7.354686149985E0));
#14493=CARTESIAN_POINT('',(-1.213213020263E0,6.E0,7.354686149985E0));
#14494=CARTESIAN_POINT('',(-1.273046486719E0,6.E0,7.354686149985E0));
#14495=CARTESIAN_POINT('',(-1.341954402143E0,6.E0,7.354686149985E0));
#14496=CARTESIAN_POINT('',(-1.401787868599E0,6.E0,7.354686149985E0));
#14497=CARTESIAN_POINT('',(-1.410862317567E0,6.E0,7.354686149985E0));
#14499=DIRECTION('',(0.E0,1.E0,0.E0));
#14500=VECTOR('',#14499,1.E0);
#14501=SURFACE_OF_LINEAR_EXTRUSION('',#14498,#14500);
#14503=ORIENTED_EDGE('',*,*,#14502,.T.);
#14504=ORIENTED_EDGE('',*,*,#13731,.T.);
#14505=ORIENTED_EDGE('',*,*,#14486,.F.);
#14506=ORIENTED_EDGE('',*,*,#6864,.F.);
#14507=EDGE_LOOP('',(#14503,#14504,#14505,#14506));
#14508=FACE_OUTER_BOUND('',#14507,.F.);
#14510=CARTESIAN_POINT('',(-1.369691174447E0,6.E0,7.354401168402E0));
#14511=CARTESIAN_POINT('',(-1.374307923170E0,6.E0,7.354590753694E0));
#14512=CARTESIAN_POINT('',(-1.449828595288E0,6.E0,7.356139367922E0));
#14513=CARTESIAN_POINT('',(-1.606964783984E0,6.E0,7.311242998399E0));
#14514=CARTESIAN_POINT('',(-1.694582086182E0,6.E0,7.091882389876E0));
#14515=CARTESIAN_POINT('',(-1.608745552213E0,6.E0,6.868236668338E0));
#14516=CARTESIAN_POINT('',(-1.446613154660E0,6.E0,6.819386771144E0));
#14517=CARTESIAN_POINT('',(-1.368949902482E0,6.E0,6.820992977647E0));
#14518=CARTESIAN_POINT('',(-1.364378830058E0,6.E0,6.821182679798E0));
#14520=DIRECTION('',(0.E0,1.E0,0.E0));
#14521=VECTOR('',#14520,1.E0);
#14522=SURFACE_OF_LINEAR_EXTRUSION('',#14519,#14521);
#14523=ORIENTED_EDGE('',*,*,#14468,.T.);
#14524=ORIENTED_EDGE('',*,*,#13733,.T.);
#14525=ORIENTED_EDGE('',*,*,#14502,.F.);
#14526=ORIENTED_EDGE('',*,*,#6862,.T.);
#14527=EDGE_LOOP('',(#14523,#14524,#14525,#14526));
#14528=FACE_OUTER_BOUND('',#14527,.F.);
#14530=CARTESIAN_POINT('',(-1.948498423589E0,6.E0,7.236446290383E0));
#14531=CARTESIAN_POINT('',(-1.946561281991E0,6.E0,7.240572381769E0));
#14532=CARTESIAN_POINT('',(-1.940057024423E0,6.E0,7.256698847037E0));
#14533=CARTESIAN_POINT('',(-1.935419561149E0,6.E0,7.278279652630E0));
#14534=CARTESIAN_POINT('',(-1.932798317059E0,6.E0,7.295399205848E0));
#14535=CARTESIAN_POINT('',(-1.932143287030E0,6.E0,7.299846048684E0));
#14537=DIRECTION('',(0.E0,1.E0,0.E0));
#14538=VECTOR('',#14537,1.E0);
#14539=SURFACE_OF_LINEAR_EXTRUSION('',#14536,#14538);
#14541=ORIENTED_EDGE('',*,*,#14540,.T.);
#14542=ORIENTED_EDGE('',*,*,#13778,.T.);
#14544=ORIENTED_EDGE('',*,*,#14543,.F.);
#14545=ORIENTED_EDGE('',*,*,#7111,.T.);
#14546=EDGE_LOOP('',(#14541,#14542,#14544,#14545));
#14547=FACE_OUTER_BOUND('',#14546,.F.);
#14549=CARTESIAN_POINT('',(-1.936069398675E0,6.E0,7.299956822301E0));
#14550=CARTESIAN_POINT('',(-1.935565526293E0,6.E0,7.295466500143E0));
#14551=CARTESIAN_POINT('',(-1.933262345546E0,6.E0,7.278237117291E0));
#14552=CARTESIAN_POINT('',(-1.928111268181E0,6.E0,7.256658860514E0));
#14553=CARTESIAN_POINT('',(-1.921283339940E0,6.E0,7.240644839690E0));
#14554=CARTESIAN_POINT('',(-1.919291927570E0,6.E0,7.236564382009E0));
#14556=DIRECTION('',(0.E0,1.E0,0.E0));
#14557=VECTOR('',#14556,1.E0);
#14558=SURFACE_OF_LINEAR_EXTRUSION('',#14555,#14557);
#14559=ORIENTED_EDGE('',*,*,#14540,.F.);
#14560=ORIENTED_EDGE('',*,*,#7119,.T.);
#14562=ORIENTED_EDGE('',*,*,#14561,.T.);
#14563=ORIENTED_EDGE('',*,*,#13780,.T.);
#14564=EDGE_LOOP('',(#14559,#14560,#14562,#14563));
#14565=FACE_OUTER_BOUND('',#14564,.F.);
#14567=CARTESIAN_POINT('',(-1.933875200292E0,6.E0,7.274690557239E0));
#14568=CARTESIAN_POINT('',(-1.930803181399E0,6.E0,7.266151920111E0));
#14569=CARTESIAN_POINT('',(-1.901123613017E0,6.E0,7.183657940300E0));
#14570=CARTESIAN_POINT('',(-1.868372025742E0,6.E0,7.092625323360E0));
#14571=CARTESIAN_POINT('',(-1.838692457361E0,6.E0,7.010131343549E0));
#14572=CARTESIAN_POINT('',(-1.835620438468E0,6.E0,7.001592706421E0));
#14574=DIRECTION('',(0.E0,1.E0,0.E0));
#14575=VECTOR('',#14574,1.E0);
#14576=SURFACE_OF_LINEAR_EXTRUSION('',#14573,#14575);
#14578=ORIENTED_EDGE('',*,*,#14577,.T.);
#14579=ORIENTED_EDGE('',*,*,#13782,.T.);
#14580=ORIENTED_EDGE('',*,*,#14561,.F.);
#14581=ORIENTED_EDGE('',*,*,#7117,.F.);
#14582=EDGE_LOOP('',(#14578,#14579,#14580,#14581));
#14583=FACE_OUTER_BOUND('',#14582,.F.);
#14585=CARTESIAN_POINT('',(-1.817613148242E0,6.E0,7.027208617804E0));
#14586=CARTESIAN_POINT('',(-1.826687597210E0,6.E0,7.027208617804E0));
#14587=CARTESIAN_POINT('',(-1.895481212810E0,6.E0,7.027208617804E0));
#14588=CARTESIAN_POINT('',(-1.973349277377E0,6.E0,7.027208617804E0));
#14589=CARTESIAN_POINT('',(-2.042142892977E0,6.E0,7.027208617804E0));
#14590=CARTESIAN_POINT('',(-2.051217341945E0,6.E0,7.027208617804E0));
#14592=DIRECTION('',(0.E0,1.E0,0.E0));
#14593=VECTOR('',#14592,1.E0);
#14594=SURFACE_OF_LINEAR_EXTRUSION('',#14591,#14593);
#14596=ORIENTED_EDGE('',*,*,#14595,.T.);
#14597=ORIENTED_EDGE('',*,*,#13784,.T.);
#14598=ORIENTED_EDGE('',*,*,#14577,.F.);
#14599=ORIENTED_EDGE('',*,*,#7115,.F.);
#14600=EDGE_LOOP('',(#14596,#14597,#14598,#14599));
#14601=FACE_OUTER_BOUND('',#14600,.F.);
#14603=CARTESIAN_POINT('',(-2.033293594627E0,6.E0,7.001622917419E0));
#14604=CARTESIAN_POINT('',(-2.030193728099E0,6.E0,7.010151484214E0));
#14605=CARTESIAN_POINT('',(-2.000213414137E0,6.E0,7.092635393693E0));
#14606=CARTESIAN_POINT('',(-1.967133233647E0,6.E0,7.183647869967E0));
#14607=CARTESIAN_POINT('',(-1.937152919686E0,6.E0,7.266131779446E0));
#14608=CARTESIAN_POINT('',(-1.934053053157E0,6.E0,7.274660346241E0));
#14610=DIRECTION('',(0.E0,1.E0,0.E0));
#14611=VECTOR('',#14610,1.E0);
#14612=SURFACE_OF_LINEAR_EXTRUSION('',#14609,#14611);
#14613=ORIENTED_EDGE('',*,*,#14543,.T.);
#14614=ORIENTED_EDGE('',*,*,#13786,.T.);
#14615=ORIENTED_EDGE('',*,*,#14595,.F.);
#14616=ORIENTED_EDGE('',*,*,#7113,.F.);
#14617=EDGE_LOOP('',(#14613,#14614,#14615,#14616));
#14618=FACE_OUTER_BOUND('',#14617,.F.);
#14620=CARTESIAN_POINT('',(-2.175861700593E0,6.E0,6.820897772536E0));
#14621=DIRECTION('',(-9.345104387413E-1,0.E0,3.559357243710E-1));
#14622=DIRECTION('',(3.559357243710E-1,0.E0,9.345104387413E-1));
#14623=AXIS2_PLACEMENT_3D('',#14620,#14621,#14622);
#14624=PLANE('',#14623);
#14626=ORIENTED_EDGE('',*,*,#14625,.T.);
#14627=ORIENTED_EDGE('',*,*,#13760,.T.);
#14629=ORIENTED_EDGE('',*,*,#14628,.F.);
#14630=ORIENTED_EDGE('',*,*,#6870,.F.);
#14631=EDGE_LOOP('',(#14626,#14627,#14629,#14630));
#14632=FACE_OUTER_BOUND('',#14631,.F.);
#14634=CARTESIAN_POINT('',(-2.099723174365E0,6.E0,6.820897772536E0));
#14635=DIRECTION('',(0.E0,0.E0,-1.E0));
#14636=DIRECTION('',(-1.E0,0.E0,0.E0));
#14637=AXIS2_PLACEMENT_3D('',#14634,#14635,#14636);
#14638=PLANE('',#14637);
#14639=ORIENTED_EDGE('',*,*,#14625,.F.);
#14640=ORIENTED_EDGE('',*,*,#6884,.F.);
#14642=ORIENTED_EDGE('',*,*,#14641,.T.);
#14643=ORIENTED_EDGE('',*,*,#13762,.T.);
#14644=EDGE_LOOP('',(#14639,#14640,#14642,#14643));
#14645=FACE_OUTER_BOUND('',#14644,.F.);
#14647=CARTESIAN_POINT('',(-2.045280034641E0,6.E0,6.966898172296E0));
#14648=DIRECTION('',(9.369753459537E-1,0.E0,-3.493954794714E-1));
#14649=DIRECTION('',(-3.493954794714E-1,0.E0,-9.369753459537E-1));
#14650=AXIS2_PLACEMENT_3D('',#14647,#14648,#14649);
#14651=PLANE('',#14650);
#14653=ORIENTED_EDGE('',*,*,#14652,.T.);
#14654=ORIENTED_EDGE('',*,*,#13764,.T.);
#14655=ORIENTED_EDGE('',*,*,#14641,.F.);
#14656=ORIENTED_EDGE('',*,*,#6882,.F.);
#14657=EDGE_LOOP('',(#14653,#14654,#14655,#14656));
#14658=FACE_OUTER_BOUND('',#14657,.F.);
#14660=CARTESIAN_POINT('',(-1.823004659676E0,6.E0,6.966898172296E0));
#14661=DIRECTION('',(0.E0,0.E0,-1.E0));
#14662=DIRECTION('',(-1.E0,0.E0,0.E0));
#14663=AXIS2_PLACEMENT_3D('',#14660,#14661,#14662);
#14664=PLANE('',#14663);
#14666=ORIENTED_EDGE('',*,*,#14665,.T.);
#14667=ORIENTED_EDGE('',*,*,#13766,.T.);
#14668=ORIENTED_EDGE('',*,*,#14652,.F.);
#14669=ORIENTED_EDGE('',*,*,#6880,.F.);
#14670=EDGE_LOOP('',(#14666,#14667,#14668,#14669));
#14671=FACE_OUTER_BOUND('',#14670,.F.);
#14673=CARTESIAN_POINT('',(-1.771699846293E0,6.E0,6.820897772536E0));
#14674=DIRECTION('',(-9.434452330623E-1,0.E0,-3.315284184079E-1));
#14675=DIRECTION('',(-3.315284184079E-1,0.E0,9.434452330623E-1));
#14676=AXIS2_PLACEMENT_3D('',#14673,#14674,#14675);
#14677=PLANE('',#14676);
#14679=ORIENTED_EDGE('',*,*,#14678,.T.);
#14680=ORIENTED_EDGE('',*,*,#13768,.T.);
#14681=ORIENTED_EDGE('',*,*,#14665,.F.);
#14682=ORIENTED_EDGE('',*,*,#6878,.F.);
#14683=EDGE_LOOP('',(#14679,#14680,#14681,#14682));
#14684=FACE_OUTER_BOUND('',#14683,.F.);
#14686=CARTESIAN_POINT('',(-1.695561320065E0,6.E0,6.820897772536E0));
#14687=DIRECTION('',(0.E0,0.E0,-1.E0));
#14688=DIRECTION('',(-1.E0,0.E0,0.E0));
#14689=AXIS2_PLACEMENT_3D('',#14686,#14687,#14688);
#14690=PLANE('',#14689);
#14692=ORIENTED_EDGE('',*,*,#14691,.T.);
#14693=ORIENTED_EDGE('',*,*,#13770,.T.);
#14694=ORIENTED_EDGE('',*,*,#14678,.F.);
#14695=ORIENTED_EDGE('',*,*,#6876,.F.);
#14696=EDGE_LOOP('',(#14692,#14693,#14694,#14695));
#14697=FACE_OUTER_BOUND('',#14696,.F.);
#14699=CARTESIAN_POINT('',(-1.898870287958E0,6.E0,7.354686149985E0));
#14700=DIRECTION('',(9.345104387424E-1,0.E0,3.559357243682E-1));
#14701=DIRECTION('',(3.559357243682E-1,0.E0,-9.345104387424E-1));
#14702=AXIS2_PLACEMENT_3D('',#14699,#14700,#14701);
#14703=PLANE('',#14702);
#14705=ORIENTED_EDGE('',*,*,#14704,.T.);
#14706=ORIENTED_EDGE('',*,*,#13772,.T.);
#14707=ORIENTED_EDGE('',*,*,#14691,.F.);
#14708=ORIENTED_EDGE('',*,*,#6874,.F.);
#14709=EDGE_LOOP('',(#14705,#14706,#14707,#14708));
#14710=FACE_OUTER_BOUND('',#14709,.F.);
#14712=CARTESIAN_POINT('',(-1.972552732698E0,6.E0,7.354686149985E0));
#14713=DIRECTION('',(0.E0,0.E0,1.E0));
#14714=DIRECTION('',(1.E0,0.E0,0.E0));
#14715=AXIS2_PLACEMENT_3D('',#14712,#14713,#14714);
#14716=PLANE('',#14715);
#14717=ORIENTED_EDGE('',*,*,#14628,.T.);
#14718=ORIENTED_EDGE('',*,*,#13774,.T.);
#14719=ORIENTED_EDGE('',*,*,#14704,.F.);
#14720=ORIENTED_EDGE('',*,*,#6872,.F.);
#14721=EDGE_LOOP('',(#14717,#14718,#14719,#14720));
#14722=FACE_OUTER_BOUND('',#14721,.F.);
#14724=CARTESIAN_POINT('',(-3.207014808054E-1,6.E0,5.974095453915E0));
#14725=DIRECTION('',(-1.E0,0.E0,0.E0));
#14726=DIRECTION('',(0.E0,0.E0,1.E0));
#14727=AXIS2_PLACEMENT_3D('',#14724,#14725,#14726);
#14728=PLANE('',#14727);
#14730=ORIENTED_EDGE('',*,*,#14729,.T.);
#14731=ORIENTED_EDGE('',*,*,#13803,.T.);
#14733=ORIENTED_EDGE('',*,*,#14732,.F.);
#14734=ORIENTED_EDGE('',*,*,#6888,.F.);
#14735=EDGE_LOOP('',(#14730,#14731,#14733,#14734));
#14736=FACE_OUTER_BOUND('',#14735,.F.);
#14738=CARTESIAN_POINT('',(-3.361284426366E-2,6.E0,5.974095453915E0));
#14739=DIRECTION('',(0.E0,0.E0,-1.E0));
#14740=DIRECTION('',(-1.E0,0.E0,0.E0));
#14741=AXIS2_PLACEMENT_3D('',#14738,#14739,#14740);
#14742=PLANE('',#14741);
#14743=ORIENTED_EDGE('',*,*,#14729,.F.);
#14744=ORIENTED_EDGE('',*,*,#6910,.F.);
#14746=ORIENTED_EDGE('',*,*,#14745,.T.);
#14747=ORIENTED_EDGE('',*,*,#13805,.T.);
#14748=EDGE_LOOP('',(#14743,#14744,#14746,#14747));
#14749=FACE_OUTER_BOUND('',#14748,.F.);
#14751=CARTESIAN_POINT('',(-3.361284426366E-2,6.E0,6.507883831363E0));
#14752=DIRECTION('',(1.E0,0.E0,0.E0));
#14753=DIRECTION('',(0.E0,0.E0,-1.E0));
#14754=AXIS2_PLACEMENT_3D('',#14751,#14752,#14753);
#14755=PLANE('',#14754);
#14757=ORIENTED_EDGE('',*,*,#14756,.T.);
#14758=ORIENTED_EDGE('',*,*,#13807,.T.);
#14759=ORIENTED_EDGE('',*,*,#14745,.F.);
#14760=ORIENTED_EDGE('',*,*,#6908,.F.);
#14761=EDGE_LOOP('',(#14757,#14758,#14759,#14760));
#14762=FACE_OUTER_BOUND('',#14761,.F.);
#14764=CARTESIAN_POINT('',(-3.085575223181E-1,6.E0,6.507883831363E0));
#14765=DIRECTION('',(0.E0,0.E0,1.E0));
#14766=DIRECTION('',(1.E0,0.E0,0.E0));
#14767=AXIS2_PLACEMENT_3D('',#14764,#14765,#14766);
#14768=PLANE('',#14767);
#14770=ORIENTED_EDGE('',*,*,#14769,.T.);
#14771=ORIENTED_EDGE('',*,*,#13809,.T.);
#14772=ORIENTED_EDGE('',*,*,#14756,.F.);
#14773=ORIENTED_EDGE('',*,*,#6906,.F.);
#14774=EDGE_LOOP('',(#14770,#14771,#14772,#14773));
#14775=FACE_OUTER_BOUND('',#14774,.F.);
#14777=CARTESIAN_POINT('',(-3.085575223181E-1,6.E0,6.446481794082E0));
#14778=DIRECTION('',(-1.E0,0.E0,0.E0));
#14779=DIRECTION('',(0.E0,0.E0,1.E0));
#14780=AXIS2_PLACEMENT_3D('',#14777,#14778,#14779);
#14781=PLANE('',#14780);
#14783=ORIENTED_EDGE('',*,*,#14782,.T.);
#14784=ORIENTED_EDGE('',*,*,#13811,.T.);
#14785=ORIENTED_EDGE('',*,*,#14769,.F.);
#14786=ORIENTED_EDGE('',*,*,#6904,.F.);
#14787=EDGE_LOOP('',(#14783,#14784,#14785,#14786));
#14788=FACE_OUTER_BOUND('',#14787,.F.);
#14790=CARTESIAN_POINT('',(-1.025195749922E-1,6.E0,6.446481794082E0));
#14791=DIRECTION('',(0.E0,0.E0,-1.E0));
#14792=DIRECTION('',(-1.E0,0.E0,0.E0));
#14793=AXIS2_PLACEMENT_3D('',#14790,#14791,#14792);
#14794=PLANE('',#14793);
#14796=ORIENTED_EDGE('',*,*,#14795,.T.);
#14797=ORIENTED_EDGE('',*,*,#13813,.T.);
#14798=ORIENTED_EDGE('',*,*,#14782,.F.);
#14799=ORIENTED_EDGE('',*,*,#6902,.F.);
#14800=EDGE_LOOP('',(#14796,#14797,#14798,#14799));
#14801=FACE_OUTER_BOUND('',#14800,.F.);
#14803=CARTESIAN_POINT('',(-1.025195749922E-1,6.E0,6.275647681460E0));
#14804=DIRECTION('',(-1.E0,0.E0,0.E0));
#14805=DIRECTION('',(0.E0,0.E0,1.E0));
#14806=AXIS2_PLACEMENT_3D('',#14803,#14804,#14805);
#14807=PLANE('',#14806);
#14809=ORIENTED_EDGE('',*,*,#14808,.T.);
#14810=ORIENTED_EDGE('',*,*,#13815,.T.);
#14811=ORIENTED_EDGE('',*,*,#14795,.F.);
#14812=ORIENTED_EDGE('',*,*,#6900,.F.);
#14813=EDGE_LOOP('',(#14809,#14810,#14811,#14812));
#14814=FACE_OUTER_BOUND('',#14813,.F.);
#14816=CARTESIAN_POINT('',(-2.934116864549E-1,6.E0,6.275647681460E0));
#14817=DIRECTION('',(0.E0,0.E0,1.E0));
#14818=DIRECTION('',(1.E0,0.E0,0.E0));
#14819=AXIS2_PLACEMENT_3D('',#14816,#14817,#14818);
#14820=PLANE('',#14819);
#14822=ORIENTED_EDGE('',*,*,#14821,.T.);
#14823=ORIENTED_EDGE('',*,*,#13817,.T.);
#14824=ORIENTED_EDGE('',*,*,#14808,.F.);
#14825=ORIENTED_EDGE('',*,*,#6898,.F.);
#14826=EDGE_LOOP('',(#14822,#14823,#14824,#14825));
#14827=FACE_OUTER_BOUND('',#14826,.F.);
#14829=CARTESIAN_POINT('',(-2.934116864549E-1,6.E0,6.214518542121E0));
#14830=DIRECTION('',(-1.E0,0.E0,0.E0));
#14831=DIRECTION('',(0.E0,0.E0,1.E0));
#14832=AXIS2_PLACEMENT_3D('',#14829,#14830,#14831);
#14833=PLANE('',#14832);
#14835=ORIENTED_EDGE('',*,*,#14834,.T.);
#14836=ORIENTED_EDGE('',*,*,#13819,.T.);
#14837=ORIENTED_EDGE('',*,*,#14821,.F.);
#14838=ORIENTED_EDGE('',*,*,#6896,.F.);
#14839=EDGE_LOOP('',(#14835,#14836,#14837,#14838));
#14840=FACE_OUTER_BOUND('',#14839,.F.);
#14842=CARTESIAN_POINT('',(-1.025195749922E-1,6.E0,6.214518542121E0));
#14843=DIRECTION('',(0.E0,0.E0,-1.E0));
#14844=DIRECTION('',(-1.E0,0.E0,0.E0));
#14845=AXIS2_PLACEMENT_3D('',#14842,#14843,#14844);
#14846=PLANE('',#14845);
#14848=ORIENTED_EDGE('',*,*,#14847,.T.);
#14849=ORIENTED_EDGE('',*,*,#13821,.T.);
#14850=ORIENTED_EDGE('',*,*,#14834,.F.);
#14851=ORIENTED_EDGE('',*,*,#6894,.F.);
#14852=EDGE_LOOP('',(#14848,#14849,#14850,#14851));
#14853=FACE_OUTER_BOUND('',#14852,.F.);
#14855=CARTESIAN_POINT('',(-1.025195749922E-1,6.E0,6.034951695313E0));
#14856=DIRECTION('',(-1.E0,0.E0,0.E0));
#14857=DIRECTION('',(0.E0,0.E0,1.E0));
#14858=AXIS2_PLACEMENT_3D('',#14855,#14856,#14857);
#14859=PLANE('',#14858);
#14861=ORIENTED_EDGE('',*,*,#14860,.T.);
#14862=ORIENTED_EDGE('',*,*,#13823,.T.);
#14863=ORIENTED_EDGE('',*,*,#14847,.F.);
#14864=ORIENTED_EDGE('',*,*,#6892,.F.);
#14865=EDGE_LOOP('',(#14861,#14862,#14863,#14864));
#14866=FACE_OUTER_BOUND('',#14865,.F.);
#14868=CARTESIAN_POINT('',(-3.207014808054E-1,6.E0,6.034951695313E0));
#14869=DIRECTION('',(0.E0,0.E0,1.E0));
#14870=DIRECTION('',(1.E0,0.E0,0.E0));
#14871=AXIS2_PLACEMENT_3D('',#14868,#14869,#14870);
#14872=PLANE('',#14871);
#14873=ORIENTED_EDGE('',*,*,#14732,.T.);
#14874=ORIENTED_EDGE('',*,*,#13825,.T.);
#14875=ORIENTED_EDGE('',*,*,#14860,.F.);
#14876=ORIENTED_EDGE('',*,*,#6890,.F.);
#14877=EDGE_LOOP('',(#14873,#14874,#14875,#14876));
#14878=FACE_OUTER_BOUND('',#14877,.F.);
#14880=CARTESIAN_POINT('',(-6.511441918962E-1,6.E0,6.169027275322E0));
#14881=CARTESIAN_POINT('',(-6.421507925824E-1,6.E0,6.167817154313E0));
#14882=CARTESIAN_POINT('',(-6.034115174297E-1,6.E0,6.162604530133E0));
#14883=CARTESIAN_POINT('',(-5.556788429632E-1,6.E0,6.156181784944E0));
#14884=CARTESIAN_POINT('',(-5.169395678104E-1,6.E0,6.150969160763E0));
#14885=CARTESIAN_POINT('',(-5.079461684967E-1,6.E0,6.149759039755E0));
#14887=DIRECTION('',(0.E0,1.E0,0.E0));
#14888=VECTOR('',#14887,1.E0);
#14889=SURFACE_OF_LINEAR_EXTRUSION('',#14886,#14888);
#14891=ORIENTED_EDGE('',*,*,#14890,.T.);
#14892=ORIENTED_EDGE('',*,*,#13860,.T.);
#14894=ORIENTED_EDGE('',*,*,#14893,.F.);
#14895=ORIENTED_EDGE('',*,*,#7136,.F.);
#14896=EDGE_LOOP('',(#14891,#14892,#14894,#14895));
#14897=FACE_OUTER_BOUND('',#14896,.F.);
#14899=CARTESIAN_POINT('',(-5.486234189060E-1,6.E0,6.155319202059E0));
#14900=CARTESIAN_POINT('',(-5.442789915805E-1,6.E0,6.154664357682E0));
#14901=CARTESIAN_POINT('',(-5.176350121345E-1,6.E0,6.151126081472E0));
#14902=CARTESIAN_POINT('',(-4.668620632121E-1,6.E0,6.142599127110E0));
#14903=CARTESIAN_POINT('',(-4.457865523152E-1,6.E0,6.082256994748E0));
#14904=CARTESIAN_POINT('',(-4.677666826352E-1,6.E0,6.029645856332E0));
#14905=CARTESIAN_POINT('',(-5.321781922534E-1,6.E0,6.012301788664E0));
#14906=CARTESIAN_POINT('',(-6.054883490439E-1,6.E0,6.043420119332E0));
#14907=CARTESIAN_POINT('',(-6.257534411367E-1,6.E0,6.106117289180E0));
#14908=CARTESIAN_POINT('',(-6.238998257557E-1,6.E0,6.137958367077E0));
#14909=CARTESIAN_POINT('',(-6.233713246675E-1,6.E0,6.142391650453E0));
#14911=DIRECTION('',(0.E0,1.E0,0.E0));
#14912=VECTOR('',#14911,1.E0);
#14913=SURFACE_OF_LINEAR_EXTRUSION('',#14910,#14912);
#14914=ORIENTED_EDGE('',*,*,#14890,.F.);
#14915=ORIENTED_EDGE('',*,*,#7140,.T.);
#14917=ORIENTED_EDGE('',*,*,#14916,.T.);
#14918=ORIENTED_EDGE('',*,*,#13862,.T.);
#14919=EDGE_LOOP('',(#14914,#14915,#14917,#14918));
#14920=FACE_OUTER_BOUND('',#14919,.F.);
#14922=CARTESIAN_POINT('',(-6.241639939549E-1,6.E0,6.101605240964E0));
#14923=CARTESIAN_POINT('',(-6.241639939549E-1,6.E0,6.110679689932E0));
#14924=CARTESIAN_POINT('',(-6.241639939549E-1,6.E0,6.131943580376E0));
#14925=CARTESIAN_POINT('',(-6.241639939549E-1,6.E0,6.162281919788E0));
#14926=CARTESIAN_POINT('',(-6.241639939549E-1,6.E0,6.183545810231E0));
#14927=CARTESIAN_POINT('',(-6.241639939549E-1,6.E0,6.192620259199E0));
#14929=DIRECTION('',(0.E0,1.E0,0.E0));
#14930=VECTOR('',#14929,1.E0);
#14931=SURFACE_OF_LINEAR_EXTRUSION('',#14928,#14930);
#14932=ORIENTED_EDGE('',*,*,#14893,.T.);
#14933=ORIENTED_EDGE('',*,*,#13864,.T.);
#14934=ORIENTED_EDGE('',*,*,#14916,.F.);
#14935=ORIENTED_EDGE('',*,*,#7138,.F.);
#14936=EDGE_LOOP('',(#14932,#14933,#14934,#14935));
#14937=FACE_OUTER_BOUND('',#14936,.F.);
#14939=CARTESIAN_POINT('',(-6.241639939549E-1,6.E0,5.946872107011E0));
#14940=CARTESIAN_POINT('',(-6.241639939549E-1,6.E0,5.955946555979E0));
#14941=CARTESIAN_POINT('',(-6.241639939549E-1,6.E0,5.984669656878E0));
#14942=CARTESIAN_POINT('',(-6.241639939549E-1,6.E0,6.022467206744E0));
#14943=CARTESIAN_POINT('',(-6.241639939549E-1,6.E0,6.051190307643E0));
#14944=CARTESIAN_POINT('',(-6.241639939549E-1,6.E0,6.060264756611E0));
#14946=DIRECTION('',(0.E0,1.E0,0.E0));
#14947=VECTOR('',#14946,1.E0);
#14948=SURFACE_OF_LINEAR_EXTRUSION('',#14945,#14947);
#14950=ORIENTED_EDGE('',*,*,#14949,.T.);
#14951=ORIENTED_EDGE('',*,*,#13842,.T.);
#14953=ORIENTED_EDGE('',*,*,#14952,.F.);
#14954=ORIENTED_EDGE('',*,*,#6914,.F.);
#14955=EDGE_LOOP('',(#14950,#14951,#14953,#14954));
#14956=FACE_OUTER_BOUND('',#14955,.F.);
#14958=CARTESIAN_POINT('',(-6.305014530919E-1,6.E0,6.045813061795E0));
#14959=CARTESIAN_POINT('',(-6.286807654695E-1,6.E0,6.041422447534E0));
#14960=CARTESIAN_POINT('',(-6.062719938963E-1,6.E0,5.996419701983E0));
#14961=CARTESIAN_POINT('',(-5.208536290844E-1,6.E0,5.949260047762E0));
#14962=CARTESIAN_POINT('',(-4.097526254240E-1,6.E0,5.982581857678E0));
#14963=CARTESIAN_POINT('',(-3.565771967144E-1,6.E0,6.109088839047E0));
#14964=CARTESIAN_POINT('',(-4.576859073087E-1,6.E0,6.196861821418E0));
#14965=CARTESIAN_POINT('',(-5.204072514343E-1,6.E0,6.201591354338E0));
#14966=CARTESIAN_POINT('',(-5.249320745620E-1,6.E0,6.201618614131E0));
#14968=DIRECTION('',(0.E0,1.E0,0.E0));
#14969=VECTOR('',#14968,1.E0);
#14970=SURFACE_OF_LINEAR_EXTRUSION('',#14967,#14969);
#14971=ORIENTED_EDGE('',*,*,#14949,.F.);
#14972=ORIENTED_EDGE('',*,*,#6928,.T.);
#14974=ORIENTED_EDGE('',*,*,#14973,.T.);
#14975=ORIENTED_EDGE('',*,*,#13844,.T.);
#14976=EDGE_LOOP('',(#14971,#14972,#14974,#14975));
#14977=FACE_OUTER_BOUND('',#14976,.F.);
#14979=CARTESIAN_POINT('',(-4.842241862167E-1,6.E0,6.196823733892E0));
#14980=CARTESIAN_POINT('',(-4.932108725951E-1,6.E0,6.198082738264E0));
#14981=CARTESIAN_POINT('',(-5.398574751739E-1,6.E0,6.204617769542E0));
#14982=CARTESIAN_POINT('',(-5.954907641312E-1,6.E0,6.212411805192E0));
#14983=CARTESIAN_POINT('',(-6.421373667100E-1,6.E0,6.218946836470E0));
#14984=CARTESIAN_POINT('',(-6.511240530885E-1,6.E0,6.220205840841E0));
#14986=DIRECTION('',(0.E0,1.E0,0.E0));
#14987=VECTOR('',#14986,1.E0);
#14988=SURFACE_OF_LINEAR_EXTRUSION('',#14985,#14987);
#14990=ORIENTED_EDGE('',*,*,#14989,.T.);
#14991=ORIENTED_EDGE('',*,*,#13846,.T.);
#14992=ORIENTED_EDGE('',*,*,#14973,.F.);
#14993=ORIENTED_EDGE('',*,*,#6926,.F.);
#14994=EDGE_LOOP('',(#14990,#14991,#14992,#14993));
#14995=FACE_OUTER_BOUND('',#14994,.F.);
#14997=CARTESIAN_POINT('',(-6.225186597454E-1,6.E0,6.202196903948E0));
#14998=CARTESIAN_POINT('',(-6.236351564870E-1,6.E0,6.206863685932E0));
#14999=CARTESIAN_POINT('',(-6.286118035179E-1,6.E0,6.251695295168E0));
#15000=CARTESIAN_POINT('',(-5.456155874577E-1,6.E0,6.347121235831E0));
#15001=CARTESIAN_POINT('',(-4.515341297798E-1,6.E0,6.288579850137E0));
#15002=CARTESIAN_POINT('',(-4.148562719696E-1,6.E0,6.257788613898E0));
#15003=CARTESIAN_POINT('',(-4.115298719103E-1,6.E0,6.254927872187E0));
#15005=DIRECTION('',(0.E0,1.E0,0.E0));
#15006=VECTOR('',#15005,1.E0);
#15007=SURFACE_OF_LINEAR_EXTRUSION('',#15004,#15006);
#15009=ORIENTED_EDGE('',*,*,#15008,.T.);
#15010=ORIENTED_EDGE('',*,*,#13848,.T.);
#15011=ORIENTED_EDGE('',*,*,#14989,.F.);
#15012=ORIENTED_EDGE('',*,*,#6924,.T.);
#15013=EDGE_LOOP('',(#15009,#15010,#15011,#15012));
#15014=FACE_OUTER_BOUND('',#15013,.F.);
#15016=CARTESIAN_POINT('',(-4.219466178333E-1,6.E0,6.236416825042E0));
#15017=CARTESIAN_POINT('',(-4.219466178333E-1,6.E0,6.245491274010E0));
#15018=CARTESIAN_POINT('',(-4.219466178333E-1,6.E0,6.276215626495E0));
#15019=CARTESIAN_POINT('',(-4.219466178333E-1,6.E0,6.316014427948E0));
#15020=CARTESIAN_POINT('',(-4.219466178333E-1,6.E0,6.346738780433E0));
#15021=CARTESIAN_POINT('',(-4.219466178333E-1,6.E0,6.355813229401E0));
#15023=DIRECTION('',(0.E0,1.E0,0.E0));
#15024=VECTOR('',#15023,1.E0);
#15025=SURFACE_OF_LINEAR_EXTRUSION('',#15022,#15024);
#15027=ORIENTED_EDGE('',*,*,#15026,.T.);
#15028=ORIENTED_EDGE('',*,*,#13850,.T.);
#15029=ORIENTED_EDGE('',*,*,#15008,.F.);
#15030=ORIENTED_EDGE('',*,*,#6922,.F.);
#15031=EDGE_LOOP('',(#15027,#15028,#15029,#15030));
#15032=FACE_OUTER_BOUND('',#15031,.F.);
#15034=CARTESIAN_POINT('',(-4.099712851544E-1,6.E0,6.320736409884E0));
#15035=CARTESIAN_POINT('',(-4.138678589140E-1,6.E0,6.323398346120E0));
#15036=CARTESIAN_POINT('',(-4.554051254085E-1,6.E0,6.350704739039E0));
#15037=CARTESIAN_POINT('',(-5.745462712752E-1,6.E0,6.398976128239E0));
#15038=CARTESIAN_POINT('',(-6.959951047912E-1,6.E0,6.281203434883E0));
#15039=CARTESIAN_POINT('',(-6.906674296004E-1,6.E0,6.209880855666E0));
#15040=CARTESIAN_POINT('',(-6.899284386813E-1,6.E0,6.205131709527E0));
#15042=DIRECTION('',(0.E0,1.E0,0.E0));
#15043=VECTOR('',#15042,1.E0);
#15044=SURFACE_OF_LINEAR_EXTRUSION('',#15041,#15043);
#15046=ORIENTED_EDGE('',*,*,#15045,.T.);
#15047=ORIENTED_EDGE('',*,*,#13852,.T.);
#15048=ORIENTED_EDGE('',*,*,#15026,.F.);
#15049=ORIENTED_EDGE('',*,*,#6920,.T.);
#15050=EDGE_LOOP('',(#15046,#15047,#15048,#15049));
#15051=FACE_OUTER_BOUND('',#15050,.F.);
#15053=CARTESIAN_POINT('',(-6.910239901065E-1,6.E0,6.246654052006E0));
#15054=CARTESIAN_POINT('',(-6.910239901066E-1,6.E0,6.237579603038E0));
#15055=CARTESIAN_POINT('',(-6.910239901073E-1,6.E0,6.146726737008E0));
#15056=CARTESIAN_POINT('',(-6.910239901080E-1,6.E0,6.046799422009E0));
#15057=CARTESIAN_POINT('',(-6.910239901087E-1,6.E0,5.955946555979E0));
#15058=CARTESIAN_POINT('',(-6.910239901088E-1,6.E0,5.946872107011E0));
#15060=DIRECTION('',(0.E0,1.E0,0.E0));
#15061=VECTOR('',#15060,1.E0);
#15062=SURFACE_OF_LINEAR_EXTRUSION('',#15059,#15061);
#15064=ORIENTED_EDGE('',*,*,#15063,.T.);
#15065=ORIENTED_EDGE('',*,*,#13854,.T.);
#15066=ORIENTED_EDGE('',*,*,#15045,.F.);
#15067=ORIENTED_EDGE('',*,*,#6918,.F.);
#15068=EDGE_LOOP('',(#15064,#15065,#15066,#15067));
#15069=FACE_OUTER_BOUND('',#15068,.F.);
#15071=CARTESIAN_POINT('',(-7.182473370125E-1,6.E0,5.974095453915E0));
#15072=CARTESIAN_POINT('',(-7.091728880445E-1,6.E0,5.974095453915E0));
#15073=CARTESIAN_POINT('',(-6.778117736920E-1,6.E0,5.974095453915E0));
#15074=CARTESIAN_POINT('',(-6.373762103715E-1,6.E0,5.974095453915E0));
#15075=CARTESIAN_POINT('',(-6.060150960189E-1,6.E0,5.974095453915E0));
#15076=CARTESIAN_POINT('',(-5.969406470509E-1,6.E0,5.974095453915E0));
#15078=DIRECTION('',(0.E0,1.E0,0.E0));
#15079=VECTOR('',#15078,1.E0);
#15080=SURFACE_OF_LINEAR_EXTRUSION('',#15077,#15079);
#15081=ORIENTED_EDGE('',*,*,#14952,.T.);
#15082=ORIENTED_EDGE('',*,*,#13856,.T.);
#15083=ORIENTED_EDGE('',*,*,#15063,.F.);
#15084=ORIENTED_EDGE('',*,*,#6916,.F.);
#15085=EDGE_LOOP('',(#15081,#15082,#15083,#15084));
#15086=FACE_OUTER_BOUND('',#15085,.F.);
#15088=CARTESIAN_POINT('',(-7.816261073444E-1,6.E0,5.960244106241E0));
#15089=CARTESIAN_POINT('',(-7.816261073444E-1,6.E0,5.969318555209E0));
#15090=CARTESIAN_POINT('',(-7.816261073444E-1,6.E0,6.001407397411E0));
#15091=CARTESIAN_POINT('',(-7.816261073445E-1,6.E0,6.042570688580E0));
#15092=CARTESIAN_POINT('',(-7.816261073444E-1,6.E0,6.074659530782E0));
#15093=CARTESIAN_POINT('',(-7.816261073444E-1,6.E0,6.083733979750E0));
#15095=DIRECTION('',(0.E0,1.E0,0.E0));
#15096=VECTOR('',#15095,1.E0);
#15097=SURFACE_OF_LINEAR_EXTRUSION('',#15094,#15096);
#15099=ORIENTED_EDGE('',*,*,#15098,.T.);
#15100=ORIENTED_EDGE('',*,*,#13881,.T.);
#15102=ORIENTED_EDGE('',*,*,#15101,.F.);
#15103=ORIENTED_EDGE('',*,*,#6932,.F.);
#15104=EDGE_LOOP('',(#15099,#15100,#15102,#15103));
#15105=FACE_OUTER_BOUND('',#15104,.F.);
#15107=CARTESIAN_POINT('',(-7.704022081705E-1,6.E0,6.064801080904E0));
#15108=CARTESIAN_POINT('',(-7.741101230476E-1,6.E0,6.062006400124E0));
#15109=CARTESIAN_POINT('',(-8.088754378981E-1,6.E0,6.036191536716E0));
#15110=CARTESIAN_POINT('',(-8.750889146325E-1,6.E0,5.999745087362E0));
#15111=CARTESIAN_POINT('',(-9.885235129869E-1,6.E0,6.050832709546E0));
#15112=CARTESIAN_POINT('',(-9.479987247740E-1,6.E0,6.124279741080E0));
#15113=CARTESIAN_POINT('',(-8.769118786462E-1,6.E0,6.140582805172E0));
#15114=CARTESIAN_POINT('',(-7.994473006204E-1,6.E0,6.175658083443E0));
#15115=CARTESIAN_POINT('',(-7.709626491237E-1,6.E0,6.262710045820E0));
#15116=CARTESIAN_POINT('',(-8.214560611190E-1,6.E0,6.350953804312E0));
#15117=CARTESIAN_POINT('',(-9.254211340166E-1,6.E0,6.370176399282E0));
#15118=CARTESIAN_POINT('',(-9.971462516027E-1,6.E0,6.358022460532E0));
#15119=CARTESIAN_POINT('',(-1.029394613993E0,6.E0,6.343445109924E0));
#15120=CARTESIAN_POINT('',(-1.033599351040E0,6.E0,6.341363755225E0));
#15122=DIRECTION('',(0.E0,1.E0,0.E0));
#15123=VECTOR('',#15122,1.E0);
#15124=SURFACE_OF_LINEAR_EXTRUSION('',#15121,#15123);
#15125=ORIENTED_EDGE('',*,*,#15098,.F.);
#15126=ORIENTED_EDGE('',*,*,#6938,.T.);
#15128=ORIENTED_EDGE('',*,*,#15127,.T.);
#15129=ORIENTED_EDGE('',*,*,#13883,.T.);
#15130=EDGE_LOOP('',(#15125,#15126,#15128,#15129));
#15131=FACE_OUTER_BOUND('',#15130,.F.);
#15133=CARTESIAN_POINT('',(-1.020821154807E0,6.E0,6.374370289555E0));
#15134=CARTESIAN_POINT('',(-1.020821154807E0,6.E0,6.365295840587E0));
#15135=CARTESIAN_POINT('',(-1.020821154807E0,6.E0,6.334571488103E0));
#15136=CARTESIAN_POINT('',(-1.020821154807E0,6.E0,6.294772686651E0));
#15137=CARTESIAN_POINT('',(-1.020821154807E0,6.E0,6.264048334167E0));
#15138=CARTESIAN_POINT('',(-1.020821154807E0,6.E0,6.254973885199E0));
#15140=DIRECTION('',(0.E0,1.E0,0.E0));
#15141=VECTOR('',#15140,1.E0);
#15142=SURFACE_OF_LINEAR_EXTRUSION('',#15139,#15141);
#15144=ORIENTED_EDGE('',*,*,#15143,.T.);
#15145=ORIENTED_EDGE('',*,*,#13885,.T.);
#15146=ORIENTED_EDGE('',*,*,#15127,.F.);
#15147=ORIENTED_EDGE('',*,*,#6936,.F.);
#15148=EDGE_LOOP('',(#15144,#15145,#15146,#15147));
#15149=FACE_OUTER_BOUND('',#15148,.F.);
#15151=CARTESIAN_POINT('',(-1.032163575465E0,6.E0,6.274226088846E0));
#15152=CARTESIAN_POINT('',(-1.028494712528E0,6.E0,6.277046162592E0));
#15153=CARTESIAN_POINT('',(-9.972036439549E-1,6.E0,6.299019753437E0));
#15154=CARTESIAN_POINT('',(-9.404978461534E-1,6.E0,6.314871745522E0));
#15155=CARTESIAN_POINT('',(-8.710035753878E-1,6.E0,6.304844694533E0));
#15156=CARTESIAN_POINT('',(-8.435644682269E-1,6.E0,6.259880235873E0));
#15157=CARTESIAN_POINT('',(-8.689754936577E-1,6.E0,6.208104958617E0));
#15158=CARTESIAN_POINT('',(-9.397515146176E-1,6.E0,6.189073970395E0));
#15159=CARTESIAN_POINT('',(-1.017779663435E0,6.E0,6.157727200725E0));
#15160=CARTESIAN_POINT('',(-1.051530502953E0,6.E0,6.068608901034E0));
#15161=CARTESIAN_POINT('',(-9.986103688953E-1,6.E0,5.976335038441E0));
#15162=CARTESIAN_POINT('',(-8.871353993180E-1,6.E0,5.958726393842E0));
#15163=CARTESIAN_POINT('',(-8.085218759675E-1,6.E0,5.972508452252E0));
#15164=CARTESIAN_POINT('',(-7.734024007035E-1,6.E0,5.991777849365E0));
#15165=CARTESIAN_POINT('',(-7.693972635569E-1,6.E0,5.994189223074E0));
#15167=DIRECTION('',(0.E0,1.E0,0.E0));
#15168=VECTOR('',#15167,1.E0);
#15169=SURFACE_OF_LINEAR_EXTRUSION('',#15166,#15168);
#15170=ORIENTED_EDGE('',*,*,#15101,.T.);
#15171=ORIENTED_EDGE('',*,*,#13887,.T.);
#15172=ORIENTED_EDGE('',*,*,#15143,.F.);
#15173=ORIENTED_EDGE('',*,*,#6934,.T.);
#15174=EDGE_LOOP('',(#15170,#15171,#15172,#15173));
#15175=FACE_OUTER_BOUND('',#15174,.F.);
#15177=CARTESIAN_POINT('',(-1.248100772311E0,6.E0,6.069418705572E0));
#15178=CARTESIAN_POINT('',(-1.248161045107E0,6.E0,6.069209483816E0));
#15179=CARTESIAN_POINT('',(-1.251234957672E0,6.E0,6.058539174226E0));
#15180=CARTESIAN_POINT('',(-1.254369143032E0,6.E0,6.047659642879E0));
#15181=CARTESIAN_POINT('',(-1.257443055597E0,6.E0,6.036989333289E0));
#15182=CARTESIAN_POINT('',(-1.257503328393E0,6.E0,6.036780111532E0));
#15184=DIRECTION('',(0.E0,1.E0,0.E0));
#15185=VECTOR('',#15184,1.E0);
#15186=SURFACE_OF_LINEAR_EXTRUSION('',#15183,#15185);
#15188=ORIENTED_EDGE('',*,*,#15187,.T.);
#15189=ORIENTED_EDGE('',*,*,#13904,.T.);
#15191=ORIENTED_EDGE('',*,*,#15190,.F.);
#15192=ORIENTED_EDGE('',*,*,#6942,.F.);
#15193=EDGE_LOOP('',(#15188,#15189,#15191,#15192));
#15194=FACE_OUTER_BOUND('',#15193,.F.);
#15196=CARTESIAN_POINT('',(-1.255991664159E0,6.E0,6.023784256637E0));
#15197=CARTESIAN_POINT('',(-1.255956092195E0,6.E0,6.028440047519E0));
#15198=CARTESIAN_POINT('',(-1.257681190796E0,6.E0,6.043684953063E0));
#15199=CARTESIAN_POINT('',(-1.264959365732E0,6.E0,6.062249737581E0));
#15200=CARTESIAN_POINT('',(-1.268936716297E0,6.E0,6.076940600981E0));
#15201=CARTESIAN_POINT('',(-1.269767918397E0,6.E0,6.081386574558E0));
#15203=DIRECTION('',(0.E0,1.E0,0.E0));
#15204=VECTOR('',#15203,1.E0);
#15205=SURFACE_OF_LINEAR_EXTRUSION('',#15202,#15204);
#15206=ORIENTED_EDGE('',*,*,#15187,.F.);
#15207=ORIENTED_EDGE('',*,*,#6964,.T.);
#15209=ORIENTED_EDGE('',*,*,#15208,.T.);
#15210=ORIENTED_EDGE('',*,*,#13906,.T.);
#15211=EDGE_LOOP('',(#15206,#15207,#15209,#15210));
#15212=FACE_OUTER_BOUND('',#15211,.F.);
#15214=CARTESIAN_POINT('',(-1.257148380508E0,6.E0,6.042652763549E0));
#15215=CARTESIAN_POINT('',(-1.260242021652E0,6.E0,6.051183590504E0));
#15216=CARTESIAN_POINT('',(-1.298039184610E0,6.E0,6.155410629640E0));
#15217=CARTESIAN_POINT('',(-1.338929988711E0,6.E0,6.268168495732E0));
#15218=CARTESIAN_POINT('',(-1.376727151669E0,6.E0,6.372395534868E0));
#15219=CARTESIAN_POINT('',(-1.379820792813E0,6.E0,6.380926361824E0));
#15221=DIRECTION('',(0.E0,1.E0,0.E0));
#15222=VECTOR('',#15221,1.E0);
#15223=SURFACE_OF_LINEAR_EXTRUSION('',#15220,#15222);
#15225=ORIENTED_EDGE('',*,*,#15224,.T.);
#15226=ORIENTED_EDGE('',*,*,#13908,.T.);
#15227=ORIENTED_EDGE('',*,*,#15208,.F.);
#15228=ORIENTED_EDGE('',*,*,#6962,.F.);
#15229=EDGE_LOOP('',(#15225,#15226,#15227,#15228));
#15230=FACE_OUTER_BOUND('',#15229,.F.);
#15232=CARTESIAN_POINT('',(-1.343316522477E0,6.E0,6.355333880957E0));
#15233=CARTESIAN_POINT('',(-1.352390971445E0,6.E0,6.355333880957E0));
#15234=CARTESIAN_POINT('',(-1.384570779626E0,6.E0,6.355333880957E0));
#15235=CARTESIAN_POINT('',(-1.425825036776E0,6.E0,6.355333880957E0));
#15236=CARTESIAN_POINT('',(-1.458004844957E0,6.E0,6.355333880957E0));
#15237=CARTESIAN_POINT('',(-1.467079293925E0,6.E0,6.355333880957E0));
#15239=DIRECTION('',(0.E0,1.E0,0.E0));
#15240=VECTOR('',#15239,1.E0);
#15241=SURFACE_OF_LINEAR_EXTRUSION('',#15238,#15240);
#15243=ORIENTED_EDGE('',*,*,#15242,.T.);
#15244=ORIENTED_EDGE('',*,*,#13910,.T.);
#15245=ORIENTED_EDGE('',*,*,#15224,.F.);
#15246=ORIENTED_EDGE('',*,*,#6960,.F.);
#15247=EDGE_LOOP('',(#15243,#15244,#15245,#15246));
#15248=FACE_OUTER_BOUND('',#15247,.F.);
#15250=CARTESIAN_POINT('',(-1.449841407479E0,6.E0,6.380659780667E0));
#15251=CARTESIAN_POINT('',(-1.446512920660E0,6.E0,6.372217814097E0));
#15252=CARTESIAN_POINT('',(-1.385512001786E0,6.E0,6.217502549822E0));
#15253=CARTESIAN_POINT('',(-1.321182596092E0,6.E0,6.054345318977E0));
#15254=CARTESIAN_POINT('',(-1.260181677218E0,6.E0,5.899630054702E0));
#15255=CARTESIAN_POINT('',(-1.256853190399E0,6.E0,5.891188088132E0));
#15257=DIRECTION('',(0.E0,1.E0,0.E0));
#15258=VECTOR('',#15257,1.E0);
#15259=SURFACE_OF_LINEAR_EXTRUSION('',#15256,#15258);
#15261=ORIENTED_EDGE('',*,*,#15260,.T.);
#15262=ORIENTED_EDGE('',*,*,#13912,.T.);
#15263=ORIENTED_EDGE('',*,*,#15242,.F.);
#15264=ORIENTED_EDGE('',*,*,#6958,.F.);
#15265=EDGE_LOOP('',(#15261,#15262,#15263,#15264));
#15266=FACE_OUTER_BOUND('',#15265,.F.);
#15268=CARTESIAN_POINT('',(-1.271574312020E0,6.E0,5.929836466055E0));
#15269=CARTESIAN_POINT('',(-1.270195094142E0,6.E0,5.925445324358E0));
#15270=CARTESIAN_POINT('',(-1.248612156964E0,6.E0,5.864734660101E0));
#15271=CARTESIAN_POINT('',(-1.178745846091E0,6.E0,5.784002738570E0));
#15272=CARTESIAN_POINT('',(-1.096768827759E0,6.E0,5.796573281911E0));
#15273=CARTESIAN_POINT('',(-1.078808661047E0,6.E0,5.802863504431E0));
#15274=CARTESIAN_POINT('',(-1.074567744995E0,6.E0,5.804549495238E0));
#15276=DIRECTION('',(0.E0,1.E0,0.E0));
#15277=VECTOR('',#15276,1.E0);
#15278=SURFACE_OF_LINEAR_EXTRUSION('',#15275,#15277);
#15280=ORIENTED_EDGE('',*,*,#15279,.T.);
#15281=ORIENTED_EDGE('',*,*,#13914,.T.);
#15282=ORIENTED_EDGE('',*,*,#15260,.F.);
#15283=ORIENTED_EDGE('',*,*,#6956,.T.);
#15284=EDGE_LOOP('',(#15280,#15281,#15282,#15283));
#15285=FACE_OUTER_BOUND('',#15284,.F.);
#15287=CARTESIAN_POINT('',(-1.087681150961E0,6.E0,5.772763219068E0));
#15288=CARTESIAN_POINT('',(-1.087681150961E0,6.E0,5.781837668036E0));
#15289=CARTESIAN_POINT('',(-1.087681150961E0,6.E0,5.810742700899E0));
#15290=CARTESIAN_POINT('',(-1.087681150961E0,6.E0,5.848722182729E0));
#15291=CARTESIAN_POINT('',(-1.087681150961E0,6.E0,5.877627215591E0));
#15292=CARTESIAN_POINT('',(-1.087681150961E0,6.E0,5.886701664559E0));
#15294=DIRECTION('',(0.E0,1.E0,0.E0));
#15295=VECTOR('',#15294,1.E0);
#15296=SURFACE_OF_LINEAR_EXTRUSION('',#15293,#15295);
#15298=ORIENTED_EDGE('',*,*,#15297,.T.);
#15299=ORIENTED_EDGE('',*,*,#13916,.T.);
#15300=ORIENTED_EDGE('',*,*,#15279,.F.);
#15301=ORIENTED_EDGE('',*,*,#6954,.F.);
#15302=EDGE_LOOP('',(#15298,#15299,#15300,#15301));
#15303=FACE_OUTER_BOUND('',#15302,.F.);
#15305=CARTESIAN_POINT('',(-1.074842466810E0,6.E0,5.864990433455E0));
#15306=CARTESIAN_POINT('',(-1.078936252562E0,6.E0,5.863135745581E0));
#15307=CARTESIAN_POINT('',(-1.094838555159E0,6.E0,5.856116593862E0));
#15308=CARTESIAN_POINT('',(-1.142080555802E0,6.E0,5.842580836162E0));
#15309=CARTESIAN_POINT('',(-1.187308231766E0,6.E0,5.882795595311E0));
#15310=CARTESIAN_POINT('',(-1.197233604301E0,6.E0,5.914066908715E0));
#15311=CARTESIAN_POINT('',(-1.198099502656E0,6.E0,5.918278576260E0));
#15313=DIRECTION('',(0.E0,1.E0,0.E0));
#15314=VECTOR('',#15313,1.E0);
#15315=SURFACE_OF_LINEAR_EXTRUSION('',#15312,#15314);
#15317=ORIENTED_EDGE('',*,*,#15316,.T.);
#15318=ORIENTED_EDGE('',*,*,#13918,.T.);
#15319=ORIENTED_EDGE('',*,*,#15297,.F.);
#15320=ORIENTED_EDGE('',*,*,#6952,.T.);
#15321=EDGE_LOOP('',(#15317,#15318,#15319,#15320));
#15322=FACE_OUTER_BOUND('',#15321,.F.);
#15324=CARTESIAN_POINT('',(-1.183500824458E0,6.E0,5.880527621613E0));
#15325=CARTESIAN_POINT('',(-1.187037665944E0,6.E0,5.888884437776E0));
#15326=CARTESIAN_POINT('',(-1.200353350405E0,6.E0,5.920346613154E0));
#15327=CARTESIAN_POINT('',(-1.217205876352E0,6.E0,5.960165604694E0));
#15328=CARTESIAN_POINT('',(-1.230521560814E0,6.E0,5.991627780072E0));
#15329=CARTESIAN_POINT('',(-1.234058402300E0,6.E0,5.999984596235E0));
#15331=DIRECTION('',(0.E0,1.E0,0.E0));
#15332=VECTOR('',#15331,1.E0);
#15333=SURFACE_OF_LINEAR_EXTRUSION('',#15330,#15332);
#15335=ORIENTED_EDGE('',*,*,#15334,.T.);
#15336=ORIENTED_EDGE('',*,*,#13920,.T.);
#15337=ORIENTED_EDGE('',*,*,#15316,.F.);
#15338=ORIENTED_EDGE('',*,*,#6950,.F.);
#15339=EDGE_LOOP('',(#15335,#15336,#15337,#15338));
#15340=FACE_OUTER_BOUND('',#15339,.F.);
#15342=CARTESIAN_POINT('',(-1.233407782184E0,6.E0,5.949578186701E0));
#15343=CARTESIAN_POINT('',(-1.230087814070E0,6.E0,5.958023507049E0));
#15344=CARTESIAN_POINT('',(-1.176918488280E0,6.E0,6.093275405135E0));
#15345=CARTESIAN_POINT('',(-1.120429194376E0,6.E0,6.236972623569E0));
#15346=CARTESIAN_POINT('',(-1.067259868587E0,6.E0,6.372224521655E0));
#15347=CARTESIAN_POINT('',(-1.063939900473E0,6.E0,6.380669842004E0));
#15349=DIRECTION('',(0.E0,1.E0,0.E0));
#15350=VECTOR('',#15349,1.E0);
#15351=SURFACE_OF_LINEAR_EXTRUSION('',#15348,#15350);
#15353=ORIENTED_EDGE('',*,*,#15352,.T.);
#15354=ORIENTED_EDGE('',*,*,#13922,.T.);
#15355=ORIENTED_EDGE('',*,*,#15334,.F.);
#15356=ORIENTED_EDGE('',*,*,#6948,.F.);
#15357=EDGE_LOOP('',(#15353,#15354,#15355,#15356));
#15358=FACE_OUTER_BOUND('',#15357,.F.);
#15360=CARTESIAN_POINT('',(-1.046676457911E0,6.E0,6.355333880957E0));
#15361=CARTESIAN_POINT('',(-1.055750906879E0,6.E0,6.355333880957E0));
#15362=CARTESIAN_POINT('',(-1.089750034685E0,6.E0,6.355333880957E0));
#15363=CARTESIAN_POINT('',(-1.132823611459E0,6.E0,6.355333880957E0));
#15364=CARTESIAN_POINT('',(-1.166822739264E0,6.E0,6.355333880957E0));
#15365=CARTESIAN_POINT('',(-1.175897188232E0,6.E0,6.355333880957E0));
#15367=DIRECTION('',(0.E0,1.E0,0.E0));
#15368=VECTOR('',#15367,1.E0);
#15369=SURFACE_OF_LINEAR_EXTRUSION('',#15366,#15368);
#15371=ORIENTED_EDGE('',*,*,#15370,.T.);
#15372=ORIENTED_EDGE('',*,*,#13924,.T.);
#15373=ORIENTED_EDGE('',*,*,#15352,.F.);
#15374=ORIENTED_EDGE('',*,*,#6946,.F.);
#15375=EDGE_LOOP('',(#15371,#15372,#15373,#15374));
#15376=FACE_OUTER_BOUND('',#15375,.F.);
#15378=CARTESIAN_POINT('',(-1.139735159779E0,6.E0,6.381047896373E0));
#15379=CARTESIAN_POINT('',(-1.142714720295E0,6.E0,6.372476557901E0));
#15380=CARTESIAN_POINT('',(-1.178896863935E0,6.E0,6.268390939211E0));
#15381=CARTESIAN_POINT('',(-1.218058568091E0,6.E0,6.155733982049E0));
#15382=CARTESIAN_POINT('',(-1.254240711730E0,6.E0,6.051648363358E0));
#15383=CARTESIAN_POINT('',(-1.257220272247E0,6.E0,6.043077024886E0));
#15385=DIRECTION('',(0.E0,1.E0,0.E0));
#15386=VECTOR('',#15385,1.E0);
#15387=SURFACE_OF_LINEAR_EXTRUSION('',#15384,#15386);
#15388=ORIENTED_EDGE('',*,*,#15190,.T.);
#15389=ORIENTED_EDGE('',*,*,#13926,.T.);
#15390=ORIENTED_EDGE('',*,*,#15370,.F.);
#15391=ORIENTED_EDGE('',*,*,#6944,.F.);
#15392=EDGE_LOOP('',(#15388,#15389,#15390,#15391));
#15393=FACE_OUTER_BOUND('',#15392,.F.);
#15395=CARTESIAN_POINT('',(-1.798989640644E0,6.E0,5.974095453915E0));
#15396=DIRECTION('',(-1.E0,0.E0,0.E0));
#15397=DIRECTION('',(0.E0,0.E0,1.E0));
#15398=AXIS2_PLACEMENT_3D('',#15395,#15396,#15397);
#15399=PLANE('',#15398);
#15401=ORIENTED_EDGE('',*,*,#15400,.T.);
#15402=ORIENTED_EDGE('',*,*,#13943,.T.);
#15404=ORIENTED_EDGE('',*,*,#15403,.F.);
#15405=ORIENTED_EDGE('',*,*,#6968,.F.);
#15406=EDGE_LOOP('',(#15401,#15402,#15404,#15405));
#15407=FACE_OUTER_BOUND('',#15406,.F.);
#15409=CARTESIAN_POINT('',(-1.511901004102E0,6.E0,5.974095453915E0));
#15410=DIRECTION('',(0.E0,0.E0,-1.E0));
#15411=DIRECTION('',(-1.E0,0.E0,0.E0));
#15412=AXIS2_PLACEMENT_3D('',#15409,#15410,#15411);
#15413=PLANE('',#15412);
#15414=ORIENTED_EDGE('',*,*,#15400,.F.);
#15415=ORIENTED_EDGE('',*,*,#6990,.F.);
#15417=ORIENTED_EDGE('',*,*,#15416,.T.);
#15418=ORIENTED_EDGE('',*,*,#13945,.T.);
#15419=EDGE_LOOP('',(#15414,#15415,#15417,#15418));
#15420=FACE_OUTER_BOUND('',#15419,.F.);
#15422=CARTESIAN_POINT('',(-1.511901004102E0,6.E0,6.507883831363E0));
#15423=DIRECTION('',(1.E0,0.E0,0.E0));
#15424=DIRECTION('',(0.E0,0.E0,-1.E0));
#15425=AXIS2_PLACEMENT_3D('',#15422,#15423,#15424);
#15426=PLANE('',#15425);
#15428=ORIENTED_EDGE('',*,*,#15427,.T.);
#15429=ORIENTED_EDGE('',*,*,#13947,.T.);
#15430=ORIENTED_EDGE('',*,*,#15416,.F.);
#15431=ORIENTED_EDGE('',*,*,#6988,.F.);
#15432=EDGE_LOOP('',(#15428,#15429,#15430,#15431));
#15433=FACE_OUTER_BOUND('',#15432,.F.);
#15435=CARTESIAN_POINT('',(-1.786845682157E0,6.E0,6.507883831363E0));
#15436=DIRECTION('',(0.E0,0.E0,1.E0));
#15437=DIRECTION('',(1.E0,0.E0,0.E0));
#15438=AXIS2_PLACEMENT_3D('',#15435,#15436,#15437);
#15439=PLANE('',#15438);
#15441=ORIENTED_EDGE('',*,*,#15440,.T.);
#15442=ORIENTED_EDGE('',*,*,#13949,.T.);
#15443=ORIENTED_EDGE('',*,*,#15427,.F.);
#15444=ORIENTED_EDGE('',*,*,#6986,.F.);
#15445=EDGE_LOOP('',(#15441,#15442,#15443,#15444));
#15446=FACE_OUTER_BOUND('',#15445,.F.);
#15448=CARTESIAN_POINT('',(-1.786845682157E0,6.E0,6.446481794082E0));
#15449=DIRECTION('',(-1.E0,0.E0,0.E0));
#15450=DIRECTION('',(0.E0,0.E0,1.E0));
#15451=AXIS2_PLACEMENT_3D('',#15448,#15449,#15450);
#15452=PLANE('',#15451);
#15454=ORIENTED_EDGE('',*,*,#15453,.T.);
#15455=ORIENTED_EDGE('',*,*,#13951,.T.);
#15456=ORIENTED_EDGE('',*,*,#15440,.F.);
#15457=ORIENTED_EDGE('',*,*,#6984,.F.);
#15458=EDGE_LOOP('',(#15454,#15455,#15456,#15457));
#15459=FACE_OUTER_BOUND('',#15458,.F.);
#15461=CARTESIAN_POINT('',(-1.580807734831E0,6.E0,6.446481794082E0));
#15462=DIRECTION('',(0.E0,0.E0,-1.E0));
#15463=DIRECTION('',(-1.E0,0.E0,0.E0));
#15464=AXIS2_PLACEMENT_3D('',#15461,#15462,#15463);
#15465=PLANE('',#15464);
#15467=ORIENTED_EDGE('',*,*,#15466,.T.);
#15468=ORIENTED_EDGE('',*,*,#13953,.T.);
#15469=ORIENTED_EDGE('',*,*,#15453,.F.);
#15470=ORIENTED_EDGE('',*,*,#6982,.F.);
#15471=EDGE_LOOP('',(#15467,#15468,#15469,#15470));
#15472=FACE_OUTER_BOUND('',#15471,.F.);
#15474=CARTESIAN_POINT('',(-1.580807734831E0,6.E0,6.275647681460E0));
#15475=DIRECTION('',(-1.E0,0.E0,0.E0));
#15476=DIRECTION('',(0.E0,0.E0,1.E0));
#15477=AXIS2_PLACEMENT_3D('',#15474,#15475,#15476);
#15478=PLANE('',#15477);
#15480=ORIENTED_EDGE('',*,*,#15479,.T.);
#15481=ORIENTED_EDGE('',*,*,#13955,.T.);
#15482=ORIENTED_EDGE('',*,*,#15466,.F.);
#15483=ORIENTED_EDGE('',*,*,#6980,.F.);
#15484=EDGE_LOOP('',(#15480,#15481,#15482,#15483));
#15485=FACE_OUTER_BOUND('',#15484,.F.);
#15487=CARTESIAN_POINT('',(-1.771699846293E0,6.E0,6.275647681460E0));
#15488=DIRECTION('',(0.E0,0.E0,1.E0));
#15489=DIRECTION('',(1.E0,0.E0,0.E0));
#15490=AXIS2_PLACEMENT_3D('',#15487,#15488,#15489);
#15491=PLANE('',#15490);
#15493=ORIENTED_EDGE('',*,*,#15492,.T.);
#15494=ORIENTED_EDGE('',*,*,#13957,.T.);
#15495=ORIENTED_EDGE('',*,*,#15479,.F.);
#15496=ORIENTED_EDGE('',*,*,#6978,.F.);
#15497=EDGE_LOOP('',(#15493,#15494,#15495,#15496));
#15498=FACE_OUTER_BOUND('',#15497,.F.);
#15500=CARTESIAN_POINT('',(-1.771699846293E0,6.E0,6.214518542121E0));
#15501=DIRECTION('',(-1.E0,0.E0,0.E0));
#15502=DIRECTION('',(0.E0,0.E0,1.E0));
#15503=AXIS2_PLACEMENT_3D('',#15500,#15501,#15502);
#15504=PLANE('',#15503);
#15506=ORIENTED_EDGE('',*,*,#15505,.T.);
#15507=ORIENTED_EDGE('',*,*,#13959,.T.);
#15508=ORIENTED_EDGE('',*,*,#15492,.F.);
#15509=ORIENTED_EDGE('',*,*,#6976,.F.);
#15510=EDGE_LOOP('',(#15506,#15507,#15508,#15509));
#15511=FACE_OUTER_BOUND('',#15510,.F.);
#15513=CARTESIAN_POINT('',(-1.580807734831E0,6.E0,6.214518542121E0));
#15514=DIRECTION('',(0.E0,0.E0,-1.E0));
#15515=DIRECTION('',(-1.E0,0.E0,0.E0));
#15516=AXIS2_PLACEMENT_3D('',#15513,#15514,#15515);
#15517=PLANE('',#15516);
#15519=ORIENTED_EDGE('',*,*,#15518,.T.);
#15520=ORIENTED_EDGE('',*,*,#13961,.T.);
#15521=ORIENTED_EDGE('',*,*,#15505,.F.);
#15522=ORIENTED_EDGE('',*,*,#6974,.F.);
#15523=EDGE_LOOP('',(#15519,#15520,#15521,#15522));
#15524=FACE_OUTER_BOUND('',#15523,.F.);
#15526=CARTESIAN_POINT('',(-1.580807734831E0,6.E0,6.034951695313E0));
#15527=DIRECTION('',(-1.E0,0.E0,0.E0));
#15528=DIRECTION('',(0.E0,0.E0,1.E0));
#15529=AXIS2_PLACEMENT_3D('',#15526,#15527,#15528);
#15530=PLANE('',#15529);
#15532=ORIENTED_EDGE('',*,*,#15531,.T.);
#15533=ORIENTED_EDGE('',*,*,#13963,.T.);
#15534=ORIENTED_EDGE('',*,*,#15518,.F.);
#15535=ORIENTED_EDGE('',*,*,#6972,.F.);
#15536=EDGE_LOOP('',(#15532,#15533,#15534,#15535));
#15537=FACE_OUTER_BOUND('',#15536,.F.);
#15539=CARTESIAN_POINT('',(-1.798989640644E0,6.E0,6.034951695313E0));
#15540=DIRECTION('',(0.E0,0.E0,1.E0));
#15541=DIRECTION('',(1.E0,0.E0,0.E0));
#15542=AXIS2_PLACEMENT_3D('',#15539,#15540,#15541);
#15543=PLANE('',#15542);
#15544=ORIENTED_EDGE('',*,*,#15403,.T.);
#15545=ORIENTED_EDGE('',*,*,#13965,.T.);
#15546=ORIENTED_EDGE('',*,*,#15531,.F.);
#15547=ORIENTED_EDGE('',*,*,#6970,.F.);
#15548=EDGE_LOOP('',(#15544,#15545,#15546,#15547));
#15549=FACE_OUTER_BOUND('',#15548,.F.);
#15551=CARTESIAN_POINT('',(-2.076596850688E0,6.E0,6.446481794082E0));
#15552=CARTESIAN_POINT('',(-2.067522401720E0,6.E0,6.446481794082E0));
#15553=CARTESIAN_POINT('',(-2.031567505319E0,6.E0,6.446481794082E0));
#15554=CARTESIAN_POINT('',(-1.986538159951E0,6.E0,6.446481794082E0));
#15555=CARTESIAN_POINT('',(-1.950583263550E0,6.E0,6.446481794082E0));
#15556=CARTESIAN_POINT('',(-1.941508814582E0,6.E0,6.446481794082E0));
#15558=DIRECTION('',(0.E0,1.E0,0.E0));
#15559=VECTOR('',#15558,1.E0);
#15560=SURFACE_OF_LINEAR_EXTRUSION('',#15557,#15559);
#15562=ORIENTED_EDGE('',*,*,#15561,.T.);
#15563=ORIENTED_EDGE('',*,*,#13992,.T.);
#15565=ORIENTED_EDGE('',*,*,#15564,.F.);
#15566=ORIENTED_EDGE('',*,*,#7157,.F.);
#15567=EDGE_LOOP('',(#15562,#15563,#15565,#15566));
#15568=FACE_OUTER_BOUND('',#15567,.F.);
#15570=CARTESIAN_POINT('',(-1.968732161486E0,6.E0,6.473705140986E0));
#15571=CARTESIAN_POINT('',(-1.968732161486E0,6.E0,6.464630692018E0));
#15572=CARTESIAN_POINT('',(-1.968732161487E0,6.E0,6.318379543460E0));
#15573=CARTESIAN_POINT('',(-1.968732161487E0,6.E0,6.163053945935E0));
#15574=CARTESIAN_POINT('',(-1.968732161488E0,6.E0,6.016802797377E0));
#15575=CARTESIAN_POINT('',(-1.968732161488E0,6.E0,6.007728348409E0));
#15577=DIRECTION('',(0.E0,1.E0,0.E0));
#15578=VECTOR('',#15577,1.E0);
#15579=SURFACE_OF_LINEAR_EXTRUSION('',#15576,#15578);
#15580=ORIENTED_EDGE('',*,*,#15561,.F.);
#15581=ORIENTED_EDGE('',*,*,#7163,.F.);
#15583=ORIENTED_EDGE('',*,*,#15582,.T.);
#15584=ORIENTED_EDGE('',*,*,#13994,.T.);
#15585=EDGE_LOOP('',(#15580,#15581,#15583,#15584));
#15586=FACE_OUTER_BOUND('',#15585,.F.);
#15588=CARTESIAN_POINT('',(-1.941508814584E0,6.E0,6.034951695313E0));
#15589=CARTESIAN_POINT('',(-1.950583263552E0,6.E0,6.034951695313E0));
#15590=CARTESIAN_POINT('',(-1.985492051169E0,6.E0,6.034951695313E0));
#15591=CARTESIAN_POINT('',(-2.029475287754E0,6.E0,6.034951695313E0));
#15592=CARTESIAN_POINT('',(-2.064384075371E0,6.E0,6.034951695313E0));
#15593=CARTESIAN_POINT('',(-2.073458524339E0,6.E0,6.034951695313E0));
#15595=DIRECTION('',(0.E0,1.E0,0.E0));
#15596=VECTOR('',#15595,1.E0);
#15597=SURFACE_OF_LINEAR_EXTRUSION('',#15594,#15596);
#15599=ORIENTED_EDGE('',*,*,#15598,.T.);
#15600=ORIENTED_EDGE('',*,*,#13996,.T.);
#15601=ORIENTED_EDGE('',*,*,#15582,.F.);
#15602=ORIENTED_EDGE('',*,*,#7161,.F.);
#15603=EDGE_LOOP('',(#15599,#15600,#15601,#15602));
#15604=FACE_OUTER_BOUND('',#15603,.F.);
#15606=CARTESIAN_POINT('',(-2.032296942675E0,6.E0,6.035309624691E0));
#15607=CARTESIAN_POINT('',(-2.036887331772E0,6.E0,6.035071849744E0));
#15608=CARTESIAN_POINT('',(-2.097064996457E0,6.E0,6.033517436008E0));
#15609=CARTESIAN_POINT('',(-2.226072459343E0,6.E0,6.068912713625E0));
#15610=CARTESIAN_POINT('',(-2.280308044182E0,6.E0,6.244413735185E0));
#15611=CARTESIAN_POINT('',(-2.224175069844E0,6.E0,6.418011614353E0));
#15612=CARTESIAN_POINT('',(-2.098223333472E0,6.E0,6.447697858356E0));
#15613=CARTESIAN_POINT('',(-2.040212149372E0,6.E0,6.446378123547E0));
#15614=CARTESIAN_POINT('',(-2.035719506709E0,6.E0,6.446175379506E0));
#15616=DIRECTION('',(0.E0,1.E0,0.E0));
#15617=VECTOR('',#15616,1.E0);
#15618=SURFACE_OF_LINEAR_EXTRUSION('',#15615,#15617);
#15619=ORIENTED_EDGE('',*,*,#15564,.T.);
#15620=ORIENTED_EDGE('',*,*,#13998,.T.);
#15621=ORIENTED_EDGE('',*,*,#15598,.F.);
#15622=ORIENTED_EDGE('',*,*,#7159,.T.);
#15623=EDGE_LOOP('',(#15619,#15620,#15621,#15622));
#15624=FACE_OUTER_BOUND('',#15623,.F.);
#15626=CARTESIAN_POINT('',(-2.073867871259E0,6.E0,5.974095453915E0));
#15627=CARTESIAN_POINT('',(-2.064793422291E0,6.E0,5.974095453915E0));
#15628=CARTESIAN_POINT('',(-2.006779275458E0,6.E0,5.974095453915E0));
#15629=CARTESIAN_POINT('',(-1.939690679658E0,6.E0,5.974095453915E0));
#15630=CARTESIAN_POINT('',(-1.881676532825E0,6.E0,5.974095453915E0));
#15631=CARTESIAN_POINT('',(-1.872602083857E0,6.E0,5.974095453915E0));
#15633=DIRECTION('',(0.E0,1.E0,0.E0));
#15634=VECTOR('',#15633,1.E0);
#15635=SURFACE_OF_LINEAR_EXTRUSION('',#15632,#15634);
#15637=ORIENTED_EDGE('',*,*,#15636,.T.);
#15638=ORIENTED_EDGE('',*,*,#13982,.T.);
#15640=ORIENTED_EDGE('',*,*,#15639,.F.);
#15641=ORIENTED_EDGE('',*,*,#6994,.F.);
#15642=EDGE_LOOP('',(#15637,#15638,#15640,#15641));
#15643=FACE_OUTER_BOUND('',#15642,.F.);
#15645=CARTESIAN_POINT('',(-1.899825430761E0,6.E0,5.946872107011E0));
#15646=CARTESIAN_POINT('',(-1.899825430761E0,6.E0,5.955946555979E0));
#15647=CARTESIAN_POINT('',(-1.899825430761E0,6.E0,6.142950464096E0));
#15648=CARTESIAN_POINT('',(-1.899825430760E0,6.E0,6.339028821182E0));
#15649=CARTESIAN_POINT('',(-1.899825430759E0,6.E0,6.526032729299E0));
#15650=CARTESIAN_POINT('',(-1.899825430759E0,6.E0,6.535107178267E0));
#15652=DIRECTION('',(0.E0,1.E0,0.E0));
#15653=VECTOR('',#15652,1.E0);
#15654=SURFACE_OF_LINEAR_EXTRUSION('',#15651,#15653);
#15655=ORIENTED_EDGE('',*,*,#15636,.F.);
#15656=ORIENTED_EDGE('',*,*,#7000,.F.);
#15658=ORIENTED_EDGE('',*,*,#15657,.T.);
#15659=ORIENTED_EDGE('',*,*,#13984,.T.);
#15660=EDGE_LOOP('',(#15655,#15656,#15658,#15659));
#15661=FACE_OUTER_BOUND('',#15660,.F.);
#15663=CARTESIAN_POINT('',(-1.872602083855E0,6.E0,6.507883831363E0));
#15664=CARTESIAN_POINT('',(-1.881676532823E0,6.E0,6.507883831363E0));
#15665=CARTESIAN_POINT('',(-1.941509999278E0,6.E0,6.507883831363E0));
#15666=CARTESIAN_POINT('',(-2.010417914701E0,6.E0,6.507883831363E0));
#15667=CARTESIAN_POINT('',(-2.070251381156E0,6.E0,6.507883831363E0));
#15668=CARTESIAN_POINT('',(-2.079325830124E0,6.E0,6.507883831363E0));
#15670=DIRECTION('',(0.E0,1.E0,0.E0));
#15671=VECTOR('',#15670,1.E0);
#15672=SURFACE_OF_LINEAR_EXTRUSION('',#15669,#15671);
#15674=ORIENTED_EDGE('',*,*,#15673,.T.);
#15675=ORIENTED_EDGE('',*,*,#13986,.T.);
#15676=ORIENTED_EDGE('',*,*,#15657,.F.);
#15677=ORIENTED_EDGE('',*,*,#6998,.F.);
#15678=EDGE_LOOP('',(#15674,#15675,#15676,#15677));
#15679=FACE_OUTER_BOUND('',#15678,.F.);
#15681=CARTESIAN_POINT('',(-2.038154687004E0,6.E0,6.507598849780E0));
#15682=CARTESIAN_POINT('',(-2.042771435726E0,6.E0,6.507788435073E0));
#15683=CARTESIAN_POINT('',(-2.118292107844E0,6.E0,6.509337049300E0));
#15684=CARTESIAN_POINT('',(-2.275428296542E0,6.E0,6.464440679781E0));
#15685=CARTESIAN_POINT('',(-2.363045598744E0,6.E0,6.245080071255E0));
#15686=CARTESIAN_POINT('',(-2.277209064765E0,6.E0,6.021434349723E0));
#15687=CARTESIAN_POINT('',(-2.115076667218E0,6.E0,5.972584452522E0));
#15688=CARTESIAN_POINT('',(-2.037413415040E0,6.E0,5.974190659025E0));
#15689=CARTESIAN_POINT('',(-2.032842342616E0,6.E0,5.974380361176E0));
#15691=DIRECTION('',(0.E0,1.E0,0.E0));
#15692=VECTOR('',#15691,1.E0);
#15693=SURFACE_OF_LINEAR_EXTRUSION('',#15690,#15692);
#15694=ORIENTED_EDGE('',*,*,#15639,.T.);
#15695=ORIENTED_EDGE('',*,*,#13988,.T.);
#15696=ORIENTED_EDGE('',*,*,#15673,.F.);
#15697=ORIENTED_EDGE('',*,*,#6996,.T.);
#15698=EDGE_LOOP('',(#15694,#15695,#15696,#15697));
#15699=FACE_OUTER_BOUND('',#15698,.F.);
#15701=CARTESIAN_POINT('',(-2.612073484671E0,6.E0,6.401546810613E0));
#15702=CARTESIAN_POINT('',(-2.611987102781E0,6.E0,6.401788434078E0));
#15703=CARTESIAN_POINT('',(-2.607612796142E0,6.E0,6.414122286862E0));
#15704=CARTESIAN_POINT('',(-2.604754404734E0,6.E0,6.427261951456E0));
#15705=CARTESIAN_POINT('',(-2.602583202810E0,6.E0,6.440165355001E0));
#15706=CARTESIAN_POINT('',(-2.602540866074E0,6.E0,6.440418365101E0));
#15708=DIRECTION('',(0.E0,1.E0,0.E0));
#15709=VECTOR('',#15708,1.E0);
#15710=SURFACE_OF_LINEAR_EXTRUSION('',#15707,#15709);
#15712=ORIENTED_EDGE('',*,*,#15711,.T.);
#15713=ORIENTED_EDGE('',*,*,#14033,.T.);
#15715=ORIENTED_EDGE('',*,*,#15714,.F.);
#15716=ORIENTED_EDGE('',*,*,#7180,.T.);
#15717=EDGE_LOOP('',(#15712,#15713,#15715,#15716));
#15718=FACE_OUTER_BOUND('',#15717,.F.);
#15720=CARTESIAN_POINT('',(-2.604513982692E0,6.E0,6.453151862600E0));
#15721=CARTESIAN_POINT('',(-2.603999369670E0,6.E0,6.448663924386E0));
#15722=CARTESIAN_POINT('',(-2.601681464660E0,6.E0,6.431440791583E0));
#15723=CARTESIAN_POINT('',(-2.596584870824E0,6.E0,6.409850638924E0));
#15724=CARTESIAN_POINT('',(-2.589742517642E0,6.E0,6.393842726379E0));
#15725=CARTESIAN_POINT('',(-2.587740102187E0,6.E0,6.389764660280E0));
#15727=DIRECTION('',(0.E0,1.E0,0.E0));
#15728=VECTOR('',#15727,1.E0);
#15729=SURFACE_OF_LINEAR_EXTRUSION('',#15726,#15728);
#15730=ORIENTED_EDGE('',*,*,#15711,.F.);
#15731=ORIENTED_EDGE('',*,*,#7188,.T.);
#15733=ORIENTED_EDGE('',*,*,#15732,.T.);
#15734=ORIENTED_EDGE('',*,*,#14035,.T.);
#15735=EDGE_LOOP('',(#15730,#15731,#15733,#15734));
#15736=FACE_OUTER_BOUND('',#15735,.F.);
#15738=CARTESIAN_POINT('',(-2.602338712846E0,6.E0,6.427888238621E0));
#15739=CARTESIAN_POINT('',(-2.599266693953E0,6.E0,6.419349601494E0));
#15740=CARTESIAN_POINT('',(-2.569587125574E0,6.E0,6.336855621682E0));
#15741=CARTESIAN_POINT('',(-2.536835538301E0,6.E0,6.245823004743E0));
#15742=CARTESIAN_POINT('',(-2.507155969921E0,6.E0,6.163329024931E0));
#15743=CARTESIAN_POINT('',(-2.504083951029E0,6.E0,6.154790387803E0));
#15745=DIRECTION('',(0.E0,1.E0,0.E0));
#15746=VECTOR('',#15745,1.E0);
#15747=SURFACE_OF_LINEAR_EXTRUSION('',#15744,#15746);
#15749=ORIENTED_EDGE('',*,*,#15748,.T.);
#15750=ORIENTED_EDGE('',*,*,#14037,.T.);
#15751=ORIENTED_EDGE('',*,*,#15732,.F.);
#15752=ORIENTED_EDGE('',*,*,#7186,.F.);
#15753=EDGE_LOOP('',(#15749,#15750,#15751,#15752));
#15754=FACE_OUTER_BOUND('',#15753,.F.);
#15756=CARTESIAN_POINT('',(-2.486076660802E0,6.E0,6.180406299186E0));
#15757=CARTESIAN_POINT('',(-2.495151109770E0,6.E0,6.180406299186E0));
#15758=CARTESIAN_POINT('',(-2.563944725370E0,6.E0,6.180406299186E0));
#15759=CARTESIAN_POINT('',(-2.641812789938E0,6.E0,6.180406299186E0));
#15760=CARTESIAN_POINT('',(-2.710606405537E0,6.E0,6.180406299186E0));
#15761=CARTESIAN_POINT('',(-2.719680854505E0,6.E0,6.180406299186E0));
#15763=DIRECTION('',(0.E0,1.E0,0.E0));
#15764=VECTOR('',#15763,1.E0);
#15765=SURFACE_OF_LINEAR_EXTRUSION('',#15762,#15764);
#15767=ORIENTED_EDGE('',*,*,#15766,.T.);
#15768=ORIENTED_EDGE('',*,*,#14039,.T.);
#15769=ORIENTED_EDGE('',*,*,#15748,.F.);
#15770=ORIENTED_EDGE('',*,*,#7184,.F.);
#15771=EDGE_LOOP('',(#15767,#15768,#15769,#15770));
#15772=FACE_OUTER_BOUND('',#15771,.F.);
#15774=CARTESIAN_POINT('',(-2.701757107188E0,6.E0,6.154820598801E0));
#15775=CARTESIAN_POINT('',(-2.698657240659E0,6.E0,6.163349165596E0));
#15776=CARTESIAN_POINT('',(-2.668676926696E0,6.E0,6.245833075075E0));
#15777=CARTESIAN_POINT('',(-2.635596746204E0,6.E0,6.336845551349E0));
#15778=CARTESIAN_POINT('',(-2.605616432240E0,6.E0,6.419329460828E0));
#15779=CARTESIAN_POINT('',(-2.602516565711E0,6.E0,6.427858027623E0));
#15781=DIRECTION('',(0.E0,1.E0,0.E0));
#15782=VECTOR('',#15781,1.E0);
#15783=SURFACE_OF_LINEAR_EXTRUSION('',#15780,#15782);
#15784=ORIENTED_EDGE('',*,*,#15714,.T.);
#15785=ORIENTED_EDGE('',*,*,#14041,.T.);
#15786=ORIENTED_EDGE('',*,*,#15766,.F.);
#15787=ORIENTED_EDGE('',*,*,#7182,.F.);
#15788=EDGE_LOOP('',(#15784,#15785,#15786,#15787));
#15789=FACE_OUTER_BOUND('',#15788,.F.);
#15791=CARTESIAN_POINT('',(-2.844325213151E0,6.E0,5.974095453915E0));
#15792=DIRECTION('',(-9.345104387413E-1,0.E0,3.559357243710E-1));
#15793=DIRECTION('',(3.559357243710E-1,0.E0,9.345104387413E-1));
#15794=AXIS2_PLACEMENT_3D('',#15791,#15792,#15793);
#15795=PLANE('',#15794);
#15797=ORIENTED_EDGE('',*,*,#15796,.T.);
#15798=ORIENTED_EDGE('',*,*,#14015,.T.);
#15800=ORIENTED_EDGE('',*,*,#15799,.F.);
#15801=ORIENTED_EDGE('',*,*,#7004,.F.);
#15802=EDGE_LOOP('',(#15797,#15798,#15800,#15801));
#15803=FACE_OUTER_BOUND('',#15802,.F.);
#15805=CARTESIAN_POINT('',(-2.768186686923E0,6.E0,5.974095453915E0));
#15806=DIRECTION('',(0.E0,0.E0,-1.E0));
#15807=DIRECTION('',(-1.E0,0.E0,0.E0));
#15808=AXIS2_PLACEMENT_3D('',#15805,#15806,#15807);
#15809=PLANE('',#15808);
#15810=ORIENTED_EDGE('',*,*,#15796,.F.);
#15811=ORIENTED_EDGE('',*,*,#7018,.F.);
#15813=ORIENTED_EDGE('',*,*,#15812,.T.);
#15814=ORIENTED_EDGE('',*,*,#14017,.T.);
#15815=EDGE_LOOP('',(#15810,#15811,#15813,#15814));
#15816=FACE_OUTER_BOUND('',#15815,.F.);
#15818=CARTESIAN_POINT('',(-2.713743547200E0,6.E0,6.120095853675E0));
#15819=DIRECTION('',(9.369753459537E-1,0.E0,-3.493954794714E-1));
#15820=DIRECTION('',(-3.493954794714E-1,0.E0,-9.369753459537E-1));
#15821=AXIS2_PLACEMENT_3D('',#15818,#15819,#15820);
#15822=PLANE('',#15821);
#15824=ORIENTED_EDGE('',*,*,#15823,.T.);
#15825=ORIENTED_EDGE('',*,*,#14019,.T.);
#15826=ORIENTED_EDGE('',*,*,#15812,.F.);
#15827=ORIENTED_EDGE('',*,*,#7016,.F.);
#15828=EDGE_LOOP('',(#15824,#15825,#15826,#15827));
#15829=FACE_OUTER_BOUND('',#15828,.F.);
#15831=CARTESIAN_POINT('',(-2.491468172235E0,6.E0,6.120095853675E0));
#15832=DIRECTION('',(0.E0,0.E0,-1.E0));
#15833=DIRECTION('',(-1.E0,0.E0,0.E0));
#15834=AXIS2_PLACEMENT_3D('',#15831,#15832,#15833);
#15835=PLANE('',#15834);
#15837=ORIENTED_EDGE('',*,*,#15836,.T.);
#15838=ORIENTED_EDGE('',*,*,#14021,.T.);
#15839=ORIENTED_EDGE('',*,*,#15823,.F.);
#15840=ORIENTED_EDGE('',*,*,#7014,.F.);
#15841=EDGE_LOOP('',(#15837,#15838,#15839,#15840));
#15842=FACE_OUTER_BOUND('',#15841,.F.);
#15844=CARTESIAN_POINT('',(-2.440163358852E0,6.E0,5.974095453915E0));
#15845=DIRECTION('',(-9.434452330623E-1,0.E0,-3.315284184079E-1));
#15846=DIRECTION('',(-3.315284184079E-1,0.E0,9.434452330623E-1));
#15847=AXIS2_PLACEMENT_3D('',#15844,#15845,#15846);
#15848=PLANE('',#15847);
#15850=ORIENTED_EDGE('',*,*,#15849,.T.);
#15851=ORIENTED_EDGE('',*,*,#14023,.T.);
#15852=ORIENTED_EDGE('',*,*,#15836,.F.);
#15853=ORIENTED_EDGE('',*,*,#7012,.F.);
#15854=EDGE_LOOP('',(#15850,#15851,#15852,#15853));
#15855=FACE_OUTER_BOUND('',#15854,.F.);
#15857=CARTESIAN_POINT('',(-2.364024832623E0,6.E0,5.974095453915E0));
#15858=DIRECTION('',(0.E0,0.E0,-1.E0));
#15859=DIRECTION('',(-1.E0,0.E0,0.E0));
#15860=AXIS2_PLACEMENT_3D('',#15857,#15858,#15859);
#15861=PLANE('',#15860);
#15863=ORIENTED_EDGE('',*,*,#15862,.T.);
#15864=ORIENTED_EDGE('',*,*,#14025,.T.);
#15865=ORIENTED_EDGE('',*,*,#15849,.F.);
#15866=ORIENTED_EDGE('',*,*,#7010,.F.);
#15867=EDGE_LOOP('',(#15863,#15864,#15865,#15866));
#15868=FACE_OUTER_BOUND('',#15867,.F.);
#15870=CARTESIAN_POINT('',(-2.567333800517E0,6.E0,6.507883831363E0));
#15871=DIRECTION('',(9.345104387424E-1,0.E0,3.559357243682E-1));
#15872=DIRECTION('',(3.559357243682E-1,0.E0,-9.345104387424E-1));
#15873=AXIS2_PLACEMENT_3D('',#15870,#15871,#15872);
#15874=PLANE('',#15873);
#15876=ORIENTED_EDGE('',*,*,#15875,.T.);
#15877=ORIENTED_EDGE('',*,*,#14027,.T.);
#15878=ORIENTED_EDGE('',*,*,#15862,.F.);
#15879=ORIENTED_EDGE('',*,*,#7008,.F.);
#15880=EDGE_LOOP('',(#15876,#15877,#15878,#15879));
#15881=FACE_OUTER_BOUND('',#15880,.F.);
#15883=CARTESIAN_POINT('',(-2.641016245256E0,6.E0,6.507883831363E0));
#15884=DIRECTION('',(0.E0,0.E0,1.E0));
#15885=DIRECTION('',(1.E0,0.E0,0.E0));
#15886=AXIS2_PLACEMENT_3D('',#15883,#15884,#15885);
#15887=PLANE('',#15886);
#15888=ORIENTED_EDGE('',*,*,#15799,.T.);
#15889=ORIENTED_EDGE('',*,*,#14029,.T.);
#15890=ORIENTED_EDGE('',*,*,#15875,.F.);
#15891=ORIENTED_EDGE('',*,*,#7006,.F.);
#15892=EDGE_LOOP('',(#15888,#15889,#15890,#15891));
#15893=FACE_OUTER_BOUND('',#15892,.F.);
#15895=CARTESIAN_POINT('',(7.737561587985E-1,6.E0,6.985131523417E0));
#15896=CARTESIAN_POINT('',(7.755327722120E-1,6.E0,6.990352183618E0));
#15897=CARTESIAN_POINT('',(8.176965583760E-1,6.E0,7.109635563210E0));
#15898=CARTESIAN_POINT('',(1.000641534446E0,6.E0,7.377558856550E0));
#15899=CARTESIAN_POINT('',(1.475124962226E0,6.E0,7.559805994762E0));
#15900=CARTESIAN_POINT('',(1.907044991758E0,6.E0,7.419160412536E0));
#15901=CARTESIAN_POINT('',(2.078833617313E0,6.E0,7.241417926380E0));
#15902=CARTESIAN_POINT('',(2.129428961602E0,6.E0,7.174119662106E0));
#15903=CARTESIAN_POINT('',(2.132704295042E0,6.E0,7.169689946117E0));
#15905=DIRECTION('',(0.E0,1.E0,0.E0));
#15906=VECTOR('',#15905,1.E0);
#15907=SURFACE_OF_LINEAR_EXTRUSION('',#15904,#15906);
#15909=ORIENTED_EDGE('',*,*,#15908,.T.);
#15910=ORIENTED_EDGE('',*,*,#14058,.T.);
#15912=ORIENTED_EDGE('',*,*,#15911,.F.);
#15913=ORIENTED_EDGE('',*,*,#7022,.F.);
#15914=EDGE_LOOP('',(#15909,#15910,#15912,#15913));
#15915=FACE_OUTER_BOUND('',#15914,.F.);
#15917=CARTESIAN_POINT('',(9.037962373222E-1,6.E0,5.971228349599E0));
#15918=CARTESIAN_POINT('',(8.989742899056E-1,6.E0,5.971492107120E0));
#15919=CARTESIAN_POINT('',(7.661427179266E-1,6.E0,5.980829517040E0));
#15920=CARTESIAN_POINT('',(5.076791206469E-1,6.E0,6.109980065650E0));
#15921=CARTESIAN_POINT('',(3.087737458031E-1,6.E0,6.580891958122E0));
#15922=CARTESIAN_POINT('',(5.850922369701E-1,6.E0,6.943303734089E0));
#15923=CARTESIAN_POINT('',(7.884866546979E-1,6.E0,7.003557627545E0));
#15924=CARTESIAN_POINT('',(7.931164994523E-1,6.E0,7.004837699965E0));
#15926=DIRECTION('',(0.E0,1.E0,0.E0));
#15927=VECTOR('',#15926,1.E0);
#15928=SURFACE_OF_LINEAR_EXTRUSION('',#15925,#15927);
#15929=ORIENTED_EDGE('',*,*,#15908,.F.);
#15930=ORIENTED_EDGE('',*,*,#7052,.F.);
#15932=ORIENTED_EDGE('',*,*,#15931,.T.);
#15933=ORIENTED_EDGE('',*,*,#14060,.T.);
#15934=EDGE_LOOP('',(#15929,#15930,#15932,#15933));
#15935=FACE_OUTER_BOUND('',#15934,.F.);
#15937=CARTESIAN_POINT('',(9.009458167894E-1,6.E0,5.972244188618E0));
#15938=CARTESIAN_POINT('',(9.008699133670E-1,6.E0,5.972244188618E0));
#15939=CARTESIAN_POINT('',(8.969988388238E-1,6.E0,5.972244188618E0));
#15940=CARTESIAN_POINT('',(8.930518608582E-1,6.E0,5.972244188618E0));
#15941=CARTESIAN_POINT('',(8.891807863151E-1,6.E0,5.972244188618E0));
#15942=CARTESIAN_POINT('',(8.891048828926E-1,6.E0,5.972244188618E0));
#15944=DIRECTION('',(0.E0,1.E0,0.E0));
#15945=VECTOR('',#15944,1.E0);
#15946=SURFACE_OF_LINEAR_EXTRUSION('',#15943,#15945);
#15948=ORIENTED_EDGE('',*,*,#15947,.T.);
#15949=ORIENTED_EDGE('',*,*,#14062,.T.);
#15950=ORIENTED_EDGE('',*,*,#15931,.F.);
#15951=ORIENTED_EDGE('',*,*,#7050,.F.);
#15952=EDGE_LOOP('',(#15948,#15949,#15950,#15951));
#15953=FACE_OUTER_BOUND('',#15952,.F.);
#15955=CARTESIAN_POINT('',(9.123313301498E-1,6.E0,5.972244188618E0));
#15956=CARTESIAN_POINT('',(9.122554267274E-1,6.E0,5.972244188618E0));
#15957=CARTESIAN_POINT('',(9.083843521848E-1,6.E0,5.972244188618E0));
#15958=CARTESIAN_POINT('',(9.044373742199E-1,6.E0,5.972244188618E0));
#15959=CARTESIAN_POINT('',(9.005662996773E-1,6.E0,5.972244188618E0));
#15960=CARTESIAN_POINT('',(9.004903962549E-1,6.E0,5.972244188618E0));
#15962=DIRECTION('',(0.E0,1.E0,0.E0));
#15963=VECTOR('',#15962,1.E0);
#15964=SURFACE_OF_LINEAR_EXTRUSION('',#15961,#15963);
#15966=ORIENTED_EDGE('',*,*,#15965,.T.);
#15967=ORIENTED_EDGE('',*,*,#14064,.T.);
#15968=ORIENTED_EDGE('',*,*,#15947,.F.);
#15969=ORIENTED_EDGE('',*,*,#7048,.F.);
#15970=EDGE_LOOP('',(#15966,#15967,#15968,#15969));
#15971=FACE_OUTER_BOUND('',#15970,.F.);
#15973=CARTESIAN_POINT('',(1.140471518745E0,6.E0,5.972244188618E0));
#15974=CARTESIAN_POINT('',(1.131397069777E0,6.E0,5.972244188618E0));
#15975=CARTESIAN_POINT('',(1.055274436823E0,6.E0,5.972244188618E0));
#15976=CARTESIAN_POINT('',(9.700773549007E-1,6.E0,5.972244188618E0));
#15977=CARTESIAN_POINT('',(8.939547219466E-1,6.E0,5.972244188618E0));
#15978=CARTESIAN_POINT('',(8.848802729786E-1,6.E0,5.972244188618E0));
#15980=DIRECTION('',(0.E0,1.E0,0.E0));
#15981=VECTOR('',#15980,1.E0);
#15982=SURFACE_OF_LINEAR_EXTRUSION('',#15979,#15981);
#15984=ORIENTED_EDGE('',*,*,#15983,.T.);
#15985=ORIENTED_EDGE('',*,*,#14066,.T.);
#15986=ORIENTED_EDGE('',*,*,#15965,.F.);
#15987=ORIENTED_EDGE('',*,*,#7046,.F.);
#15988=EDGE_LOOP('',(#15984,#15985,#15986,#15987));
#15989=FACE_OUTER_BOUND('',#15988,.F.);
#15991=CARTESIAN_POINT('',(1.067928849915E0,6.E0,6.207892396856E0));
#15992=CARTESIAN_POINT('',(1.073067944166E0,6.E0,6.204791906115E0));
#15993=CARTESIAN_POINT('',(1.085861851661E0,6.E0,6.202102069575E0));
#15994=CARTESIAN_POINT('',(1.151869406380E0,6.E0,6.225149585823E0));
#15995=CARTESIAN_POINT('',(1.282874866376E0,6.E0,6.087813386725E0));
#15996=CARTESIAN_POINT('',(1.161638081792E0,6.E0,5.970557666041E0));
#15997=CARTESIAN_POINT('',(1.103498013734E0,6.E0,5.972064575119E0));
#15998=CARTESIAN_POINT('',(1.098712861489E0,6.E0,5.972658545617E0));
#16000=DIRECTION('',(0.E0,1.E0,0.E0));
#16001=VECTOR('',#16000,1.E0);
#16002=SURFACE_OF_LINEAR_EXTRUSION('',#15999,#16001);
#16004=ORIENTED_EDGE('',*,*,#16003,.T.);
#16005=ORIENTED_EDGE('',*,*,#14068,.T.);
#16006=ORIENTED_EDGE('',*,*,#15983,.F.);
#16007=ORIENTED_EDGE('',*,*,#7044,.F.);
#16008=EDGE_LOOP('',(#16004,#16005,#16006,#16007));
#16009=FACE_OUTER_BOUND('',#16008,.F.);
#16011=CARTESIAN_POINT('',(8.848804177520E-1,6.E0,6.203750157801E0));
#16012=CARTESIAN_POINT('',(8.939548667200E-1,6.E0,6.203750157801E0));
#16013=CARTESIAN_POINT('',(9.599570272671E-1,6.E0,6.203750157801E0));
#16014=CARTESIAN_POINT('',(1.035033636782E0,6.E0,6.203750157801E0));
#16015=CARTESIAN_POINT('',(1.101035797330E0,6.E0,6.203750157801E0));
#16016=CARTESIAN_POINT('',(1.110110246298E0,6.E0,6.203750157801E0));
#16018=DIRECTION('',(0.E0,1.E0,0.E0));
#16019=VECTOR('',#16018,1.E0);
#16020=SURFACE_OF_LINEAR_EXTRUSION('',#16017,#16019);
#16022=ORIENTED_EDGE('',*,*,#16021,.T.);
#16023=ORIENTED_EDGE('',*,*,#14070,.T.);
#16024=ORIENTED_EDGE('',*,*,#16003,.F.);
#16025=ORIENTED_EDGE('',*,*,#7042,.F.);
#16026=EDGE_LOOP('',(#16022,#16023,#16024,#16025));
#16027=FACE_OUTER_BOUND('',#16026,.F.);
#16029=CARTESIAN_POINT('',(9.799845201799E-1,6.E0,6.796179848558E0));
#16030=CARTESIAN_POINT('',(9.750507622155E-1,6.E0,6.795883977389E0));
#16031=CARTESIAN_POINT('',(9.600000207599E-1,6.E0,6.795621443492E0));
#16032=CARTESIAN_POINT('',(8.060132015530E-1,6.E0,6.801197207762E0));
#16033=CARTESIAN_POINT('',(4.914241888253E-1,6.E0,6.508480940409E0));
#16034=CARTESIAN_POINT('',(7.832951131575E-1,6.E0,6.208283231657E0));
#16035=CARTESIAN_POINT('',(9.218485437536E-1,6.E0,6.203215259213E0));
#16036=CARTESIAN_POINT('',(9.267004481475E-1,6.E0,6.203222638434E0));
#16038=DIRECTION('',(0.E0,1.E0,0.E0));
#16039=VECTOR('',#16038,1.E0);
#16040=SURFACE_OF_LINEAR_EXTRUSION('',#16037,#16039);
#16042=ORIENTED_EDGE('',*,*,#16041,.T.);
#16043=ORIENTED_EDGE('',*,*,#14072,.T.);
#16044=ORIENTED_EDGE('',*,*,#16021,.F.);
#16045=ORIENTED_EDGE('',*,*,#7040,.F.);
#16046=EDGE_LOOP('',(#16042,#16043,#16044,#16045));
#16047=FACE_OUTER_BOUND('',#16046,.F.);
#16049=CARTESIAN_POINT('',(2.009558709359E0,6.E0,6.891976254019E0));
#16050=CARTESIAN_POINT('',(2.008162754868E0,6.E0,6.896616700854E0));
#16051=CARTESIAN_POINT('',(1.943265799894E0,6.E0,7.099328634773E0));
#16052=CARTESIAN_POINT('',(1.466677016287E0,6.E0,7.469925657628E0));
#16053=CARTESIAN_POINT('',(9.870363350134E-1,6.E0,7.026928245097E0));
#16054=CARTESIAN_POINT('',(9.642291193578E-1,6.E0,6.786161584691E0));
#16055=CARTESIAN_POINT('',(9.638686929433E-1,6.E0,6.781343534160E0));
#16057=DIRECTION('',(0.E0,1.E0,0.E0));
#16058=VECTOR('',#16057,1.E0);
#16059=SURFACE_OF_LINEAR_EXTRUSION('',#16056,#16058);
#16061=ORIENTED_EDGE('',*,*,#16060,.T.);
#16062=ORIENTED_EDGE('',*,*,#14074,.T.);
#16063=ORIENTED_EDGE('',*,*,#16041,.F.);
#16064=ORIENTED_EDGE('',*,*,#7038,.F.);
#16065=EDGE_LOOP('',(#16061,#16062,#16063,#16064));
#16066=FACE_OUTER_BOUND('',#16065,.F.);
#16068=CARTESIAN_POINT('',(2.344802585576E0,6.E0,6.228404852154E0));
#16069=CARTESIAN_POINT('',(2.349246097667E0,6.E0,6.230197453991E0));
#16070=CARTESIAN_POINT('',(2.480742432074E0,6.E0,6.286791522864E0));
#16071=CARTESIAN_POINT('',(2.727352930934E0,6.E0,6.626402161825E0));
#16072=CARTESIAN_POINT('',(2.315079360102E0,6.E0,7.027355923682E0));
#16073=CARTESIAN_POINT('',(2.060035312900E0,6.E0,6.940055743410E0));
#16074=CARTESIAN_POINT('',(1.996932014063E0,6.E0,6.900862777307E0));
#16075=CARTESIAN_POINT('',(1.992917161134E0,6.E0,6.898285411073E0));
#16077=DIRECTION('',(0.E0,1.E0,0.E0));
#16078=VECTOR('',#16077,1.E0);
#16079=SURFACE_OF_LINEAR_EXTRUSION('',#16076,#16078);
#16081=ORIENTED_EDGE('',*,*,#16080,.T.);
#16082=ORIENTED_EDGE('',*,*,#14076,.T.);
#16083=ORIENTED_EDGE('',*,*,#16060,.F.);
#16084=ORIENTED_EDGE('',*,*,#7036,.F.);
#16085=EDGE_LOOP('',(#16081,#16082,#16083,#16084));
#16086=FACE_OUTER_BOUND('',#16085,.F.);
#16088=CARTESIAN_POINT('',(1.707646947587E0,6.E0,6.344556454577E0));
#16089=CARTESIAN_POINT('',(1.710572659250E0,6.E0,6.348277185139E0));
#16090=CARTESIAN_POINT('',(1.779553165247E0,6.E0,6.432255080384E0));
#16091=CARTESIAN_POINT('',(2.042666751248E0,6.E0,6.560339348652E0));
#16092=CARTESIAN_POINT('',(2.312867212445E0,6.E0,6.366850718781E0));
#16093=CARTESIAN_POINT('',(2.361229349743E0,6.E0,6.225201920482E0));
#16094=CARTESIAN_POINT('',(2.362640757323E0,6.E0,6.220708851429E0));
#16096=DIRECTION('',(0.E0,1.E0,0.E0));
#16097=VECTOR('',#16096,1.E0);
#16098=SURFACE_OF_LINEAR_EXTRUSION('',#16095,#16097);
#16100=ORIENTED_EDGE('',*,*,#16099,.T.);
#16101=ORIENTED_EDGE('',*,*,#14078,.T.);
#16102=ORIENTED_EDGE('',*,*,#16080,.F.);
#16103=ORIENTED_EDGE('',*,*,#7034,.F.);
#16104=EDGE_LOOP('',(#16100,#16101,#16102,#16103));
#16105=FACE_OUTER_BOUND('',#16104,.F.);
#16107=CARTESIAN_POINT('',(1.183998309115E0,6.E0,6.633825088904E0));
#16108=CARTESIAN_POINT('',(1.192041436457E0,6.E0,6.629623455098E0));
#16109=CARTESIAN_POINT('',(1.369602633453E0,6.E0,6.536867603281E0));
#16110=CARTESIAN_POINT('',(1.555206957791E0,6.E0,6.439910117659E0));
#16111=CARTESIAN_POINT('',(1.732768154786E0,6.E0,6.347154265842E0));
#16112=CARTESIAN_POINT('',(1.740811282128E0,6.E0,6.342952632036E0));
#16114=DIRECTION('',(0.E0,1.E0,0.E0));
#16115=VECTOR('',#16114,1.E0);
#16116=SURFACE_OF_LINEAR_EXTRUSION('',#16113,#16115);
#16118=ORIENTED_EDGE('',*,*,#16117,.T.);
#16119=ORIENTED_EDGE('',*,*,#14080,.T.);
#16120=ORIENTED_EDGE('',*,*,#16099,.F.);
#16121=ORIENTED_EDGE('',*,*,#7032,.F.);
#16122=EDGE_LOOP('',(#16118,#16119,#16120,#16121));
#16123=FACE_OUTER_BOUND('',#16122,.F.);
#16125=CARTESIAN_POINT('',(1.076732538739E0,6.E0,6.396576703337E0));
#16126=CARTESIAN_POINT('',(1.081314074199E0,6.E0,6.404409656605E0));
#16127=CARTESIAN_POINT('',(1.125112458333E0,6.E0,6.479290817989E0));
#16128=CARTESIAN_POINT('',(1.173492377926E0,6.E0,6.562004932640E0));
#16129=CARTESIAN_POINT('',(1.217290762060E0,6.E0,6.636886094024E0));
#16130=CARTESIAN_POINT('',(1.221872297520E0,6.E0,6.644719047292E0));
#16132=DIRECTION('',(0.E0,1.E0,0.E0));
#16133=VECTOR('',#16132,1.E0);
#16134=SURFACE_OF_LINEAR_EXTRUSION('',#16131,#16133);
#16136=ORIENTED_EDGE('',*,*,#16135,.T.);
#16137=ORIENTED_EDGE('',*,*,#14082,.T.);
#16138=ORIENTED_EDGE('',*,*,#16117,.F.);
#16139=ORIENTED_EDGE('',*,*,#7030,.F.);
#16140=EDGE_LOOP('',(#16136,#16137,#16138,#16139));
#16141=FACE_OUTER_BOUND('',#16140,.F.);
#16143=CARTESIAN_POINT('',(1.645870476718E0,6.E0,6.126510531574E0));
#16144=CARTESIAN_POINT('',(1.637847802209E0,6.E0,6.130751087882E0));
#16145=CARTESIAN_POINT('',(1.452716691676E0,6.E0,6.228606098404E0));
#16146=CARTESIAN_POINT('',(1.259562906634E0,6.E0,6.330701665234E0));
#16147=CARTESIAN_POINT('',(1.074431796100E0,6.E0,6.428556675757E0));
#16148=CARTESIAN_POINT('',(1.066409121592E0,6.E0,6.432797232064E0));
#16150=DIRECTION('',(0.E0,1.E0,0.E0));
#16151=VECTOR('',#16150,1.E0);
#16152=SURFACE_OF_LINEAR_EXTRUSION('',#16149,#16151);
#16154=ORIENTED_EDGE('',*,*,#16153,.T.);
#16155=ORIENTED_EDGE('',*,*,#14084,.T.);
#16156=ORIENTED_EDGE('',*,*,#16135,.F.);
#16157=ORIENTED_EDGE('',*,*,#7028,.F.);
#16158=EDGE_LOOP('',(#16154,#16155,#16156,#16157));
#16159=FACE_OUTER_BOUND('',#16158,.F.);
#16161=CARTESIAN_POINT('',(2.366018306143E0,6.E0,5.993830897428E0));
#16162=CARTESIAN_POINT('',(2.364759693097E0,6.E0,5.989148620336E0));
#16163=CARTESIAN_POINT('',(2.321435180946E0,6.E0,5.843333651912E0));
#16164=CARTESIAN_POINT('',(1.964910653082E0,6.E0,5.567984066108E0));
#16165=CARTESIAN_POINT('',(1.615058776967E0,6.E0,5.935568648609E0));
#16166=CARTESIAN_POINT('',(1.621973975200E0,6.E0,6.131439916110E0));
#16167=CARTESIAN_POINT('',(1.621736394475E0,6.E0,6.148981849998E0));
#16168=CARTESIAN_POINT('',(1.621527952947E0,6.E0,6.153870829884E0));
#16170=DIRECTION('',(0.E0,1.E0,0.E0));
#16171=VECTOR('',#16170,1.E0);
#16172=SURFACE_OF_LINEAR_EXTRUSION('',#16169,#16171);
#16174=ORIENTED_EDGE('',*,*,#16173,.T.);
#16175=ORIENTED_EDGE('',*,*,#14086,.T.);
#16176=ORIENTED_EDGE('',*,*,#16153,.F.);
#16177=ORIENTED_EDGE('',*,*,#7026,.F.);
#16178=EDGE_LOOP('',(#16174,#16175,#16176,#16177));
#16179=FACE_OUTER_BOUND('',#16178,.F.);
#16181=CARTESIAN_POINT('',(2.104259497301E0,6.E0,7.180563610793E0));
#16182=CARTESIAN_POINT('',(2.110426140339E0,6.E0,7.181347215060E0));
#16183=CARTESIAN_POINT('',(2.145560384156E0,6.E0,7.185835804602E0));
#16184=CARTESIAN_POINT('',(2.337603088868E0,6.E0,7.207364249130E0));
#16185=CARTESIAN_POINT('',(2.694204248076E0,6.E0,7.054423022002E0));
#16186=CARTESIAN_POINT('',(2.886338172935E0,6.E0,6.584470896932E0));
#16187=CARTESIAN_POINT('',(2.720326416979E0,6.E0,6.152651195829E0));
#16188=CARTESIAN_POINT('',(2.470437173227E0,6.E0,6.005977237427E0));
#16189=CARTESIAN_POINT('',(2.349819248563E0,6.E0,5.976825330379E0));
#16190=CARTESIAN_POINT('',(2.343776346401E0,6.E0,5.975463827428E0));
#16192=DIRECTION('',(0.E0,1.E0,0.E0));
#16193=VECTOR('',#16192,1.E0);
#16194=SURFACE_OF_LINEAR_EXTRUSION('',#16191,#16193);
#16195=ORIENTED_EDGE('',*,*,#15911,.T.);
#16196=ORIENTED_EDGE('',*,*,#14088,.T.);
#16197=ORIENTED_EDGE('',*,*,#16173,.F.);
#16198=ORIENTED_EDGE('',*,*,#7024,.F.);
#16199=EDGE_LOOP('',(#16195,#16196,#16197,#16198));
#16200=FACE_OUTER_BOUND('',#16199,.F.);
#16204=CARTESIAN_POINT('',(-1.53E0,2.65E0,8.E-1));
#16205=DIRECTION('',(0.E0,0.E0,-1.E0));
#16206=DIRECTION('',(1.E0,0.E0,0.E0));
#16207=AXIS2_PLACEMENT_3D('',#16204,#16205,#16206);
#16209=CARTESIAN_POINT('',(-1.53E0,2.65E0,8.E-1));
#16210=DIRECTION('',(0.E0,0.E0,-1.E0));
#16211=DIRECTION('',(-1.E0,0.E0,0.E0));
#16212=AXIS2_PLACEMENT_3D('',#16209,#16210,#16211);
#16214=DIRECTION('',(0.E0,0.E0,-1.E0));
#16215=VECTOR('',#16214,3.E0);
#16216=CARTESIAN_POINT('',(-1.3E0,2.65E0,8.E-1));
#16217=LINE('',#16216,#16215);
#16218=DIRECTION('',(0.E0,0.E0,-1.E0));
#16219=VECTOR('',#16218,3.E0);
#16220=CARTESIAN_POINT('',(-1.76E0,2.65E0,8.E-1));
#16221=LINE('',#16220,#16219);
#16222=CARTESIAN_POINT('',(-1.53E0,2.65E0,-2.2E0));
#16223=DIRECTION('',(0.E0,0.E0,-1.E0));
#16224=DIRECTION('',(1.E0,0.E0,0.E0));
#16225=AXIS2_PLACEMENT_3D('',#16222,#16223,#16224);
#16227=CARTESIAN_POINT('',(-1.53E0,2.65E0,-2.2E0));
#16228=DIRECTION('',(0.E0,0.E0,-1.E0));
#16229=DIRECTION('',(-1.E0,0.E0,0.E0));
#16230=AXIS2_PLACEMENT_3D('',#16227,#16228,#16229);
#16232=CARTESIAN_POINT('',(-1.3E0,2.65E0,8.E-1));
#16233=CARTESIAN_POINT('',(-1.76E0,2.65E0,8.E-1));
#16234=VERTEX_POINT('',#16232);
#16235=VERTEX_POINT('',#16233);
#16236=CARTESIAN_POINT('',(-1.3E0,2.65E0,-2.2E0));
#16237=CARTESIAN_POINT('',(-1.76E0,2.65E0,-2.2E0));
#16238=VERTEX_POINT('',#16236);
#16239=VERTEX_POINT('',#16237);
#16240=CARTESIAN_POINT('',(0.E0,0.E0,8.E-1));
#16241=DIRECTION('',(0.E0,0.E0,-1.E0));
#16242=DIRECTION('',(1.E0,0.E0,0.E0));
#16243=AXIS2_PLACEMENT_3D('',#16240,#16241,#16242);
#16244=PLANE('',#16243);
#16246=ORIENTED_EDGE('',*,*,#16245,.T.);
#16248=ORIENTED_EDGE('',*,*,#16247,.T.);
#16249=EDGE_LOOP('',(#16246,#16248));
#16250=FACE_OUTER_BOUND('',#16249,.F.);
#16252=CARTESIAN_POINT('',(-1.53E0,2.65E0,8.E-1));
#16253=DIRECTION('',(0.E0,0.E0,-1.E0));
#16254=DIRECTION('',(1.E0,0.E0,0.E0));
#16255=AXIS2_PLACEMENT_3D('',#16252,#16253,#16254);
#16256=CYLINDRICAL_SURFACE('',#16255,2.3E-1);
#16257=ORIENTED_EDGE('',*,*,#16245,.F.);
#16259=ORIENTED_EDGE('',*,*,#16258,.T.);
#16261=ORIENTED_EDGE('',*,*,#16260,.T.);
#16263=ORIENTED_EDGE('',*,*,#16262,.F.);
#16264=EDGE_LOOP('',(#16257,#16259,#16261,#16263));
#16265=FACE_OUTER_BOUND('',#16264,.F.);
#16267=FILL_AREA_STYLE_COLOUR('',#6);
#16268=FILL_AREA_STYLE('',(#16267));
#16269=SURFACE_STYLE_FILL_AREA(#16268);
#16270=SURFACE_SIDE_STYLE('',(#16269));
#16271=SURFACE_STYLE_USAGE(.POSITIVE.,#16270);
#16272=PRESENTATION_STYLE_ASSIGNMENT((#16271));
#16273=STYLED_ITEM('',(#16272),#16266);
#16274=CARTESIAN_POINT('',(-1.53E0,2.65E0,8.E-1));
#16275=DIRECTION('',(0.E0,0.E0,-1.E0));
#16276=DIRECTION('',(1.E0,0.E0,0.E0));
#16277=AXIS2_PLACEMENT_3D('',#16274,#16275,#16276);
#16278=CYLINDRICAL_SURFACE('',#16277,2.3E-1);
#16279=ORIENTED_EDGE('',*,*,#16247,.F.);
#16280=ORIENTED_EDGE('',*,*,#16262,.T.);
#16282=ORIENTED_EDGE('',*,*,#16281,.T.);
#16283=ORIENTED_EDGE('',*,*,#16258,.F.);
#16284=EDGE_LOOP('',(#16279,#16280,#16282,#16283));
#16285=FACE_OUTER_BOUND('',#16284,.F.);
#16287=FILL_AREA_STYLE_COLOUR('',#6);
#16288=FILL_AREA_STYLE('',(#16287));
#16289=SURFACE_STYLE_FILL_AREA(#16288);
#16290=SURFACE_SIDE_STYLE('',(#16289));
#16291=SURFACE_STYLE_USAGE(.POSITIVE.,#16290);
#16292=PRESENTATION_STYLE_ASSIGNMENT((#16291));
#16293=STYLED_ITEM('',(#16292),#16286);
#16294=CARTESIAN_POINT('',(0.E0,0.E0,-2.2E0));
#16295=DIRECTION('',(0.E0,0.E0,-1.E0));
#16296=DIRECTION('',(1.E0,0.E0,0.E0));
#16297=AXIS2_PLACEMENT_3D('',#16294,#16295,#16296);
#16298=PLANE('',#16297);
#16299=ORIENTED_EDGE('',*,*,#16260,.F.);
#16300=ORIENTED_EDGE('',*,*,#16281,.F.);
#16301=EDGE_LOOP('',(#16299,#16300));
#16302=FACE_OUTER_BOUND('',#16301,.F.);
#16304=FILL_AREA_STYLE_COLOUR('',#6);
#16305=FILL_AREA_STYLE('',(#16304));
#16306=SURFACE_STYLE_FILL_AREA(#16305);
#16307=SURFACE_SIDE_STYLE('',(#16306));
#16308=SURFACE_STYLE_USAGE(.POSITIVE.,#16307);
#16309=PRESENTATION_STYLE_ASSIGNMENT((#16308));
#16310=STYLED_ITEM('',(#16309),#16303);
#16313=CARTESIAN_POINT('',(5.1E-1,2.65E0,8.E-1));
#16314=DIRECTION('',(0.E0,0.E0,-1.E0));
#16315=DIRECTION('',(1.E0,0.E0,0.E0));
#16316=AXIS2_PLACEMENT_3D('',#16313,#16314,#16315);
#16318=CARTESIAN_POINT('',(5.1E-1,2.65E0,8.E-1));
#16319=DIRECTION('',(0.E0,0.E0,-1.E0));
#16320=DIRECTION('',(-1.E0,0.E0,0.E0));
#16321=AXIS2_PLACEMENT_3D('',#16318,#16319,#16320);
#16323=DIRECTION('',(0.E0,0.E0,-1.E0));
#16324=VECTOR('',#16323,3.E0);
#16325=CARTESIAN_POINT('',(7.4E-1,2.65E0,8.E-1));
#16326=LINE('',#16325,#16324);
#16327=DIRECTION('',(0.E0,0.E0,-1.E0));
#16328=VECTOR('',#16327,3.E0);
#16329=CARTESIAN_POINT('',(2.8E-1,2.65E0,8.E-1));
#16330=LINE('',#16329,#16328);
#16331=CARTESIAN_POINT('',(5.1E-1,2.65E0,-2.2E0));
#16332=DIRECTION('',(0.E0,0.E0,-1.E0));
#16333=DIRECTION('',(1.E0,0.E0,0.E0));
#16334=AXIS2_PLACEMENT_3D('',#16331,#16332,#16333);
#16336=CARTESIAN_POINT('',(5.1E-1,2.65E0,-2.2E0));
#16337=DIRECTION('',(0.E0,0.E0,-1.E0));
#16338=DIRECTION('',(-1.E0,0.E0,0.E0));
#16339=AXIS2_PLACEMENT_3D('',#16336,#16337,#16338);
#16341=CARTESIAN_POINT('',(7.4E-1,2.65E0,8.E-1));
#16342=CARTESIAN_POINT('',(2.8E-1,2.65E0,8.E-1));
#16343=VERTEX_POINT('',#16341);
#16344=VERTEX_POINT('',#16342);
#16345=CARTESIAN_POINT('',(7.4E-1,2.65E0,-2.2E0));
#16346=CARTESIAN_POINT('',(2.8E-1,2.65E0,-2.2E0));
#16347=VERTEX_POINT('',#16345);
#16348=VERTEX_POINT('',#16346);
#16349=CARTESIAN_POINT('',(2.04E0,0.E0,8.E-1));
#16350=DIRECTION('',(0.E0,0.E0,-1.E0));
#16351=DIRECTION('',(1.E0,0.E0,0.E0));
#16352=AXIS2_PLACEMENT_3D('',#16349,#16350,#16351);
#16353=PLANE('',#16352);
#16355=ORIENTED_EDGE('',*,*,#16354,.T.);
#16357=ORIENTED_EDGE('',*,*,#16356,.T.);
#16358=EDGE_LOOP('',(#16355,#16357));
#16359=FACE_OUTER_BOUND('',#16358,.F.);
#16361=CARTESIAN_POINT('',(5.1E-1,2.65E0,8.E-1));
#16362=DIRECTION('',(0.E0,0.E0,-1.E0));
#16363=DIRECTION('',(1.E0,0.E0,0.E0));
#16364=AXIS2_PLACEMENT_3D('',#16361,#16362,#16363);
#16365=CYLINDRICAL_SURFACE('',#16364,2.3E-1);
#16366=ORIENTED_EDGE('',*,*,#16354,.F.);
#16368=ORIENTED_EDGE('',*,*,#16367,.T.);
#16370=ORIENTED_EDGE('',*,*,#16369,.T.);
#16372=ORIENTED_EDGE('',*,*,#16371,.F.);
#16373=EDGE_LOOP('',(#16366,#16368,#16370,#16372));
#16374=FACE_OUTER_BOUND('',#16373,.F.);
#16376=FILL_AREA_STYLE_COLOUR('',#6);
#16377=FILL_AREA_STYLE('',(#16376));
#16378=SURFACE_STYLE_FILL_AREA(#16377);
#16379=SURFACE_SIDE_STYLE('',(#16378));
#16380=SURFACE_STYLE_USAGE(.POSITIVE.,#16379);
#16381=PRESENTATION_STYLE_ASSIGNMENT((#16380));
#16382=STYLED_ITEM('',(#16381),#16375);
#16383=CARTESIAN_POINT('',(5.1E-1,2.65E0,8.E-1));
#16384=DIRECTION('',(0.E0,0.E0,-1.E0));
#16385=DIRECTION('',(1.E0,0.E0,0.E0));
#16386=AXIS2_PLACEMENT_3D('',#16383,#16384,#16385);
#16387=CYLINDRICAL_SURFACE('',#16386,2.3E-1);
#16388=ORIENTED_EDGE('',*,*,#16356,.F.);
#16389=ORIENTED_EDGE('',*,*,#16371,.T.);
#16391=ORIENTED_EDGE('',*,*,#16390,.T.);
#16392=ORIENTED_EDGE('',*,*,#16367,.F.);
#16393=EDGE_LOOP('',(#16388,#16389,#16391,#16392));
#16394=FACE_OUTER_BOUND('',#16393,.F.);
#16396=FILL_AREA_STYLE_COLOUR('',#6);
#16397=FILL_AREA_STYLE('',(#16396));
#16398=SURFACE_STYLE_FILL_AREA(#16397);
#16399=SURFACE_SIDE_STYLE('',(#16398));
#16400=SURFACE_STYLE_USAGE(.POSITIVE.,#16399);
#16401=PRESENTATION_STYLE_ASSIGNMENT((#16400));
#16402=STYLED_ITEM('',(#16401),#16395);
#16403=CARTESIAN_POINT('',(2.04E0,0.E0,-2.2E0));
#16404=DIRECTION('',(0.E0,0.E0,-1.E0));
#16405=DIRECTION('',(1.E0,0.E0,0.E0));
#16406=AXIS2_PLACEMENT_3D('',#16403,#16404,#16405);
#16407=PLANE('',#16406);
#16408=ORIENTED_EDGE('',*,*,#16369,.F.);
#16409=ORIENTED_EDGE('',*,*,#16390,.F.);
#16410=EDGE_LOOP('',(#16408,#16409));
#16411=FACE_OUTER_BOUND('',#16410,.F.);
#16413=FILL_AREA_STYLE_COLOUR('',#6);
#16414=FILL_AREA_STYLE('',(#16413));
#16415=SURFACE_STYLE_FILL_AREA(#16414);
#16416=SURFACE_SIDE_STYLE('',(#16415));
#16417=SURFACE_STYLE_USAGE(.POSITIVE.,#16416);
#16418=PRESENTATION_STYLE_ASSIGNMENT((#16417));
#16419=STYLED_ITEM('',(#16418),#16412);
#16422=CARTESIAN_POINT('',(2.55E0,2.65E0,8.E-1));
#16423=DIRECTION('',(0.E0,0.E0,-1.E0));
#16424=DIRECTION('',(1.E0,0.E0,0.E0));
#16425=AXIS2_PLACEMENT_3D('',#16422,#16423,#16424);
#16427=CARTESIAN_POINT('',(2.55E0,2.65E0,8.E-1));
#16428=DIRECTION('',(0.E0,0.E0,-1.E0));
#16429=DIRECTION('',(-1.E0,0.E0,0.E0));
#16430=AXIS2_PLACEMENT_3D('',#16427,#16428,#16429);
#16432=DIRECTION('',(0.E0,0.E0,-1.E0));
#16433=VECTOR('',#16432,3.E0);
#16434=CARTESIAN_POINT('',(2.78E0,2.65E0,8.E-1));
#16435=LINE('',#16434,#16433);
#16436=DIRECTION('',(0.E0,0.E0,-1.E0));
#16437=VECTOR('',#16436,3.E0);
#16438=CARTESIAN_POINT('',(2.32E0,2.65E0,8.E-1));
#16439=LINE('',#16438,#16437);
#16440=CARTESIAN_POINT('',(2.55E0,2.65E0,-2.2E0));
#16441=DIRECTION('',(0.E0,0.E0,-1.E0));
#16442=DIRECTION('',(1.E0,0.E0,0.E0));
#16443=AXIS2_PLACEMENT_3D('',#16440,#16441,#16442);
#16445=CARTESIAN_POINT('',(2.55E0,2.65E0,-2.2E0));
#16446=DIRECTION('',(0.E0,0.E0,-1.E0));
#16447=DIRECTION('',(-1.E0,0.E0,0.E0));
#16448=AXIS2_PLACEMENT_3D('',#16445,#16446,#16447);
#16450=CARTESIAN_POINT('',(2.78E0,2.65E0,8.E-1));
#16451=CARTESIAN_POINT('',(2.32E0,2.65E0,8.E-1));
#16452=VERTEX_POINT('',#16450);
#16453=VERTEX_POINT('',#16451);
#16454=CARTESIAN_POINT('',(2.78E0,2.65E0,-2.2E0));
#16455=CARTESIAN_POINT('',(2.32E0,2.65E0,-2.2E0));
#16456=VERTEX_POINT('',#16454);
#16457=VERTEX_POINT('',#16455);
#16458=CARTESIAN_POINT('',(4.08E0,0.E0,8.E-1));
#16459=DIRECTION('',(0.E0,0.E0,-1.E0));
#16460=DIRECTION('',(1.E0,0.E0,0.E0));
#16461=AXIS2_PLACEMENT_3D('',#16458,#16459,#16460);
#16462=PLANE('',#16461);
#16464=ORIENTED_EDGE('',*,*,#16463,.T.);
#16466=ORIENTED_EDGE('',*,*,#16465,.T.);
#16467=EDGE_LOOP('',(#16464,#16466));
#16468=FACE_OUTER_BOUND('',#16467,.F.);
#16470=CARTESIAN_POINT('',(2.55E0,2.65E0,8.E-1));
#16471=DIRECTION('',(0.E0,0.E0,-1.E0));
#16472=DIRECTION('',(1.E0,0.E0,0.E0));
#16473=AXIS2_PLACEMENT_3D('',#16470,#16471,#16472);
#16474=CYLINDRICAL_SURFACE('',#16473,2.3E-1);
#16475=ORIENTED_EDGE('',*,*,#16463,.F.);
#16477=ORIENTED_EDGE('',*,*,#16476,.T.);
#16479=ORIENTED_EDGE('',*,*,#16478,.T.);
#16481=ORIENTED_EDGE('',*,*,#16480,.F.);
#16482=EDGE_LOOP('',(#16475,#16477,#16479,#16481));
#16483=FACE_OUTER_BOUND('',#16482,.F.);
#16485=FILL_AREA_STYLE_COLOUR('',#6);
#16486=FILL_AREA_STYLE('',(#16485));
#16487=SURFACE_STYLE_FILL_AREA(#16486);
#16488=SURFACE_SIDE_STYLE('',(#16487));
#16489=SURFACE_STYLE_USAGE(.POSITIVE.,#16488);
#16490=PRESENTATION_STYLE_ASSIGNMENT((#16489));
#16491=STYLED_ITEM('',(#16490),#16484);
#16492=CARTESIAN_POINT('',(2.55E0,2.65E0,8.E-1));
#16493=DIRECTION('',(0.E0,0.E0,-1.E0));
#16494=DIRECTION('',(1.E0,0.E0,0.E0));
#16495=AXIS2_PLACEMENT_3D('',#16492,#16493,#16494);
#16496=CYLINDRICAL_SURFACE('',#16495,2.3E-1);
#16497=ORIENTED_EDGE('',*,*,#16465,.F.);
#16498=ORIENTED_EDGE('',*,*,#16480,.T.);
#16500=ORIENTED_EDGE('',*,*,#16499,.T.);
#16501=ORIENTED_EDGE('',*,*,#16476,.F.);
#16502=EDGE_LOOP('',(#16497,#16498,#16500,#16501));
#16503=FACE_OUTER_BOUND('',#16502,.F.);
#16505=FILL_AREA_STYLE_COLOUR('',#6);
#16506=FILL_AREA_STYLE('',(#16505));
#16507=SURFACE_STYLE_FILL_AREA(#16506);
#16508=SURFACE_SIDE_STYLE('',(#16507));
#16509=SURFACE_STYLE_USAGE(.POSITIVE.,#16508);
#16510=PRESENTATION_STYLE_ASSIGNMENT((#16509));
#16511=STYLED_ITEM('',(#16510),#16504);
#16512=CARTESIAN_POINT('',(4.08E0,0.E0,-2.2E0));
#16513=DIRECTION('',(0.E0,0.E0,-1.E0));
#16514=DIRECTION('',(1.E0,0.E0,0.E0));
#16515=AXIS2_PLACEMENT_3D('',#16512,#16513,#16514);
#16516=PLANE('',#16515);
#16517=ORIENTED_EDGE('',*,*,#16478,.F.);
#16518=ORIENTED_EDGE('',*,*,#16499,.F.);
#16519=EDGE_LOOP('',(#16517,#16518));
#16520=FACE_OUTER_BOUND('',#16519,.F.);
#16522=FILL_AREA_STYLE_COLOUR('',#6);
#16523=FILL_AREA_STYLE('',(#16522));
#16524=SURFACE_STYLE_FILL_AREA(#16523);
#16525=SURFACE_SIDE_STYLE('',(#16524));
#16526=SURFACE_STYLE_USAGE(.POSITIVE.,#16525);
#16527=PRESENTATION_STYLE_ASSIGNMENT((#16526));
#16528=STYLED_ITEM('',(#16527),#16521);
#16533=PLANE_ANGLE_MEASURE_WITH_UNIT(PLANE_ANGLE_MEASURE(1.745329251994E-2),
#16532);
#16534=(CONVERSION_BASED_UNIT('DEGREE',#16533)NAMED_UNIT(*)PLANE_ANGLE_UNIT());
#16536=UNCERTAINTY_MEASURE_WITH_UNIT(LENGTH_MEASURE(2.268521497510E-3),#16531,
'distance_accuracy_value',
'Maximum model space distance between geometric entities at asserted connectivities');
#16539=MECHANICAL_DESIGN_GEOMETRIC_PRESENTATION_REPRESENTATION('',(#7063,#7082,
#7105,#7130,#7151,#7174,#7199,#7336,#7358,#7391,#7413,#7435,#7456,#7477,#7498,
#7520,#7542,#7564,#7586,#7608,#7630,#7652,#7673,#7696,#7718,#7747,#7772,#7793,
#7815,#7835,#7856,#7941,#7963,#7985,#8016,#8042,#8063,#8085,#8105,#8124,#8147,
#8167,#8187,#8206,#8239,#8261,#8293,#8351,#8404,#8424,#8445,#8466,#8491,#8512,
#8533,#8554,#8574,#8596,#8615,#8641,#8663,#8685,#8707,#8729,#8751,#8776,#8797,
#8816,#8838,#8860,#8882,#8903,#8924,#8952,#8972,#8992,#9011,#9045,#9075,#9096,
#9117,#9137,#9157,#9177,#9209,#9232,#9253,#9276,#9297,#9318,#9338,#9357,#9378,
#9399,#9419,#9439,#9468,#9488,#9508,#9527,#9547,#9582,#9602,#9619,#9652,#9685,
#9715,#9753,#9782,#9802,#9824,#9844,#9865,#9886,#9906,#9926,#9950,#9971,#9993,
#10013,#10034,#10054,#10074,#10094,#10115,#10139,#10159,#10180,#10202,#10227,
#10249,#10271,#10305,#10331,#10355,#10374,#10391,#10413,#10440,#10462,#10492,
#10511,#10531,#10550,#10569,#10589,#10609,#10630,#10648,#10683,#10704,#10724,
#10744,#10764,#10786,#10806,#10826,#10846,#10865,#10884,#10905,#10928,#10948,
#10969,#10991,#11016,#11052,#11078,#11102,#11119,#11138,#11167,#11190,#11222,
#11241,#11261,#11281,#11301,#11320,#11339,#11358,#11378,#11397,#11416,#11436,
#11458,#11477,#11500,#11526,#11552,#11578,#11604,#11630,#11653,#11690,#11719,
#11740,#11759,#11780,#11799,#11819,#11842,#11863,#11885,#11905,#11927,#11947,
#11986,#12007,#12026,#12047,#12066,#12086,#12109,#12130,#12152,#12172,#12194,
#12214,#12253,#12274,#12293,#12314,#12333,#12353,#12376,#12397,#12419,#12439,
#12461,#12481,#12520,#12541,#12560,#12581,#12600,#12620,#12643,#12664,#12686,
#12706,#12728,#12748,#12787,#12808,#12827,#12848,#12867,#12887,#12910,#12931,
#12953,#12973,#12995,#13015,#13054,#13075,#13094,#13115,#13134,#13154,#13177,
#13198,#13220,#13240,#13262,#13282,#13312,#13332,#13352,#13372,#13392,#13412,
#13431,#13453,#13473,#13490,#13510,#13529,#13548,#13570,#13590,#13607,#13659,
#13682,#13721,#13754,#13797,#13836,#13875,#13898,#13937,#13976,#14009,#14052,
#14103,#16273,#16293,#16310,#16382,#16402,#16419,#16491,#16511,#16528),#16537);
#16540=APPLICATION_CONTEXT('automotive_design');
#16541=APPLICATION_PROTOCOL_DEFINITION('international standard',
'automotive_design',2001,#16540);
#16542=PRODUCT_DEFINITION_CONTEXT('part definition',#16540,'design');
#16543=PRODUCT_CONTEXT('',#16540,'mechanical');
#16544=PRODUCT('RJ45-TH_RC02901','RJ45-TH_RC02901','NOT SPECIFIED',(#16543));
#16545=PRODUCT_DEFINITION_FORMATION('2','LAST_VERSION',#16544);
#16553=DERIVED_UNIT_ELEMENT(#16552,2.E0);
#16554=DERIVED_UNIT((#16553));
#16555=MEASURE_REPRESENTATION_ITEM('surface area measure',AREA_MEASURE(
1.566342590602E3),#16554);
#16560=DERIVED_UNIT_ELEMENT(#16559,3.E0);
#16561=DERIVED_UNIT((#16560));
#16562=MEASURE_REPRESENTATION_ITEM('volume measure',VOLUME_MEASURE(
8.986210222427E2),#16561);
#16566=CARTESIAN_POINT('centre point',(-1.904287736718E-3,9.270892526102E-1,
5.287174008751E0));
#16571=DERIVED_UNIT_ELEMENT(#16570,2.E0);
#16572=DERIVED_UNIT((#16571));
#16573=MEASURE_REPRESENTATION_ITEM('surface area measure',AREA_MEASURE(
1.566342590602E3),#16572);
#16578=DERIVED_UNIT_ELEMENT(#16577,3.E0);
#16579=DERIVED_UNIT((#16578));
#16580=MEASURE_REPRESENTATION_ITEM('volume measure',VOLUME_MEASURE(
8.986210222427E2),#16579);
#16584=CARTESIAN_POINT('centre point',(-1.904287736718E-3,9.270892526102E-1,
5.287174008751E0));
#16589=PRODUCT_RELATED_PRODUCT_CATEGORY('part','',(#16544));
#1=DRAUGHTING_PRE_DEFINED_COLOUR('black');
#2=DRAUGHTING_PRE_DEFINED_COLOUR('green');
#3=COLOUR_RGB('',1.1E-2,1.2E-2,1.E0);
#4=COLOUR_RGB('',2.57282E-1,2.57282E-1,2.57282E-1);
#5=COLOUR_RGB('',4.1E-1,2.61589E-1,1.12848E-1);
#6=COLOUR_RGB('',4.417475728155E-1,3.232295962732E-1,1.077430155942E-1);
#7=COLOUR_RGB('',5.04854E-1,1.5455E-2,1.5455E-2);
#8=COLOUR_RGB('',6.35294E-1,6.86275E-1,7.4902E-1);
#9=COLOUR_RGB('',6.40777E-1,6.40777E-1,6.40777E-1);
#10=COLOUR_RGB('',6.553398058252E-1,6.553398058252E-1,6.553398058252E-1);
#11=COLOUR_RGB('',6.69062E-1,6.69903E-1,6.55217E-1);
#12=COLOUR_RGB('',9.21569E-1,7.05882E-1,4.70588E-1);
#13=DRAUGHTING_PRE_DEFINED_COLOUR('red');
#14=COLOUR_RGB('',1.E0,9.115530157050E-1,4.074504613231E-1);
#15=DRAUGHTING_PRE_DEFINED_COLOUR('yellow');
#16=COLOUR_RGB('',1.E0,1.E0,5.3E-1);
#17=COLOUR_RGB('',1.E0,1.E0,9.49E-1);
#18=DRAUGHTING_PRE_DEFINED_COLOUR('white');
#219=CIRCLE('',#218,1.480120718211E-1);
#224=CIRCLE('',#223,1.480120718211E-1);
#253=B_SPLINE_CURVE_WITH_KNOTS('',3,(#249,#250,#251,#252),.UNSPECIFIED.,.F.,.F.,
(4,4),(0.E0,1.E0),.UNSPECIFIED.);
#263=B_SPLINE_CURVE_WITH_KNOTS('',3,(#254,#255,#256,#257,#258,#259,#260,#261,
#262),.UNSPECIFIED.,.F.,.F.,(4,1,1,1,1,1,4),(0.E0,1.428123809713E-1,
3.157002335176E-1,5.028266890791E-1,6.801090736562E-1,8.432647676470E-1,1.E0),
.UNSPECIFIED.);
#268=B_SPLINE_CURVE_WITH_KNOTS('',3,(#264,#265,#266,#267),.UNSPECIFIED.,.F.,.F.,
(4,4),(0.E0,1.E0),.UNSPECIFIED.);
#278=B_SPLINE_CURVE_WITH_KNOTS('',3,(#269,#270,#271,#272,#273,#274,#275,#276,
#277),.UNSPECIFIED.,.F.,.F.,(4,1,1,1,1,1,4),(0.E0,1.355656425280E-1,
3.127119931457E-1,4.965056153384E-1,6.951384388364E-1,8.847719214979E-1,1.E0),
.UNSPECIFIED.);
#331=B_SPLINE_CURVE_WITH_KNOTS('',3,(#327,#328,#329,#330),.UNSPECIFIED.,.F.,.F.,
(4,4),(0.E0,1.E0),.UNSPECIFIED.);
#339=B_SPLINE_CURVE_WITH_KNOTS('',3,(#332,#333,#334,#335,#336,#337,#338),
.UNSPECIFIED.,.F.,.F.,(4,1,1,1,4),(0.E0,2.559769024855E-1,5.077686946022E-1,
7.533752025714E-1,1.E0),.UNSPECIFIED.);
#344=B_SPLINE_CURVE_WITH_KNOTS('',3,(#340,#341,#342,#343),.UNSPECIFIED.,.F.,.F.,
(4,4),(0.E0,1.E0),.UNSPECIFIED.);
#349=B_SPLINE_CURVE_WITH_KNOTS('',3,(#345,#346,#347,#348),.UNSPECIFIED.,.F.,.F.,
(4,4),(0.E0,1.E0),.UNSPECIFIED.);
#354=B_SPLINE_CURVE_WITH_KNOTS('',3,(#350,#351,#352,#353),.UNSPECIFIED.,.F.,.F.,
(4,4),(0.E0,1.E0),.UNSPECIFIED.);
#362=B_SPLINE_CURVE_WITH_KNOTS('',3,(#355,#356,#357,#358,#359,#360,#361),
.UNSPECIFIED.,.F.,.F.,(4,1,1,1,4),(0.E0,2.502152773835E-1,4.910267303209E-1,
7.421623589777E-1,1.E0),.UNSPECIFIED.);
#367=B_SPLINE_CURVE_WITH_KNOTS('',3,(#363,#364,#365,#366),.UNSPECIFIED.,.F.,.F.,
(4,4),(0.E0,1.E0),.UNSPECIFIED.);
#372=B_SPLINE_CURVE_WITH_KNOTS('',3,(#368,#369,#370,#371),.UNSPECIFIED.,.F.,.F.,
(4,4),(0.E0,1.E0),.UNSPECIFIED.);
#377=B_SPLINE_CURVE_WITH_KNOTS('',3,(#373,#374,#375,#376),.UNSPECIFIED.,.F.,.F.,
(4,4),(0.E0,1.E0),.UNSPECIFIED.);
#382=B_SPLINE_CURVE_WITH_KNOTS('',3,(#378,#379,#380,#381),.UNSPECIFIED.,.F.,.F.,
(4,4),(0.E0,1.E0),.UNSPECIFIED.);
#387=B_SPLINE_CURVE_WITH_KNOTS('',3,(#383,#384,#385,#386),.UNSPECIFIED.,.F.,.F.,
(4,4),(0.E0,1.E0),.UNSPECIFIED.);
#392=B_SPLINE_CURVE_WITH_KNOTS('',3,(#388,#389,#390,#391),.UNSPECIFIED.,.F.,.F.,
(4,4),(0.E0,1.E0),.UNSPECIFIED.);
#397=B_SPLINE_CURVE_WITH_KNOTS('',3,(#393,#394,#395,#396),.UNSPECIFIED.,.F.,.F.,
(4,4),(0.E0,1.E0),.UNSPECIFIED.);
#482=B_SPLINE_CURVE_WITH_KNOTS('',3,(#478,#479,#480,#481),.UNSPECIFIED.,.F.,.F.,
(4,4),(0.E0,1.E0),.UNSPECIFIED.);
#487=B_SPLINE_CURVE_WITH_KNOTS('',3,(#483,#484,#485,#486),.UNSPECIFIED.,.F.,.F.,
(4,4),(0.E0,1.E0),.UNSPECIFIED.);
#497=B_SPLINE_CURVE_WITH_KNOTS('',3,(#488,#489,#490,#491,#492,#493,#494,#495,
#496),.UNSPECIFIED.,.F.,.F.,(4,1,1,1,1,1,4),(0.E0,1.789457703317E-1,
3.127767465800E-1,4.389666650841E-1,5.790218632447E-1,7.844263875846E-1,1.E0),
.UNSPECIFIED.);
#502=B_SPLINE_CURVE_WITH_KNOTS('',3,(#498,#499,#500,#501),.UNSPECIFIED.,.F.,.F.,
(4,4),(0.E0,1.E0),.UNSPECIFIED.);
#507=B_SPLINE_CURVE_WITH_KNOTS('',3,(#503,#504,#505,#506),.UNSPECIFIED.,.F.,.F.,
(4,4),(0.E0,1.E0),.UNSPECIFIED.);
#512=B_SPLINE_CURVE_WITH_KNOTS('',3,(#508,#509,#510,#511),.UNSPECIFIED.,.F.,.F.,
(4,4),(0.E0,1.E0),.UNSPECIFIED.);
#518=B_SPLINE_CURVE_WITH_KNOTS('',3,(#513,#514,#515,#516,#517),.UNSPECIFIED.,
.F.,.F.,(4,1,4),(0.E0,4.049801273211E-1,1.E0),.UNSPECIFIED.);
#523=B_SPLINE_CURVE_WITH_KNOTS('',3,(#519,#520,#521,#522),.UNSPECIFIED.,.F.,.F.,
(4,4),(0.E0,1.E0),.UNSPECIFIED.);
#529=B_SPLINE_CURVE_WITH_KNOTS('',3,(#524,#525,#526,#527,#528),.UNSPECIFIED.,
.F.,.F.,(4,1,4),(0.E0,4.762475716500E-1,1.E0),.UNSPECIFIED.);
#534=B_SPLINE_CURVE_WITH_KNOTS('',3,(#530,#531,#532,#533),.UNSPECIFIED.,.F.,.F.,
(4,4),(0.E0,1.E0),.UNSPECIFIED.);
#542=B_SPLINE_CURVE_WITH_KNOTS('',3,(#535,#536,#537,#538,#539,#540,#541),
.UNSPECIFIED.,.F.,.F.,(4,1,1,1,4),(0.E0,2.762921365359E-1,4.645455754548E-1,
6.412734532372E-1,1.E0),.UNSPECIFIED.);
#547=B_SPLINE_CURVE_WITH_KNOTS('',3,(#543,#544,#545,#546),.UNSPECIFIED.,.F.,.F.,
(4,4),(0.E0,1.E0),.UNSPECIFIED.);
#561=B_SPLINE_CURVE_WITH_KNOTS('',3,(#548,#549,#550,#551,#552,#553,#554,#555,
#556,#557,#558,#559,#560),.UNSPECIFIED.,.F.,.F.,(4,1,1,1,1,1,1,1,1,1,4),(0.E0,
1.276819283975E-1,1.968290535356E-1,2.504732951503E-1,2.991047906893E-1,
3.913116296472E-1,5.172908831455E-1,6.020882689472E-1,7.199160264533E-1,
8.658555187811E-1,1.E0),.UNSPECIFIED.);
#566=B_SPLINE_CURVE_WITH_KNOTS('',3,(#562,#563,#564,#565),.UNSPECIFIED.,.F.,.F.,
(4,4),(0.E0,1.E0),.UNSPECIFIED.);
#579=B_SPLINE_CURVE_WITH_KNOTS('',3,(#567,#568,#569,#570,#571,#572,#573,#574,
#575,#576,#577,#578),.UNSPECIFIED.,.F.,.F.,(4,1,1,1,1,1,1,1,1,4),(0.E0,
1.483757450376E-1,2.689286802329E-1,3.203061056882E-1,4.199203346453E-1,
5.434124167720E-1,6.242910899825E-1,7.418812970803E-1,8.824346707196E-1,1.E0),
.UNSPECIFIED.);
#584=B_SPLINE_CURVE_WITH_KNOTS('',3,(#580,#581,#582,#583),.UNSPECIFIED.,.F.,.F.,
(4,4),(0.E0,1.E0),.UNSPECIFIED.);
#589=B_SPLINE_CURVE_WITH_KNOTS('',3,(#585,#586,#587,#588),.UNSPECIFIED.,.F.,.F.,
(4,4),(0.E0,1.E0),.UNSPECIFIED.);
#594=B_SPLINE_CURVE_WITH_KNOTS('',3,(#590,#591,#592,#593),.UNSPECIFIED.,.F.,.F.,
(4,4),(0.E0,1.E0),.UNSPECIFIED.);
#599=B_SPLINE_CURVE_WITH_KNOTS('',3,(#595,#596,#597,#598),.UNSPECIFIED.,.F.,.F.,
(4,4),(0.E0,1.E0),.UNSPECIFIED.);
#604=B_SPLINE_CURVE_WITH_KNOTS('',3,(#600,#601,#602,#603),.UNSPECIFIED.,.F.,.F.,
(4,4),(0.E0,1.E0),.UNSPECIFIED.);
#610=B_SPLINE_CURVE_WITH_KNOTS('',3,(#605,#606,#607,#608,#609),.UNSPECIFIED.,
.F.,.F.,(4,1,4),(0.E0,3.076625543478E-1,1.E0),.UNSPECIFIED.);
#615=B_SPLINE_CURVE_WITH_KNOTS('',3,(#611,#612,#613,#614),.UNSPECIFIED.,.F.,.F.,
(4,4),(0.E0,1.E0),.UNSPECIFIED.);
#621=B_SPLINE_CURVE_WITH_KNOTS('',3,(#616,#617,#618,#619,#620),.UNSPECIFIED.,
.F.,.F.,(4,1,4),(0.E0,8.078466422658E-1,1.E0),.UNSPECIFIED.);
#626=B_SPLINE_CURVE_WITH_KNOTS('',3,(#622,#623,#624,#625),.UNSPECIFIED.,.F.,.F.,
(4,4),(0.E0,1.E0),.UNSPECIFIED.);
#631=B_SPLINE_CURVE_WITH_KNOTS('',3,(#627,#628,#629,#630),.UNSPECIFIED.,.F.,.F.,
(4,4),(0.E0,1.E0),.UNSPECIFIED.);
#636=B_SPLINE_CURVE_WITH_KNOTS('',3,(#632,#633,#634,#635),.UNSPECIFIED.,.F.,.F.,
(4,4),(0.E0,1.E0),.UNSPECIFIED.);
#641=B_SPLINE_CURVE_WITH_KNOTS('',3,(#637,#638,#639,#640),.UNSPECIFIED.,.F.,.F.,
(4,4),(0.E0,1.E0),.UNSPECIFIED.);
#694=B_SPLINE_CURVE_WITH_KNOTS('',3,(#690,#691,#692,#693),.UNSPECIFIED.,.F.,.F.,
(4,4),(0.E0,1.E0),.UNSPECIFIED.);
#702=B_SPLINE_CURVE_WITH_KNOTS('',3,(#695,#696,#697,#698,#699,#700,#701),
.UNSPECIFIED.,.F.,.F.,(4,1,1,1,4),(0.E0,2.559769024879E-1,5.077686946101E-1,
7.533752025744E-1,1.E0),.UNSPECIFIED.);
#707=B_SPLINE_CURVE_WITH_KNOTS('',3,(#703,#704,#705,#706),.UNSPECIFIED.,.F.,.F.,
(4,4),(0.E0,1.E0),.UNSPECIFIED.);
#712=B_SPLINE_CURVE_WITH_KNOTS('',3,(#708,#709,#710,#711),.UNSPECIFIED.,.F.,.F.,
(4,4),(0.E0,1.E0),.UNSPECIFIED.);
#717=B_SPLINE_CURVE_WITH_KNOTS('',3,(#713,#714,#715,#716),.UNSPECIFIED.,.F.,.F.,
(4,4),(0.E0,1.E0),.UNSPECIFIED.);
#725=B_SPLINE_CURVE_WITH_KNOTS('',3,(#718,#719,#720,#721,#722,#723,#724),
.UNSPECIFIED.,.F.,.F.,(4,1,1,1,4),(0.E0,2.502152773823E-1,4.910267303254E-1,
7.421623589801E-1,1.E0),.UNSPECIFIED.);
#730=B_SPLINE_CURVE_WITH_KNOTS('',3,(#726,#727,#728,#729),.UNSPECIFIED.,.F.,.F.,
(4,4),(0.E0,1.E0),.UNSPECIFIED.);
#735=B_SPLINE_CURVE_WITH_KNOTS('',3,(#731,#732,#733,#734),.UNSPECIFIED.,.F.,.F.,
(4,4),(0.E0,1.E0),.UNSPECIFIED.);
#740=B_SPLINE_CURVE_WITH_KNOTS('',3,(#736,#737,#738,#739),.UNSPECIFIED.,.F.,.F.,
(4,4),(0.E0,1.E0),.UNSPECIFIED.);
#745=B_SPLINE_CURVE_WITH_KNOTS('',3,(#741,#742,#743,#744),.UNSPECIFIED.,.F.,.F.,
(4,4),(0.E0,1.E0),.UNSPECIFIED.);
#750=B_SPLINE_CURVE_WITH_KNOTS('',3,(#746,#747,#748,#749),.UNSPECIFIED.,.F.,.F.,
(4,4),(0.E0,1.E0),.UNSPECIFIED.);
#755=B_SPLINE_CURVE_WITH_KNOTS('',3,(#751,#752,#753,#754),.UNSPECIFIED.,.F.,.F.,
(4,4),(0.E0,1.E0),.UNSPECIFIED.);
#760=B_SPLINE_CURVE_WITH_KNOTS('',3,(#756,#757,#758,#759),.UNSPECIFIED.,.F.,.F.,
(4,4),(0.E0,1.E0),.UNSPECIFIED.);
#800=B_SPLINE_CURVE_WITH_KNOTS('',3,(#793,#794,#795,#796,#797,#798,#799),
.UNSPECIFIED.,.F.,.F.,(4,1,1,1,4),(0.E0,2.226963329829E-1,5.615438495888E-1,
8.551881585072E-1,1.E0),.UNSPECIFIED.);
#809=B_SPLINE_CURVE_WITH_KNOTS('',3,(#801,#802,#803,#804,#805,#806,#807,#808),
.UNSPECIFIED.,.F.,.F.,(4,1,1,1,1,4),(0.E0,4.798572530125E-2,3.069980039736E-1,
5.632939930434E-1,8.060865076554E-1,1.E0),.UNSPECIFIED.);
#816=B_SPLINE_CURVE_WITH_KNOTS('',3,(#810,#811,#812,#813,#814,#815),
.UNSPECIFIED.,.F.,.F.,(4,1,1,4),(0.E0,4.355221245185E-1,9.627213829328E-1,1.E0),
.UNSPECIFIED.);
#821=B_SPLINE_CURVE_WITH_KNOTS('',3,(#817,#818,#819,#820),.UNSPECIFIED.,.F.,.F.,
(4,4),(0.E0,1.E0),.UNSPECIFIED.);
#826=B_SPLINE_CURVE_WITH_KNOTS('',3,(#822,#823,#824,#825),.UNSPECIFIED.,.F.,.F.,
(4,4),(0.E0,1.E0),.UNSPECIFIED.);
#831=B_SPLINE_CURVE_WITH_KNOTS('',3,(#827,#828,#829,#830),.UNSPECIFIED.,.F.,.F.,
(4,4),(0.E0,1.E0),.UNSPECIFIED.);
#837=B_SPLINE_CURVE_WITH_KNOTS('',3,(#832,#833,#834,#835,#836),.UNSPECIFIED.,
.F.,.F.,(4,1,4),(0.E0,4.175733561965E-1,1.E0),.UNSPECIFIED.);
#844=B_SPLINE_CURVE_WITH_KNOTS('',3,(#838,#839,#840,#841,#842,#843),
.UNSPECIFIED.,.F.,.F.,(4,1,1,4),(0.E0,3.585443611440E-1,8.201936862644E-1,1.E0),
.UNSPECIFIED.);
#850=B_SPLINE_CURVE_WITH_KNOTS('',3,(#845,#846,#847,#848,#849),.UNSPECIFIED.,
.F.,.F.,(4,1,4),(0.E0,4.675992636402E-1,1.E0),.UNSPECIFIED.);
#857=B_SPLINE_CURVE_WITH_KNOTS('',3,(#851,#852,#853,#854,#855,#856),
.UNSPECIFIED.,.F.,.F.,(4,1,1,4),(0.E0,3.564114353987E-2,5.270824027251E-1,1.E0),
.UNSPECIFIED.);
#862=B_SPLINE_CURVE_WITH_KNOTS('',3,(#858,#859,#860,#861),.UNSPECIFIED.,.F.,.F.,
(4,4),(0.E0,1.E0),.UNSPECIFIED.);
#869=B_SPLINE_CURVE_WITH_KNOTS('',3,(#863,#864,#865,#866,#867,#868),
.UNSPECIFIED.,.F.,.F.,(4,1,1,4),(0.E0,6.584959150851E-2,5.404520185202E-1,1.E0),
.UNSPECIFIED.);
#874=B_SPLINE_CURVE_WITH_KNOTS('',3,(#870,#871,#872,#873),.UNSPECIFIED.,.F.,.F.,
(4,4),(0.E0,1.E0),.UNSPECIFIED.);
#879=B_SPLINE_CURVE_WITH_KNOTS('',3,(#875,#876,#877,#878),.UNSPECIFIED.,.F.,.F.,
(4,4),(0.E0,1.E0),.UNSPECIFIED.);
#884=B_SPLINE_CURVE_WITH_KNOTS('',3,(#880,#881,#882,#883),.UNSPECIFIED.,.F.,.F.,
(4,4),(0.E0,1.E0),.UNSPECIFIED.);
#891=B_SPLINE_CURVE_WITH_KNOTS('',3,(#885,#886,#887,#888,#889,#890),
.UNSPECIFIED.,.F.,.F.,(4,1,1,4),(0.E0,2.761126116402E-1,5.534015859397E-1,1.E0),
.UNSPECIFIED.);
#1044=CIRCLE('',#1043,4.E-1);
#1053=CIRCLE('',#1052,2.E-1);
#1062=CIRCLE('',#1061,2.75E-1);
#1067=CIRCLE('',#1066,2.75E-1);
#1072=CIRCLE('',#1071,1.E-1);
#1077=CIRCLE('',#1076,3.75E-1);
#1082=CIRCLE('',#1081,1.E-1);
#1087=CIRCLE('',#1086,1.E-1);
#1092=CIRCLE('',#1091,1.E-1);
#1097=CIRCLE('',#1096,3.E-1);
#1102=CIRCLE('',#1101,3.E-1);
#1107=CIRCLE('',#1106,3.E-1);
#1112=CIRCLE('',#1111,3.E-1);
#1117=CIRCLE('',#1116,3.E-1);
#1122=CIRCLE('',#1121,3.E-1);
#1127=CIRCLE('',#1126,3.E-1);
#1132=CIRCLE('',#1131,3.E-1);
#1137=CIRCLE('',#1136,3.E-1);
#1142=CIRCLE('',#1141,3.E-1);
#1147=CIRCLE('',#1146,3.E-1);
#1152=CIRCLE('',#1151,3.E-1);
#1157=CIRCLE('',#1156,1.E-1);
#1162=CIRCLE('',#1161,1.E-1);
#1167=CIRCLE('',#1166,1.E-1);
#1180=CIRCLE('',#1179,2.E-1);
#1197=CIRCLE('',#1196,2.75E-1);
#1218=CIRCLE('',#1217,2.3E-1);
#1223=CIRCLE('',#1222,2.3E-1);
#1228=CIRCLE('',#1227,1.E-1);
#1241=CIRCLE('',#1240,2.E-1);
#1250=CIRCLE('',#1249,1.E-1);
#1255=CIRCLE('',#1254,1.E-1);
#1320=CIRCLE('',#1319,1.4E0);
#1333=CIRCLE('',#1332,1.4E0);
#1350=CIRCLE('',#1349,1.4E0);
#1363=CIRCLE('',#1362,1.4E0);
#1392=CIRCLE('',#1391,2.75E-1);
#1397=CIRCLE('',#1396,1.E-1);
#1402=CIRCLE('',#1401,3.75E-1);
#1407=CIRCLE('',#1406,1.E-1);
#1420=CIRCLE('',#1419,2.75E-1);
#1441=CIRCLE('',#1440,2.3E-1);
#1446=CIRCLE('',#1445,2.3E-1);
#1451=CIRCLE('',#1450,1.E-1);
#1464=CIRCLE('',#1463,2.E-1);
#1473=CIRCLE('',#1472,1.E-1);
#1478=CIRCLE('',#1477,1.E-1);
#1491=CIRCLE('',#1490,2.E-1);
#1500=CIRCLE('',#1499,1.E-1);
#1505=CIRCLE('',#1504,1.E-1);
#1510=CIRCLE('',#1509,1.E-1);
#1523=CIRCLE('',#1522,2.E-1);
#1536=CIRCLE('',#1535,2.75E-1);
#1545=CIRCLE('',#1544,4.E-1);
#1554=CIRCLE('',#1553,2.E-1);
#1935=CIRCLE('',#1934,4.E-1);
#2032=CIRCLE('',#2031,2.E-1);
#2041=CIRCLE('',#2040,4.E-1);
#2046=CIRCLE('',#2045,1.E-1);
#2051=CIRCLE('',#2050,1.E-1);
#2056=CIRCLE('',#2055,1.E-1);
#2061=CIRCLE('',#2060,4.E-1);
#2070=CIRCLE('',#2069,4.E-1);
#2079=CIRCLE('',#2078,2.E-1);
#2088=CIRCLE('',#2087,2.75E-1);
#2093=CIRCLE('',#2092,2.75E-1);
#2098=CIRCLE('',#2097,1.E-1);
#2103=CIRCLE('',#2102,3.75E-1);
#2108=CIRCLE('',#2107,1.E-1);
#2113=CIRCLE('',#2112,1.E-1);
#2118=CIRCLE('',#2117,1.E-1);
#2123=CIRCLE('',#2122,1.E-1);
#2136=CIRCLE('',#2135,2.75E-1);
#2157=CIRCLE('',#2156,2.3E-1);
#2162=CIRCLE('',#2161,2.3E-1);
#2167=CIRCLE('',#2166,1.E-1);
#2180=CIRCLE('',#2179,2.E-1);
#2189=CIRCLE('',#2188,2.75E-1);
#2194=CIRCLE('',#2193,1.E-1);
#2199=CIRCLE('',#2198,3.75E-1);
#2204=CIRCLE('',#2203,1.E-1);
#2209=CIRCLE('',#2208,1.E-1);
#2214=CIRCLE('',#2213,1.E-1);
#2219=CIRCLE('',#2218,1.E-1);
#2224=CIRCLE('',#2223,1.E-1);
#2229=CIRCLE('',#2228,1.E-1);
#2242=CIRCLE('',#2241,2.E-1);
#2259=CIRCLE('',#2258,2.E-1);
#2268=CIRCLE('',#2267,4.E-1);
#2273=CIRCLE('',#2272,1.E-1);
#2278=CIRCLE('',#2277,1.E-1);
#2283=CIRCLE('',#2282,1.E-1);
#2288=CIRCLE('',#2287,4.E-1);
#2301=CIRCLE('',#2300,2.3E-1);
#2306=CIRCLE('',#2305,2.3E-1);
#2315=CIRCLE('',#2314,4.E-1);
#2324=CIRCLE('',#2323,4.E-1);
#2445=CIRCLE('',#2444,3.E-1);
#2450=CIRCLE('',#2449,3.E-1);
#2455=CIRCLE('',#2454,3.E-1);
#2460=CIRCLE('',#2459,3.E-1);
#2465=CIRCLE('',#2464,3.E-1);
#2470=CIRCLE('',#2469,3.E-1);
#2475=CIRCLE('',#2474,3.E-1);
#2480=CIRCLE('',#2479,3.E-1);
#2485=CIRCLE('',#2484,3.E-1);
#2490=CIRCLE('',#2489,3.E-1);
#2495=CIRCLE('',#2494,3.E-1);
#2527=B_SPLINE_CURVE_WITH_KNOTS('',3,(#2516,#2517,#2518,#2519,#2520,#2521,#2522,
#2523,#2524,#2525,#2526),.UNSPECIFIED.,.F.,.F.,(4,1,1,1,1,1,1,1,4),(0.E0,
1.25E-1,2.5E-1,3.75E-1,5.E-1,6.25E-1,7.5E-1,8.75E-1,1.E0),.UNSPECIFIED.);
#2538=B_SPLINE_CURVE_WITH_KNOTS('',3,(#2528,#2529,#2530,#2531,#2532,#2533,#2534,
#2535,#2536,#2537),.UNSPECIFIED.,.F.,.F.,(4,1,1,1,1,1,1,4),(0.E0,
1.428571428571E-1,2.857142857143E-1,4.285714285714E-1,5.714285714286E-1,
7.142857142857E-1,8.571428571429E-1,1.E0),.UNSPECIFIED.);
#2543=CIRCLE('',#2542,1.4E0);
#2552=CIRCLE('',#2551,1.4E0);
#2569=CIRCLE('',#2568,1.52E0);
#2583=B_SPLINE_CURVE_WITH_KNOTS('',3,(#2578,#2579,#2580,#2581,#2582),
.UNSPECIFIED.,.F.,.F.,(4,1,4),(0.E0,5.E-1,1.E0),.UNSPECIFIED.);
#2590=B_SPLINE_CURVE_WITH_KNOTS('',3,(#2584,#2585,#2586,#2587,#2588,#2589),
.UNSPECIFIED.,.F.,.F.,(4,1,1,4),(0.E0,3.333333333333E-1,6.666666666667E-1,1.E0),
.UNSPECIFIED.);
#2596=B_SPLINE_CURVE_WITH_KNOTS('',3,(#2591,#2592,#2593,#2594,#2595),
.UNSPECIFIED.,.F.,.F.,(4,1,4),(0.E0,5.E-1,1.E0),.UNSPECIFIED.);
#2602=B_SPLINE_CURVE_WITH_KNOTS('',3,(#2597,#2598,#2599,#2600,#2601),
.UNSPECIFIED.,.F.,.F.,(4,1,4),(0.E0,5.E-1,1.E0),.UNSPECIFIED.);
#2609=B_SPLINE_CURVE_WITH_KNOTS('',3,(#2603,#2604,#2605,#2606,#2607,#2608),
.UNSPECIFIED.,.F.,.F.,(4,1,1,4),(0.E0,3.333333333333E-1,6.666666666667E-1,1.E0),
.UNSPECIFIED.);
#2616=B_SPLINE_CURVE_WITH_KNOTS('',3,(#2610,#2611,#2612,#2613,#2614,#2615),
.UNSPECIFIED.,.F.,.F.,(4,1,1,4),(0.E0,3.333333333333E-1,6.666666666667E-1,1.E0),
.UNSPECIFIED.);
#2633=CIRCLE('',#2632,9.757347510024E-1);
#2642=CIRCLE('',#2641,1.195735931288E0);
#2654=B_SPLINE_CURVE_WITH_KNOTS('',3,(#2647,#2648,#2649,#2650,#2651,#2652,
#2653),.UNSPECIFIED.,.F.,.F.,(4,1,1,1,4),(0.E0,2.5E-1,5.E-1,7.5E-1,1.E0),
.UNSPECIFIED.);
#2660=B_SPLINE_CURVE_WITH_KNOTS('',3,(#2655,#2656,#2657,#2658,#2659),
.UNSPECIFIED.,.F.,.F.,(4,1,4),(0.E0,5.E-1,1.E0),.UNSPECIFIED.);
#2678=B_SPLINE_CURVE_WITH_KNOTS('',3,(#2673,#2674,#2675,#2676,#2677),
.UNSPECIFIED.,.F.,.F.,(4,1,4),(0.E0,5.E-1,1.E0),.UNSPECIFIED.);
#2686=B_SPLINE_CURVE_WITH_KNOTS('',3,(#2679,#2680,#2681,#2682,#2683,#2684,
#2685),.UNSPECIFIED.,.F.,.F.,(4,1,1,1,4),(0.E0,2.5E-1,5.E-1,7.5E-1,1.E0),
.UNSPECIFIED.);
#2691=CIRCLE('',#2690,1.187866617067E0);
#2696=CIRCLE('',#2695,1.399999906293E0);
#2702=B_SPLINE_CURVE_WITH_KNOTS('',3,(#2697,#2698,#2699,#2700,#2701),
.UNSPECIFIED.,.F.,.F.,(4,1,4),(0.E0,5.E-1,1.E0),.UNSPECIFIED.);
#2708=B_SPLINE_CURVE_WITH_KNOTS('',3,(#2703,#2704,#2705,#2706,#2707),
.UNSPECIFIED.,.F.,.F.,(4,1,4),(0.E0,5.E-1,1.E0),.UNSPECIFIED.);
#2714=B_SPLINE_CURVE_WITH_KNOTS('',3,(#2709,#2710,#2711,#2712,#2713),
.UNSPECIFIED.,.F.,.F.,(4,1,4),(0.E0,5.E-1,1.E0),.UNSPECIFIED.);
#2721=B_SPLINE_CURVE_WITH_KNOTS('',3,(#2715,#2716,#2717,#2718,#2719,#2720),
.UNSPECIFIED.,.F.,.F.,(4,1,1,4),(0.E0,3.333333333333E-1,6.666666666667E-1,1.E0),
.UNSPECIFIED.);
#2726=CIRCLE('',#2725,4.E-1);
#2731=CIRCLE('',#2730,4.E-1);
#2736=CIRCLE('',#2735,1.72E0);
#2745=CIRCLE('',#2744,1.72E0);
#2754=CIRCLE('',#2753,1.407867965644E0);
#2759=CIRCLE('',#2758,3.E-1);
#2764=CIRCLE('',#2763,3.E-1);
#2769=CIRCLE('',#2768,3.E-1);
#2774=CIRCLE('',#2773,3.E-1);
#2779=CIRCLE('',#2778,3.E-1);
#2784=CIRCLE('',#2783,3.E-1);
#2789=CIRCLE('',#2788,3.E-1);
#2794=CIRCLE('',#2793,3.E-1);
#2799=CIRCLE('',#2798,3.E-1);
#2927=B_SPLINE_CURVE_WITH_KNOTS('',3,(#2916,#2917,#2918,#2919,#2920,#2921,#2922,
#2923,#2924,#2925,#2926),.UNSPECIFIED.,.F.,.F.,(4,1,1,1,1,1,1,1,4),(0.E0,
1.25E-1,2.5E-1,3.75E-1,5.E-1,6.25E-1,7.5E-1,8.75E-1,1.E0),.UNSPECIFIED.);
#2938=B_SPLINE_CURVE_WITH_KNOTS('',3,(#2928,#2929,#2930,#2931,#2932,#2933,#2934,
#2935,#2936,#2937),.UNSPECIFIED.,.F.,.F.,(4,1,1,1,1,1,1,4),(0.E0,
1.428571428571E-1,2.857142857143E-1,4.285714285714E-1,5.714285714286E-1,
7.142857142857E-1,8.571428571429E-1,1.E0),.UNSPECIFIED.);
#2943=CIRCLE('',#2942,1.4E0);
#2952=CIRCLE('',#2951,1.4E0);
#2970=B_SPLINE_CURVE_WITH_KNOTS('',3,(#2965,#2966,#2967,#2968,#2969),
.UNSPECIFIED.,.F.,.F.,(4,1,4),(0.E0,5.E-1,1.E0),.UNSPECIFIED.);
#2977=B_SPLINE_CURVE_WITH_KNOTS('',3,(#2971,#2972,#2973,#2974,#2975,#2976),
.UNSPECIFIED.,.F.,.F.,(4,1,1,4),(0.E0,3.333333333333E-1,6.666666666667E-1,1.E0),
.UNSPECIFIED.);
#2983=B_SPLINE_CURVE_WITH_KNOTS('',3,(#2978,#2979,#2980,#2981,#2982),
.UNSPECIFIED.,.F.,.F.,(4,1,4),(0.E0,5.E-1,1.E0),.UNSPECIFIED.);
#2989=B_SPLINE_CURVE_WITH_KNOTS('',3,(#2984,#2985,#2986,#2987,#2988),
.UNSPECIFIED.,.F.,.F.,(4,1,4),(0.E0,5.E-1,1.E0),.UNSPECIFIED.);
#2996=B_SPLINE_CURVE_WITH_KNOTS('',3,(#2990,#2991,#2992,#2993,#2994,#2995),
.UNSPECIFIED.,.F.,.F.,(4,1,1,4),(0.E0,3.333333333333E-1,6.666666666667E-1,1.E0),
.UNSPECIFIED.);
#3003=B_SPLINE_CURVE_WITH_KNOTS('',3,(#2997,#2998,#2999,#3000,#3001,#3002),
.UNSPECIFIED.,.F.,.F.,(4,1,1,4),(0.E0,3.333333333333E-1,6.666666666667E-1,1.E0),
.UNSPECIFIED.);
#3020=CIRCLE('',#3019,1.195735931288E0);
#3033=CIRCLE('',#3032,9.757364421034E-1);
#3039=B_SPLINE_CURVE_WITH_KNOTS('',3,(#3034,#3035,#3036,#3037,#3038),
.UNSPECIFIED.,.F.,.F.,(4,1,4),(0.E0,5.E-1,1.E0),.UNSPECIFIED.);
#3047=B_SPLINE_CURVE_WITH_KNOTS('',3,(#3040,#3041,#3042,#3043,#3044,#3045,
#3046),.UNSPECIFIED.,.F.,.F.,(4,1,1,1,4),(0.E0,2.5E-1,5.E-1,7.5E-1,1.E0),
.UNSPECIFIED.);
#3055=B_SPLINE_CURVE_WITH_KNOTS('',3,(#3048,#3049,#3050,#3051,#3052,#3053,
#3054),.UNSPECIFIED.,.F.,.F.,(4,1,1,1,4),(0.E0,2.5E-1,5.E-1,7.5E-1,1.E0),
.UNSPECIFIED.);
#3061=B_SPLINE_CURVE_WITH_KNOTS('',3,(#3056,#3057,#3058,#3059,#3060),
.UNSPECIFIED.,.F.,.F.,(4,1,4),(0.E0,5.E-1,1.E0),.UNSPECIFIED.);
#3078=CIRCLE('',#3077,1.400000769098E0);
#3083=CIRCLE('',#3082,1.187868308168E0);
#3089=B_SPLINE_CURVE_WITH_KNOTS('',3,(#3084,#3085,#3086,#3087,#3088),
.UNSPECIFIED.,.F.,.F.,(4,1,4),(0.E0,5.E-1,1.E0),.UNSPECIFIED.);
#3095=B_SPLINE_CURVE_WITH_KNOTS('',3,(#3090,#3091,#3092,#3093,#3094),
.UNSPECIFIED.,.F.,.F.,(4,1,4),(0.E0,5.E-1,1.E0),.UNSPECIFIED.);
#3101=B_SPLINE_CURVE_WITH_KNOTS('',3,(#3096,#3097,#3098,#3099,#3100),
.UNSPECIFIED.,.F.,.F.,(4,1,4),(0.E0,5.E-1,1.E0),.UNSPECIFIED.);
#3108=B_SPLINE_CURVE_WITH_KNOTS('',3,(#3102,#3103,#3104,#3105,#3106,#3107),
.UNSPECIFIED.,.F.,.F.,(4,1,1,4),(0.E0,3.333333333333E-1,6.666666666667E-1,1.E0),
.UNSPECIFIED.);
#3113=CIRCLE('',#3112,4.E-1);
#3118=CIRCLE('',#3117,4.E-1);
#3123=CIRCLE('',#3122,1.52E0);
#3136=CIRCLE('',#3135,1.72E0);
#3145=CIRCLE('',#3144,1.72E0);
#3154=CIRCLE('',#3153,1.407867965644E0);
#3159=CIRCLE('',#3158,3.E-1);
#3164=CIRCLE('',#3163,3.E-1);
#3169=CIRCLE('',#3168,3.E-1);
#3174=CIRCLE('',#3173,3.E-1);
#3179=CIRCLE('',#3178,3.E-1);
#3184=CIRCLE('',#3183,3.E-1);
#3265=B_SPLINE_CURVE_WITH_KNOTS('',3,(#3261,#3262,#3263,#3264),.UNSPECIFIED.,
.F.,.F.,(4,4),(0.E0,1.E0),.UNSPECIFIED.);
#3270=B_SPLINE_CURVE_WITH_KNOTS('',3,(#3266,#3267,#3268,#3269),.UNSPECIFIED.,
.F.,.F.,(4,4),(0.E0,1.E0),.UNSPECIFIED.);
#3307=CIRCLE('',#3306,2.3E-1);
#3312=CIRCLE('',#3311,2.3E-1);
#3325=CIRCLE('',#3324,2.3E-1);
#3330=CIRCLE('',#3329,2.737E-1);
#3335=CIRCLE('',#3334,2.3E-1);
#3340=CIRCLE('',#3339,7.337E-1);
#3345=CIRCLE('',#3344,2.3E-1);
#3354=CIRCLE('',#3353,2.3E-1);
#3363=CIRCLE('',#3362,2.3E-1);
#3368=CIRCLE('',#3367,2.3E-1);
#3385=B_SPLINE_CURVE_WITH_KNOTS('',3,(#3381,#3382,#3383,#3384),.UNSPECIFIED.,
.F.,.F.,(4,4),(0.E0,1.E0),.UNSPECIFIED.);
#3390=B_SPLINE_CURVE_WITH_KNOTS('',3,(#3386,#3387,#3388,#3389),.UNSPECIFIED.,
.F.,.F.,(4,4),(0.E0,1.E0),.UNSPECIFIED.);
#3427=CIRCLE('',#3426,2.3E-1);
#3432=CIRCLE('',#3431,2.3E-1);
#3445=CIRCLE('',#3444,2.3E-1);
#3450=CIRCLE('',#3449,7.337E-1);
#3455=CIRCLE('',#3454,2.3E-1);
#3460=CIRCLE('',#3459,2.737E-1);
#3465=CIRCLE('',#3464,2.3E-1);
#3474=CIRCLE('',#3473,2.3E-1);
#3483=CIRCLE('',#3482,2.3E-1);
#3488=CIRCLE('',#3487,2.3E-1);
#3505=B_SPLINE_CURVE_WITH_KNOTS('',3,(#3501,#3502,#3503,#3504),.UNSPECIFIED.,
.F.,.F.,(4,4),(0.E0,1.E0),.UNSPECIFIED.);
#3510=B_SPLINE_CURVE_WITH_KNOTS('',3,(#3506,#3507,#3508,#3509),.UNSPECIFIED.,
.F.,.F.,(4,4),(0.E0,1.E0),.UNSPECIFIED.);
#3547=CIRCLE('',#3546,2.3E-1);
#3552=CIRCLE('',#3551,2.3E-1);
#3565=CIRCLE('',#3564,2.3E-1);
#3570=CIRCLE('',#3569,7.337E-1);
#3575=CIRCLE('',#3574,2.3E-1);
#3580=CIRCLE('',#3579,2.737E-1);
#3585=CIRCLE('',#3584,2.3E-1);
#3594=CIRCLE('',#3593,2.3E-1);
#3603=CIRCLE('',#3602,2.3E-1);
#3608=CIRCLE('',#3607,2.3E-1);
#3625=B_SPLINE_CURVE_WITH_KNOTS('',3,(#3621,#3622,#3623,#3624),.UNSPECIFIED.,
.F.,.F.,(4,4),(0.E0,1.E0),.UNSPECIFIED.);
#3630=B_SPLINE_CURVE_WITH_KNOTS('',3,(#3626,#3627,#3628,#3629),.UNSPECIFIED.,
.F.,.F.,(4,4),(0.E0,1.E0),.UNSPECIFIED.);
#3667=CIRCLE('',#3666,2.3E-1);
#3672=CIRCLE('',#3671,2.3E-1);
#3685=CIRCLE('',#3684,2.3E-1);
#3690=CIRCLE('',#3689,7.337E-1);
#3695=CIRCLE('',#3694,2.3E-1);
#3700=CIRCLE('',#3699,2.737E-1);
#3705=CIRCLE('',#3704,2.3E-1);
#3714=CIRCLE('',#3713,2.3E-1);
#3723=CIRCLE('',#3722,2.3E-1);
#3728=CIRCLE('',#3727,2.3E-1);
#3745=B_SPLINE_CURVE_WITH_KNOTS('',3,(#3741,#3742,#3743,#3744),.UNSPECIFIED.,
.F.,.F.,(4,4),(0.E0,1.E0),.UNSPECIFIED.);
#3750=B_SPLINE_CURVE_WITH_KNOTS('',3,(#3746,#3747,#3748,#3749),.UNSPECIFIED.,
.F.,.F.,(4,4),(0.E0,1.E0),.UNSPECIFIED.);
#3787=CIRCLE('',#3786,2.3E-1);
#3792=CIRCLE('',#3791,2.3E-1);
#3805=CIRCLE('',#3804,2.3E-1);
#3810=CIRCLE('',#3809,7.337E-1);
#3815=CIRCLE('',#3814,2.3E-1);
#3820=CIRCLE('',#3819,2.737E-1);
#3825=CIRCLE('',#3824,2.3E-1);
#3834=CIRCLE('',#3833,2.3E-1);
#3843=CIRCLE('',#3842,2.3E-1);
#3848=CIRCLE('',#3847,2.3E-1);
#3865=B_SPLINE_CURVE_WITH_KNOTS('',3,(#3861,#3862,#3863,#3864),.UNSPECIFIED.,
.F.,.F.,(4,4),(0.E0,1.E0),.UNSPECIFIED.);
#3870=B_SPLINE_CURVE_WITH_KNOTS('',3,(#3866,#3867,#3868,#3869),.UNSPECIFIED.,
.F.,.F.,(4,4),(0.E0,1.E0),.UNSPECIFIED.);
#3907=CIRCLE('',#3906,2.3E-1);
#3912=CIRCLE('',#3911,2.3E-1);
#3925=CIRCLE('',#3924,2.3E-1);
#3930=CIRCLE('',#3929,7.337E-1);
#3935=CIRCLE('',#3934,2.3E-1);
#3940=CIRCLE('',#3939,2.737E-1);
#3945=CIRCLE('',#3944,2.3E-1);
#3954=CIRCLE('',#3953,2.3E-1);
#3963=CIRCLE('',#3962,2.3E-1);
#3968=CIRCLE('',#3967,2.3E-1);
#3973=CIRCLE('',#3972,1.E-1);
#3978=CIRCLE('',#3977,1.E-1);
#3983=CIRCLE('',#3982,1.E-1);
#3988=CIRCLE('',#3987,2.75E-1);
#3993=CIRCLE('',#3992,1.E-1);
#3998=CIRCLE('',#3997,3.75E-1);
#4003=CIRCLE('',#4002,1.E-1);
#4008=CIRCLE('',#4007,1.E-1);
#4013=CIRCLE('',#4012,1.E-1);
#4018=CIRCLE('',#4017,1.E-1);
#4031=CIRCLE('',#4030,2.3E-1);
#4036=CIRCLE('',#4035,2.3E-1);
#4041=CIRCLE('',#4040,2.75E-1);
#4046=CIRCLE('',#4045,1.E-1);
#4051=CIRCLE('',#4050,3.75E-1);
#4056=CIRCLE('',#4055,1.E-1);
#4061=CIRCLE('',#4060,1.E-1);
#4074=CIRCLE('',#4073,2.3E-1);
#4079=CIRCLE('',#4078,2.3E-1);
#4092=CIRCLE('',#4091,1.480120718211E-1);
#4097=CIRCLE('',#4096,1.480120718211E-1);
#4126=B_SPLINE_CURVE_WITH_KNOTS('',3,(#4122,#4123,#4124,#4125),.UNSPECIFIED.,
.F.,.F.,(4,4),(0.E0,1.E0),.UNSPECIFIED.);
#4136=B_SPLINE_CURVE_WITH_KNOTS('',3,(#4127,#4128,#4129,#4130,#4131,#4132,#4133,
#4134,#4135),.UNSPECIFIED.,.F.,.F.,(4,1,1,1,1,1,4),(0.E0,1.152280785021E-1,
3.048615611636E-1,5.034943846616E-1,6.872880068543E-1,8.644343574720E-1,1.E0),
.UNSPECIFIED.);
#4141=B_SPLINE_CURVE_WITH_KNOTS('',3,(#4137,#4138,#4139,#4140),.UNSPECIFIED.,
.F.,.F.,(4,4),(0.E0,1.E0),.UNSPECIFIED.);
#4151=B_SPLINE_CURVE_WITH_KNOTS('',3,(#4142,#4143,#4144,#4145,#4146,#4147,#4148,
#4149,#4150),.UNSPECIFIED.,.F.,.F.,(4,1,1,1,1,1,4),(0.E0,1.567352323530E-1,
3.198909263438E-1,4.971733109209E-1,6.842997664824E-1,8.571876190287E-1,1.E0),
.UNSPECIFIED.);
#4204=B_SPLINE_CURVE_WITH_KNOTS('',3,(#4200,#4201,#4202,#4203),.UNSPECIFIED.,
.F.,.F.,(4,4),(0.E0,1.E0),.UNSPECIFIED.);
#4209=B_SPLINE_CURVE_WITH_KNOTS('',3,(#4205,#4206,#4207,#4208),.UNSPECIFIED.,
.F.,.F.,(4,4),(0.E0,1.E0),.UNSPECIFIED.);
#4214=B_SPLINE_CURVE_WITH_KNOTS('',3,(#4210,#4211,#4212,#4213),.UNSPECIFIED.,
.F.,.F.,(4,4),(0.E0,1.E0),.UNSPECIFIED.);
#4222=B_SPLINE_CURVE_WITH_KNOTS('',3,(#4215,#4216,#4217,#4218,#4219,#4220,
#4221),.UNSPECIFIED.,.F.,.F.,(4,1,1,1,4),(0.E0,2.466247974286E-1,
4.922313053978E-1,7.440230975145E-1,1.E0),.UNSPECIFIED.);
#4227=B_SPLINE_CURVE_WITH_KNOTS('',3,(#4223,#4224,#4225,#4226),.UNSPECIFIED.,
.F.,.F.,(4,4),(0.E0,1.E0),.UNSPECIFIED.);
#4232=B_SPLINE_CURVE_WITH_KNOTS('',3,(#4228,#4229,#4230,#4231),.UNSPECIFIED.,
.F.,.F.,(4,4),(0.E0,1.E0),.UNSPECIFIED.);
#4237=B_SPLINE_CURVE_WITH_KNOTS('',3,(#4233,#4234,#4235,#4236),.UNSPECIFIED.,
.F.,.F.,(4,4),(0.E0,1.E0),.UNSPECIFIED.);
#4245=B_SPLINE_CURVE_WITH_KNOTS('',3,(#4238,#4239,#4240,#4241,#4242,#4243,
#4244),.UNSPECIFIED.,.F.,.F.,(4,1,1,1,4),(0.E0,2.578376410223E-1,
5.089732696792E-1,7.497847226165E-1,1.E0),.UNSPECIFIED.);
#4250=B_SPLINE_CURVE_WITH_KNOTS('',3,(#4246,#4247,#4248,#4249),.UNSPECIFIED.,
.F.,.F.,(4,4),(0.E0,1.E0),.UNSPECIFIED.);
#4255=B_SPLINE_CURVE_WITH_KNOTS('',3,(#4251,#4252,#4253,#4254),.UNSPECIFIED.,
.F.,.F.,(4,4),(0.E0,1.E0),.UNSPECIFIED.);
#4260=B_SPLINE_CURVE_WITH_KNOTS('',3,(#4256,#4257,#4258,#4259),.UNSPECIFIED.,
.F.,.F.,(4,4),(0.E0,1.E0),.UNSPECIFIED.);
#4265=B_SPLINE_CURVE_WITH_KNOTS('',3,(#4261,#4262,#4263,#4264),.UNSPECIFIED.,
.F.,.F.,(4,4),(0.E0,1.E0),.UNSPECIFIED.);
#4270=B_SPLINE_CURVE_WITH_KNOTS('',3,(#4266,#4267,#4268,#4269),.UNSPECIFIED.,
.F.,.F.,(4,4),(0.E0,1.E0),.UNSPECIFIED.);
#4355=B_SPLINE_CURVE_WITH_KNOTS('',3,(#4351,#4352,#4353,#4354),.UNSPECIFIED.,
.F.,.F.,(4,4),(0.E0,1.E0),.UNSPECIFIED.);
#4365=B_SPLINE_CURVE_WITH_KNOTS('',3,(#4356,#4357,#4358,#4359,#4360,#4361,#4362,
#4363,#4364),.UNSPECIFIED.,.F.,.F.,(4,1,1,1,1,1,4),(0.E0,2.155736124154E-1,
4.209781367553E-1,5.610333349159E-1,6.872232534200E-1,8.210542296683E-1,1.E0),
.UNSPECIFIED.);
#4370=B_SPLINE_CURVE_WITH_KNOTS('',3,(#4366,#4367,#4368,#4369),.UNSPECIFIED.,
.F.,.F.,(4,4),(0.E0,1.E0),.UNSPECIFIED.);
#4375=B_SPLINE_CURVE_WITH_KNOTS('',3,(#4371,#4372,#4373,#4374),.UNSPECIFIED.,
.F.,.F.,(4,4),(0.E0,1.E0),.UNSPECIFIED.);
#4383=B_SPLINE_CURVE_WITH_KNOTS('',3,(#4376,#4377,#4378,#4379,#4380,#4381,
#4382),.UNSPECIFIED.,.F.,.F.,(4,1,1,1,4),(0.E0,3.587265467628E-1,
5.354544245452E-1,7.237078634641E-1,1.E0),.UNSPECIFIED.);
#4388=B_SPLINE_CURVE_WITH_KNOTS('',3,(#4384,#4385,#4386,#4387),.UNSPECIFIED.,
.F.,.F.,(4,4),(0.E0,1.E0),.UNSPECIFIED.);
#4394=B_SPLINE_CURVE_WITH_KNOTS('',3,(#4389,#4390,#4391,#4392,#4393),
.UNSPECIFIED.,.F.,.F.,(4,1,4),(0.E0,5.237524283500E-1,1.E0),.UNSPECIFIED.);
#4399=B_SPLINE_CURVE_WITH_KNOTS('',3,(#4395,#4396,#4397,#4398),.UNSPECIFIED.,
.F.,.F.,(4,4),(0.E0,1.E0),.UNSPECIFIED.);
#4405=B_SPLINE_CURVE_WITH_KNOTS('',3,(#4400,#4401,#4402,#4403,#4404),
.UNSPECIFIED.,.F.,.F.,(4,1,4),(0.E0,5.950198726789E-1,1.E0),.UNSPECIFIED.);
#4410=B_SPLINE_CURVE_WITH_KNOTS('',3,(#4406,#4407,#4408,#4409),.UNSPECIFIED.,
.F.,.F.,(4,4),(0.E0,1.E0),.UNSPECIFIED.);
#4415=B_SPLINE_CURVE_WITH_KNOTS('',3,(#4411,#4412,#4413,#4414),.UNSPECIFIED.,
.F.,.F.,(4,4),(0.E0,1.E0),.UNSPECIFIED.);
#4420=B_SPLINE_CURVE_WITH_KNOTS('',3,(#4416,#4417,#4418,#4419),.UNSPECIFIED.,
.F.,.F.,(4,4),(0.E0,1.E0),.UNSPECIFIED.);
#4433=B_SPLINE_CURVE_WITH_KNOTS('',3,(#4421,#4422,#4423,#4424,#4425,#4426,#4427,
#4428,#4429,#4430,#4431,#4432),.UNSPECIFIED.,.F.,.F.,(4,1,1,1,1,1,1,1,1,4),
(0.E0,1.175653292804E-1,2.581187029197E-1,3.757089100175E-1,4.565875832280E-1,
5.800796653547E-1,6.796938943118E-1,7.310713197671E-1,8.516242549624E-1,1.E0),
.UNSPECIFIED.);
#4438=B_SPLINE_CURVE_WITH_KNOTS('',3,(#4434,#4435,#4436,#4437),.UNSPECIFIED.,
.F.,.F.,(4,4),(0.E0,1.E0),.UNSPECIFIED.);
#4452=B_SPLINE_CURVE_WITH_KNOTS('',3,(#4439,#4440,#4441,#4442,#4443,#4444,#4445,
#4446,#4447,#4448,#4449,#4450,#4451),.UNSPECIFIED.,.F.,.F.,(4,1,1,1,1,1,1,1,1,1,
4),(0.E0,1.341444812189E-1,2.800839735467E-1,3.979117310528E-1,
4.827091168545E-1,6.086883703528E-1,7.008952093107E-1,7.495267048497E-1,
8.031709464644E-1,8.723180716025E-1,1.E0),.UNSPECIFIED.);
#4457=B_SPLINE_CURVE_WITH_KNOTS('',3,(#4453,#4454,#4455,#4456),.UNSPECIFIED.,
.F.,.F.,(4,4),(0.E0,1.E0),.UNSPECIFIED.);
#4462=B_SPLINE_CURVE_WITH_KNOTS('',3,(#4458,#4459,#4460,#4461),.UNSPECIFIED.,
.F.,.F.,(4,4),(0.E0,1.E0),.UNSPECIFIED.);
#4467=B_SPLINE_CURVE_WITH_KNOTS('',3,(#4463,#4464,#4465,#4466),.UNSPECIFIED.,
.F.,.F.,(4,4),(0.E0,1.E0),.UNSPECIFIED.);
#4472=B_SPLINE_CURVE_WITH_KNOTS('',3,(#4468,#4469,#4470,#4471),.UNSPECIFIED.,
.F.,.F.,(4,4),(0.E0,1.E0),.UNSPECIFIED.);
#4477=B_SPLINE_CURVE_WITH_KNOTS('',3,(#4473,#4474,#4475,#4476),.UNSPECIFIED.,
.F.,.F.,(4,4),(0.E0,1.E0),.UNSPECIFIED.);
#4483=B_SPLINE_CURVE_WITH_KNOTS('',3,(#4478,#4479,#4480,#4481,#4482),
.UNSPECIFIED.,.F.,.F.,(4,1,4),(0.E0,1.921533577342E-1,1.E0),.UNSPECIFIED.);
#4488=B_SPLINE_CURVE_WITH_KNOTS('',3,(#4484,#4485,#4486,#4487),.UNSPECIFIED.,
.F.,.F.,(4,4),(0.E0,1.E0),.UNSPECIFIED.);
#4494=B_SPLINE_CURVE_WITH_KNOTS('',3,(#4489,#4490,#4491,#4492,#4493),
.UNSPECIFIED.,.F.,.F.,(4,1,4),(0.E0,6.923374456522E-1,1.E0),.UNSPECIFIED.);
#4499=B_SPLINE_CURVE_WITH_KNOTS('',3,(#4495,#4496,#4497,#4498),.UNSPECIFIED.,
.F.,.F.,(4,4),(0.E0,1.E0),.UNSPECIFIED.);
#4504=B_SPLINE_CURVE_WITH_KNOTS('',3,(#4500,#4501,#4502,#4503),.UNSPECIFIED.,
.F.,.F.,(4,4),(0.E0,1.E0),.UNSPECIFIED.);
#4509=B_SPLINE_CURVE_WITH_KNOTS('',3,(#4505,#4506,#4507,#4508),.UNSPECIFIED.,
.F.,.F.,(4,4),(0.E0,1.E0),.UNSPECIFIED.);
#4514=B_SPLINE_CURVE_WITH_KNOTS('',3,(#4510,#4511,#4512,#4513),.UNSPECIFIED.,
.F.,.F.,(4,4),(0.E0,1.E0),.UNSPECIFIED.);
#4567=B_SPLINE_CURVE_WITH_KNOTS('',3,(#4563,#4564,#4565,#4566),.UNSPECIFIED.,
.F.,.F.,(4,4),(0.E0,1.E0),.UNSPECIFIED.);
#4572=B_SPLINE_CURVE_WITH_KNOTS('',3,(#4568,#4569,#4570,#4571),.UNSPECIFIED.,
.F.,.F.,(4,4),(0.E0,1.E0),.UNSPECIFIED.);
#4577=B_SPLINE_CURVE_WITH_KNOTS('',3,(#4573,#4574,#4575,#4576),.UNSPECIFIED.,
.F.,.F.,(4,4),(0.E0,1.E0),.UNSPECIFIED.);
#4585=B_SPLINE_CURVE_WITH_KNOTS('',3,(#4578,#4579,#4580,#4581,#4582,#4583,
#4584),.UNSPECIFIED.,.F.,.F.,(4,1,1,1,4),(0.E0,2.466247974256E-1,
4.922313053899E-1,7.440230975121E-1,1.E0),.UNSPECIFIED.);
#4590=B_SPLINE_CURVE_WITH_KNOTS('',3,(#4586,#4587,#4588,#4589),.UNSPECIFIED.,
.F.,.F.,(4,4),(0.E0,1.E0),.UNSPECIFIED.);
#4595=B_SPLINE_CURVE_WITH_KNOTS('',3,(#4591,#4592,#4593,#4594),.UNSPECIFIED.,
.F.,.F.,(4,4),(0.E0,1.E0),.UNSPECIFIED.);
#4600=B_SPLINE_CURVE_WITH_KNOTS('',3,(#4596,#4597,#4598,#4599),.UNSPECIFIED.,
.F.,.F.,(4,4),(0.E0,1.E0),.UNSPECIFIED.);
#4608=B_SPLINE_CURVE_WITH_KNOTS('',3,(#4601,#4602,#4603,#4604,#4605,#4606,
#4607),.UNSPECIFIED.,.F.,.F.,(4,1,1,1,4),(0.E0,2.578376410199E-1,
5.089732696746E-1,7.497847226177E-1,1.E0),.UNSPECIFIED.);
#4613=B_SPLINE_CURVE_WITH_KNOTS('',3,(#4609,#4610,#4611,#4612),.UNSPECIFIED.,
.F.,.F.,(4,4),(0.E0,1.E0),.UNSPECIFIED.);
#4618=B_SPLINE_CURVE_WITH_KNOTS('',3,(#4614,#4615,#4616,#4617),.UNSPECIFIED.,
.F.,.F.,(4,4),(0.E0,1.E0),.UNSPECIFIED.);
#4623=B_SPLINE_CURVE_WITH_KNOTS('',3,(#4619,#4620,#4621,#4622),.UNSPECIFIED.,
.F.,.F.,(4,4),(0.E0,1.E0),.UNSPECIFIED.);
#4628=B_SPLINE_CURVE_WITH_KNOTS('',3,(#4624,#4625,#4626,#4627),.UNSPECIFIED.,
.F.,.F.,(4,4),(0.E0,1.E0),.UNSPECIFIED.);
#4633=B_SPLINE_CURVE_WITH_KNOTS('',3,(#4629,#4630,#4631,#4632),.UNSPECIFIED.,
.F.,.F.,(4,4),(0.E0,1.E0),.UNSPECIFIED.);
#4673=B_SPLINE_CURVE_WITH_KNOTS('',3,(#4666,#4667,#4668,#4669,#4670,#4671,
#4672),.UNSPECIFIED.,.F.,.F.,(4,1,1,1,4),(0.E0,2.226963329829E-1,
5.615438495888E-1,8.551881585072E-1,1.E0),.UNSPECIFIED.);
#4680=B_SPLINE_CURVE_WITH_KNOTS('',3,(#4674,#4675,#4676,#4677,#4678,#4679),
.UNSPECIFIED.,.F.,.F.,(4,1,1,4),(0.E0,2.761126116402E-1,5.534015859397E-1,1.E0),
.UNSPECIFIED.);
#4685=B_SPLINE_CURVE_WITH_KNOTS('',3,(#4681,#4682,#4683,#4684),.UNSPECIFIED.,
.F.,.F.,(4,4),(0.E0,1.E0),.UNSPECIFIED.);
#4690=B_SPLINE_CURVE_WITH_KNOTS('',3,(#4686,#4687,#4688,#4689),.UNSPECIFIED.,
.F.,.F.,(4,4),(0.E0,1.E0),.UNSPECIFIED.);
#4695=B_SPLINE_CURVE_WITH_KNOTS('',3,(#4691,#4692,#4693,#4694),.UNSPECIFIED.,
.F.,.F.,(4,4),(0.E0,1.E0),.UNSPECIFIED.);
#4702=B_SPLINE_CURVE_WITH_KNOTS('',3,(#4696,#4697,#4698,#4699,#4700,#4701),
.UNSPECIFIED.,.F.,.F.,(4,1,1,4),(0.E0,6.584959150851E-2,5.404520185202E-1,1.E0),
.UNSPECIFIED.);
#4707=B_SPLINE_CURVE_WITH_KNOTS('',3,(#4703,#4704,#4705,#4706),.UNSPECIFIED.,
.F.,.F.,(4,4),(0.E0,1.E0),.UNSPECIFIED.);
#4714=B_SPLINE_CURVE_WITH_KNOTS('',3,(#4708,#4709,#4710,#4711,#4712,#4713),
.UNSPECIFIED.,.F.,.F.,(4,1,1,4),(0.E0,3.564114353987E-2,5.270824027251E-1,1.E0),
.UNSPECIFIED.);
#4720=B_SPLINE_CURVE_WITH_KNOTS('',3,(#4715,#4716,#4717,#4718,#4719),
.UNSPECIFIED.,.F.,.F.,(4,1,4),(0.E0,4.675992636402E-1,1.E0),.UNSPECIFIED.);
#4727=B_SPLINE_CURVE_WITH_KNOTS('',3,(#4721,#4722,#4723,#4724,#4725,#4726),
.UNSPECIFIED.,.F.,.F.,(4,1,1,4),(0.E0,3.585443611440E-1,8.201936862644E-1,1.E0),
.UNSPECIFIED.);
#4733=B_SPLINE_CURVE_WITH_KNOTS('',3,(#4728,#4729,#4730,#4731,#4732),
.UNSPECIFIED.,.F.,.F.,(4,1,4),(0.E0,4.175733561965E-1,1.E0),.UNSPECIFIED.);
#4738=B_SPLINE_CURVE_WITH_KNOTS('',3,(#4734,#4735,#4736,#4737),.UNSPECIFIED.,
.F.,.F.,(4,4),(0.E0,1.E0),.UNSPECIFIED.);
#4743=B_SPLINE_CURVE_WITH_KNOTS('',3,(#4739,#4740,#4741,#4742),.UNSPECIFIED.,
.F.,.F.,(4,4),(0.E0,1.E0),.UNSPECIFIED.);
#4748=B_SPLINE_CURVE_WITH_KNOTS('',3,(#4744,#4745,#4746,#4747),.UNSPECIFIED.,
.F.,.F.,(4,4),(0.E0,1.E0),.UNSPECIFIED.);
#4755=B_SPLINE_CURVE_WITH_KNOTS('',3,(#4749,#4750,#4751,#4752,#4753,#4754),
.UNSPECIFIED.,.F.,.F.,(4,1,1,4),(0.E0,4.355221245185E-1,9.627213829328E-1,1.E0),
.UNSPECIFIED.);
#4764=B_SPLINE_CURVE_WITH_KNOTS('',3,(#4756,#4757,#4758,#4759,#4760,#4761,#4762,
#4763),.UNSPECIFIED.,.F.,.F.,(4,1,1,1,1,4),(0.E0,4.798572530125E-2,
3.069980039736E-1,5.632939930434E-1,8.060865076554E-1,1.E0),.UNSPECIFIED.);
#6649=EDGE_CURVE('',#6385,#6192,#22,.T.);
#6651=EDGE_CURVE('',#6192,#6194,#4121,.T.);
#6653=EDGE_CURVE('',#6387,#6194,#4776,.T.);
#6655=EDGE_CURVE('',#6385,#6387,#232,.T.);
#6659=ADVANCED_FACE('',(#6658),#6648,.T.);
#6665=EDGE_CURVE('',#6383,#6191,#26,.T.);
#6667=EDGE_CURVE('',#6191,#6192,#4101,.T.);
#6670=EDGE_CURVE('',#6383,#6385,#228,.T.);
#6674=ADVANCED_FACE('',(#6673),#6664,.T.);
#6681=EDGE_CURVE('',#6393,#6383,#248,.T.);
#6683=EDGE_CURVE('',#6393,#6200,#30,.T.);
#6685=EDGE_CURVE('',#6200,#6191,#4105,.T.);
#6689=ADVANCED_FACE('',(#6688),#6679,.T.);
#6695=EDGE_CURVE('',#5596,#5597,#130,.T.);
#6697=EDGE_CURVE('',#5603,#5596,#1411,.T.);
#6699=EDGE_CURVE('',#5602,#5603,#134,.T.);
#6701=EDGE_CURVE('',#5602,#5609,#138,.T.);
#6703=EDGE_CURVE('',#5608,#5609,#142,.T.);
#6705=EDGE_CURVE('',#5615,#5608,#1432,.T.);
#6707=EDGE_CURVE('',#5614,#5615,#146,.T.);
#6709=EDGE_CURVE('',#5614,#5304,#150,.T.);
#6711=EDGE_CURVE('',#5301,#5304,#154,.T.);
#6713=EDGE_CURVE('',#5301,#5302,#158,.T.);
#6715=EDGE_CURVE('',#5302,#5322,#162,.T.);
#6717=EDGE_CURVE('',#5322,#5493,#166,.T.);
#6719=EDGE_CURVE('',#5492,#5493,#170,.T.);
#6721=EDGE_CURVE('',#5499,#5492,#1188,.T.);
#6723=EDGE_CURVE('',#5498,#5499,#174,.T.);
#6725=EDGE_CURVE('',#5498,#5505,#178,.T.);
#6727=EDGE_CURVE('',#5504,#5505,#182,.T.);
#6729=EDGE_CURVE('',#5511,#5504,#1209,.T.);
#6731=EDGE_CURVE('',#5510,#5511,#186,.T.);
#6733=EDGE_CURVE('',#5510,#5545,#190,.T.);
#6735=EDGE_CURVE('',#5544,#5545,#194,.T.);
#6737=EDGE_CURVE('',#5551,#5544,#2127,.T.);
#6739=EDGE_CURVE('',#5550,#5551,#198,.T.);
#6741=EDGE_CURVE('',#5550,#5557,#202,.T.);
#6743=EDGE_CURVE('',#5556,#5557,#206,.T.);
#6745=EDGE_CURVE('',#5563,#5556,#2148,.T.);
#6747=EDGE_CURVE('',#5562,#5563,#210,.T.);
#6749=EDGE_CURVE('',#5562,#5597,#214,.T.);
#6753=EDGE_CURVE('',#5762,#5763,#34,.T.);
#6755=EDGE_CURVE('',#5767,#5762,#38,.T.);
#6757=EDGE_CURVE('',#5765,#5767,#42,.T.);
#6759=EDGE_CURVE('',#5763,#5765,#46,.T.);
#6763=EDGE_CURVE('',#5903,#5904,#50,.T.);
#6765=EDGE_CURVE('',#5908,#5903,#54,.T.);
#6767=EDGE_CURVE('',#5906,#5908,#58,.T.);
#6769=EDGE_CURVE('',#5904,#5906,#62,.T.);
#6773=EDGE_CURVE('',#5925,#5926,#66,.T.);
#6775=EDGE_CURVE('',#5930,#5925,#70,.T.);
#6777=EDGE_CURVE('',#5928,#5930,#74,.T.);
#6779=EDGE_CURVE('',#5926,#5928,#78,.T.);
#6783=EDGE_CURVE('',#5947,#5948,#82,.T.);
#6785=EDGE_CURVE('',#5952,#5947,#86,.T.);
#6787=EDGE_CURVE('',#5950,#5952,#90,.T.);
#6789=EDGE_CURVE('',#5948,#5950,#94,.T.);
#6793=EDGE_CURVE('',#5969,#5970,#98,.T.);
#6795=EDGE_CURVE('',#5974,#5969,#102,.T.);
#6797=EDGE_CURVE('',#5972,#5974,#106,.T.);
#6799=EDGE_CURVE('',#5970,#5972,#110,.T.);
#6803=EDGE_CURVE('',#5991,#5992,#114,.T.);
#6805=EDGE_CURVE('',#5996,#5991,#118,.T.);
#6807=EDGE_CURVE('',#5994,#5996,#122,.T.);
#6809=EDGE_CURVE('',#5992,#5994,#126,.T.);
#6815=EDGE_CURVE('',#6387,#6389,#236,.T.);
#6817=EDGE_CURVE('',#6389,#6391,#240,.T.);
#6819=EDGE_CURVE('',#6391,#6393,#244,.T.);
#6824=EDGE_CURVE('',#6395,#6397,#253,.T.);
#6826=EDGE_CURVE('',#6399,#6397,#263,.T.);
#6828=EDGE_CURVE('',#6399,#6401,#268,.T.);
#6830=EDGE_CURVE('',#6395,#6401,#278,.T.);
#6834=EDGE_CURVE('',#6403,#6405,#282,.T.);
#6836=EDGE_CURVE('',#6405,#6407,#286,.T.);
#6838=EDGE_CURVE('',#6407,#6409,#290,.T.);
#6840=EDGE_CURVE('',#6409,#6411,#294,.T.);
#6842=EDGE_CURVE('',#6411,#6413,#298,.T.);
#6844=EDGE_CURVE('',#6413,#6415,#302,.T.);
#6846=EDGE_CURVE('',#6415,#6417,#306,.T.);
#6848=EDGE_CURVE('',#6417,#6419,#310,.T.);
#6850=EDGE_CURVE('',#6419,#6421,#314,.T.);
#6852=EDGE_CURVE('',#6421,#6423,#318,.T.);
#6854=EDGE_CURVE('',#6423,#6425,#322,.T.);
#6856=EDGE_CURVE('',#6425,#6403,#326,.T.);
#6860=EDGE_CURVE('',#6435,#6437,#354,.T.);
#6862=EDGE_CURVE('',#6439,#6437,#362,.T.);
#6864=EDGE_CURVE('',#6439,#6441,#367,.T.);
#6866=EDGE_CURVE('',#6441,#6435,#372,.T.);
#6870=EDGE_CURVE('',#6453,#6455,#401,.T.);
#6872=EDGE_CURVE('',#6455,#6457,#405,.T.);
#6874=EDGE_CURVE('',#6457,#6459,#409,.T.);
#6876=EDGE_CURVE('',#6459,#6461,#413,.T.);
#6878=EDGE_CURVE('',#6461,#6463,#417,.T.);
#6880=EDGE_CURVE('',#6463,#6465,#421,.T.);
#6882=EDGE_CURVE('',#6465,#6467,#425,.T.);
#6884=EDGE_CURVE('',#6467,#6453,#429,.T.);
#6888=EDGE_CURVE('',#6469,#6471,#433,.T.);
#6890=EDGE_CURVE('',#6471,#6473,#437,.T.);
#6892=EDGE_CURVE('',#6473,#6475,#441,.T.);
#6894=EDGE_CURVE('',#6475,#6477,#445,.T.);
#6896=EDGE_CURVE('',#6477,#6479,#449,.T.);
#6898=EDGE_CURVE('',#6479,#6481,#453,.T.);
#6900=EDGE_CURVE('',#6481,#6483,#457,.T.);
#6902=EDGE_CURVE('',#6483,#6485,#461,.T.);
#6904=EDGE_CURVE('',#6485,#6487,#465,.T.);
#6906=EDGE_CURVE('',#6487,#6489,#469,.T.);
#6908=EDGE_CURVE('',#6489,#6491,#473,.T.);
#6910=EDGE_CURVE('',#6491,#6469,#477,.T.);
#6914=EDGE_CURVE('',#6499,#6501,#502,.T.);
#6916=EDGE_CURVE('',#6501,#6503,#507,.T.);
#6918=EDGE_CURVE('',#6503,#6505,#512,.T.);
#6920=EDGE_CURVE('',#6507,#6505,#518,.T.);
#6922=EDGE_CURVE('',#6507,#6509,#523,.T.);
#6924=EDGE_CURVE('',#6511,#6509,#529,.T.);
#6926=EDGE_CURVE('',#6511,#6513,#534,.T.);
#6928=EDGE_CURVE('',#6499,#6513,#542,.T.);
#6932=EDGE_CURVE('',#6515,#6517,#547,.T.);
#6934=EDGE_CURVE('',#6519,#6517,#561,.T.);
#6936=EDGE_CURVE('',#6519,#6521,#566,.T.);
#6938=EDGE_CURVE('',#6515,#6521,#579,.T.);
#6942=EDGE_CURVE('',#6523,#6525,#584,.T.);
#6944=EDGE_CURVE('',#6525,#6527,#589,.T.);
#6946=EDGE_CURVE('',#6527,#6529,#594,.T.);
#6948=EDGE_CURVE('',#6529,#6531,#599,.T.);
#6950=EDGE_CURVE('',#6531,#6533,#604,.T.);
#6952=EDGE_CURVE('',#6535,#6533,#610,.T.);
#6954=EDGE_CURVE('',#6535,#6537,#615,.T.);
#6956=EDGE_CURVE('',#6539,#6537,#621,.T.);
#6958=EDGE_CURVE('',#6539,#6541,#626,.T.);
#6960=EDGE_CURVE('',#6541,#6543,#631,.T.);
#6962=EDGE_CURVE('',#6543,#6545,#636,.T.);
#6964=EDGE_CURVE('',#6523,#6545,#641,.T.);
#6968=EDGE_CURVE('',#6547,#6549,#645,.T.);
#6970=EDGE_CURVE('',#6549,#6551,#649,.T.);
#6972=EDGE_CURVE('',#6551,#6553,#653,.T.);
#6974=EDGE_CURVE('',#6553,#6555,#657,.T.);
#6976=EDGE_CURVE('',#6555,#6557,#661,.T.);
#6978=EDGE_CURVE('',#6557,#6559,#665,.T.);
#6980=EDGE_CURVE('',#6559,#6561,#669,.T.);
#6982=EDGE_CURVE('',#6561,#6563,#673,.T.);
#6984=EDGE_CURVE('',#6563,#6565,#677,.T.);
#6986=EDGE_CURVE('',#6565,#6567,#681,.T.);
#6988=EDGE_CURVE('',#6567,#6569,#685,.T.);
#6990=EDGE_CURVE('',#6569,#6547,#689,.T.);
#6994=EDGE_CURVE('',#6579,#6581,#717,.T.);
#6996=EDGE_CURVE('',#6583,#6581,#725,.T.);
#6998=EDGE_CURVE('',#6583,#6585,#730,.T.);
#7000=EDGE_CURVE('',#6585,#6579,#735,.T.);
#7004=EDGE_CURVE('',#6597,#6599,#764,.T.);
#7006=EDGE_CURVE('',#6599,#6601,#768,.T.);
#7008=EDGE_CURVE('',#6601,#6603,#772,.T.);
#7010=EDGE_CURVE('',#6603,#6605,#776,.T.);
#7012=EDGE_CURVE('',#6605,#6607,#780,.T.);
#7014=EDGE_CURVE('',#6607,#6609,#784,.T.);
#7016=EDGE_CURVE('',#6609,#6611,#788,.T.);
#7018=EDGE_CURVE('',#6611,#6597,#792,.T.);
#7022=EDGE_CURVE('',#6613,#6615,#800,.T.);
#7024=EDGE_CURVE('',#6615,#6617,#809,.T.);
#7026=EDGE_CURVE('',#6617,#6619,#816,.T.);
#7028=EDGE_CURVE('',#6619,#6621,#821,.T.);
#7030=EDGE_CURVE('',#6621,#6623,#826,.T.);
#7032=EDGE_CURVE('',#6623,#6625,#831,.T.);
#7034=EDGE_CURVE('',#6625,#6627,#837,.T.);
#7036=EDGE_CURVE('',#6627,#6629,#844,.T.);
#7038=EDGE_CURVE('',#6629,#6631,#850,.T.);
#7040=EDGE_CURVE('',#6631,#6633,#857,.T.);
#7042=EDGE_CURVE('',#6633,#6635,#862,.T.);
#7044=EDGE_CURVE('',#6635,#6637,#869,.T.);
#7046=EDGE_CURVE('',#6637,#6639,#874,.T.);
#7048=EDGE_CURVE('',#6639,#6641,#879,.T.);
#7050=EDGE_CURVE('',#6641,#6643,#884,.T.);
#7052=EDGE_CURVE('',#6643,#6613,#891,.T.);
#7056=ADVANCED_FACE('',(#6752,#6762,#6772,#6782,#6792,#6802,#6812,#6823,#6833,
#6859,#6869,#6887,#6913,#6931,#6941,#6967,#6993,#7003,#7021,#7055),#6694,.T.);
#7069=EDGE_CURVE('',#6381,#6379,#219,.T.);
#7071=EDGE_CURVE('',#6379,#6381,#224,.T.);
#7075=ADVANCED_FACE('',(#7074),#7068,.T.);
#7088=EDGE_CURVE('',#6427,#6429,#331,.T.);
#7090=EDGE_CURVE('',#6431,#6429,#339,.T.);
#7092=EDGE_CURVE('',#6431,#6433,#344,.T.);
#7094=EDGE_CURVE('',#6433,#6427,#349,.T.);
#7098=ADVANCED_FACE('',(#7097),#7087,.T.);
#7111=EDGE_CURVE('',#6445,#6443,#377,.T.);
#7113=EDGE_CURVE('',#6445,#6447,#382,.T.);
#7115=EDGE_CURVE('',#6447,#6449,#387,.T.);
#7117=EDGE_CURVE('',#6449,#6451,#392,.T.);
#7119=EDGE_CURVE('',#6443,#6451,#397,.T.);
#7123=ADVANCED_FACE('',(#7122),#7110,.T.);
#7136=EDGE_CURVE('',#6493,#6495,#482,.T.);
#7138=EDGE_CURVE('',#6495,#6497,#487,.T.);
#7140=EDGE_CURVE('',#6493,#6497,#497,.T.);
#7144=ADVANCED_FACE('',(#7143),#7135,.T.);
#7157=EDGE_CURVE('',#6571,#6573,#694,.T.);
#7159=EDGE_CURVE('',#6575,#6573,#702,.T.);
#7161=EDGE_CURVE('',#6575,#6577,#707,.T.);
#7163=EDGE_CURVE('',#6577,#6571,#712,.T.);
#7167=ADVANCED_FACE('',(#7166),#7156,.T.);
#7180=EDGE_CURVE('',#6589,#6587,#740,.T.);
#7182=EDGE_CURVE('',#6589,#6591,#745,.T.);
#7184=EDGE_CURVE('',#6591,#6593,#750,.T.);
#7186=EDGE_CURVE('',#6593,#6595,#755,.T.);
#7188=EDGE_CURVE('',#6587,#6595,#760,.T.);
#7192=ADVANCED_FACE('',(#7191),#7179,.T.);
#7205=EDGE_CURVE('',#6016,#6011,#895,.T.);
#7207=EDGE_CURVE('',#5625,#6016,#899,.T.);
#7209=EDGE_CURVE('',#5623,#5625,#1710,.T.);
#7211=EDGE_CURVE('',#5637,#5623,#2328,.T.);
#7213=EDGE_CURVE('',#5637,#5446,#903,.T.);
#7215=EDGE_CURVE('',#5446,#5389,#907,.T.);
#7217=EDGE_CURVE('',#5389,#5773,#1818,.T.);
#7219=EDGE_CURVE('',#5769,#5773,#911,.T.);
#7221=EDGE_CURVE('',#5769,#5762,#915,.T.);
#7224=EDGE_CURVE('',#5771,#5763,#3282,.T.);
#7226=EDGE_CURVE('',#5882,#5771,#919,.T.);
#7228=EDGE_CURVE('',#5882,#5918,#1838,.T.);
#7230=EDGE_CURVE('',#5910,#5918,#923,.T.);
#7232=EDGE_CURVE('',#5910,#5903,#927,.T.);
#7235=EDGE_CURVE('',#5912,#5904,#3882,.T.);
#7237=EDGE_CURVE('',#5920,#5912,#931,.T.);
#7239=EDGE_CURVE('',#5920,#5940,#1854,.T.);
#7241=EDGE_CURVE('',#5936,#5940,#935,.T.);
#7243=EDGE_CURVE('',#5936,#5925,#939,.T.);
#7246=EDGE_CURVE('',#5938,#5926,#3762,.T.);
#7248=EDGE_CURVE('',#5942,#5938,#943,.T.);
#7250=EDGE_CURVE('',#5942,#5962,#1870,.T.);
#7252=EDGE_CURVE('',#5954,#5962,#947,.T.);
#7254=EDGE_CURVE('',#5954,#5947,#951,.T.);
#7257=EDGE_CURVE('',#5956,#5948,#3642,.T.);
#7259=EDGE_CURVE('',#5964,#5956,#955,.T.);
#7261=EDGE_CURVE('',#5964,#5984,#1886,.T.);
#7263=EDGE_CURVE('',#5980,#5984,#959,.T.);
#7265=EDGE_CURVE('',#5980,#5969,#963,.T.);
#7268=EDGE_CURVE('',#5982,#5970,#3522,.T.);
#7270=EDGE_CURVE('',#5986,#5982,#967,.T.);
#7272=EDGE_CURVE('',#5986,#6006,#1902,.T.);
#7274=EDGE_CURVE('',#5998,#6006,#971,.T.);
#7276=EDGE_CURVE('',#5998,#5991,#975,.T.);
#7279=EDGE_CURVE('',#6000,#5992,#3402,.T.);
#7281=EDGE_CURVE('',#6008,#6000,#979,.T.);
#7283=EDGE_CURVE('',#6008,#5391,#1926,.T.);
#7285=EDGE_CURVE('',#5439,#5391,#1698,.T.);
#7287=EDGE_CURVE('',#5439,#5635,#983,.T.);
#7289=EDGE_CURVE('',#6002,#5635,#1531,.T.);
#7291=EDGE_CURVE('',#6004,#6002,#1794,.T.);
#7293=EDGE_CURVE('',#6043,#6004,#987,.T.);
#7295=EDGE_CURVE('',#6048,#6043,#991,.T.);
#7297=EDGE_CURVE('',#6048,#5978,#995,.T.);
#7299=EDGE_CURVE('',#5976,#5978,#1742,.T.);
#7301=EDGE_CURVE('',#6040,#5976,#999,.T.);
#7303=EDGE_CURVE('',#6038,#6040,#1003,.T.);
#7305=EDGE_CURVE('',#6038,#5960,#1007,.T.);
#7307=EDGE_CURVE('',#5959,#5960,#1778,.T.);
#7309=EDGE_CURVE('',#6027,#5959,#1011,.T.);
#7311=EDGE_CURVE('',#6032,#6027,#1015,.T.);
#7313=EDGE_CURVE('',#6032,#5934,#1019,.T.);
#7315=EDGE_CURVE('',#5932,#5934,#1726,.T.);
#7317=EDGE_CURVE('',#6024,#5932,#1023,.T.);
#7319=EDGE_CURVE('',#6022,#6024,#1027,.T.);
#7321=EDGE_CURVE('',#6022,#5916,#1031,.T.);
#7323=EDGE_CURVE('',#5915,#5916,#1762,.T.);
#7325=EDGE_CURVE('',#6011,#5915,#1035,.T.);
#7329=ADVANCED_FACE('',(#7328),#7204,.F.);
#7342=EDGE_CURVE('',#6011,#6012,#1044,.T.);
#7344=EDGE_CURVE('',#6014,#6012,#1943,.T.);
#7346=EDGE_CURVE('',#6014,#6016,#1935,.T.);
#7351=ADVANCED_FACE('',(#7350),#7341,.T.);
#7364=EDGE_CURVE('',#5470,#5471,#1039,.T.);
#7366=EDGE_CURVE('',#5900,#5471,#1574,.T.);
#7368=EDGE_CURVE('',#5900,#6012,#1947,.T.);
#7372=EDGE_CURVE('',#5915,#5482,#1758,.T.);
#7374=EDGE_CURVE('',#5482,#5483,#1213,.T.);
#7376=EDGE_CURVE('',#5483,#5501,#1048,.T.);
#7378=EDGE_CURVE('',#5501,#5781,#1053,.T.);
#7380=EDGE_CURVE('',#5781,#5470,#1057,.T.);
#7384=ADVANCED_FACE('',(#7383),#7363,.F.);
#7398=EDGE_CURVE('',#5474,#5470,#1067,.T.);
#7400=EDGE_CURVE('',#5474,#5475,#2023,.T.);
#7402=EDGE_CURVE('',#5475,#5471,#1062,.T.);
#7406=ADVANCED_FACE('',(#7405),#7396,.F.);
#7420=EDGE_CURVE('',#5785,#5470,#1072,.T.);
#7422=EDGE_CURVE('',#5785,#5776,#1077,.T.);
#7424=EDGE_CURVE('',#5474,#5776,#1082,.T.);
#7428=ADVANCED_FACE('',(#7427),#7418,.T.);
#7442=EDGE_CURVE('',#5784,#5781,#1087,.T.);
#7444=EDGE_CURVE('',#5784,#5785,#1295,.T.);
#7449=ADVANCED_FACE('',(#7448),#7440,.T.);
#7462=EDGE_CURVE('',#5505,#5784,#1097,.T.);
#7466=EDGE_CURVE('',#5505,#5501,#1092,.T.);
#7470=ADVANCED_FACE('',(#7469),#7461,.T.);
#7485=EDGE_CURVE('',#5789,#5498,#1102,.T.);
#7487=EDGE_CURVE('',#5789,#5784,#1299,.T.);
#7491=ADVANCED_FACE('',(#7490),#7482,.T.);
#7504=EDGE_CURVE('',#5493,#5796,#1107,.T.);
#7507=EDGE_CURVE('',#5322,#5324,#3159,.T.);
#7509=EDGE_CURVE('',#5324,#5796,#1311,.T.);
#7513=ADVANCED_FACE('',(#7512),#7503,.T.);
#7526=EDGE_CURVE('',#5557,#5808,#1112,.T.);
#7529=EDGE_CURVE('',#5813,#5550,#1117,.T.);
#7531=EDGE_CURVE('',#5813,#5808,#1275,.T.);
#7535=ADVANCED_FACE('',(#7534),#7525,.T.);
#7548=EDGE_CURVE('',#5545,#5820,#1122,.T.);
#7551=EDGE_CURVE('',#5777,#5510,#1127,.T.);
#7553=EDGE_CURVE('',#5777,#5820,#1287,.T.);
#7557=ADVANCED_FACE('',(#7556),#7547,.T.);
#7570=EDGE_CURVE('',#5825,#5614,#1132,.T.);
#7572=EDGE_CURVE('',#5825,#5318,#1371,.T.);
#7574=EDGE_CURVE('',#5318,#5304,#2769,.T.);
#7579=ADVANCED_FACE('',(#7578),#7569,.T.);
#7592=EDGE_CURVE('',#5609,#5832,#1137,.T.);
#7595=EDGE_CURVE('',#5837,#5602,#1142,.T.);
#7597=EDGE_CURVE('',#5837,#5832,#1383,.T.);
#7601=ADVANCED_FACE('',(#7600),#7591,.T.);
#7614=EDGE_CURVE('',#5597,#5844,#1147,.T.);
#7617=EDGE_CURVE('',#5801,#5562,#1152,.T.);
#7619=EDGE_CURVE('',#5801,#5844,#1263,.T.);
#7623=ADVANCED_FACE('',(#7622),#7613,.T.);
#7637=EDGE_CURVE('',#5498,#5495,#1162,.T.);
#7639=EDGE_CURVE('',#5791,#5495,#1180,.T.);
#7641=EDGE_CURVE('',#5789,#5791,#1157,.T.);
#7645=ADVANCED_FACE('',(#7644),#7635,.T.);
#7658=EDGE_CURVE('',#5495,#5479,#1184,.T.);
#7662=EDGE_CURVE('',#5499,#5479,#1167,.T.);
#7666=ADVANCED_FACE('',(#7665),#7657,.T.);
#7679=EDGE_CURVE('',#5467,#5462,#1171,.T.);
#7681=EDGE_CURVE('',#5467,#5791,#1175,.T.);
#7685=EDGE_CURVE('',#5479,#5462,#1201,.T.);
#7689=ADVANCED_FACE('',(#7688),#7678,.F.);
#7702=EDGE_CURVE('',#5462,#5463,#1197,.T.);
#7704=EDGE_CURVE('',#5465,#5463,#1232,.T.);
#7706=EDGE_CURVE('',#5467,#5465,#4041,.T.);
#7711=ADVANCED_FACE('',(#7710),#7701,.F.);
#7725=EDGE_CURVE('',#5477,#5492,#1228,.T.);
#7727=EDGE_CURVE('',#5463,#5477,#1192,.T.);
#7734=EDGE_CURVE('',#5644,#5645,#1218,.T.);
#7736=EDGE_CURVE('',#5645,#5644,#1223,.T.);
#7740=ADVANCED_FACE('',(#7733,#7739),#7723,.T.);
#7753=EDGE_CURVE('',#5486,#5487,#1205,.T.);
#7755=EDGE_CURVE('',#5511,#5486,#2056,.T.);
#7758=EDGE_CURVE('',#5483,#5504,#4061,.T.);
#7761=EDGE_CURVE('',#5482,#5487,#1770,.T.);
#7765=ADVANCED_FACE('',(#7764),#7752,.T.);
#7778=EDGE_CURVE('',#5477,#5489,#1236,.T.);
#7782=EDGE_CURVE('',#5493,#5489,#1250,.T.);
#7786=ADVANCED_FACE('',(#7785),#7777,.T.);
#7802=EDGE_CURVE('',#5489,#5793,#1241,.T.);
#7804=EDGE_CURVE('',#5793,#5465,#1245,.T.);
#7808=ADVANCED_FACE('',(#7807),#7798,.F.);
#7822=EDGE_CURVE('',#5796,#5793,#1255,.T.);
#7828=ADVANCED_FACE('',(#7827),#7820,.T.);
#7843=EDGE_CURVE('',#5796,#5797,#1307,.T.);
#7845=EDGE_CURVE('',#5797,#5465,#4046,.T.);
#7849=ADVANCED_FACE('',(#7848),#7840,.T.);
#7862=EDGE_CURVE('',#5845,#5836,#1402,.T.);
#7864=EDGE_CURVE('',#5844,#5845,#1259,.T.);
#7867=EDGE_CURVE('',#5800,#5801,#1267,.T.);
#7869=EDGE_CURVE('',#5809,#5800,#2103,.T.);
#7871=EDGE_CURVE('',#5808,#5809,#1271,.T.);
#7874=EDGE_CURVE('',#5812,#5813,#1279,.T.);
#7876=EDGE_CURVE('',#5821,#5812,#2199,.T.);
#7878=EDGE_CURVE('',#5820,#5821,#1283,.T.);
#7881=EDGE_CURVE('',#5776,#5777,#1291,.T.);
#7886=EDGE_CURVE('',#5788,#5789,#1303,.T.);
#7888=EDGE_CURVE('',#5797,#5788,#4051,.T.);
#7892=EDGE_CURVE('',#5328,#5324,#1315,.T.);
#7894=EDGE_CURVE('',#5328,#5333,#1320,.T.);
#7896=EDGE_CURVE('',#5345,#5333,#1324,.T.);
#7898=EDGE_CURVE('',#5344,#5345,#2943,.T.);
#7900=EDGE_CURVE('',#5331,#5344,#1328,.T.);
#7902=EDGE_CURVE('',#5331,#5326,#1333,.T.);
#7904=EDGE_CURVE('',#5310,#5326,#1337,.T.);
#7906=EDGE_CURVE('',#5309,#5310,#1341,.T.);
#7908=EDGE_CURVE('',#6146,#5309,#1345,.T.);
#7910=EDGE_CURVE('',#6139,#6146,#1350,.T.);
#7912=EDGE_CURVE('',#6139,#6140,#1354,.T.);
#7914=EDGE_CURVE('',#6143,#6140,#2552,.T.);
#7916=EDGE_CURVE('',#6143,#6144,#1358,.T.);
#7918=EDGE_CURVE('',#6147,#6144,#1363,.T.);
#7920=EDGE_CURVE('',#5318,#6147,#1367,.T.);
#7923=EDGE_CURVE('',#5824,#5825,#1375,.T.);
#7925=EDGE_CURVE('',#5833,#5824,#3998,.T.);
#7927=EDGE_CURVE('',#5832,#5833,#1379,.T.);
#7930=EDGE_CURVE('',#5836,#5837,#1387,.T.);
#7934=ADVANCED_FACE('',(#7933),#7861,.F.);
#7947=EDGE_CURVE('',#5571,#5569,#1392,.T.);
#7949=EDGE_CURVE('',#5845,#5569,#1397,.T.);
#7952=EDGE_CURVE('',#5571,#5836,#1407,.T.);
#7956=ADVANCED_FACE('',(#7955),#7946,.T.);
#7969=EDGE_CURVE('',#5566,#5567,#1420,.T.);
#7971=EDGE_CURVE('',#5569,#5567,#1455,.T.);
#7974=EDGE_CURVE('',#5571,#5566,#1482,.T.);
#7978=ADVANCED_FACE('',(#7977),#7968,.F.);
#7992=EDGE_CURVE('',#5581,#5596,#1451,.T.);
#7994=EDGE_CURVE('',#5567,#5581,#1415,.T.);
#7997=EDGE_CURVE('',#5583,#5566,#1424,.T.);
#7999=EDGE_CURVE('',#5603,#5583,#1510,.T.);
#8003=EDGE_CURVE('',#5660,#5661,#1441,.T.);
#8005=EDGE_CURVE('',#5661,#5660,#1446,.T.);
#8009=ADVANCED_FACE('',(#8002,#8008),#7990,.T.);
#8022=EDGE_CURVE('',#5590,#5591,#1428,.T.);
#8024=EDGE_CURVE('',#5615,#5590,#4018,.T.);
#8027=EDGE_CURVE('',#5587,#5608,#3973,.T.);
#8029=EDGE_CURVE('',#5586,#5587,#1436,.T.);
#8031=EDGE_CURVE('',#5586,#5591,#1802,.T.);
#8035=ADVANCED_FACE('',(#8034),#8021,.T.);
#8048=EDGE_CURVE('',#5581,#5593,#1459,.T.);
#8052=EDGE_CURVE('',#5597,#5593,#1473,.T.);
#8056=ADVANCED_FACE('',(#8055),#8047,.T.);
#8072=EDGE_CURVE('',#5593,#5841,#1464,.T.);
#8074=EDGE_CURVE('',#5841,#5569,#1468,.T.);
#8078=ADVANCED_FACE('',(#8077),#8068,.F.);
#8092=EDGE_CURVE('',#5844,#5841,#1478,.T.);
#8098=ADVANCED_FACE('',(#8097),#8090,.T.);
#8117=ADVANCED_FACE('',(#8116),#8110,.T.);
#8131=EDGE_CURVE('',#5571,#5839,#1486,.T.);
#8133=EDGE_CURVE('',#5839,#5599,#1491,.T.);
#8135=EDGE_CURVE('',#5599,#5583,#1495,.T.);
#8140=ADVANCED_FACE('',(#8139),#8129,.F.);
#8154=EDGE_CURVE('',#5837,#5839,#1500,.T.);
#8160=ADVANCED_FACE('',(#8159),#8152,.T.);
#8174=EDGE_CURVE('',#5602,#5599,#1505,.T.);
#8180=ADVANCED_FACE('',(#8179),#8172,.T.);
#8199=ADVANCED_FACE('',(#8198),#8192,.T.);
#8212=EDGE_CURVE('',#5578,#5579,#1514,.T.);
#8214=EDGE_CURVE('',#5578,#5827,#1518,.T.);
#8216=EDGE_CURVE('',#5827,#5611,#1523,.T.);
#8218=EDGE_CURVE('',#5611,#5590,#1527,.T.);
#8221=EDGE_CURVE('',#5591,#6002,#1798,.T.);
#8224=EDGE_CURVE('',#5631,#5635,#1678,.T.);
#8226=EDGE_CURVE('',#5629,#5631,#1602,.T.);
#8228=EDGE_CURVE('',#5579,#5629,#1566,.T.);
#8232=ADVANCED_FACE('',(#8231),#8211,.F.);
#8245=EDGE_CURVE('',#5574,#5575,#1540,.T.);
#8247=EDGE_CURVE('',#5578,#5574,#3988,.T.);
#8250=EDGE_CURVE('',#5579,#5575,#1536,.T.);
#8254=ADVANCED_FACE('',(#8253),#8244,.F.);
#8268=EDGE_CURVE('',#5988,#5575,#1562,.T.);
#8270=EDGE_CURVE('',#5988,#6044,#2011,.T.);
#8272=EDGE_CURVE('',#6043,#6044,#1545,.T.);
#8275=EDGE_CURVE('',#6004,#5586,#1790,.T.);
#8278=EDGE_CURVE('',#5587,#5605,#1549,.T.);
#8280=EDGE_CURVE('',#5605,#5829,#1554,.T.);
#8282=EDGE_CURVE('',#5829,#5574,#1558,.T.);
#8286=ADVANCED_FACE('',(#8285),#8266,.F.);
#8302=EDGE_CURVE('',#5628,#5629,#1598,.T.);
#8304=EDGE_CURVE('',#5628,#5618,#1570,.T.);
#8306=EDGE_CURVE('',#5618,#5619,#1718,.T.);
#8308=EDGE_CURVE('',#5621,#5619,#1939,.T.);
#8310=EDGE_CURVE('',#5621,#5900,#1951,.T.);
#8314=EDGE_CURVE('',#5475,#5922,#1578,.T.);
#8316=EDGE_CURVE('',#5922,#5888,#1967,.T.);
#8318=EDGE_CURVE('',#5888,#5885,#1582,.T.);
#8320=EDGE_CURVE('',#5885,#5886,#1734,.T.);
#8322=EDGE_CURVE('',#5890,#5886,#2310,.T.);
#8324=EDGE_CURVE('',#5890,#5944,#1983,.T.);
#8326=EDGE_CURVE('',#5944,#5523,#1586,.T.);
#8328=EDGE_CURVE('',#5527,#5523,#2088,.T.);
#8330=EDGE_CURVE('',#5527,#5966,#1590,.T.);
#8332=EDGE_CURVE('',#5966,#5896,#1999,.T.);
#8334=EDGE_CURVE('',#5896,#5893,#1594,.T.);
#8336=EDGE_CURVE('',#5893,#5894,#1750,.T.);
#8338=EDGE_CURVE('',#5898,#5894,#2319,.T.);
#8340=EDGE_CURVE('',#5898,#5988,#2015,.T.);
#8344=ADVANCED_FACE('',(#8343),#8298,.F.);
#8359=EDGE_CURVE('',#5437,#5631,#1606,.T.);
#8361=EDGE_CURVE('',#5431,#5437,#1610,.T.);
#8363=EDGE_CURVE('',#5430,#5431,#1614,.T.);
#8365=EDGE_CURVE('',#5430,#5759,#1618,.T.);
#8367=EDGE_CURVE('',#5759,#5455,#1622,.T.);
#8369=EDGE_CURVE('',#5415,#5455,#1626,.T.);
#8371=EDGE_CURVE('',#5415,#5283,#1630,.T.);
#8373=EDGE_CURVE('',#5283,#5284,#1634,.T.);
#8375=EDGE_CURVE('',#5284,#5312,#1638,.T.);
#8377=EDGE_CURVE('',#5314,#5312,#1642,.T.);
#8379=EDGE_CURVE('',#5314,#5413,#1646,.T.);
#8381=EDGE_CURVE('',#5413,#5453,#1650,.T.);
#8383=EDGE_CURVE('',#5453,#5755,#1654,.T.);
#8385=EDGE_CURVE('',#5755,#5449,#1658,.T.);
#8387=EDGE_CURVE('',#5443,#5449,#1662,.T.);
#8389=EDGE_CURVE('',#5442,#5443,#1666,.T.);
#8391=EDGE_CURVE('',#5633,#5442,#1670,.T.);
#8393=EDGE_CURVE('',#5633,#5628,#1674,.T.);
#8397=ADVANCED_FACE('',(#8396),#8356,.T.);
#8412=EDGE_CURVE('',#5439,#5437,#1690,.T.);
#8417=ADVANCED_FACE('',(#8416),#8409,.T.);
#8430=EDGE_CURVE('',#5633,#5637,#1682,.T.);
#8433=EDGE_CURVE('',#5446,#5442,#1686,.T.);
#8438=ADVANCED_FACE('',(#8437),#8429,.T.);
#8453=EDGE_CURVE('',#5435,#5439,#1694,.T.);
#8455=EDGE_CURVE('',#5435,#5431,#2879,.T.);
#8459=ADVANCED_FACE('',(#8458),#8450,.T.);
#8474=EDGE_CURVE('',#5391,#5385,#1922,.T.);
#8476=EDGE_CURVE('',#5385,#5383,#1702,.T.);
#8478=EDGE_CURVE('',#5382,#5383,#1706,.T.);
#8480=EDGE_CURVE('',#5435,#5382,#2887,.T.);
#8484=ADVANCED_FACE('',(#8483),#8471,.F.);
#8498=EDGE_CURVE('',#5619,#5625,#1714,.T.);
#8501=EDGE_CURVE('',#5623,#5618,#1722,.T.);
#8505=ADVANCED_FACE('',(#8504),#8496,.T.);
#8519=EDGE_CURVE('',#5886,#5934,#1730,.T.);
#8522=EDGE_CURVE('',#5932,#5885,#1738,.T.);
#8526=ADVANCED_FACE('',(#8525),#8517,.T.);
#8540=EDGE_CURVE('',#5894,#5978,#1746,.T.);
#8543=EDGE_CURVE('',#5976,#5893,#1754,.T.);
#8547=ADVANCED_FACE('',(#8546),#8538,.T.);
#8562=EDGE_CURVE('',#5487,#5916,#1766,.T.);
#8567=ADVANCED_FACE('',(#8566),#8559,.T.);
#8580=EDGE_CURVE('',#5959,#5534,#1774,.T.);
#8583=EDGE_CURVE('',#5539,#5960,#1782,.T.);
#8585=EDGE_CURVE('',#5534,#5539,#1786,.T.);
#8589=ADVANCED_FACE('',(#8588),#8579,.T.);
#8608=ADVANCED_FACE('',(#8607),#8601,.T.);
#8621=EDGE_CURVE('',#6059,#6060,#1806,.T.);
#8623=EDGE_CURVE('',#6060,#6062,#1810,.T.);
#8625=EDGE_CURVE('',#5773,#6062,#1814,.T.);
#8628=EDGE_CURVE('',#5379,#5389,#1822,.T.);
#8630=EDGE_CURVE('',#5379,#6059,#1826,.T.);
#8634=ADVANCED_FACE('',(#8633),#8620,.T.);
#8647=EDGE_CURVE('',#6065,#6066,#1830,.T.);
#8649=EDGE_CURVE('',#5918,#6066,#1834,.T.);
#8652=EDGE_CURVE('',#6065,#5882,#1842,.T.);
#8656=ADVANCED_FACE('',(#8655),#8646,.T.);
#8669=EDGE_CURVE('',#6069,#6070,#1846,.T.);
#8671=EDGE_CURVE('',#5940,#6070,#1850,.T.);
#8674=EDGE_CURVE('',#6069,#5920,#1858,.T.);
#8678=ADVANCED_FACE('',(#8677),#8668,.T.);
#8691=EDGE_CURVE('',#6073,#6074,#1862,.T.);
#8693=EDGE_CURVE('',#5962,#6074,#1866,.T.);
#8696=EDGE_CURVE('',#6073,#5942,#1874,.T.);
#8700=ADVANCED_FACE('',(#8699),#8690,.T.);
#8713=EDGE_CURVE('',#6077,#6078,#1878,.T.);
#8715=EDGE_CURVE('',#5984,#6078,#1882,.T.);
#8718=EDGE_CURVE('',#6077,#5964,#1890,.T.);
#8722=ADVANCED_FACE('',(#8721),#8712,.T.);
#8735=EDGE_CURVE('',#6081,#6082,#1894,.T.);
#8737=EDGE_CURVE('',#6006,#6082,#1898,.T.);
#8740=EDGE_CURVE('',#6081,#5986,#1906,.T.);
#8744=ADVANCED_FACE('',(#8743),#8734,.T.);
#8757=EDGE_CURVE('',#6085,#6086,#1910,.T.);
#8759=EDGE_CURVE('',#6088,#6086,#1914,.T.);
#8761=EDGE_CURVE('',#5385,#6088,#1918,.T.);
#8765=EDGE_CURVE('',#6085,#6008,#1930,.T.);
#8769=ADVANCED_FACE('',(#8768),#8756,.T.);
#8784=EDGE_CURVE('',#5621,#6014,#1955,.T.);
#8790=ADVANCED_FACE('',(#8789),#8781,.F.);
#8809=ADVANCED_FACE('',(#8808),#8802,.T.);
#8822=EDGE_CURVE('',#6019,#6020,#1959,.T.);
#8824=EDGE_CURVE('',#5888,#6020,#1963,.T.);
#8827=EDGE_CURVE('',#5922,#6019,#1971,.T.);
#8831=ADVANCED_FACE('',(#8830),#8821,.T.);
#8844=EDGE_CURVE('',#6030,#6028,#1975,.T.);
#8846=EDGE_CURVE('',#5944,#6028,#1979,.T.);
#8849=EDGE_CURVE('',#5890,#6030,#1987,.T.);
#8853=ADVANCED_FACE('',(#8852),#8843,.T.);
#8866=EDGE_CURVE('',#6035,#6036,#1991,.T.);
#8868=EDGE_CURVE('',#5896,#6036,#1995,.T.);
#8871=EDGE_CURVE('',#5966,#6035,#2003,.T.);
#8875=ADVANCED_FACE('',(#8874),#8865,.T.);
#8888=EDGE_CURVE('',#6046,#6044,#2007,.T.);
#8892=EDGE_CURVE('',#5898,#6046,#2019,.T.);
#8896=ADVANCED_FACE('',(#8895),#8887,.T.);
#8910=EDGE_CURVE('',#6019,#6022,#2041,.T.);
#8913=EDGE_CURVE('',#6024,#6020,#2061,.T.);
#8917=ADVANCED_FACE('',(#8916),#8908,.T.);
#8931=EDGE_CURVE('',#5474,#5779,#2027,.T.);
#8933=EDGE_CURVE('',#5779,#5507,#2032,.T.);
#8935=EDGE_CURVE('',#5507,#5486,#2036,.T.);
#8945=ADVANCED_FACE('',(#8944),#8929,.F.);
#8959=EDGE_CURVE('',#5777,#5779,#2046,.T.);
#8965=ADVANCED_FACE('',(#8964),#8957,.T.);
#8979=EDGE_CURVE('',#5510,#5507,#2051,.T.);
#8985=ADVANCED_FACE('',(#8984),#8977,.T.);
#9004=ADVANCED_FACE('',(#9003),#8997,.T.);
#9024=ADVANCED_FACE('',(#9023),#9016,.F.);
#9030=EDGE_CURVE('',#6027,#6028,#2070,.T.);
#9033=EDGE_CURVE('',#6030,#6032,#2315,.T.);
#9038=ADVANCED_FACE('',(#9037),#9029,.T.);
#9051=EDGE_CURVE('',#5522,#5523,#2065,.T.);
#9058=EDGE_CURVE('',#5534,#5535,#2152,.T.);
#9060=EDGE_CURVE('',#5535,#5553,#2074,.T.);
#9062=EDGE_CURVE('',#5553,#5805,#2079,.T.);
#9064=EDGE_CURVE('',#5805,#5522,#2083,.T.);
#9068=ADVANCED_FACE('',(#9067),#9050,.F.);
#9082=EDGE_CURVE('',#5526,#5522,#2093,.T.);
#9084=EDGE_CURVE('',#5526,#5527,#2250,.T.);
#9089=ADVANCED_FACE('',(#9088),#9080,.F.);
#9103=EDGE_CURVE('',#5809,#5522,#2098,.T.);
#9106=EDGE_CURVE('',#5526,#5800,#2108,.T.);
#9110=ADVANCED_FACE('',(#9109),#9101,.T.);
#9124=EDGE_CURVE('',#5808,#5805,#2113,.T.);
#9130=ADVANCED_FACE('',(#9129),#9122,.T.);
#9146=EDGE_CURVE('',#5557,#5553,#2118,.T.);
#9150=ADVANCED_FACE('',(#9149),#9142,.T.);
#9164=EDGE_CURVE('',#5535,#5556,#2123,.T.);
#9170=ADVANCED_FACE('',(#9169),#9162,.T.);
#9184=EDGE_CURVE('',#5529,#5544,#2167,.T.);
#9186=EDGE_CURVE('',#5515,#5529,#2131,.T.);
#9188=EDGE_CURVE('',#5514,#5515,#2136,.T.);
#9190=EDGE_CURVE('',#5531,#5514,#2140,.T.);
#9192=EDGE_CURVE('',#5551,#5531,#2229,.T.);
#9196=EDGE_CURVE('',#5652,#5653,#2157,.T.);
#9198=EDGE_CURVE('',#5653,#5652,#2162,.T.);
#9202=ADVANCED_FACE('',(#9195,#9201),#9182,.T.);
#9215=EDGE_CURVE('',#5538,#5539,#2144,.T.);
#9217=EDGE_CURVE('',#5563,#5538,#2283,.T.);
#9225=ADVANCED_FACE('',(#9224),#9214,.T.);
#9238=EDGE_CURVE('',#5529,#5541,#2175,.T.);
#9242=EDGE_CURVE('',#5545,#5541,#2214,.T.);
#9246=ADVANCED_FACE('',(#9245),#9237,.T.);
#9259=EDGE_CURVE('',#5517,#5515,#2171,.T.);
#9263=EDGE_CURVE('',#5541,#5817,#2180,.T.);
#9265=EDGE_CURVE('',#5817,#5517,#2184,.T.);
#9269=ADVANCED_FACE('',(#9268),#9258,.F.);
#9284=EDGE_CURVE('',#5519,#5517,#2189,.T.);
#9286=EDGE_CURVE('',#5519,#5514,#2233,.T.);
#9290=ADVANCED_FACE('',(#9289),#9281,.F.);
#9304=EDGE_CURVE('',#5821,#5517,#2194,.T.);
#9307=EDGE_CURVE('',#5519,#5812,#2204,.T.);
#9311=ADVANCED_FACE('',(#9310),#9302,.T.);
#9325=EDGE_CURVE('',#5820,#5817,#2209,.T.);
#9331=ADVANCED_FACE('',(#9330),#9323,.T.);
#9350=ADVANCED_FACE('',(#9349),#9343,.T.);
#9364=EDGE_CURVE('',#5813,#5815,#2219,.T.);
#9366=EDGE_CURVE('',#5519,#5815,#2237,.T.);
#9371=ADVANCED_FACE('',(#9370),#9362,.T.);
#9385=EDGE_CURVE('',#5550,#5547,#2224,.T.);
#9387=EDGE_CURVE('',#5815,#5547,#2242,.T.);
#9392=ADVANCED_FACE('',(#9391),#9383,.T.);
#9405=EDGE_CURVE('',#5547,#5531,#2246,.T.);
#9412=ADVANCED_FACE('',(#9411),#9404,.T.);
#9432=ADVANCED_FACE('',(#9431),#9424,.F.);
#9446=EDGE_CURVE('',#5526,#5803,#2254,.T.);
#9448=EDGE_CURVE('',#5803,#5559,#2259,.T.);
#9450=EDGE_CURVE('',#5559,#5538,#2263,.T.);
#9455=EDGE_CURVE('',#6035,#6038,#2268,.T.);
#9461=ADVANCED_FACE('',(#9460),#9444,.F.);
#9475=EDGE_CURVE('',#5801,#5803,#2273,.T.);
#9481=ADVANCED_FACE('',(#9480),#9473,.T.);
#9495=EDGE_CURVE('',#5562,#5559,#2278,.T.);
#9501=ADVANCED_FACE('',(#9500),#9493,.T.);
#9520=ADVANCED_FACE('',(#9519),#9513,.T.);
#9536=EDGE_CURVE('',#6040,#6036,#2288,.T.);
#9540=ADVANCED_FACE('',(#9539),#9532,.T.);
#9560=ADVANCED_FACE('',(#9559),#9552,.F.);
#9567=EDGE_CURVE('',#5652,#5648,#2292,.T.);
#9569=EDGE_CURVE('',#5648,#5649,#2301,.T.);
#9571=EDGE_CURVE('',#5653,#5649,#2296,.T.);
#9575=ADVANCED_FACE('',(#9574),#9565,.T.);
#9590=EDGE_CURVE('',#5649,#5648,#2306,.T.);
#9595=ADVANCED_FACE('',(#9594),#9587,.T.);
#9612=ADVANCED_FACE('',(#9611),#9607,.T.);
#9632=ADVANCED_FACE('',(#9631),#9624,.F.);
#9640=EDGE_CURVE('',#6046,#6048,#2324,.T.);
#9645=ADVANCED_FACE('',(#9644),#9637,.T.);
#9665=ADVANCED_FACE('',(#9664),#9657,.F.);
#9678=ADVANCED_FACE('',(#9677),#9670,.F.);
#9691=EDGE_CURVE('',#5753,#6052,#2332,.T.);
#9693=EDGE_CURVE('',#6052,#6054,#3216,.T.);
#9695=EDGE_CURVE('',#6060,#6054,#3208,.T.);
#9698=EDGE_CURVE('',#6059,#5393,#2336,.T.);
#9700=EDGE_CURVE('',#5393,#5374,#2400,.T.);
#9702=EDGE_CURVE('',#5451,#5374,#2420,.T.);
#9704=EDGE_CURVE('',#5753,#5451,#2340,.T.);
#9708=ADVANCED_FACE('',(#9707),#9690,.F.);
#9721=EDGE_CURVE('',#6051,#5757,#2384,.T.);
#9723=EDGE_CURVE('',#6051,#6052,#3220,.T.);
#9726=EDGE_CURVE('',#5457,#5753,#2344,.T.);
#9728=EDGE_CURVE('',#5457,#5423,#2348,.T.);
#9730=EDGE_CURVE('',#5421,#5423,#2352,.T.);
#9732=EDGE_CURVE('',#5419,#5421,#2356,.T.);
#9734=EDGE_CURVE('',#5418,#5419,#2360,.T.);
#9736=EDGE_CURVE('',#5427,#5418,#2364,.T.);
#9738=EDGE_CURVE('',#5427,#5425,#2368,.T.);
#9740=EDGE_CURVE('',#5459,#5425,#2372,.T.);
#9742=EDGE_CURVE('',#5757,#5459,#2376,.T.);
#9746=ADVANCED_FACE('',(#9745),#9720,.F.);
#9759=EDGE_CURVE('',#6088,#5395,#2396,.T.);
#9762=EDGE_CURVE('',#6086,#6056,#2380,.T.);
#9764=EDGE_CURVE('',#6056,#6051,#3224,.T.);
#9767=EDGE_CURVE('',#5434,#5757,#2388,.T.);
#9769=EDGE_CURVE('',#5434,#5387,#2392,.T.);
#9771=EDGE_CURVE('',#5387,#5395,#2412,.T.);
#9775=ADVANCED_FACE('',(#9774),#9758,.F.);
#9790=EDGE_CURVE('',#5395,#5383,#2408,.T.);
#9795=ADVANCED_FACE('',(#9794),#9787,.T.);
#9808=EDGE_CURVE('',#5374,#5375,#2424,.T.);
#9811=EDGE_CURVE('',#5377,#5393,#2404,.T.);
#9813=EDGE_CURVE('',#5375,#5377,#3200,.T.);
#9817=ADVANCED_FACE('',(#9816),#9807,.T.);
#9833=EDGE_CURVE('',#5382,#5387,#2891,.T.);
#9837=ADVANCED_FACE('',(#9836),#9829,.T.);
#9850=EDGE_CURVE('',#5447,#5451,#2416,.T.);
#9854=EDGE_CURVE('',#5447,#5375,#3196,.T.);
#9858=ADVANCED_FACE('',(#9857),#9849,.F.);
#9872=EDGE_CURVE('',#5451,#5449,#2428,.T.);
#9875=EDGE_CURVE('',#5447,#5443,#3188,.T.);
#9879=ADVANCED_FACE('',(#9878),#9870,.T.);
#9893=EDGE_CURVE('',#5753,#5755,#2432,.T.);
#9899=ADVANCED_FACE('',(#9898),#9891,.T.);
#9912=EDGE_CURVE('',#5453,#5457,#2440,.T.);
#9919=ADVANCED_FACE('',(#9918),#9911,.T.);
#9933=EDGE_CURVE('',#5403,#5413,#2445,.T.);
#9935=EDGE_CURVE('',#5403,#5401,#2811,.T.);
#9937=EDGE_CURVE('',#5401,#5423,#2436,.T.);
#9943=ADVANCED_FACE('',(#9942),#9931,.F.);
#9958=EDGE_CURVE('',#5314,#5298,#2455,.T.);
#9960=EDGE_CURVE('',#5298,#5403,#2815,.T.);
#9964=ADVANCED_FACE('',(#9963),#9955,.T.);
#9977=EDGE_CURVE('',#5406,#5415,#2450,.T.);
#9979=EDGE_CURVE('',#5406,#5289,#2831,.T.);
#9981=EDGE_CURVE('',#5289,#5283,#2789,.T.);
#9986=ADVANCED_FACE('',(#9985),#9976,.T.);
#10000=EDGE_CURVE('',#5294,#5314,#2460,.T.);
#10002=EDGE_CURVE('',#5298,#5294,#2465,.T.);
#10006=ADVANCED_FACE('',(#10005),#9998,.T.);
#10020=EDGE_CURVE('',#5312,#5316,#2470,.T.);
#10022=EDGE_CURVE('',#5294,#5316,#2915,.T.);
#10027=ADVANCED_FACE('',(#10026),#10018,.T.);
#10041=EDGE_CURVE('',#5310,#5312,#2475,.T.);
#10043=EDGE_CURVE('',#5316,#5310,#2480,.T.);
#10047=ADVANCED_FACE('',(#10046),#10039,.T.);
#10063=EDGE_CURVE('',#5284,#5309,#2485,.T.);
#10067=ADVANCED_FACE('',(#10066),#10059,.T.);
#10081=EDGE_CURVE('',#5280,#5284,#2490,.T.);
#10083=EDGE_CURVE('',#5309,#5280,#2495,.T.);
#10087=ADVANCED_FACE('',(#10086),#10079,.T.);
#10100=EDGE_CURVE('',#5279,#5280,#2507,.T.);
#10104=EDGE_CURVE('',#5283,#5279,#2799,.T.);
#10108=ADVANCED_FACE('',(#10107),#10099,.T.);
#10121=EDGE_CURVE('',#5306,#6145,#2499,.T.);
#10123=EDGE_CURVE('',#6145,#5280,#2503,.T.);
#10126=EDGE_CURVE('',#5279,#5286,#2511,.T.);
#10128=EDGE_CURVE('',#5286,#5306,#2515,.T.);
#10132=ADVANCED_FACE('',(#10131),#10120,.T.);
#10145=EDGE_CURVE('',#6145,#6146,#2527,.T.);
#10152=ADVANCED_FACE('',(#10151),#10144,.T.);
#10165=EDGE_CURVE('',#6147,#6145,#2538,.T.);
#10168=EDGE_CURVE('',#5306,#5318,#2759,.T.);
#10173=ADVANCED_FACE('',(#10172),#10164,.T.);
#10186=EDGE_CURVE('',#6149,#6151,#2543,.T.);
#10188=EDGE_CURVE('',#6151,#6143,#2547,.T.);
#10191=EDGE_CURVE('',#6149,#6140,#2556,.T.);
#10195=ADVANCED_FACE('',(#10194),#10185,.T.);
#10208=EDGE_CURVE('',#6172,#6169,#2696,.T.);
#10210=EDGE_CURVE('',#6172,#6139,#2560,.T.);
#10216=EDGE_CURVE('',#6169,#6144,#2564,.T.);
#10220=ADVANCED_FACE('',(#10219),#10207,.T.);
#10233=EDGE_CURVE('',#6168,#6164,#2569,.T.);
#10235=EDGE_CURVE('',#6151,#6168,#2573,.T.);
#10238=EDGE_CURVE('',#6149,#6164,#2577,.T.);
#10242=ADVANCED_FACE('',(#10241),#10232,.T.);
#10255=EDGE_CURVE('',#6164,#6165,#2596,.T.);
#10257=EDGE_CURVE('',#6167,#6165,#2745,.T.);
#10259=EDGE_CURVE('',#6167,#6168,#2714,.T.);
#10264=ADVANCED_FACE('',(#10263),#10254,.T.);
#10277=EDGE_CURVE('',#6182,#6183,#2583,.T.);
#10279=EDGE_CURVE('',#6162,#6182,#2590,.T.);
#10281=EDGE_CURVE('',#6162,#6165,#2749,.T.);
#10288=EDGE_CURVE('',#6171,#6172,#2602,.T.);
#10290=EDGE_CURVE('',#6154,#6171,#2672,.T.);
#10292=EDGE_CURVE('',#6154,#6155,#2726,.T.);
#10294=EDGE_CURVE('',#6155,#6183,#2620,.T.);
#10298=ADVANCED_FACE('',(#10297),#10276,.T.);
#10311=EDGE_CURVE('',#6178,#6179,#2609,.T.);
#10313=EDGE_CURVE('',#6179,#6180,#2702,.T.);
#10315=EDGE_CURVE('',#6182,#6180,#2754,.T.);
#10318=EDGE_CURVE('',#6183,#6184,#2616,.T.);
#10320=EDGE_CURVE('',#6184,#6178,#2642,.T.);
#10324=ADVANCED_FACE('',(#10323),#10310,.T.);
#10338=EDGE_CURVE('',#6178,#6184,#2646,.T.);
#10342=EDGE_CURVE('',#6159,#6155,#2624,.T.);
#10344=EDGE_CURVE('',#6159,#6179,#2628,.T.);
#10348=ADVANCED_FACE('',(#10347),#10336,.T.);
#10361=EDGE_CURVE('',#6176,#6174,#2633,.T.);
#10363=EDGE_CURVE('',#6174,#6176,#2637,.T.);
#10367=ADVANCED_FACE('',(#10366),#10360,.F.);
#10384=ADVANCED_FACE('',(#10383),#10379,.F.);
#10397=EDGE_CURVE('',#6173,#6174,#2654,.T.);
#10400=EDGE_CURVE('',#6176,#6177,#2686,.T.);
#10402=EDGE_CURVE('',#6177,#6173,#2691,.T.);
#10406=ADVANCED_FACE('',(#10405),#10396,.T.);
#10420=EDGE_CURVE('',#6170,#6173,#2660,.T.);
#10422=EDGE_CURVE('',#6158,#6170,#2664,.T.);
#10424=EDGE_CURVE('',#6158,#6154,#2668,.T.);
#10427=EDGE_CURVE('',#6177,#6171,#2678,.T.);
#10433=ADVANCED_FACE('',(#10432),#10418,.T.);
#10450=EDGE_CURVE('',#6169,#6170,#2708,.T.);
#10455=ADVANCED_FACE('',(#10454),#10445,.T.);
#10470=EDGE_CURVE('',#6158,#6159,#2731,.T.);
#10479=EDGE_CURVE('',#6163,#6167,#2740,.T.);
#10481=EDGE_CURVE('',#6180,#6163,#2721,.T.);
#10485=ADVANCED_FACE('',(#10484),#10467,.T.);
#10504=ADVANCED_FACE('',(#10503),#10497,.F.);
#10517=EDGE_CURVE('',#6162,#6163,#2736,.T.);
#10524=ADVANCED_FACE('',(#10523),#10516,.T.);
#10543=ADVANCED_FACE('',(#10542),#10536,.T.);
#10557=EDGE_CURVE('',#5304,#5306,#2764,.T.);
#10562=ADVANCED_FACE('',(#10561),#10555,.T.);
#10578=EDGE_CURVE('',#5286,#5301,#2774,.T.);
#10582=ADVANCED_FACE('',(#10581),#10574,.T.);
#10596=EDGE_CURVE('',#5290,#5286,#2779,.T.);
#10598=EDGE_CURVE('',#5301,#5290,#2784,.T.);
#10602=ADVANCED_FACE('',(#10601),#10594,.T.);
#10616=EDGE_CURVE('',#5279,#5289,#2794,.T.);
#10618=EDGE_CURVE('',#5289,#5290,#2827,.T.);
#10623=ADVANCED_FACE('',(#10622),#10614,.T.);
#10641=ADVANCED_FACE('',(#10640),#10635,.T.);
#10654=EDGE_CURVE('',#5398,#5399,#2803,.T.);
#10656=EDGE_CURVE('',#5399,#5401,#2807,.T.);
#10660=EDGE_CURVE('',#5297,#5298,#2819,.T.);
#10662=EDGE_CURVE('',#5290,#5297,#2823,.T.);
#10666=EDGE_CURVE('',#5406,#5407,#2835,.T.);
#10668=EDGE_CURVE('',#5407,#5409,#2839,.T.);
#10670=EDGE_CURVE('',#5409,#5411,#2843,.T.);
#10672=EDGE_CURVE('',#5411,#5398,#2847,.T.);
#10676=ADVANCED_FACE('',(#10675),#10653,.T.);
#10690=EDGE_CURVE('',#5398,#5419,#2851,.T.);
#10693=EDGE_CURVE('',#5399,#5421,#2895,.T.);
#10697=ADVANCED_FACE('',(#10696),#10688,.F.);
#10711=EDGE_CURVE('',#5411,#5418,#2855,.T.);
#10717=ADVANCED_FACE('',(#10716),#10709,.F.);
#10731=EDGE_CURVE('',#5409,#5427,#2859,.T.);
#10737=ADVANCED_FACE('',(#10736),#10729,.F.);
#10751=EDGE_CURVE('',#5407,#5425,#2863,.T.);
#10757=ADVANCED_FACE('',(#10756),#10749,.F.);
#10771=EDGE_CURVE('',#5459,#5455,#2867,.T.);
#10779=ADVANCED_FACE('',(#10778),#10769,.F.);
#10794=EDGE_CURVE('',#5757,#5759,#2871,.T.);
#10799=ADVANCED_FACE('',(#10798),#10791,.T.);
#10815=EDGE_CURVE('',#5434,#5430,#2875,.T.);
#10819=ADVANCED_FACE('',(#10818),#10811,.T.);
#10834=EDGE_CURVE('',#5434,#5435,#2883,.T.);
#10839=ADVANCED_FACE('',(#10838),#10831,.T.);
#10858=ADVANCED_FACE('',(#10857),#10851,.F.);
#10877=ADVANCED_FACE('',(#10876),#10870,.F.);
#10890=EDGE_CURVE('',#5293,#5294,#2911,.T.);
#10892=EDGE_CURVE('',#5293,#5297,#3184,.T.);
#10898=ADVANCED_FACE('',(#10897),#10889,.T.);
#10911=EDGE_CURVE('',#5316,#5329,#2899,.T.);
#10913=EDGE_CURVE('',#5329,#5320,#2903,.T.);
#10915=EDGE_CURVE('',#5293,#5320,#2907,.T.);
#10921=ADVANCED_FACE('',(#10920),#10910,.T.);
#10935=EDGE_CURVE('',#5326,#5329,#2927,.T.);
#10941=ADVANCED_FACE('',(#10940),#10933,.T.);
#10955=EDGE_CURVE('',#5324,#5320,#3169,.T.);
#10958=EDGE_CURVE('',#5329,#5328,#2938,.T.);
#10962=ADVANCED_FACE('',(#10961),#10953,.T.);
#10976=EDGE_CURVE('',#5345,#5348,#2947,.T.);
#10978=EDGE_CURVE('',#5348,#5349,#2952,.T.);
#10980=EDGE_CURVE('',#5344,#5349,#2956,.T.);
#10984=ADVANCED_FACE('',(#10983),#10974,.T.);
#10997=EDGE_CURVE('',#5750,#5748,#3078,.T.);
#10999=EDGE_CURVE('',#5333,#5750,#2960,.T.);
#11005=EDGE_CURVE('',#5331,#5748,#2964,.T.);
#11009=ADVANCED_FACE('',(#11008),#10996,.T.);
#11022=EDGE_CURVE('',#5362,#5364,#2970,.T.);
#11024=EDGE_CURVE('',#5352,#5362,#2977,.T.);
#11026=EDGE_CURVE('',#5357,#5352,#3149,.T.);
#11028=EDGE_CURVE('',#5746,#5357,#2983,.T.);
#11030=EDGE_CURVE('',#5348,#5746,#3131,.T.);
#11035=EDGE_CURVE('',#5367,#5750,#2989,.T.);
#11037=EDGE_CURVE('',#5337,#5367,#3073,.T.);
#11039=EDGE_CURVE('',#5337,#5341,#3118,.T.);
#11041=EDGE_CURVE('',#5341,#5364,#3007,.T.);
#11045=ADVANCED_FACE('',(#11044),#11021,.F.);
#11058=EDGE_CURVE('',#5358,#5359,#2996,.T.);
#11060=EDGE_CURVE('',#5359,#5363,#3089,.T.);
#11062=EDGE_CURVE('',#5362,#5363,#3154,.T.);
#11065=EDGE_CURVE('',#5364,#5365,#3003,.T.);
#11067=EDGE_CURVE('',#5365,#5358,#3020,.T.);
#11071=ADVANCED_FACE('',(#11070),#11057,.T.);
#11085=EDGE_CURVE('',#5365,#5358,#3024,.T.);
#11089=EDGE_CURVE('',#5340,#5341,#3011,.T.);
#11091=EDGE_CURVE('',#5340,#5359,#3015,.T.);
#11095=ADVANCED_FACE('',(#11094),#11083,.F.);
#11112=ADVANCED_FACE('',(#11111),#11107,.T.);
#11125=EDGE_CURVE('',#5370,#5371,#3028,.T.);
#11127=EDGE_CURVE('',#5370,#5371,#3033,.T.);
#11131=ADVANCED_FACE('',(#11130),#11124,.T.);
#11144=EDGE_CURVE('',#5366,#5367,#3039,.T.);
#11146=EDGE_CURVE('',#5370,#5366,#3047,.T.);
#11149=EDGE_CURVE('',#5751,#5371,#3055,.T.);
#11151=EDGE_CURVE('',#5749,#5751,#3061,.T.);
#11153=EDGE_CURVE('',#5336,#5749,#3065,.T.);
#11155=EDGE_CURVE('',#5336,#5337,#3069,.T.);
#11160=ADVANCED_FACE('',(#11159),#11143,.F.);
#11176=EDGE_CURVE('',#5748,#5749,#3095,.T.);
#11179=EDGE_CURVE('',#5366,#5751,#3083,.T.);
#11183=ADVANCED_FACE('',(#11182),#11172,.T.);
#11198=EDGE_CURVE('',#5336,#5340,#3113,.T.);
#11205=EDGE_CURVE('',#5349,#5747,#3127,.T.);
#11207=EDGE_CURVE('',#5356,#5747,#3101,.T.);
#11209=EDGE_CURVE('',#5356,#5353,#3140,.T.);
#11211=EDGE_CURVE('',#5363,#5353,#3108,.T.);
#11215=ADVANCED_FACE('',(#11214),#11195,.F.);
#11234=ADVANCED_FACE('',(#11233),#11227,.F.);
#11247=EDGE_CURVE('',#5747,#5746,#3123,.T.);
#11254=ADVANCED_FACE('',(#11253),#11246,.F.);
#11267=EDGE_CURVE('',#5356,#5357,#3145,.T.);
#11274=ADVANCED_FACE('',(#11273),#11266,.T.);
#11287=EDGE_CURVE('',#5352,#5353,#3136,.T.);
#11294=ADVANCED_FACE('',(#11293),#11286,.T.);
#11313=ADVANCED_FACE('',(#11312),#11306,.T.);
#11332=ADVANCED_FACE('',(#11331),#11325,.T.);
#11346=EDGE_CURVE('',#5320,#5322,#3164,.T.);
#11351=ADVANCED_FACE('',(#11350),#11344,.T.);
#11367=EDGE_CURVE('',#5302,#5293,#3174,.T.);
#11371=ADVANCED_FACE('',(#11370),#11363,.T.);
#11385=EDGE_CURVE('',#5297,#5302,#3179,.T.);
#11390=ADVANCED_FACE('',(#11389),#11383,.T.);
#11409=ADVANCED_FACE('',(#11408),#11402,.T.);
#11424=EDGE_CURVE('',#5446,#5447,#3192,.T.);
#11429=ADVANCED_FACE('',(#11428),#11421,.T.);
#11445=EDGE_CURVE('',#5379,#5377,#3204,.T.);
#11451=ADVANCED_FACE('',(#11450),#11441,.F.);
#11470=ADVANCED_FACE('',(#11469),#11463,.T.);
#11485=EDGE_CURVE('',#6054,#6094,#3212,.T.);
#11487=EDGE_CURVE('',#6096,#6094,#3290,.T.);
#11489=EDGE_CURVE('',#6062,#6096,#3302,.T.);
#11493=ADVANCED_FACE('',(#11492),#11482,.F.);
#11507=EDGE_CURVE('',#6065,#6091,#3286,.T.);
#11509=EDGE_CURVE('',#6091,#6092,#3274,.T.);
#11511=EDGE_CURVE('',#6092,#6102,#3248,.T.);
#11513=EDGE_CURVE('',#6104,#6102,#3890,.T.);
#11515=EDGE_CURVE('',#6066,#6104,#3902,.T.);
#11519=ADVANCED_FACE('',(#11518),#11505,.F.);
#11533=EDGE_CURVE('',#6069,#6099,#3886,.T.);
#11535=EDGE_CURVE('',#6099,#6100,#3874,.T.);
#11537=EDGE_CURVE('',#6100,#6110,#3244,.T.);
#11539=EDGE_CURVE('',#6112,#6110,#3770,.T.);
#11541=EDGE_CURVE('',#6070,#6112,#3782,.T.);
#11545=ADVANCED_FACE('',(#11544),#11531,.F.);
#11559=EDGE_CURVE('',#6073,#6107,#3766,.T.);
#11561=EDGE_CURVE('',#6107,#6108,#3754,.T.);
#11563=EDGE_CURVE('',#6108,#6118,#3240,.T.);
#11565=EDGE_CURVE('',#6120,#6118,#3650,.T.);
#11567=EDGE_CURVE('',#6074,#6120,#3662,.T.);
#11571=ADVANCED_FACE('',(#11570),#11557,.F.);
#11585=EDGE_CURVE('',#6077,#6115,#3646,.T.);
#11587=EDGE_CURVE('',#6115,#6116,#3634,.T.);
#11589=EDGE_CURVE('',#6116,#6126,#3236,.T.);
#11591=EDGE_CURVE('',#6128,#6126,#3530,.T.);
#11593=EDGE_CURVE('',#6078,#6128,#3542,.T.);
#11597=ADVANCED_FACE('',(#11596),#11583,.F.);
#11611=EDGE_CURVE('',#6081,#6123,#3526,.T.);
#11613=EDGE_CURVE('',#6123,#6124,#3514,.T.);
#11615=EDGE_CURVE('',#6124,#6134,#3232,.T.);
#11617=EDGE_CURVE('',#6136,#6134,#3410,.T.);
#11619=EDGE_CURVE('',#6082,#6136,#3422,.T.);
#11623=ADVANCED_FACE('',(#11622),#11609,.F.);
#11637=EDGE_CURVE('',#6085,#6131,#3406,.T.);
#11639=EDGE_CURVE('',#6131,#6132,#3394,.T.);
#11641=EDGE_CURVE('',#6132,#6056,#3228,.T.);
#11646=ADVANCED_FACE('',(#11645),#11635,.F.);
#11659=EDGE_CURVE('',#6092,#6094,#3252,.T.);
#11666=EDGE_CURVE('',#6132,#6134,#3372,.T.);
#11669=EDGE_CURVE('',#6124,#6126,#3492,.T.);
#11672=EDGE_CURVE('',#6116,#6118,#3612,.T.);
#11675=EDGE_CURVE('',#6108,#6110,#3732,.T.);
#11678=EDGE_CURVE('',#6100,#6102,#3852,.T.);
#11683=ADVANCED_FACE('',(#11682),#11658,.T.);
#11697=EDGE_CURVE('',#6092,#5765,#3256,.T.);
#11700=EDGE_CURVE('',#6094,#5767,#3294,.T.);
#11704=EDGE_CURVE('',#5848,#5849,#3260,.T.);
#11706=EDGE_CURVE('',#5849,#5850,#3265,.T.);
#11708=EDGE_CURVE('',#5850,#5848,#3270,.T.);
#11712=ADVANCED_FACE('',(#11703,#11711),#11695,.F.);
#11726=EDGE_CURVE('',#6091,#5771,#3278,.T.);
#11733=ADVANCED_FACE('',(#11732),#11724,.F.);
#11752=ADVANCED_FACE('',(#11751),#11745,.T.);
#11769=EDGE_CURVE('',#5769,#6096,#3298,.T.);
#11773=ADVANCED_FACE('',(#11772),#11764,.F.);
#11792=ADVANCED_FACE('',(#11791),#11785,.T.);
#11806=EDGE_CURVE('',#5848,#5667,#3307,.T.);
#11808=EDGE_CURVE('',#5667,#5849,#3312,.T.);
#11812=ADVANCED_FACE('',(#11811),#11804,.F.);
#11826=EDGE_CURVE('',#5850,#5665,#3316,.T.);
#11828=EDGE_CURVE('',#5665,#5664,#3335,.T.);
#11830=EDGE_CURVE('',#5667,#5664,#3320,.T.);
#11835=ADVANCED_FACE('',(#11834),#11824,.T.);
#11851=EDGE_CURVE('',#5664,#5665,#3325,.T.);
#11856=ADVANCED_FACE('',(#11855),#11847,.T.);
#11870=EDGE_CURVE('',#5664,#5670,#3330,.T.);
#11872=EDGE_CURVE('',#5670,#5671,#3354,.T.);
#11874=EDGE_CURVE('',#5665,#5671,#3340,.T.);
#11878=ADVANCED_FACE('',(#11877),#11868,.T.);
#11893=EDGE_CURVE('',#5671,#5670,#3345,.T.);
#11898=ADVANCED_FACE('',(#11897),#11890,.T.);
#11912=EDGE_CURVE('',#5671,#5675,#3349,.T.);
#11914=EDGE_CURVE('',#5675,#5674,#3368,.T.);
#11916=EDGE_CURVE('',#5670,#5674,#3358,.T.);
#11920=ADVANCED_FACE('',(#11919),#11910,.T.);
#11935=EDGE_CURVE('',#5674,#5675,#3363,.T.);
#11940=ADVANCED_FACE('',(#11939),#11932,.T.);
#11957=ADVANCED_FACE('',(#11956),#11952,.T.);
#11964=EDGE_CURVE('',#6132,#5994,#3376,.T.);
#11967=EDGE_CURVE('',#6134,#5996,#3414,.T.);
#11971=EDGE_CURVE('',#5878,#5876,#3380,.T.);
#11973=EDGE_CURVE('',#5876,#5880,#3385,.T.);
#11975=EDGE_CURVE('',#5880,#5878,#3390,.T.);
#11979=ADVANCED_FACE('',(#11970,#11978),#11962,.F.);
#11993=EDGE_CURVE('',#6131,#6000,#3398,.T.);
#12000=ADVANCED_FACE('',(#11999),#11991,.F.);
#12019=ADVANCED_FACE('',(#12018),#12012,.T.);
#12036=EDGE_CURVE('',#5998,#6136,#3418,.T.);
#12040=ADVANCED_FACE('',(#12039),#12031,.F.);
#12059=ADVANCED_FACE('',(#12058),#12052,.T.);
#12072=EDGE_CURVE('',#5737,#5876,#3427,.T.);
#12075=EDGE_CURVE('',#5878,#5737,#3432,.T.);
#12079=ADVANCED_FACE('',(#12078),#12071,.F.);
#12093=EDGE_CURVE('',#5737,#5734,#3436,.T.);
#12095=EDGE_CURVE('',#5734,#5735,#3455,.T.);
#12097=EDGE_CURVE('',#5880,#5735,#3440,.T.);
#12102=ADVANCED_FACE('',(#12101),#12091,.T.);
#12118=EDGE_CURVE('',#5735,#5734,#3445,.T.);
#12123=ADVANCED_FACE('',(#12122),#12114,.T.);
#12137=EDGE_CURVE('',#5735,#5741,#3450,.T.);
#12139=EDGE_CURVE('',#5741,#5740,#3474,.T.);
#12141=EDGE_CURVE('',#5734,#5740,#3460,.T.);
#12145=ADVANCED_FACE('',(#12144),#12135,.T.);
#12160=EDGE_CURVE('',#5740,#5741,#3465,.T.);
#12165=ADVANCED_FACE('',(#12164),#12157,.T.);
#12179=EDGE_CURVE('',#5740,#5744,#3469,.T.);
#12181=EDGE_CURVE('',#5744,#5745,#3483,.T.);
#12183=EDGE_CURVE('',#5741,#5745,#3478,.T.);
#12187=ADVANCED_FACE('',(#12186),#12177,.T.);
#12202=EDGE_CURVE('',#5745,#5744,#3488,.T.);
#12207=ADVANCED_FACE('',(#12206),#12199,.T.);
#12224=ADVANCED_FACE('',(#12223),#12219,.T.);
#12231=EDGE_CURVE('',#6124,#5972,#3496,.T.);
#12234=EDGE_CURVE('',#6126,#5974,#3534,.T.);
#12238=EDGE_CURVE('',#5872,#5870,#3500,.T.);
#12240=EDGE_CURVE('',#5870,#5874,#3505,.T.);
#12242=EDGE_CURVE('',#5874,#5872,#3510,.T.);
#12246=ADVANCED_FACE('',(#12237,#12245),#12229,.F.);
#12260=EDGE_CURVE('',#6123,#5982,#3518,.T.);
#12267=ADVANCED_FACE('',(#12266),#12258,.F.);
#12286=ADVANCED_FACE('',(#12285),#12279,.T.);
#12303=EDGE_CURVE('',#5980,#6128,#3538,.T.);
#12307=ADVANCED_FACE('',(#12306),#12298,.F.);
#12326=ADVANCED_FACE('',(#12325),#12319,.T.);
#12339=EDGE_CURVE('',#5723,#5870,#3547,.T.);
#12342=EDGE_CURVE('',#5872,#5723,#3552,.T.);
#12346=ADVANCED_FACE('',(#12345),#12338,.F.);
#12360=EDGE_CURVE('',#5723,#5720,#3556,.T.);
#12362=EDGE_CURVE('',#5720,#5721,#3575,.T.);
#12364=EDGE_CURVE('',#5874,#5721,#3560,.T.);
#12369=ADVANCED_FACE('',(#12368),#12358,.T.);
#12385=EDGE_CURVE('',#5721,#5720,#3565,.T.);
#12390=ADVANCED_FACE('',(#12389),#12381,.T.);
#12404=EDGE_CURVE('',#5721,#5727,#3570,.T.);
#12406=EDGE_CURVE('',#5727,#5726,#3594,.T.);
#12408=EDGE_CURVE('',#5720,#5726,#3580,.T.);
#12412=ADVANCED_FACE('',(#12411),#12402,.T.);
#12427=EDGE_CURVE('',#5726,#5727,#3585,.T.);
#12432=ADVANCED_FACE('',(#12431),#12424,.T.);
#12446=EDGE_CURVE('',#5726,#5730,#3589,.T.);
#12448=EDGE_CURVE('',#5730,#5731,#3603,.T.);
#12450=EDGE_CURVE('',#5727,#5731,#3598,.T.);
#12454=ADVANCED_FACE('',(#12453),#12444,.T.);
#12469=EDGE_CURVE('',#5731,#5730,#3608,.T.);
#12474=ADVANCED_FACE('',(#12473),#12466,.T.);
#12491=ADVANCED_FACE('',(#12490),#12486,.T.);
#12498=EDGE_CURVE('',#6116,#5950,#3616,.T.);
#12501=EDGE_CURVE('',#6118,#5952,#3654,.T.);
#12505=EDGE_CURVE('',#5866,#5864,#3620,.T.);
#12507=EDGE_CURVE('',#5864,#5868,#3625,.T.);
#12509=EDGE_CURVE('',#5868,#5866,#3630,.T.);
#12513=ADVANCED_FACE('',(#12504,#12512),#12496,.F.);
#12527=EDGE_CURVE('',#6115,#5956,#3638,.T.);
#12534=ADVANCED_FACE('',(#12533),#12525,.F.);
#12553=ADVANCED_FACE('',(#12552),#12546,.T.);
#12570=EDGE_CURVE('',#5954,#6120,#3658,.T.);
#12574=ADVANCED_FACE('',(#12573),#12565,.F.);
#12593=ADVANCED_FACE('',(#12592),#12586,.T.);
#12606=EDGE_CURVE('',#5709,#5864,#3667,.T.);
#12609=EDGE_CURVE('',#5866,#5709,#3672,.T.);
#12613=ADVANCED_FACE('',(#12612),#12605,.F.);
#12627=EDGE_CURVE('',#5709,#5706,#3676,.T.);
#12629=EDGE_CURVE('',#5706,#5707,#3695,.T.);
#12631=EDGE_CURVE('',#5868,#5707,#3680,.T.);
#12636=ADVANCED_FACE('',(#12635),#12625,.T.);
#12652=EDGE_CURVE('',#5707,#5706,#3685,.T.);
#12657=ADVANCED_FACE('',(#12656),#12648,.T.);
#12671=EDGE_CURVE('',#5707,#5713,#3690,.T.);
#12673=EDGE_CURVE('',#5713,#5712,#3714,.T.);
#12675=EDGE_CURVE('',#5706,#5712,#3700,.T.);
#12679=ADVANCED_FACE('',(#12678),#12669,.T.);
#12694=EDGE_CURVE('',#5712,#5713,#3705,.T.);
#12699=ADVANCED_FACE('',(#12698),#12691,.T.);
#12713=EDGE_CURVE('',#5712,#5716,#3709,.T.);
#12715=EDGE_CURVE('',#5716,#5717,#3723,.T.);
#12717=EDGE_CURVE('',#5713,#5717,#3718,.T.);
#12721=ADVANCED_FACE('',(#12720),#12711,.T.);
#12736=EDGE_CURVE('',#5717,#5716,#3728,.T.);
#12741=ADVANCED_FACE('',(#12740),#12733,.T.);
#12758=ADVANCED_FACE('',(#12757),#12753,.T.);
#12765=EDGE_CURVE('',#6108,#5928,#3736,.T.);
#12768=EDGE_CURVE('',#6110,#5930,#3774,.T.);
#12772=EDGE_CURVE('',#5860,#5858,#3740,.T.);
#12774=EDGE_CURVE('',#5858,#5862,#3745,.T.);
#12776=EDGE_CURVE('',#5862,#5860,#3750,.T.);
#12780=ADVANCED_FACE('',(#12771,#12779),#12763,.F.);
#12794=EDGE_CURVE('',#6107,#5938,#3758,.T.);
#12801=ADVANCED_FACE('',(#12800),#12792,.F.);
#12820=ADVANCED_FACE('',(#12819),#12813,.T.);
#12837=EDGE_CURVE('',#5936,#6112,#3778,.T.);
#12841=ADVANCED_FACE('',(#12840),#12832,.F.);
#12860=ADVANCED_FACE('',(#12859),#12853,.T.);
#12873=EDGE_CURVE('',#5695,#5858,#3787,.T.);
#12876=EDGE_CURVE('',#5860,#5695,#3792,.T.);
#12880=ADVANCED_FACE('',(#12879),#12872,.F.);
#12894=EDGE_CURVE('',#5695,#5692,#3796,.T.);
#12896=EDGE_CURVE('',#5692,#5693,#3815,.T.);
#12898=EDGE_CURVE('',#5862,#5693,#3800,.T.);
#12903=ADVANCED_FACE('',(#12902),#12892,.T.);
#12919=EDGE_CURVE('',#5693,#5692,#3805,.T.);
#12924=ADVANCED_FACE('',(#12923),#12915,.T.);
#12938=EDGE_CURVE('',#5693,#5699,#3810,.T.);
#12940=EDGE_CURVE('',#5699,#5698,#3834,.T.);
#12942=EDGE_CURVE('',#5692,#5698,#3820,.T.);
#12946=ADVANCED_FACE('',(#12945),#12936,.T.);
#12961=EDGE_CURVE('',#5698,#5699,#3825,.T.);
#12966=ADVANCED_FACE('',(#12965),#12958,.T.);
#12980=EDGE_CURVE('',#5698,#5702,#3829,.T.);
#12982=EDGE_CURVE('',#5702,#5703,#3843,.T.);
#12984=EDGE_CURVE('',#5699,#5703,#3838,.T.);
#12988=ADVANCED_FACE('',(#12987),#12978,.T.);
#13003=EDGE_CURVE('',#5703,#5702,#3848,.T.);
#13008=ADVANCED_FACE('',(#13007),#13000,.T.);
#13025=ADVANCED_FACE('',(#13024),#13020,.T.);
#13032=EDGE_CURVE('',#6100,#5906,#3856,.T.);
#13035=EDGE_CURVE('',#6102,#5908,#3894,.T.);
#13039=EDGE_CURVE('',#5854,#5852,#3860,.T.);
#13041=EDGE_CURVE('',#5852,#5856,#3865,.T.);
#13043=EDGE_CURVE('',#5856,#5854,#3870,.T.);
#13047=ADVANCED_FACE('',(#13038,#13046),#13030,.F.);
#13061=EDGE_CURVE('',#6099,#5912,#3878,.T.);
#13068=ADVANCED_FACE('',(#13067),#13059,.F.);
#13087=ADVANCED_FACE('',(#13086),#13080,.T.);
#13104=EDGE_CURVE('',#5910,#6104,#3898,.T.);
#13108=ADVANCED_FACE('',(#13107),#13099,.F.);
#13127=ADVANCED_FACE('',(#13126),#13120,.T.);
#13140=EDGE_CURVE('',#5681,#5852,#3907,.T.);
#13143=EDGE_CURVE('',#5854,#5681,#3912,.T.);
#13147=ADVANCED_FACE('',(#13146),#13139,.F.);
#13161=EDGE_CURVE('',#5681,#5678,#3916,.T.);
#13163=EDGE_CURVE('',#5678,#5679,#3935,.T.);
#13165=EDGE_CURVE('',#5856,#5679,#3920,.T.);
#13170=ADVANCED_FACE('',(#13169),#13159,.T.);
#13186=EDGE_CURVE('',#5679,#5678,#3925,.T.);
#13191=ADVANCED_FACE('',(#13190),#13182,.T.);
#13205=EDGE_CURVE('',#5679,#5685,#3930,.T.);
#13207=EDGE_CURVE('',#5685,#5684,#3954,.T.);
#13209=EDGE_CURVE('',#5678,#5684,#3940,.T.);
#13213=ADVANCED_FACE('',(#13212),#13203,.T.);
#13228=EDGE_CURVE('',#5684,#5685,#3945,.T.);
#13233=ADVANCED_FACE('',(#13232),#13225,.T.);
#13247=EDGE_CURVE('',#5684,#5688,#3949,.T.);
#13249=EDGE_CURVE('',#5688,#5689,#3963,.T.);
#13251=EDGE_CURVE('',#5685,#5689,#3958,.T.);
#13255=ADVANCED_FACE('',(#13254),#13245,.T.);
#13270=EDGE_CURVE('',#5689,#5688,#3968,.T.);
#13275=ADVANCED_FACE('',(#13274),#13267,.T.);
#13292=ADVANCED_FACE('',(#13291),#13287,.T.);
#13301=EDGE_CURVE('',#5609,#5605,#3978,.T.);
#13305=ADVANCED_FACE('',(#13304),#13297,.T.);
#13319=EDGE_CURVE('',#5832,#5829,#3983,.T.);
#13325=ADVANCED_FACE('',(#13324),#13317,.T.);
#13341=EDGE_CURVE('',#5833,#5574,#3993,.T.);
#13345=ADVANCED_FACE('',(#13344),#13337,.T.);
#13361=EDGE_CURVE('',#5578,#5824,#4003,.T.);
#13365=ADVANCED_FACE('',(#13364),#13357,.T.);
#13379=EDGE_CURVE('',#5825,#5827,#4008,.T.);
#13385=ADVANCED_FACE('',(#13384),#13377,.T.);
#13399=EDGE_CURVE('',#5614,#5611,#4013,.T.);
#13405=ADVANCED_FACE('',(#13404),#13397,.T.);
#13424=ADVANCED_FACE('',(#13423),#13417,.T.);
#13438=EDGE_CURVE('',#5660,#5656,#4022,.T.);
#13440=EDGE_CURVE('',#5656,#5657,#4031,.T.);
#13442=EDGE_CURVE('',#5661,#5657,#4026,.T.);
#13446=ADVANCED_FACE('',(#13445),#13436,.T.);
#13461=EDGE_CURVE('',#5657,#5656,#4036,.T.);
#13466=ADVANCED_FACE('',(#13465),#13458,.T.);
#13483=ADVANCED_FACE('',(#13482),#13478,.T.);
#13499=EDGE_CURVE('',#5467,#5788,#4056,.T.);
#13503=ADVANCED_FACE('',(#13502),#13495,.T.);
#13522=ADVANCED_FACE('',(#13521),#13515,.T.);
#13541=ADVANCED_FACE('',(#13540),#13534,.T.);
#13555=EDGE_CURVE('',#5644,#5640,#4065,.T.);
#13557=EDGE_CURVE('',#5640,#5641,#4074,.T.);
#13559=EDGE_CURVE('',#5645,#5641,#4069,.T.);
#13563=ADVANCED_FACE('',(#13562),#13553,.T.);
#13578=EDGE_CURVE('',#5641,#5640,#4079,.T.);
#13583=ADVANCED_FACE('',(#13582),#13575,.T.);
#13600=ADVANCED_FACE('',(#13599),#13595,.T.);
#13613=EDGE_CURVE('',#6379,#6187,#4083,.T.);
#13615=EDGE_CURVE('',#6187,#6188,#4092,.T.);
#13617=EDGE_CURVE('',#6381,#6188,#4087,.T.);
#13622=ADVANCED_FACE('',(#13621),#13612,.F.);
#13631=EDGE_CURVE('',#6188,#6187,#4097,.T.);
#13635=ADVANCED_FACE('',(#13634),#13627,.F.);
#13643=EDGE_CURVE('',#6198,#6200,#4109,.T.);
#13645=EDGE_CURVE('',#6196,#6198,#4113,.T.);
#13647=EDGE_CURVE('',#6194,#6196,#4117,.T.);
#13652=ADVANCED_FACE('',(#13651),#13640,.T.);
#13665=EDGE_CURVE('',#6201,#6202,#4126,.T.);
#13667=EDGE_CURVE('',#6204,#6201,#4136,.T.);
#13669=EDGE_CURVE('',#6203,#6204,#4141,.T.);
#13671=EDGE_CURVE('',#6202,#6203,#4151,.T.);
#13675=ADVANCED_FACE('',(#13674),#13664,.T.);
#13688=EDGE_CURVE('',#6207,#6208,#4155,.T.);
#13690=EDGE_CURVE('',#6228,#6207,#4159,.T.);
#13692=EDGE_CURVE('',#6226,#6228,#4163,.T.);
#13694=EDGE_CURVE('',#6224,#6226,#4167,.T.);
#13696=EDGE_CURVE('',#6222,#6224,#4171,.T.);
#13698=EDGE_CURVE('',#6220,#6222,#4175,.T.);
#13700=EDGE_CURVE('',#6218,#6220,#4179,.T.);
#13702=EDGE_CURVE('',#6216,#6218,#4183,.T.);
#13704=EDGE_CURVE('',#6214,#6216,#4187,.T.);
#13706=EDGE_CURVE('',#6212,#6214,#4191,.T.);
#13708=EDGE_CURVE('',#6210,#6212,#4195,.T.);
#13710=EDGE_CURVE('',#6208,#6210,#4199,.T.);
#13714=ADVANCED_FACE('',(#13713),#13687,.T.);
#13727=EDGE_CURVE('',#6233,#6234,#4227,.T.);
#13729=EDGE_CURVE('',#6236,#6233,#4232,.T.);
#13731=EDGE_CURVE('',#6235,#6236,#4237,.T.);
#13733=EDGE_CURVE('',#6234,#6235,#4245,.T.);
#13737=EDGE_CURVE('',#6229,#6230,#4204,.T.);
#13739=EDGE_CURVE('',#6232,#6229,#4209,.T.);
#13741=EDGE_CURVE('',#6231,#6232,#4214,.T.);
#13743=EDGE_CURVE('',#6230,#6231,#4222,.T.);
#13747=ADVANCED_FACE('',(#13736,#13746),#13726,.T.);
#13760=EDGE_CURVE('',#6244,#6245,#4274,.T.);
#13762=EDGE_CURVE('',#6257,#6244,#4278,.T.);
#13764=EDGE_CURVE('',#6255,#6257,#4282,.T.);
#13766=EDGE_CURVE('',#6253,#6255,#4286,.T.);
#13768=EDGE_CURVE('',#6251,#6253,#4290,.T.);
#13770=EDGE_CURVE('',#6249,#6251,#4294,.T.);
#13772=EDGE_CURVE('',#6247,#6249,#4298,.T.);
#13774=EDGE_CURVE('',#6245,#6247,#4302,.T.);
#13778=EDGE_CURVE('',#6237,#6238,#4250,.T.);
#13780=EDGE_CURVE('',#6241,#6237,#4255,.T.);
#13782=EDGE_CURVE('',#6240,#6241,#4260,.T.);
#13784=EDGE_CURVE('',#6239,#6240,#4265,.T.);
#13786=EDGE_CURVE('',#6238,#6239,#4270,.T.);
#13790=ADVANCED_FACE('',(#13777,#13789),#13759,.T.);
#13803=EDGE_CURVE('',#6260,#6261,#4306,.T.);
#13805=EDGE_CURVE('',#6281,#6260,#4310,.T.);
#13807=EDGE_CURVE('',#6279,#6281,#4314,.T.);
#13809=EDGE_CURVE('',#6277,#6279,#4318,.T.);
#13811=EDGE_CURVE('',#6275,#6277,#4322,.T.);
#13813=EDGE_CURVE('',#6273,#6275,#4326,.T.);
#13815=EDGE_CURVE('',#6271,#6273,#4330,.T.);
#13817=EDGE_CURVE('',#6269,#6271,#4334,.T.);
#13819=EDGE_CURVE('',#6267,#6269,#4338,.T.);
#13821=EDGE_CURVE('',#6265,#6267,#4342,.T.);
#13823=EDGE_CURVE('',#6263,#6265,#4346,.T.);
#13825=EDGE_CURVE('',#6261,#6263,#4350,.T.);
#13829=ADVANCED_FACE('',(#13828),#13802,.T.);
#13842=EDGE_CURVE('',#6285,#6286,#4375,.T.);
#13844=EDGE_CURVE('',#6292,#6285,#4383,.T.);
#13846=EDGE_CURVE('',#6291,#6292,#4388,.T.);
#13848=EDGE_CURVE('',#6290,#6291,#4394,.T.);
#13850=EDGE_CURVE('',#6289,#6290,#4399,.T.);
#13852=EDGE_CURVE('',#6288,#6289,#4405,.T.);
#13854=EDGE_CURVE('',#6287,#6288,#4410,.T.);
#13856=EDGE_CURVE('',#6286,#6287,#4415,.T.);
#13860=EDGE_CURVE('',#6282,#6283,#4355,.T.);
#13862=EDGE_CURVE('',#6284,#6282,#4365,.T.);
#13864=EDGE_CURVE('',#6283,#6284,#4370,.T.);
#13868=ADVANCED_FACE('',(#13859,#13867),#13841,.T.);
#13881=EDGE_CURVE('',#6293,#6294,#4420,.T.);
#13883=EDGE_CURVE('',#6296,#6293,#4433,.T.);
#13885=EDGE_CURVE('',#6295,#6296,#4438,.T.);
#13887=EDGE_CURVE('',#6294,#6295,#4452,.T.);
#13891=ADVANCED_FACE('',(#13890),#13880,.T.);
#13904=EDGE_CURVE('',#6297,#6298,#4457,.T.);
#13906=EDGE_CURVE('',#6308,#6297,#4462,.T.);
#13908=EDGE_CURVE('',#6307,#6308,#4467,.T.);
#13910=EDGE_CURVE('',#6306,#6307,#4472,.T.);
#13912=EDGE_CURVE('',#6305,#6306,#4477,.T.);
#13914=EDGE_CURVE('',#6304,#6305,#4483,.T.);
#13916=EDGE_CURVE('',#6303,#6304,#4488,.T.);
#13918=EDGE_CURVE('',#6302,#6303,#4494,.T.);
#13920=EDGE_CURVE('',#6301,#6302,#4499,.T.);
#13922=EDGE_CURVE('',#6300,#6301,#4504,.T.);
#13924=EDGE_CURVE('',#6299,#6300,#4509,.T.);
#13926=EDGE_CURVE('',#6298,#6299,#4514,.T.);
#13930=ADVANCED_FACE('',(#13929),#13903,.T.);
#13943=EDGE_CURVE('',#6311,#6312,#4518,.T.);
#13945=EDGE_CURVE('',#6332,#6311,#4522,.T.);
#13947=EDGE_CURVE('',#6330,#6332,#4526,.T.);
#13949=EDGE_CURVE('',#6328,#6330,#4530,.T.);
#13951=EDGE_CURVE('',#6326,#6328,#4534,.T.);
#13953=EDGE_CURVE('',#6324,#6326,#4538,.T.);
#13955=EDGE_CURVE('',#6322,#6324,#4542,.T.);
#13957=EDGE_CURVE('',#6320,#6322,#4546,.T.);
#13959=EDGE_CURVE('',#6318,#6320,#4550,.T.);
#13961=EDGE_CURVE('',#6316,#6318,#4554,.T.);
#13963=EDGE_CURVE('',#6314,#6316,#4558,.T.);
#13965=EDGE_CURVE('',#6312,#6314,#4562,.T.);
#13969=ADVANCED_FACE('',(#13968),#13942,.T.);
#13982=EDGE_CURVE('',#6337,#6338,#4590,.T.);
#13984=EDGE_CURVE('',#6340,#6337,#4595,.T.);
#13986=EDGE_CURVE('',#6339,#6340,#4600,.T.);
#13988=EDGE_CURVE('',#6338,#6339,#4608,.T.);
#13992=EDGE_CURVE('',#6333,#6334,#4567,.T.);
#13994=EDGE_CURVE('',#6336,#6333,#4572,.T.);
#13996=EDGE_CURVE('',#6335,#6336,#4577,.T.);
#13998=EDGE_CURVE('',#6334,#6335,#4585,.T.);
#14002=ADVANCED_FACE('',(#13991,#14001),#13981,.T.);
#14015=EDGE_CURVE('',#6348,#6349,#4637,.T.);
#14017=EDGE_CURVE('',#6361,#6348,#4641,.T.);
#14019=EDGE_CURVE('',#6359,#6361,#4645,.T.);
#14021=EDGE_CURVE('',#6357,#6359,#4649,.T.);
#14023=EDGE_CURVE('',#6355,#6357,#4653,.T.);
#14025=EDGE_CURVE('',#6353,#6355,#4657,.T.);
#14027=EDGE_CURVE('',#6351,#6353,#4661,.T.);
#14029=EDGE_CURVE('',#6349,#6351,#4665,.T.);
#14033=EDGE_CURVE('',#6341,#6342,#4613,.T.);
#14035=EDGE_CURVE('',#6345,#6341,#4618,.T.);
#14037=EDGE_CURVE('',#6344,#6345,#4623,.T.);
#14039=EDGE_CURVE('',#6343,#6344,#4628,.T.);
#14041=EDGE_CURVE('',#6342,#6343,#4633,.T.);
#14045=ADVANCED_FACE('',(#14032,#14044),#14014,.T.);
#14058=EDGE_CURVE('',#6362,#6363,#4673,.T.);
#14060=EDGE_CURVE('',#6377,#6362,#4680,.T.);
#14062=EDGE_CURVE('',#6376,#6377,#4685,.T.);
#14064=EDGE_CURVE('',#6375,#6376,#4690,.T.);
#14066=EDGE_CURVE('',#6374,#6375,#4695,.T.);
#14068=EDGE_CURVE('',#6373,#6374,#4702,.T.);
#14070=EDGE_CURVE('',#6372,#6373,#4707,.T.);
#14072=EDGE_CURVE('',#6371,#6372,#4714,.T.);
#14074=EDGE_CURVE('',#6370,#6371,#4720,.T.);
#14076=EDGE_CURVE('',#6369,#6370,#4727,.T.);
#14078=EDGE_CURVE('',#6368,#6369,#4733,.T.);
#14080=EDGE_CURVE('',#6367,#6368,#4738,.T.);
#14082=EDGE_CURVE('',#6366,#6367,#4743,.T.);
#14084=EDGE_CURVE('',#6365,#6366,#4748,.T.);
#14086=EDGE_CURVE('',#6364,#6365,#4755,.T.);
#14088=EDGE_CURVE('',#6363,#6364,#4764,.T.);
#14096=ADVANCED_FACE('',(#14091,#14095),#14057,.T.);
#14109=EDGE_CURVE('',#6391,#6198,#4768,.T.);
#14116=ADVANCED_FACE('',(#14115),#14108,.T.);
#14122=EDGE_CURVE('',#6389,#6196,#4772,.T.);
#14129=ADVANCED_FACE('',(#14128),#14121,.T.);
#14141=ADVANCED_FACE('',(#14140),#14134,.T.);
#14148=B_SPLINE_CURVE_WITH_KNOTS('',3,(#14142,#14143,#14144,#14145,#14146,
#14147),.UNSPECIFIED.,.F.,.F.,(4,1,1,4),(0.E0,2.259423990646E-1,
7.740576009353E-1,1.E0),.UNSPECIFIED.);
#14152=EDGE_CURVE('',#6395,#6201,#4780,.T.);
#14155=EDGE_CURVE('',#6397,#6202,#4792,.T.);
#14160=ADVANCED_FACE('',(#14159),#14151,.F.);
#14172=B_SPLINE_CURVE_WITH_KNOTS('',3,(#14161,#14162,#14163,#14164,#14165,
#14166,#14167,#14168,#14169,#14170,#14171),.UNSPECIFIED.,.F.,.F.,(4,1,1,1,1,1,1,
1,4),(0.E0,1.215674032045E-2,1.444229781827E-1,3.172579303897E-1,
4.965783724810E-1,6.903768585142E-1,8.753950302031E-1,9.878186808815E-1,1.E0),
.UNSPECIFIED.);
#14178=EDGE_CURVE('',#6401,#6204,#4784,.T.);
#14183=ADVANCED_FACE('',(#14182),#14175,.F.);
#14190=B_SPLINE_CURVE_WITH_KNOTS('',3,(#14184,#14185,#14186,#14187,#14188,
#14189),.UNSPECIFIED.,.F.,.F.,(4,1,1,4),(0.E0,2.152183578258E-1,
7.847816421742E-1,1.E0),.UNSPECIFIED.);
#14194=EDGE_CURVE('',#6399,#6203,#4788,.T.);
#14201=ADVANCED_FACE('',(#14200),#14193,.F.);
#14213=B_SPLINE_CURVE_WITH_KNOTS('',3,(#14202,#14203,#14204,#14205,#14206,
#14207,#14208,#14209,#14210,#14211,#14212),.UNSPECIFIED.,.F.,.F.,(4,1,1,1,1,1,1,
1,4),(0.E0,1.486458334009E-2,1.534365595887E-1,3.211910024023E-1,
5.027612736854E-1,6.747797654844E-1,8.330910183236E-1,9.851724467490E-1,1.E0),
.UNSPECIFIED.);
#14223=ADVANCED_FACE('',(#14222),#14216,.F.);
#14229=EDGE_CURVE('',#6403,#6207,#4796,.T.);
#14232=EDGE_CURVE('',#6405,#6208,#4840,.T.);
#14237=ADVANCED_FACE('',(#14236),#14228,.T.);
#14245=EDGE_CURVE('',#6425,#6228,#4800,.T.);
#14250=ADVANCED_FACE('',(#14249),#14242,.T.);
#14256=EDGE_CURVE('',#6423,#6226,#4804,.T.);
#14263=ADVANCED_FACE('',(#14262),#14255,.T.);
#14269=EDGE_CURVE('',#6421,#6224,#4808,.T.);
#14276=ADVANCED_FACE('',(#14275),#14268,.T.);
#14282=EDGE_CURVE('',#6419,#6222,#4812,.T.);
#14289=ADVANCED_FACE('',(#14288),#14281,.T.);
#14295=EDGE_CURVE('',#6417,#6220,#4816,.T.);
#14302=ADVANCED_FACE('',(#14301),#14294,.T.);
#14308=EDGE_CURVE('',#6415,#6218,#4820,.T.);
#14315=ADVANCED_FACE('',(#14314),#14307,.T.);
#14321=EDGE_CURVE('',#6413,#6216,#4824,.T.);
#14328=ADVANCED_FACE('',(#14327),#14320,.T.);
#14334=EDGE_CURVE('',#6411,#6214,#4828,.T.);
#14341=ADVANCED_FACE('',(#14340),#14333,.T.);
#14347=EDGE_CURVE('',#6409,#6212,#4832,.T.);
#14354=ADVANCED_FACE('',(#14353),#14346,.T.);
#14360=EDGE_CURVE('',#6407,#6210,#4836,.T.);
#14367=ADVANCED_FACE('',(#14366),#14359,.T.);
#14379=ADVANCED_FACE('',(#14378),#14372,.T.);
#14386=B_SPLINE_CURVE_WITH_KNOTS('',3,(#14380,#14381,#14382,#14383,#14384,
#14385),.UNSPECIFIED.,.F.,.F.,(4,1,1,4),(0.E0,2.015230044753E-1,
7.984769955247E-1,1.E0),.UNSPECIFIED.);
#14390=EDGE_CURVE('',#6427,#6229,#4844,.T.);
#14393=EDGE_CURVE('',#6429,#6230,#4856,.T.);
#14398=ADVANCED_FACE('',(#14397),#14389,.F.);
#14405=B_SPLINE_CURVE_WITH_KNOTS('',3,(#14399,#14400,#14401,#14402,#14403,
#14404),.UNSPECIFIED.,.F.,.F.,(4,1,1,4),(0.E0,5.842210886395E-2,
9.415778911360E-1,1.E0),.UNSPECIFIED.);
#14411=EDGE_CURVE('',#6433,#6232,#4848,.T.);
#14416=ADVANCED_FACE('',(#14415),#14408,.F.);
#14423=B_SPLINE_CURVE_WITH_KNOTS('',3,(#14417,#14418,#14419,#14420,#14421,
#14422),.UNSPECIFIED.,.F.,.F.,(4,1,1,4),(0.E0,2.063160802281E-1,
7.936839197719E-1,1.E0),.UNSPECIFIED.);
#14427=EDGE_CURVE('',#6431,#6231,#4852,.T.);
#14434=ADVANCED_FACE('',(#14433),#14426,.F.);
#14444=B_SPLINE_CURVE_WITH_KNOTS('',3,(#14435,#14436,#14437,#14438,#14439,
#14440,#14441,#14442,#14443),.UNSPECIFIED.,.F.,.F.,(4,1,1,1,1,1,4),(0.E0,
2.057072546408E-2,2.661193430581E-1,5.076533481790E-1,7.432540524549E-1,
9.798315619293E-1,1.E0),.UNSPECIFIED.);
#14454=ADVANCED_FACE('',(#14453),#14447,.F.);
#14461=B_SPLINE_CURVE_WITH_KNOTS('',3,(#14455,#14456,#14457,#14458,#14459,
#14460),.UNSPECIFIED.,.F.,.F.,(4,1,1,4),(0.E0,1.352606782077E-1,
8.647393217923E-1,1.E0),.UNSPECIFIED.);
#14465=EDGE_CURVE('',#6435,#6233,#4860,.T.);
#14468=EDGE_CURVE('',#6437,#6234,#4872,.T.);
#14473=ADVANCED_FACE('',(#14472),#14464,.F.);
#14480=B_SPLINE_CURVE_WITH_KNOTS('',3,(#14474,#14475,#14476,#14477,#14478,
#14479),.UNSPECIFIED.,.F.,.F.,(4,1,1,4),(0.E0,4.627970727052E-2,
9.537202927295E-1,1.E0),.UNSPECIFIED.);
#14486=EDGE_CURVE('',#6441,#6236,#4864,.T.);
#14491=ADVANCED_FACE('',(#14490),#14483,.F.);
#14498=B_SPLINE_CURVE_WITH_KNOTS('',3,(#14492,#14493,#14494,#14495,#14496,
#14497),.UNSPECIFIED.,.F.,.F.,(4,1,1,4),(0.E0,1.316895005769E-1,
8.683104994231E-1,1.E0),.UNSPECIFIED.);
#14502=EDGE_CURVE('',#6439,#6235,#4868,.T.);
#14509=ADVANCED_FACE('',(#14508),#14501,.F.);
#14519=B_SPLINE_CURVE_WITH_KNOTS('',3,(#14510,#14511,#14512,#14513,#14514,
#14515,#14516,#14517,#14518),.UNSPECIFIED.,.F.,.F.,(4,1,1,1,1,1,4),(0.E0,
1.590568978652E-2,2.582047725893E-1,4.913975447704E-1,7.345878612010E-1,
9.842681548466E-1,1.E0),.UNSPECIFIED.);
#14529=ADVANCED_FACE('',(#14528),#14522,.F.);
#14536=B_SPLINE_CURVE_WITH_KNOTS('',3,(#14530,#14531,#14532,#14533,#14534,
#14535),.UNSPECIFIED.,.F.,.F.,(4,1,1,4),(0.E0,2.074032454128E-1,
7.930828189996E-1,1.E0),.UNSPECIFIED.);
#14540=EDGE_CURVE('',#6443,#6237,#4876,.T.);
#14543=EDGE_CURVE('',#6445,#6238,#4892,.T.);
#14548=ADVANCED_FACE('',(#14547),#14539,.F.);
#14555=B_SPLINE_CURVE_WITH_KNOTS('',3,(#14549,#14550,#14551,#14552,#14553,
#14554),.UNSPECIFIED.,.F.,.F.,(4,1,1,4),(0.E0,2.074676781100E-1,
7.932363650908E-1,1.E0),.UNSPECIFIED.);
#14561=EDGE_CURVE('',#6451,#6241,#4880,.T.);
#14566=ADVANCED_FACE('',(#14565),#14558,.F.);
#14573=B_SPLINE_CURVE_WITH_KNOTS('',3,(#14567,#14568,#14569,#14570,#14571,
#14572),.UNSPECIFIED.,.F.,.F.,(4,1,1,4),(0.E0,9.379755756379E-2,
9.062024424362E-1,1.E0),.UNSPECIFIED.);
#14577=EDGE_CURVE('',#6449,#6240,#4884,.T.);
#14584=ADVANCED_FACE('',(#14583),#14576,.F.);
#14591=B_SPLINE_CURVE_WITH_KNOTS('',3,(#14585,#14586,#14587,#14588,#14589,
#14590),.UNSPECIFIED.,.F.,.F.,(4,1,1,4),(0.E0,1.165362079869E-1,
8.834637920131E-1,1.E0),.UNSPECIFIED.);
#14595=EDGE_CURVE('',#6447,#6239,#4888,.T.);
#14602=ADVANCED_FACE('',(#14601),#14594,.F.);
#14609=B_SPLINE_CURVE_WITH_KNOTS('',3,(#14603,#14604,#14605,#14606,#14607,
#14608),.UNSPECIFIED.,.F.,.F.,(4,1,1,4),(0.E0,9.370766673035E-2,
9.062923332697E-1,1.E0),.UNSPECIFIED.);
#14619=ADVANCED_FACE('',(#14618),#14612,.F.);
#14625=EDGE_CURVE('',#6453,#6244,#4896,.T.);
#14628=EDGE_CURVE('',#6455,#6245,#4924,.T.);
#14633=ADVANCED_FACE('',(#14632),#14624,.T.);
#14641=EDGE_CURVE('',#6467,#6257,#4900,.T.);
#14646=ADVANCED_FACE('',(#14645),#14638,.T.);
#14652=EDGE_CURVE('',#6465,#6255,#4904,.T.);
#14659=ADVANCED_FACE('',(#14658),#14651,.T.);
#14665=EDGE_CURVE('',#6463,#6253,#4908,.T.);
#14672=ADVANCED_FACE('',(#14671),#14664,.T.);
#14678=EDGE_CURVE('',#6461,#6251,#4912,.T.);
#14685=ADVANCED_FACE('',(#14684),#14677,.T.);
#14691=EDGE_CURVE('',#6459,#6249,#4916,.T.);
#14698=ADVANCED_FACE('',(#14697),#14690,.T.);
#14704=EDGE_CURVE('',#6457,#6247,#4920,.T.);
#14711=ADVANCED_FACE('',(#14710),#14703,.T.);
#14723=ADVANCED_FACE('',(#14722),#14716,.T.);
#14729=EDGE_CURVE('',#6469,#6260,#4928,.T.);
#14732=EDGE_CURVE('',#6471,#6261,#4972,.T.);
#14737=ADVANCED_FACE('',(#14736),#14728,.T.);
#14745=EDGE_CURVE('',#6491,#6281,#4932,.T.);
#14750=ADVANCED_FACE('',(#14749),#14742,.T.);
#14756=EDGE_CURVE('',#6489,#6279,#4936,.T.);
#14763=ADVANCED_FACE('',(#14762),#14755,.T.);
#14769=EDGE_CURVE('',#6487,#6277,#4940,.T.);
#14776=ADVANCED_FACE('',(#14775),#14768,.T.);
#14782=EDGE_CURVE('',#6485,#6275,#4944,.T.);
#14789=ADVANCED_FACE('',(#14788),#14781,.T.);
#14795=EDGE_CURVE('',#6483,#6273,#4948,.T.);
#14802=ADVANCED_FACE('',(#14801),#14794,.T.);
#14808=EDGE_CURVE('',#6481,#6271,#4952,.T.);
#14815=ADVANCED_FACE('',(#14814),#14807,.T.);
#14821=EDGE_CURVE('',#6479,#6269,#4956,.T.);
#14828=ADVANCED_FACE('',(#14827),#14820,.T.);
#14834=EDGE_CURVE('',#6477,#6267,#4960,.T.);
#14841=ADVANCED_FACE('',(#14840),#14833,.T.);
#14847=EDGE_CURVE('',#6475,#6265,#4964,.T.);
#14854=ADVANCED_FACE('',(#14853),#14846,.T.);
#14860=EDGE_CURVE('',#6473,#6263,#4968,.T.);
#14867=ADVANCED_FACE('',(#14866),#14859,.T.);
#14879=ADVANCED_FACE('',(#14878),#14872,.T.);
#14886=B_SPLINE_CURVE_WITH_KNOTS('',3,(#14880,#14881,#14882,#14883,#14884,
#14885),.UNSPECIFIED.,.F.,.F.,(4,1,1,4),(0.E0,1.884118041632E-1,
8.115881958368E-1,1.E0),.UNSPECIFIED.);
#14890=EDGE_CURVE('',#6493,#6282,#4976,.T.);
#14893=EDGE_CURVE('',#6495,#6283,#4984,.T.);
#14898=ADVANCED_FACE('',(#14897),#14889,.F.);
#14910=B_SPLINE_CURVE_WITH_KNOTS('',3,(#14899,#14900,#14901,#14902,#14903,
#14904,#14905,#14906,#14907,#14908,#14909),.UNSPECIFIED.,.F.,.F.,(4,1,1,1,1,1,1,
1,4),(0.E0,3.484587095764E-2,2.015821885450E-1,3.262818901216E-1,
4.438618825910E-1,5.743611280159E-1,7.657509213636E-1,9.666159668828E-1,1.E0),
.UNSPECIFIED.);
#14916=EDGE_CURVE('',#6497,#6284,#4980,.T.);
#14921=ADVANCED_FACE('',(#14920),#14913,.F.);
#14928=B_SPLINE_CURVE_WITH_KNOTS('',3,(#14922,#14923,#14924,#14925,#14926,
#14927),.UNSPECIFIED.,.F.,.F.,(4,1,1,4),(0.E0,2.991082947832E-1,
7.008917052168E-1,1.E0),.UNSPECIFIED.);
#14938=ADVANCED_FACE('',(#14937),#14931,.F.);
#14945=B_SPLINE_CURVE_WITH_KNOTS('',3,(#14939,#14940,#14941,#14942,#14943,
#14944),.UNSPECIFIED.,.F.,.F.,(4,1,1,4),(0.E0,2.400803491228E-1,
7.599196508772E-1,1.E0),.UNSPECIFIED.);
#14949=EDGE_CURVE('',#6499,#6285,#4988,.T.);
#14952=EDGE_CURVE('',#6501,#6286,#5016,.T.);
#14957=ADVANCED_FACE('',(#14956),#14948,.F.);
#14967=B_SPLINE_CURVE_WITH_KNOTS('',3,(#14958,#14959,#14960,#14961,#14962,
#14963,#14964,#14965,#14966),.UNSPECIFIED.,.F.,.F.,(4,1,1,1,1,1,4),(0.E0,
2.733514411288E-2,2.886664769645E-1,4.667262752757E-1,6.338846042530E-1,
9.731866479889E-1,1.E0),.UNSPECIFIED.);
#14973=EDGE_CURVE('',#6513,#6292,#4992,.T.);
#14978=ADVANCED_FACE('',(#14977),#14970,.F.);
#14985=B_SPLINE_CURVE_WITH_KNOTS('',3,(#14979,#14980,#14981,#14982,#14983,
#14984),.UNSPECIFIED.,.F.,.F.,(4,1,1,4),(0.E0,1.615343357710E-1,
8.384656642290E-1,1.E0),.UNSPECIFIED.);
#14989=EDGE_CURVE('',#6511,#6291,#4996,.T.);
#14996=ADVANCED_FACE('',(#14995),#14988,.F.);
#15004=B_SPLINE_CURVE_WITH_KNOTS('',3,(#14997,#14998,#14999,#15000,#15001,
#15002,#15003),.UNSPECIFIED.,.F.,.F.,(4,1,1,1,4),(0.E0,5.094501060399E-2,
4.794201470631E-1,9.506349239291E-1,1.E0),.UNSPECIFIED.);
#15008=EDGE_CURVE('',#6509,#6290,#5000,.T.);
#15015=ADVANCED_FACE('',(#15014),#15007,.F.);
#15022=B_SPLINE_CURVE_WITH_KNOTS('',3,(#15016,#15017,#15018,#15019,#15020,
#15021),.UNSPECIFIED.,.F.,.F.,(4,1,1,4),(0.E0,2.280080966428E-1,
7.719919033572E-1,1.E0),.UNSPECIFIED.);
#15026=EDGE_CURVE('',#6507,#6289,#5004,.T.);
#15033=ADVANCED_FACE('',(#15032),#15025,.F.);
#15041=B_SPLINE_CURVE_WITH_KNOTS('',3,(#15034,#15035,#15036,#15037,#15038,
#15039,#15040),.UNSPECIFIED.,.F.,.F.,(4,1,1,1,4),(0.E0,3.968866800914E-2,
4.126770247229E-1,9.606927656202E-1,1.E0),.UNSPECIFIED.);
#15045=EDGE_CURVE('',#6505,#6288,#5008,.T.);
#15052=ADVANCED_FACE('',(#15051),#15044,.F.);
#15059=B_SPLINE_CURVE_WITH_KNOTS('',3,(#15053,#15054,#15055,#15056,#15057,
#15058),.UNSPECIFIED.,.F.,.F.,(4,1,1,4),(0.E0,9.081049528984E-2,
9.091895047102E-1,1.E0),.UNSPECIFIED.);
#15063=EDGE_CURVE('',#6503,#6287,#5012,.T.);
#15070=ADVANCED_FACE('',(#15069),#15062,.F.);
#15077=B_SPLINE_CURVE_WITH_KNOTS('',3,(#15071,#15072,#15073,#15074,#15075,
#15076),.UNSPECIFIED.,.F.,.F.,(4,1,1,4),(0.E0,2.244175231605E-1,
7.755824768395E-1,1.E0),.UNSPECIFIED.);
#15087=ADVANCED_FACE('',(#15086),#15080,.F.);
#15094=B_SPLINE_CURVE_WITH_KNOTS('',3,(#15088,#15089,#15090,#15091,#15092,
#15093),.UNSPECIFIED.,.F.,.F.,(4,1,1,4),(0.E0,2.204500347309E-1,
7.795499652691E-1,1.E0),.UNSPECIFIED.);
#15098=EDGE_CURVE('',#6515,#6293,#5020,.T.);
#15101=EDGE_CURVE('',#6517,#6294,#5032,.T.);
#15106=ADVANCED_FACE('',(#15105),#15097,.F.);
#15121=B_SPLINE_CURVE_WITH_KNOTS('',3,(#15107,#15108,#15109,#15110,#15111,
#15112,#15113,#15114,#15115,#15116,#15117,#15118,#15119,#15120),.UNSPECIFIED.,
.F.,.F.,(4,1,1,1,1,1,1,1,1,1,1,4),(0.E0,1.725352149404E-2,1.605052322692E-1,
2.768949710457E-1,3.264981193893E-1,4.226722529179E-1,5.418996376050E-1,
6.199852323880E-1,7.335145584440E-1,8.692140369804E-1,9.827193443538E-1,1.E0),
.UNSPECIFIED.);
#15127=EDGE_CURVE('',#6521,#6296,#5024,.T.);
#15132=ADVANCED_FACE('',(#15131),#15124,.F.);
#15139=B_SPLINE_CURVE_WITH_KNOTS('',3,(#15133,#15134,#15135,#15136,#15137,
#15138),.UNSPECIFIED.,.F.,.F.,(4,1,1,4),(0.E0,2.280080966498E-1,
7.719919033502E-1,1.E0),.UNSPECIFIED.);
#15143=EDGE_CURVE('',#6519,#6295,#5028,.T.);
#15150=ADVANCED_FACE('',(#15149),#15142,.F.);
#15166=B_SPLINE_CURVE_WITH_KNOTS('',3,(#15151,#15152,#15153,#15154,#15155,
#15156,#15157,#15158,#15159,#15160,#15161,#15162,#15163,#15164,#15165),
.UNSPECIFIED.,.F.,.F.,(4,1,1,1,1,1,1,1,1,1,1,1,4),(0.E0,1.697073099606E-2,
1.403119150016E-1,2.071082768058E-1,2.589287995602E-1,3.059069922850E-1,
3.949791173164E-1,5.166755114862E-1,5.985900791672E-1,7.124121000429E-1,
8.533901538896E-1,9.829741862503E-1,1.E0),.UNSPECIFIED.);
#15176=ADVANCED_FACE('',(#15175),#15169,.F.);
#15183=B_SPLINE_CURVE_WITH_KNOTS('',3,(#15177,#15178,#15179,#15180,#15181,
#15182),.UNSPECIFIED.,.F.,.F.,(4,1,1,4),(0.E0,1.923076923077E-2,
9.807692307692E-1,1.E0),.UNSPECIFIED.);
#15187=EDGE_CURVE('',#6523,#6297,#5036,.T.);
#15190=EDGE_CURVE('',#6525,#6298,#5080,.T.);
#15195=ADVANCED_FACE('',(#15194),#15186,.F.);
#15202=B_SPLINE_CURVE_WITH_KNOTS('',3,(#15196,#15197,#15198,#15199,#15200,
#15201),.UNSPECIFIED.,.F.,.F.,(4,1,1,4),(0.E0,2.288195741021E-1,
7.709070590144E-1,1.E0),.UNSPECIFIED.);
#15208=EDGE_CURVE('',#6545,#6308,#5040,.T.);
#15213=ADVANCED_FACE('',(#15212),#15205,.F.);
#15220=B_SPLINE_CURVE_WITH_KNOTS('',3,(#15214,#15215,#15216,#15217,#15218,
#15219),.UNSPECIFIED.,.F.,.F.,(4,1,1,4),(0.E0,7.565615820145E-2,
9.243438417986E-1,1.E0),.UNSPECIFIED.);
#15224=EDGE_CURVE('',#6543,#6307,#5044,.T.);
#15231=ADVANCED_FACE('',(#15230),#15223,.F.);
#15238=B_SPLINE_CURVE_WITH_KNOTS('',3,(#15232,#15233,#15234,#15235,#15236,
#15237),.UNSPECIFIED.,.F.,.F.,(4,1,1,4),(0.E0,2.199639405719E-1,
7.800360594281E-1,1.E0),.UNSPECIFIED.);
#15242=EDGE_CURVE('',#6541,#6306,#5048,.T.);
#15249=ADVANCED_FACE('',(#15248),#15241,.F.);
#15256=B_SPLINE_CURVE_WITH_KNOTS('',3,(#15250,#15251,#15252,#15253,#15254,
#15255),.UNSPECIFIED.,.F.,.F.,(4,1,1,4),(0.E0,5.174129596446E-2,
9.482587040355E-1,1.E0),.UNSPECIFIED.);
#15260=EDGE_CURVE('',#6539,#6305,#5052,.T.);
#15267=ADVANCED_FACE('',(#15266),#15259,.F.);
#15275=B_SPLINE_CURVE_WITH_KNOTS('',3,(#15268,#15269,#15270,#15271,#15272,
#15273,#15274),.UNSPECIFIED.,.F.,.F.,(4,1,1,1,4),(0.E0,5.676113548581E-2,
7.742012717338E-1,9.448506548477E-1,1.E0),.UNSPECIFIED.);
#15279=EDGE_CURVE('',#6537,#6304,#5056,.T.);
#15286=ADVANCED_FACE('',(#15285),#15278,.F.);
#15293=B_SPLINE_CURVE_WITH_KNOTS('',3,(#15287,#15288,#15289,#15290,#15291,
#15292),.UNSPECIFIED.,.F.,.F.,(4,1,1,4),(0.E0,2.389302994852E-1,
7.610697005148E-1,1.E0),.UNSPECIFIED.);
#15297=EDGE_CURVE('',#6535,#6303,#5060,.T.);
#15304=ADVANCED_FACE('',(#15303),#15296,.F.);
#15312=B_SPLINE_CURVE_WITH_KNOTS('',3,(#15305,#15306,#15307,#15308,#15309,
#15310,#15311),.UNSPECIFIED.,.F.,.F.,(4,1,1,1,4),(0.E0,9.323037185374E-2,
3.447807672214E-1,9.108482191115E-1,1.E0),.UNSPECIFIED.);
#15316=EDGE_CURVE('',#6533,#6302,#5064,.T.);
#15323=ADVANCED_FACE('',(#15322),#15315,.F.);
#15330=B_SPLINE_CURVE_WITH_KNOTS('',3,(#15324,#15325,#15326,#15327,#15328,
#15329),.UNSPECIFIED.,.F.,.F.,(4,1,1,4),(0.E0,2.098701106993E-1,
7.901298893007E-1,1.E0),.UNSPECIFIED.);
#15334=EDGE_CURVE('',#6531,#6301,#5068,.T.);
#15341=ADVANCED_FACE('',(#15340),#15333,.F.);
#15348=B_SPLINE_CURVE_WITH_KNOTS('',3,(#15342,#15343,#15344,#15345,#15346,
#15347),.UNSPECIFIED.,.F.,.F.,(4,1,1,4),(0.E0,5.877163414027E-2,
9.412283658597E-1,1.E0),.UNSPECIFIED.);
#15352=EDGE_CURVE('',#6529,#6300,#5072,.T.);
#15359=ADVANCED_FACE('',(#15358),#15351,.F.);
#15366=B_SPLINE_CURVE_WITH_KNOTS('',3,(#15360,#15361,#15362,#15363,#15364,
#15365),.UNSPECIFIED.,.F.,.F.,(4,1,1,4),(0.E0,2.106732165677E-1,
7.893267834323E-1,1.E0),.UNSPECIFIED.);
#15370=EDGE_CURVE('',#6527,#6299,#5076,.T.);
#15377=ADVANCED_FACE('',(#15376),#15369,.F.);
#15384=B_SPLINE_CURVE_WITH_KNOTS('',3,(#15378,#15379,#15380,#15381,#15382,
#15383),.UNSPECIFIED.,.F.,.F.,(4,1,1,4),(0.E0,7.608352549112E-2,
9.239164745089E-1,1.E0),.UNSPECIFIED.);
#15394=ADVANCED_FACE('',(#15393),#15387,.F.);
#15400=EDGE_CURVE('',#6547,#6311,#5084,.T.);
#15403=EDGE_CURVE('',#6549,#6312,#5128,.T.);
#15408=ADVANCED_FACE('',(#15407),#15399,.T.);
#15416=EDGE_CURVE('',#6569,#6332,#5088,.T.);
#15421=ADVANCED_FACE('',(#15420),#15413,.T.);
#15427=EDGE_CURVE('',#6567,#6330,#5092,.T.);
#15434=ADVANCED_FACE('',(#15433),#15426,.T.);
#15440=EDGE_CURVE('',#6565,#6328,#5096,.T.);
#15447=ADVANCED_FACE('',(#15446),#15439,.T.);
#15453=EDGE_CURVE('',#6563,#6326,#5100,.T.);
#15460=ADVANCED_FACE('',(#15459),#15452,.T.);
#15466=EDGE_CURVE('',#6561,#6324,#5104,.T.);
#15473=ADVANCED_FACE('',(#15472),#15465,.T.);
#15479=EDGE_CURVE('',#6559,#6322,#5108,.T.);
#15486=ADVANCED_FACE('',(#15485),#15478,.T.);
#15492=EDGE_CURVE('',#6557,#6320,#5112,.T.);
#15499=ADVANCED_FACE('',(#15498),#15491,.T.);
#15505=EDGE_CURVE('',#6555,#6318,#5116,.T.);
#15512=ADVANCED_FACE('',(#15511),#15504,.T.);
#15518=EDGE_CURVE('',#6553,#6316,#5120,.T.);
#15525=ADVANCED_FACE('',(#15524),#15517,.T.);
#15531=EDGE_CURVE('',#6551,#6314,#5124,.T.);
#15538=ADVANCED_FACE('',(#15537),#15530,.T.);
#15550=ADVANCED_FACE('',(#15549),#15543,.T.);
#15557=B_SPLINE_CURVE_WITH_KNOTS('',3,(#15551,#15552,#15553,#15554,#15555,
#15556),.UNSPECIFIED.,.F.,.F.,(4,1,1,4),(0.E0,2.015230044699E-1,
7.984769955301E-1,1.E0),.UNSPECIFIED.);
#15561=EDGE_CURVE('',#6571,#6333,#5132,.T.);
#15564=EDGE_CURVE('',#6573,#6334,#5144,.T.);
#15569=ADVANCED_FACE('',(#15568),#15560,.F.);
#15576=B_SPLINE_CURVE_WITH_KNOTS('',3,(#15570,#15571,#15572,#15573,#15574,
#15575),.UNSPECIFIED.,.F.,.F.,(4,1,1,4),(0.E0,5.842210886395E-2,
9.415778911360E-1,1.E0),.UNSPECIFIED.);
#15582=EDGE_CURVE('',#6577,#6336,#5136,.T.);
#15587=ADVANCED_FACE('',(#15586),#15579,.F.);
#15594=B_SPLINE_CURVE_WITH_KNOTS('',3,(#15588,#15589,#15590,#15591,#15592,
#15593),.UNSPECIFIED.,.F.,.F.,(4,1,1,4),(0.E0,2.063160802281E-1,
7.936839197719E-1,1.E0),.UNSPECIFIED.);
#15598=EDGE_CURVE('',#6575,#6335,#5140,.T.);
#15605=ADVANCED_FACE('',(#15604),#15597,.F.);
#15615=B_SPLINE_CURVE_WITH_KNOTS('',3,(#15606,#15607,#15608,#15609,#15610,
#15611,#15612,#15613,#15614),.UNSPECIFIED.,.F.,.F.,(4,1,1,1,1,1,4),(0.E0,
2.057072546429E-2,2.661193430605E-1,5.076533481866E-1,7.432540524577E-1,
9.798315619292E-1,1.E0),.UNSPECIFIED.);
#15625=ADVANCED_FACE('',(#15624),#15618,.F.);
#15632=B_SPLINE_CURVE_WITH_KNOTS('',3,(#15626,#15627,#15628,#15629,#15630,
#15631),.UNSPECIFIED.,.F.,.F.,(4,1,1,4),(0.E0,1.352606782077E-1,
8.647393217923E-1,1.E0),.UNSPECIFIED.);
#15636=EDGE_CURVE('',#6579,#6337,#5148,.T.);
#15639=EDGE_CURVE('',#6581,#6338,#5160,.T.);
#15644=ADVANCED_FACE('',(#15643),#15635,.F.);
#15651=B_SPLINE_CURVE_WITH_KNOTS('',3,(#15645,#15646,#15647,#15648,#15649,
#15650),.UNSPECIFIED.,.F.,.F.,(4,1,1,4),(0.E0,4.627970727052E-2,
9.537202927295E-1,1.E0),.UNSPECIFIED.);
#15657=EDGE_CURVE('',#6585,#6340,#5152,.T.);
#15662=ADVANCED_FACE('',(#15661),#15654,.F.);
#15669=B_SPLINE_CURVE_WITH_KNOTS('',3,(#15663,#15664,#15665,#15666,#15667,
#15668),.UNSPECIFIED.,.F.,.F.,(4,1,1,4),(0.E0,1.316895005792E-1,
8.683104994208E-1,1.E0),.UNSPECIFIED.);
#15673=EDGE_CURVE('',#6583,#6339,#5156,.T.);
#15680=ADVANCED_FACE('',(#15679),#15672,.F.);
#15690=B_SPLINE_CURVE_WITH_KNOTS('',3,(#15681,#15682,#15683,#15684,#15685,
#15686,#15687,#15688,#15689),.UNSPECIFIED.,.F.,.F.,(4,1,1,1,1,1,4),(0.E0,
1.590568978653E-2,2.582047725882E-1,4.913975447748E-1,7.345878612033E-1,
9.842681548466E-1,1.E0),.UNSPECIFIED.);
#15700=ADVANCED_FACE('',(#15699),#15693,.F.);
#15707=B_SPLINE_CURVE_WITH_KNOTS('',3,(#15701,#15702,#15703,#15704,#15705,
#15706),.UNSPECIFIED.,.F.,.F.,(4,1,1,4),(0.E0,1.923076923077E-2,
9.807692307692E-1,1.E0),.UNSPECIFIED.);
#15711=EDGE_CURVE('',#6587,#6341,#5164,.T.);
#15714=EDGE_CURVE('',#6589,#6342,#5180,.T.);
#15719=ADVANCED_FACE('',(#15718),#15710,.F.);
#15726=B_SPLINE_CURVE_WITH_KNOTS('',3,(#15720,#15721,#15722,#15723,#15724,
#15725),.UNSPECIFIED.,.F.,.F.,(4,1,1,4),(0.E0,2.075035924902E-1,
7.931976563678E-1,1.E0),.UNSPECIFIED.);
#15732=EDGE_CURVE('',#6595,#6345,#5168,.T.);
#15737=ADVANCED_FACE('',(#15736),#15729,.F.);
#15744=B_SPLINE_CURVE_WITH_KNOTS('',3,(#15738,#15739,#15740,#15741,#15742,
#15743),.UNSPECIFIED.,.F.,.F.,(4,1,1,4),(0.E0,9.379755756439E-2,
9.062024424356E-1,1.E0),.UNSPECIFIED.);
#15748=EDGE_CURVE('',#6593,#6344,#5172,.T.);
#15755=ADVANCED_FACE('',(#15754),#15747,.F.);
#15762=B_SPLINE_CURVE_WITH_KNOTS('',3,(#15756,#15757,#15758,#15759,#15760,
#15761),.UNSPECIFIED.,.F.,.F.,(4,1,1,4),(0.E0,1.165362079869E-1,
8.834637920131E-1,1.E0),.UNSPECIFIED.);
#15766=EDGE_CURVE('',#6591,#6343,#5176,.T.);
#15773=ADVANCED_FACE('',(#15772),#15765,.F.);
#15780=B_SPLINE_CURVE_WITH_KNOTS('',3,(#15774,#15775,#15776,#15777,#15778,
#15779),.UNSPECIFIED.,.F.,.F.,(4,1,1,4),(0.E0,9.370766672975E-2,
9.062923332703E-1,1.E0),.UNSPECIFIED.);
#15790=ADVANCED_FACE('',(#15789),#15783,.F.);
#15796=EDGE_CURVE('',#6597,#6348,#5184,.T.);
#15799=EDGE_CURVE('',#6599,#6349,#5212,.T.);
#15804=ADVANCED_FACE('',(#15803),#15795,.T.);
#15812=EDGE_CURVE('',#6611,#6361,#5188,.T.);
#15817=ADVANCED_FACE('',(#15816),#15809,.T.);
#15823=EDGE_CURVE('',#6609,#6359,#5192,.T.);
#15830=ADVANCED_FACE('',(#15829),#15822,.T.);
#15836=EDGE_CURVE('',#6607,#6357,#5196,.T.);
#15843=ADVANCED_FACE('',(#15842),#15835,.T.);
#15849=EDGE_CURVE('',#6605,#6355,#5200,.T.);
#15856=ADVANCED_FACE('',(#15855),#15848,.T.);
#15862=EDGE_CURVE('',#6603,#6353,#5204,.T.);
#15869=ADVANCED_FACE('',(#15868),#15861,.T.);
#15875=EDGE_CURVE('',#6601,#6351,#5208,.T.);
#15882=ADVANCED_FACE('',(#15881),#15874,.T.);
#15894=ADVANCED_FACE('',(#15893),#15887,.T.);
#15904=B_SPLINE_CURVE_WITH_KNOTS('',3,(#15895,#15896,#15897,#15898,#15899,
#15900,#15901,#15902,#15903),.UNSPECIFIED.,.F.,.F.,(4,1,1,1,1,1,4),(0.E0,
9.953872168542E-3,2.282191177643E-1,5.603244355343E-1,8.481259738237E-1,
9.900564300877E-1,1.E0),.UNSPECIFIED.);
#15908=EDGE_CURVE('',#6613,#6362,#5216,.T.);
#15911=EDGE_CURVE('',#6615,#6363,#5276,.T.);
#15916=ADVANCED_FACE('',(#15915),#15907,.T.);
#15925=B_SPLINE_CURVE_WITH_KNOTS('',3,(#15917,#15918,#15919,#15920,#15921,
#15922,#15923,#15924),.UNSPECIFIED.,.F.,.F.,(4,1,1,1,1,4),(0.E0,
1.018889491911E-2,2.806834228892E-1,5.523303779809E-1,9.898418211773E-1,1.E0),
.UNSPECIFIED.);
#15931=EDGE_CURVE('',#6643,#6377,#5220,.T.);
#15936=ADVANCED_FACE('',(#15935),#15928,.T.);
#15943=B_SPLINE_CURVE_WITH_KNOTS('',3,(#15937,#15938,#15939,#15940,#15941,
#15942),.UNSPECIFIED.,.F.,.F.,(4,1,1,4),(0.E0,1.923076923077E-2,
9.807692307692E-1,1.E0),.UNSPECIFIED.);
#15947=EDGE_CURVE('',#6641,#6376,#5224,.T.);
#15954=ADVANCED_FACE('',(#15953),#15946,.T.);
#15961=B_SPLINE_CURVE_WITH_KNOTS('',3,(#15955,#15956,#15957,#15958,#15959,
#15960),.UNSPECIFIED.,.F.,.F.,(4,1,1,4),(0.E0,1.923076923077E-2,
9.807692307692E-1,1.E0),.UNSPECIFIED.);
#15965=EDGE_CURVE('',#6639,#6375,#5228,.T.);
#15972=ADVANCED_FACE('',(#15971),#15964,.T.);
#15979=B_SPLINE_CURVE_WITH_KNOTS('',3,(#15973,#15974,#15975,#15976,#15977,
#15978),.UNSPECIFIED.,.F.,.F.,(4,1,1,4),(0.E0,1.065112649785E-1,
8.934887350215E-1,1.E0),.UNSPECIFIED.);
#15983=EDGE_CURVE('',#6637,#6374,#5232,.T.);
#15990=ADVANCED_FACE('',(#15989),#15982,.T.);
#15999=B_SPLINE_CURVE_WITH_KNOTS('',3,(#15991,#15992,#15993,#15994,#15995,
#15996,#15997,#15998),.UNSPECIFIED.,.F.,.F.,(4,1,1,1,1,4),(0.E0,
3.841383993767E-2,9.918609795421E-2,5.371942995070E-1,9.613088287195E-1,1.E0),
.UNSPECIFIED.);
#16003=EDGE_CURVE('',#6635,#6373,#5236,.T.);
#16010=ADVANCED_FACE('',(#16009),#16002,.T.);
#16017=B_SPLINE_CURVE_WITH_KNOTS('',3,(#16011,#16012,#16013,#16014,#16015,
#16016),.UNSPECIFIED.,.F.,.F.,(4,1,1,4),(0.E0,1.208691898395E-1,
8.791308101605E-1,1.E0),.UNSPECIFIED.);
#16021=EDGE_CURVE('',#6633,#6372,#5240,.T.);
#16028=ADVANCED_FACE('',(#16027),#16020,.T.);
#16037=B_SPLINE_CURVE_WITH_KNOTS('',3,(#16029,#16030,#16031,#16032,#16033,
#16034,#16035,#16036),.UNSPECIFIED.,.F.,.F.,(4,1,1,1,1,4),(0.E0,
1.669050764182E-2,5.114348241884E-2,5.262015648891E-1,9.833535087456E-1,1.E0),
.UNSPECIFIED.);
#16041=EDGE_CURVE('',#6631,#6371,#5244,.T.);
#16048=ADVANCED_FACE('',(#16047),#16040,.T.);
#16056=B_SPLINE_CURVE_WITH_KNOTS('',3,(#16049,#16050,#16051,#16052,#16053,
#16054,#16055),.UNSPECIFIED.,.F.,.F.,(4,1,1,1,4),(0.E0,1.069216031406E-2,
4.683157960171E-1,9.893584484953E-1,1.E0),.UNSPECIFIED.);
#16060=EDGE_CURVE('',#6629,#6370,#5248,.T.);
#16067=ADVANCED_FACE('',(#16066),#16059,.T.);
#16076=B_SPLINE_CURVE_WITH_KNOTS('',3,(#16068,#16069,#16070,#16071,#16072,
#16073,#16074,#16075),.UNSPECIFIED.,.F.,.F.,(4,1,1,1,1,4),(0.E0,
1.217663226828E-2,3.620214658170E-1,8.124695799341E-1,9.879131699522E-1,1.E0),
.UNSPECIFIED.);
#16080=EDGE_CURVE('',#6627,#6369,#5252,.T.);
#16087=ADVANCED_FACE('',(#16086),#16079,.T.);
#16095=B_SPLINE_CURVE_WITH_KNOTS('',3,(#16088,#16089,#16090,#16091,#16092,
#16093,#16094),.UNSPECIFIED.,.F.,.F.,(4,1,1,1,4),(0.E0,1.837251441591E-2,
4.206420679223E-1,9.817231390117E-1,1.E0),.UNSPECIFIED.);
#16099=EDGE_CURVE('',#6625,#6368,#5256,.T.);
#16106=ADVANCED_FACE('',(#16105),#16098,.T.);
#16113=B_SPLINE_CURVE_WITH_KNOTS('',3,(#16107,#16108,#16109,#16110,#16111,
#16112),.UNSPECIFIED.,.F.,.F.,(4,1,1,4),(0.E0,4.333480575147E-2,
9.566651942485E-1,1.E0),.UNSPECIFIED.);
#16117=EDGE_CURVE('',#6623,#6367,#5260,.T.);
#16124=ADVANCED_FACE('',(#16123),#16116,.T.);
#16131=B_SPLINE_CURVE_WITH_KNOTS('',3,(#16125,#16126,#16127,#16128,#16129,
#16130),.UNSPECIFIED.,.F.,.F.,(4,1,1,4),(0.E0,9.469911273660E-2,
9.053008872634E-1,1.E0),.UNSPECIFIED.);
#16135=EDGE_CURVE('',#6621,#6366,#5264,.T.);
#16142=ADVANCED_FACE('',(#16141),#16134,.T.);
#16149=B_SPLINE_CURVE_WITH_KNOTS('',3,(#16143,#16144,#16145,#16146,#16147,
#16148),.UNSPECIFIED.,.F.,.F.,(4,1,1,4),(0.E0,4.153516591531E-2,
9.584648340847E-1,1.E0),.UNSPECIFIED.);
#16153=EDGE_CURVE('',#6619,#6365,#5268,.T.);
#16160=ADVANCED_FACE('',(#16159),#16152,.T.);
#16169=B_SPLINE_CURVE_WITH_KNOTS('',3,(#16161,#16162,#16163,#16164,#16165,
#16166,#16167,#16168),.UNSPECIFIED.,.F.,.F.,(4,1,1,1,1,4),(0.E0,
1.399710337509E-2,4.373450836127E-1,9.498075480151E-1,9.860441163843E-1,1.E0),
.UNSPECIFIED.);
#16173=EDGE_CURVE('',#6617,#6364,#5272,.T.);
#16180=ADVANCED_FACE('',(#16179),#16172,.T.);
#16191=B_SPLINE_CURVE_WITH_KNOTS('',3,(#16181,#16182,#16183,#16184,#16185,
#16186,#16187,#16188,#16189,#16190),.UNSPECIFIED.,.F.,.F.,(4,1,1,1,1,1,1,4),(
0.E0,1.001440441029E-2,5.703972966838E-2,3.108680624474E-1,5.620344702216E-1,
7.999676659413E-1,9.900001181382E-1,1.E0),.UNSPECIFIED.);
#16201=ADVANCED_FACE('',(#16200),#16194,.T.);
#16202=CLOSED_SHELL('',(#6659,#6674,#6689,#7056,#7075,#7098,#7123,#7144,#7167,
#7192,#7329,#7351,#7384,#7406,#7428,#7449,#7470,#7491,#7513,#7535,#7557,#7579,
#7601,#7623,#7645,#7666,#7689,#7711,#7740,#7765,#7786,#7808,#7828,#7849,#7934,
#7956,#7978,#8009,#8035,#8056,#8078,#8098,#8117,#8140,#8160,#8180,#8199,#8232,
#8254,#8286,#8344,#8397,#8417,#8438,#8459,#8484,#8505,#8526,#8547,#8567,#8589,
#8608,#8634,#8656,#8678,#8700,#8722,#8744,#8769,#8790,#8809,#8831,#8853,#8875,
#8896,#8917,#8945,#8965,#8985,#9004,#9024,#9038,#9068,#9089,#9110,#9130,#9150,
#9170,#9202,#9225,#9246,#9269,#9290,#9311,#9331,#9350,#9371,#9392,#9412,#9432,
#9461,#9481,#9501,#9520,#9540,#9560,#9575,#9595,#9612,#9632,#9645,#9665,#9678,
#9708,#9746,#9775,#9795,#9817,#9837,#9858,#9879,#9899,#9919,#9943,#9964,#9986,
#10006,#10027,#10047,#10067,#10087,#10108,#10132,#10152,#10173,#10195,#10220,
#10242,#10264,#10298,#10324,#10348,#10367,#10384,#10406,#10433,#10455,#10485,
#10504,#10524,#10543,#10562,#10582,#10602,#10623,#10641,#10676,#10697,#10717,
#10737,#10757,#10779,#10799,#10819,#10839,#10858,#10877,#10898,#10921,#10941,
#10962,#10984,#11009,#11045,#11071,#11095,#11112,#11131,#11160,#11183,#11215,
#11234,#11254,#11274,#11294,#11313,#11332,#11351,#11371,#11390,#11409,#11429,
#11451,#11470,#11493,#11519,#11545,#11571,#11597,#11623,#11646,#11683,#11712,
#11733,#11752,#11773,#11792,#11812,#11835,#11856,#11878,#11898,#11920,#11940,
#11957,#11979,#12000,#12019,#12040,#12059,#12079,#12102,#12123,#12145,#12165,
#12187,#12207,#12224,#12246,#12267,#12286,#12307,#12326,#12346,#12369,#12390,
#12412,#12432,#12454,#12474,#12491,#12513,#12534,#12553,#12574,#12593,#12613,
#12636,#12657,#12679,#12699,#12721,#12741,#12758,#12780,#12801,#12820,#12841,
#12860,#12880,#12903,#12924,#12946,#12966,#12988,#13008,#13025,#13047,#13068,
#13087,#13108,#13127,#13147,#13170,#13191,#13213,#13233,#13255,#13275,#13292,
#13305,#13325,#13345,#13365,#13385,#13405,#13424,#13446,#13466,#13483,#13503,
#13522,#13541,#13563,#13583,#13600,#13622,#13635,#13652,#13675,#13714,#13747,
#13790,#13829,#13868,#13891,#13930,#13969,#14002,#14045,#14096,#14116,#14129,
#14141,#14160,#14183,#14201,#14223,#14237,#14250,#14263,#14276,#14289,#14302,
#14315,#14328,#14341,#14354,#14367,#14379,#14398,#14416,#14434,#14454,#14473,
#14491,#14509,#14529,#14548,#14566,#14584,#14602,#14619,#14633,#14646,#14659,
#14672,#14685,#14698,#14711,#14723,#14737,#14750,#14763,#14776,#14789,#14802,
#14815,#14828,#14841,#14854,#14867,#14879,#14898,#14921,#14938,#14957,#14978,
#14996,#15015,#15033,#15052,#15070,#15087,#15106,#15132,#15150,#15176,#15195,
#15213,#15231,#15249,#15267,#15286,#15304,#15323,#15341,#15359,#15377,#15394,
#15408,#15421,#15434,#15447,#15460,#15473,#15486,#15499,#15512,#15525,#15538,
#15550,#15569,#15587,#15605,#15625,#15644,#15662,#15680,#15700,#15719,#15737,
#15755,#15773,#15790,#15804,#15817,#15830,#15843,#15856,#15869,#15882,#15894,
#15916,#15936,#15954,#15972,#15990,#16010,#16028,#16048,#16067,#16087,#16106,
#16124,#16142,#16160,#16180,#16201));
#16203=MANIFOLD_SOLID_BREP('',#16202);
#16208=CIRCLE('',#16207,2.3E-1);
#16213=CIRCLE('',#16212,2.3E-1);
#16226=CIRCLE('',#16225,2.3E-1);
#16231=CIRCLE('',#16230,2.3E-1);
#16245=EDGE_CURVE('',#16234,#16235,#16208,.T.);
#16247=EDGE_CURVE('',#16235,#16234,#16213,.T.);
#16251=ADVANCED_FACE('',(#16250),#16244,.F.);
#16258=EDGE_CURVE('',#16234,#16238,#16217,.T.);
#16260=EDGE_CURVE('',#16238,#16239,#16226,.T.);
#16262=EDGE_CURVE('',#16235,#16239,#16221,.T.);
#16266=ADVANCED_FACE('',(#16265),#16256,.T.);
#16281=EDGE_CURVE('',#16239,#16238,#16231,.T.);
#16286=ADVANCED_FACE('',(#16285),#16278,.T.);
#16303=ADVANCED_FACE('',(#16302),#16298,.T.);
#16311=CLOSED_SHELL('',(#16251,#16266,#16286,#16303));
#16312=MANIFOLD_SOLID_BREP('',#16311);
#16317=CIRCLE('',#16316,2.3E-1);
#16322=CIRCLE('',#16321,2.3E-1);
#16335=CIRCLE('',#16334,2.3E-1);
#16340=CIRCLE('',#16339,2.3E-1);
#16354=EDGE_CURVE('',#16343,#16344,#16317,.T.);
#16356=EDGE_CURVE('',#16344,#16343,#16322,.T.);
#16360=ADVANCED_FACE('',(#16359),#16353,.F.);
#16367=EDGE_CURVE('',#16343,#16347,#16326,.T.);
#16369=EDGE_CURVE('',#16347,#16348,#16335,.T.);
#16371=EDGE_CURVE('',#16344,#16348,#16330,.T.);
#16375=ADVANCED_FACE('',(#16374),#16365,.T.);
#16390=EDGE_CURVE('',#16348,#16347,#16340,.T.);
#16395=ADVANCED_FACE('',(#16394),#16387,.T.);
#16412=ADVANCED_FACE('',(#16411),#16407,.T.);
#16420=CLOSED_SHELL('',(#16360,#16375,#16395,#16412));
#16421=MANIFOLD_SOLID_BREP('',#16420);
#16426=CIRCLE('',#16425,2.3E-1);
#16431=CIRCLE('',#16430,2.3E-1);
#16444=CIRCLE('',#16443,2.3E-1);
#16449=CIRCLE('',#16448,2.3E-1);
#16463=EDGE_CURVE('',#16452,#16453,#16426,.T.);
#16465=EDGE_CURVE('',#16453,#16452,#16431,.T.);
#16469=ADVANCED_FACE('',(#16468),#16462,.F.);
#16476=EDGE_CURVE('',#16452,#16456,#16435,.T.);
#16478=EDGE_CURVE('',#16456,#16457,#16444,.T.);
#16480=EDGE_CURVE('',#16453,#16457,#16439,.T.);
#16484=ADVANCED_FACE('',(#16483),#16474,.T.);
#16499=EDGE_CURVE('',#16457,#16456,#16449,.T.);
#16504=ADVANCED_FACE('',(#16503),#16496,.T.);
#16521=ADVANCED_FACE('',(#16520),#16516,.T.);
#16529=CLOSED_SHELL('',(#16469,#16484,#16504,#16521));
#16530=MANIFOLD_SOLID_BREP('',#16529);
#16531=(LENGTH_UNIT()NAMED_UNIT(*)SI_UNIT(.MILLI.,.METRE.));
#16532=(NAMED_UNIT(*)PLANE_ANGLE_UNIT()SI_UNIT($,.RADIAN.));
#16535=(NAMED_UNIT(*)SI_UNIT($,.STERADIAN.)SOLID_ANGLE_UNIT());
#16537=(GEOMETRIC_REPRESENTATION_CONTEXT(3)GLOBAL_UNCERTAINTY_ASSIGNED_CONTEXT((
#16536))GLOBAL_UNIT_ASSIGNED_CONTEXT((#16531,#16534,#16535))REPRESENTATION_CONTEXT('ID1','3'));
#16538=ADVANCED_BREP_SHAPE_REPRESENTATION('',(#16203,#16312,#16421,#16530),
#16537);
#16546=PRODUCT_DEFINITION('part definition','',#16545,#16542);
#16547=PRODUCT_DEFINITION_SHAPE('','SHAPE FOR RJ45-TH_RC02901.',#16546);
#16548=SHAPE_ASPECT('','solid data associated with RJ45-TH_RC02901',#16547,.F.);
#16549=PROPERTY_DEFINITION('',
'shape for solid data with which properties are associated',#16548);
#16550=SHAPE_REPRESENTATION('',(#16203,#16312,#16421,#16530),#16537);
#16551=SHAPE_DEFINITION_REPRESENTATION(#16549,#16550);
#16552=(LENGTH_UNIT()NAMED_UNIT(*)SI_UNIT(.MILLI.,.METRE.));
#16556=PROPERTY_DEFINITION('geometric validation property',
'area of RJ45-TH_RC02901',#16548);
#16557=REPRESENTATION('surface area',(#16555),#16537);
#16558=PROPERTY_DEFINITION_REPRESENTATION(#16556,#16557);
#16559=(LENGTH_UNIT()NAMED_UNIT(*)SI_UNIT(.MILLI.,.METRE.));
#16563=PROPERTY_DEFINITION('geometric validation property',
'volume of RJ45-TH_RC02901',#16548);
#16564=REPRESENTATION('volume',(#16562),#16537);
#16565=PROPERTY_DEFINITION_REPRESENTATION(#16563,#16564);
#16567=PROPERTY_DEFINITION('geometric validation property',
'centroid of RJ45-TH_RC02901',#16548);
#16568=REPRESENTATION('centroid',(#16566),#16537);
#16569=PROPERTY_DEFINITION_REPRESENTATION(#16567,#16568);
#16570=(LENGTH_UNIT()NAMED_UNIT(*)SI_UNIT(.MILLI.,.METRE.));
#16574=PROPERTY_DEFINITION('geometric validation property',
'area of RJ45-TH_RC02901',#16547);
#16575=REPRESENTATION('surface area',(#16573),#16537);
#16576=PROPERTY_DEFINITION_REPRESENTATION(#16574,#16575);
#16577=(LENGTH_UNIT()NAMED_UNIT(*)SI_UNIT(.MILLI.,.METRE.));
#16581=PROPERTY_DEFINITION('geometric validation property',
'volume of RJ45-TH_RC02901',#16547);
#16582=REPRESENTATION('volume',(#16580),#16537);
#16583=PROPERTY_DEFINITION_REPRESENTATION(#16581,#16582);
#16585=PROPERTY_DEFINITION('geometric validation property',
'centroid of RJ45-TH_RC02901',#16547);
#16586=REPRESENTATION('centroid',(#16584),#16537);
#16587=PROPERTY_DEFINITION_REPRESENTATION(#16585,#16586);
#16588=SHAPE_DEFINITION_REPRESENTATION(#16547,#16538);
ENDSEC;
END-ISO-10303-21;
