#VRML V2.0 utf8
# 3D model generated by easyeda2kicad.py (https://github.com/uPesy/easyeda2kicad.py)

Shape{
    appearance Appearance {
        material  Material 	{
            diffuseColor 0.10980392156862745 0.10980392156862745 0.10980392156862745
            specularColor 0.0784313725490196 0.0784313725490196 0.0784313725490196
            ambientIntensity 0.2
            transparency 0
            shininess 0.5
        }
    }
    geometry IndexedFaceSet {
        ccw TRUE
        solid FALSE
        coord DEF co Coordinate {
            point [
                -2.6969 1.2205 0.6496, -2.3031 1.2205 0.6496, -2.6969 1.2205 0.5906, -2.3031 1.2205 0.5906, -1.6969 1.2205 0.6496, -1.3031 1.2205 0.6496, -1.6969 1.2205 0.5906, -1.3031 1.2205 0.5906, -0.6969 1.2205 0.6496, -0.3031 1.2205 0.6496, -0.6969 1.2205 0.5906, -0.3031 1.2205 0.5906, -3.3031 -1.2205 0.6496, -3.5 -1.2205 0.6496, -3.3031 -1.2205 0.5906, -3.5 -1.2205 0.5906, -2.6969 -1.2205 0.5906, -2.3031 -1.2205 0.5906, -2.6969 -1.2205 0.6496, -2.3031 -1.2205 0.6496, -1.6969 -1.2205 0.5906, -1.3031 -1.2205 0.5906, -1.6969 -1.2205 0.6496, -1.3031 -1.2205 0.6496, -1.3031 -1.2205 0.6496
            ]
        }
        coordIndex [
            0,1,2,-1,2,1,3,-1,4,5,6,-1,6,5,7,-1,8,9,10,-1,10,9,11,-1,12,13,14,-1,14,13,15,-1,16,17,18,-1,18,17,19,-1,20,21,22,-1,22,21,23,-1,
        ]
    }
}
Shape{
    appearance Appearance {
        material  Material 	{
            diffuseColor 1.0 1.0 1.0
            specularColor 0.8784313725490196 0.8784313725490196 0.8784313725490196
            ambientIntensity 0.2
            transparency 0
            shininess 0.5
        }
    }
    geometry IndexedFaceSet {
        ccw TRUE
        solid FALSE
        coord DEF co Coordinate {
            point [
                -2.8031 -0.3937 1.2008, -2.8031 -0.3937 1.1614, -2.8228 -0.3937 1.2008, -2.8228 -0.3937 1.1614, -3.1969 -0.3937 1.1614, -3.1969 -0.3937 1.2008, -3.1772 -0.3937 1.1614, -3.1772 -0.3937 1.2008, -3.1772 -0.3937 1.2008
            ]
        }
        coordIndex [
            0,1,2,-1,2,1,3,-1,4,5,6,-1,6,5,7,-1,
        ]
    }
}
Shape{
    appearance Appearance {
        material  Material 	{
            diffuseColor 1.0 1.0 1.0
            specularColor 0.30196078431372547 0.30196078431372547 0.30196078431372547
            ambientIntensity 0.2
            transparency 0
            shininess 0.5
        }
    }
    geometry IndexedFaceSet {
        ccw TRUE
        solid FALSE
        coord DEF co Coordinate {
            point [
                -3.1969 -0.3937 1.1614, -3.1772 -0.3937 1.1614, -3.1772 -0.0787 1.1614, -2.8228 -0.3937 1.1614, -2.8031 -0.3937 1.1614, -2.8228 -0.0787 1.1614, -2.8031 0.3937 1.1614, -3.1969 0.3937 1.1614, -3.1969 0.3937 1.1614
            ]
        }
        coordIndex [
            0,1,2,-1,3,4,5,-1,5,4,6,-1,5,6,2,-1,2,6,7,-1,2,7,0,-1,
        ]
    }
}
Shape{
    appearance Appearance {
        material  Material 	{
            diffuseColor 1.0 1.0 1.0
            specularColor 0.8784313725490196 0.8784313725490196 0.8784313725490196
            ambientIntensity 0.2
            transparency 0
            shininess 0.5
        }
    }
    geometry IndexedFaceSet {
        ccw TRUE
        solid FALSE
        coord DEF co Coordinate {
            point [
                -1.8031 -0.3937 1.2008, -1.8031 -0.3937 1.1614, -1.8228 -0.3937 1.2008, -1.8228 -0.3937 1.1614, -2.1969 -0.3937 1.1614, -2.1969 -0.3937 1.2008, -2.1772 -0.3937 1.1614, -2.1772 -0.3937 1.2008, -2.1772 -0.3937 1.2008
            ]
        }
        coordIndex [
            0,1,2,-1,2,1,3,-1,4,5,6,-1,6,5,7,-1,
        ]
    }
}
Shape{
    appearance Appearance {
        material  Material 	{
            diffuseColor 1.0 1.0 1.0
            specularColor 0.30196078431372547 0.30196078431372547 0.30196078431372547
            ambientIntensity 0.2
            transparency 0
            shininess 0.5
        }
    }
    geometry IndexedFaceSet {
        ccw TRUE
        solid FALSE
        coord DEF co Coordinate {
            point [
                -2.1969 -0.3937 1.1614, -2.1772 -0.3937 1.1614, -2.1772 -0.0787 1.1614, -1.8228 -0.3937 1.1614, -1.8031 -0.3937 1.1614, -1.8228 -0.0787 1.1614, -1.8031 0.3937 1.1614, -2.1969 0.3937 1.1614, -2.1969 0.3937 1.1614
            ]
        }
        coordIndex [
            0,1,2,-1,3,4,5,-1,5,4,6,-1,5,6,2,-1,2,6,7,-1,2,7,0,-1,
        ]
    }
}
Shape{
    appearance Appearance {
        material  Material 	{
            diffuseColor 1.0 1.0 1.0
            specularColor 0.8784313725490196 0.8784313725490196 0.8784313725490196
            ambientIntensity 0.2
            transparency 0
            shininess 0.5
        }
    }
    geometry IndexedFaceSet {
        ccw TRUE
        solid FALSE
        coord DEF co Coordinate {
            point [
                -0.8031 -0.3937 1.2008, -0.8031 -0.3937 1.1614, -0.8228 -0.3937 1.2008, -0.8228 -0.3937 1.1614, -1.1969 -0.3937 1.1614, -1.1969 -0.3937 1.2008, -1.1772 -0.3937 1.1614, -1.1772 -0.3937 1.2008, -1.1772 -0.3937 1.2008
            ]
        }
        coordIndex [
            0,1,2,-1,2,1,3,-1,4,5,6,-1,6,5,7,-1,
        ]
    }
}
Shape{
    appearance Appearance {
        material  Material 	{
            diffuseColor 1.0 1.0 1.0
            specularColor 0.30196078431372547 0.30196078431372547 0.30196078431372547
            ambientIntensity 0.2
            transparency 0
            shininess 0.5
        }
    }
    geometry IndexedFaceSet {
        ccw TRUE
        solid FALSE
        coord DEF co Coordinate {
            point [
                -1.1969 -0.3937 1.1614, -1.1772 -0.3937 1.1614, -1.1772 -0.0787 1.1614, -0.8228 -0.3937 1.1614, -0.8031 -0.3937 1.1614, -0.8228 -0.0787 1.1614, -0.8031 0.3937 1.1614, -1.1969 0.3937 1.1614, -1.1969 0.3937 1.1614
            ]
        }
        coordIndex [
            0,1,2,-1,3,4,5,-1,5,4,6,-1,5,6,2,-1,2,6,7,-1,2,7,0,-1,
        ]
    }
}
Shape{
    appearance Appearance {
        material  Material 	{
            diffuseColor 0.10980392156862745 0.10980392156862745 0.10980392156862745
            specularColor 0.0784313725490196 0.0784313725490196 0.0784313725490196
            ambientIntensity 0.2
            transparency 0
            shininess 0.5
        }
    }
    geometry IndexedFaceSet {
        ccw TRUE
        solid FALSE
        coord DEF co Coordinate {
            point [
                -0.5 0.786 1.3583, -0.5 1.1811 1.3583, -1.5 1.1811 1.3583, 2.5 0.786 1.3583, 2.5 1.1811 1.3583, 1.5 1.1811 1.3583, -2.7638 -0.7283 1.3583, -2.766 -0.7283 1.3583, -2.766 -0.7854 1.3583, -2.2362 0.7283 1.3583, -1.7638 0.7283 1.3583, -1.5 0.7562 1.3583, -2.766 0.7562 1.3583, -2.766 0.7283 1.3583, -2.7638 0.7283 1.3583, -1.5 -0.7854 1.3583, -1.7638 -0.7283 1.3583, -2.2362 -0.7283 1.3583, -3.2362 0.7283 1.3583, -3.1357 0.7283 1.3583, -3.1357 0.7562 1.3583, -2.9911 0.7283 1.3583, -3.3545 -0.7854 1.3583, -3.2362 -0.7283 1.3583, -3.3545 0.7562 1.3583, -2.9973 -0.8647 1.3583, -2.9911 -0.8607 1.3583, -2.9911 -0.7854 1.3583, -2.9629 -0.8425 1.3583, -2.9911 -0.7283 1.3583, -2.9517 -0.8425 1.3583, -2.9805 -0.881 1.3583, -2.9911 -0.8881 1.3583, -2.9805 -1.0816 1.3583, -2.9911 -1.1314 1.3583, -2.9517 -1.0816 1.3583, -2.766 -1.1314 1.3583, -3.1357 -0.7283 1.3583, -3.1357 -0.7854 1.3583, -3.0023 -0.8956 1.3583, -3.0308 -0.9076 1.3583, -3.1357 -1.1314 1.3583, -3.0352 -0.9088 1.3583, -3.0352 -0.88 1.3583, -3.2319 1.034 1.3583, -3.2132 1.0658 1.3583, -3.3545 1.1811 1.3583, -3.195 1.0844 1.3583, -3.1758 1.0966 1.3583, -3.1357 1.1811 1.3583, -3.1531 1.1042 1.3583, -3.1357 1.106 1.3583, -3.1827 0.7966 1.3583, -3.2011 0.8101 1.3583, -3.3545 0.786 1.3583, -3.2203 0.8329 1.3583, -3.2292 0.8483 1.3583, -3.243 0.8883 1.3583, -3.2484 0.9417 1.3583, -3.2438 0.9943 1.3583, -3.1466 0.786 1.3583, -3.1625 0.7882 1.3583, -3.1116 0.786 1.3583, -3.1324 0.7841 1.3583, -3.1357 0.7845 1.3583, -3.1103 0.7861 1.3583, -2.9911 0.786 1.3583, -2.9911 0.7562 1.3583, -3.0306 0.8566 1.3583, -3.0493 0.8247 1.3583, -3.1284 1.1067 1.3583, -3.1016 1.1034 1.3583, -2.9911 1.1811 1.3583, -3.0812 1.0954 1.3583, -3.0674 0.8061 1.3583, -3.087 0.7937 1.3583, -3.0623 1.082 1.3583, -3.0432 1.0598 1.3583, -3.0294 1.0342 1.3583, -3.0174 0.9916 1.3583, -3.0141 0.9491 1.3583, -3.0188 0.8961 1.3583, -3.3135 -1.1314 1.3583, -3.2638 -1.1811 1.3583, -3.3545 -1.0904 1.3583, 3.4606 1.1811 1.3583, 3.4606 0.786 1.3583, 3.4606 0.7562 1.3583, 0.5 1.1811 1.3583, 0.5 0.786 1.3583, 0.5 0.7562 1.3583, -2.799 1.1029 1.3583, -2.766 1.1811 1.3583, -2.7683 1.1029 1.3583, -2.766 0.786 1.3583, -2.7683 0.7879 1.3583, -2.8052 0.7879 1.3583, -2.9373 1.053 1.3583, -2.9383 1.053 1.3583, -2.9335 1.0425 1.3583, -2.9374 1.0309 1.3583, -2.9289 1.0324 1.3583, -2.9373 0.7879 1.3583, -2.968 0.7879 1.3583, -2.968 1.1029 1.3583, -2.9296 1.1029 1.3583, -2.799 0.8874 1.3583, -2.7981 0.8417 1.3583, -2.7974 0.8417 1.3583, -2.8029 0.8527 1.3583, -2.7988 0.8645 1.3583, -2.8083 0.8634 1.3583, 1.5 0.786 1.3583, 1.5 0.7562 1.3583, 2.5 0.7562 1.3583, -1.5 0.786 1.3583, -0.5 0.7562 1.3583, -2.9373 1.0089 1.3583, 3.4606 -0.7854 1.3583, 3.2362 0.7283 1.3583, 2.7638 -0.7283 1.3583, 2.7638 0.7283 1.3583, 2.2362 0.7283 1.3583, 2.2362 -0.7283 1.3583, 2.5 -0.7854 1.3583, 1.7638 -0.7283 1.3583, 1.5 -0.7854 1.3583, 1.7638 0.7283 1.3583, 3.2362 -0.7283 1.3583, 0.7638 0.7283 1.3583, 0.7638 -0.7283 1.3583, 0.5 -0.7854 1.3583, 1.2362 -0.7283 1.3583, 1.2362 0.7283 1.3583, 0.2362 0.7283 1.3583, 0.2362 -0.7283 1.3583, -0.5 -0.7854 1.3583, -0.2362 -0.7283 1.3583, -0.2362 0.7283 1.3583, -1.2362 0.7283 1.3583, -1.2362 -0.7283 1.3583, -0.7638 -0.7283 1.3583, -0.7638 0.7283 1.3583, -3.4606 1.1811 1.3583, -3.4606 0.786 1.3583, -3.4606 0.7562 1.3583, -3.4606 -0.7854 1.3583, -3.4606 -0.9843 1.3583, -1.5 -1.1314 1.3583, -0.5 -1.1314 1.3583, 0.5 -1.1314 1.3583, 1.5 -1.1314 1.3583, 2.5 -1.1314 1.3583, 3.4606 -1.1314 1.3583, -3.1357 -1.1811 1.3583, -2.9911 -1.1811 1.3583, -2.766 -1.1811 1.3583, -1.5 -1.1811 1.3583, -0.5 -1.1811 1.3583, 0.5 -1.1811 1.3583, 1.5 -1.1811 1.3583, 2.5 -1.1811 1.3583, 3.4606 -1.1811 1.3583, 3.3031 1.2205 0.6496, 3.5 1.2205 0.6496, 3.3031 1.2205 0.5906, 3.5 1.2205 0.5906, 2.6969 1.2205 0.5906, 2.3031 1.2205 0.5906, 2.6969 1.2205 0.6496, 2.3031 1.2205 0.6496, 1.6969 1.2205 0.5906, 1.3031 1.2205 0.5906, 1.6969 1.2205 0.6496, 1.3031 1.2205 0.6496, 2.6969 -1.2205 0.6496, 2.3031 -1.2205 0.6496, 2.6969 -1.2205 0.5906, 2.3031 -1.2205 0.5906, 1.6969 -1.2205 0.6496, 1.3031 -1.2205 0.6496, 1.6969 -1.2205 0.5906, 1.3031 -1.2205 0.5906, 0.6969 -1.2205 0.6496, 0.3031 -1.2205 0.6496, 0.6969 -1.2205 0.5906, 0.3031 -1.2205 0.5906, 0.3031 -1.2205 0.5906
            ]
        }
        coordIndex [
            0,1,2,-1,3,4,5,-1,6,7,8,-1,9,10,11,-1,12,13,14,-1,11,10,15,-1,15,10,16,-1,15,16,17,-1,18,19,20,-1,20,19,21,-1,22,23,24,-1,24,23,18,-1,25,26,27,-1,27,26,28,-1,7,29,8,-1,8,29,27,-1,8,27,30,-1,30,27,28,-1,31,32,33,-1,33,32,34,-1,33,34,35,-1,35,34,36,-1,35,36,30,-1,29,37,27,-1,27,37,38,-1,27,38,25,-1,32,39,34,-1,34,39,40,-1,34,40,41,-1,41,40,42,-1,41,42,38,-1,38,42,43,-1,38,43,25,-1,44,45,46,-1,45,47,46,-1,46,47,48,-1,46,48,49,-1,49,48,50,-1,49,50,51,-1,52,53,54,-1,54,53,55,-1,54,55,56,-1,56,57,54,-1,54,57,58,-1,54,58,46,-1,46,58,59,-1,46,59,44,-1,18,20,24,-1,24,20,60,-1,24,60,54,-1,54,60,61,-1,54,61,52,-1,62,63,20,-1,20,63,64,-1,20,64,60,-1,65,62,66,-1,66,62,20,-1,66,20,67,-1,67,20,21,-1,68,69,66,-1,51,70,49,-1,49,70,71,-1,49,71,72,-1,72,71,73,-1,69,74,66,-1,66,74,75,-1,66,75,65,-1,73,76,72,-1,72,76,77,-1,72,77,78,-1,78,79,72,-1,72,79,80,-1,72,80,66,-1,66,80,81,-1,66,81,68,-1,41,82,83,-1,82,41,84,-1,84,41,38,-1,84,38,22,-1,22,38,37,-1,22,37,23,-1,85,4,86,-1,86,4,3,-1,86,3,87,-1,88,1,89,-1,89,1,0,-1,89,0,90,-1,72,91,92,-1,92,91,93,-1,92,93,94,-1,94,93,95,-1,94,95,96,-1,97,98,99,-1,99,98,100,-1,99,100,101,-1,101,100,96,-1,102,103,66,-1,66,103,104,-1,66,104,72,-1,72,104,105,-1,72,105,91,-1,91,105,106,-1,107,108,109,-1,109,108,110,-1,106,105,110,-1,110,105,111,-1,110,111,109,-1,112,113,114,-1,5,88,112,-1,112,88,89,-1,112,89,113,-1,113,89,90,-1,115,11,116,-1,2,92,115,-1,115,92,94,-1,115,94,11,-1,11,94,12,-1,11,12,9,-1,9,12,14,-1,9,14,17,-1,17,14,6,-1,17,6,15,-1,15,6,8,-1,100,117,96,-1,96,117,102,-1,96,102,94,-1,94,102,66,-1,94,66,12,-1,12,66,67,-1,12,67,13,-1,13,67,21,-1,118,87,119,-1,120,121,114,-1,5,112,3,-1,3,112,114,-1,3,114,87,-1,87,114,121,-1,87,121,119,-1,122,123,124,-1,124,123,125,-1,124,125,126,-1,126,125,113,-1,125,127,113,-1,113,127,122,-1,113,122,114,-1,114,122,124,-1,114,124,120,-1,120,124,118,-1,120,118,128,-1,128,118,119,-1,129,90,130,-1,130,90,131,-1,130,131,132,-1,132,131,126,-1,132,126,133,-1,133,126,113,-1,133,113,129,-1,129,113,90,-1,2,115,0,-1,0,115,116,-1,0,116,90,-1,90,116,134,-1,90,134,131,-1,131,134,135,-1,131,135,136,-1,136,135,137,-1,136,137,116,-1,116,137,138,-1,116,138,134,-1,139,11,140,-1,140,11,15,-1,140,15,141,-1,141,15,136,-1,141,136,142,-1,142,136,116,-1,142,116,139,-1,139,116,11,-1,46,143,54,-1,54,143,144,-1,54,144,24,-1,24,144,145,-1,24,145,22,-1,22,145,146,-1,22,146,84,-1,84,146,147,-1,30,36,8,-1,8,36,148,-1,8,148,15,-1,15,148,149,-1,15,149,136,-1,136,149,150,-1,136,150,131,-1,131,150,151,-1,131,151,126,-1,126,151,152,-1,126,152,124,-1,124,152,153,-1,124,153,118,-1,83,154,41,-1,41,154,155,-1,41,155,34,-1,34,155,156,-1,34,156,36,-1,36,156,157,-1,36,157,148,-1,148,157,158,-1,148,158,149,-1,149,158,159,-1,149,159,150,-1,150,159,160,-1,150,160,151,-1,151,160,161,-1,151,161,152,-1,152,161,162,-1,152,162,153,-1,163,164,165,-1,165,164,166,-1,167,168,169,-1,169,168,170,-1,171,172,173,-1,173,172,174,-1,175,176,177,-1,177,176,178,-1,179,180,181,-1,181,180,182,-1,183,184,185,-1,185,184,186,-1,
        ]
    }
}
Shape{
    appearance Appearance {
        material  Material 	{
            diffuseColor 1.0 1.0 1.0
            specularColor 0.8784313725490196 0.8784313725490196 0.8784313725490196
            ambientIntensity 0.2
            transparency 0
            shininess 0.5
        }
    }
    geometry IndexedFaceSet {
        ccw TRUE
        solid FALSE
        coord DEF co Coordinate {
            point [
                3.1969 -0.3937 1.2008, 3.1969 -0.3937 1.1614, 3.1772 -0.3937 1.2008, 3.1772 -0.3937 1.1614, 2.8031 -0.3937 1.1614, 2.8031 -0.3937 1.2008, 2.8228 -0.3937 1.1614, 2.8228 -0.3937 1.2008, 2.8228 -0.3937 1.2008
            ]
        }
        coordIndex [
            0,1,2,-1,2,1,3,-1,4,5,6,-1,6,5,7,-1,
        ]
    }
}
Shape{
    appearance Appearance {
        material  Material 	{
            diffuseColor 1.0 1.0 1.0
            specularColor 0.30196078431372547 0.30196078431372547 0.30196078431372547
            ambientIntensity 0.2
            transparency 0
            shininess 0.5
        }
    }
    geometry IndexedFaceSet {
        ccw TRUE
        solid FALSE
        coord DEF co Coordinate {
            point [
                2.8031 -0.3937 1.1614, 2.8228 -0.3937 1.1614, 2.8228 -0.0787 1.1614, 3.1772 -0.3937 1.1614, 3.1969 -0.3937 1.1614, 3.1772 -0.0787 1.1614, 3.1969 0.3937 1.1614, 2.8031 0.3937 1.1614, 2.8031 0.3937 1.1614
            ]
        }
        coordIndex [
            0,1,2,-1,3,4,5,-1,5,4,6,-1,5,6,2,-1,2,6,7,-1,2,7,0,-1,
        ]
    }
}
Shape{
    appearance Appearance {
        material  Material 	{
            diffuseColor 1.0 1.0 1.0
            specularColor 0.8784313725490196 0.8784313725490196 0.8784313725490196
            ambientIntensity 0.2
            transparency 0
            shininess 0.5
        }
    }
    geometry IndexedFaceSet {
        ccw TRUE
        solid FALSE
        coord DEF co Coordinate {
            point [
                2.1969 -0.3937 1.2008, 2.1969 -0.3937 1.1614, 2.1772 -0.3937 1.2008, 2.1772 -0.3937 1.1614, 1.8031 -0.3937 1.1614, 1.8031 -0.3937 1.2008, 1.8228 -0.3937 1.1614, 1.8228 -0.3937 1.2008, 1.8228 -0.3937 1.2008
            ]
        }
        coordIndex [
            0,1,2,-1,2,1,3,-1,4,5,6,-1,6,5,7,-1,
        ]
    }
}
Shape{
    appearance Appearance {
        material  Material 	{
            diffuseColor 1.0 1.0 1.0
            specularColor 0.30196078431372547 0.30196078431372547 0.30196078431372547
            ambientIntensity 0.2
            transparency 0
            shininess 0.5
        }
    }
    geometry IndexedFaceSet {
        ccw TRUE
        solid FALSE
        coord DEF co Coordinate {
            point [
                1.8031 -0.3937 1.1614, 1.8228 -0.3937 1.1614, 1.8228 -0.0787 1.1614, 2.1772 -0.3937 1.1614, 2.1969 -0.3937 1.1614, 2.1772 -0.0787 1.1614, 2.1969 0.3937 1.1614, 1.8031 0.3937 1.1614, 1.8031 0.3937 1.1614
            ]
        }
        coordIndex [
            0,1,2,-1,3,4,5,-1,5,4,6,-1,5,6,2,-1,2,6,7,-1,2,7,0,-1,
        ]
    }
}
Shape{
    appearance Appearance {
        material  Material 	{
            diffuseColor 1.0 1.0 1.0
            specularColor 0.8784313725490196 0.8784313725490196 0.8784313725490196
            ambientIntensity 0.2
            transparency 0
            shininess 0.5
        }
    }
    geometry IndexedFaceSet {
        ccw TRUE
        solid FALSE
        coord DEF co Coordinate {
            point [
                1.1969 -0.3937 1.2008, 1.1969 -0.3937 1.1614, 1.1772 -0.3937 1.2008, 1.1772 -0.3937 1.1614, 0.8031 -0.3937 1.1614, 0.8031 -0.3937 1.2008, 0.8228 -0.3937 1.1614, 0.8228 -0.3937 1.2008, 0.8228 -0.3937 1.2008
            ]
        }
        coordIndex [
            0,1,2,-1,2,1,3,-1,4,5,6,-1,6,5,7,-1,
        ]
    }
}
Shape{
    appearance Appearance {
        material  Material 	{
            diffuseColor 1.0 1.0 1.0
            specularColor 0.30196078431372547 0.30196078431372547 0.30196078431372547
            ambientIntensity 0.2
            transparency 0
            shininess 0.5
        }
    }
    geometry IndexedFaceSet {
        ccw TRUE
        solid FALSE
        coord DEF co Coordinate {
            point [
                0.8031 -0.3937 1.1614, 0.8228 -0.3937 1.1614, 0.8228 -0.0787 1.1614, 1.1772 -0.3937 1.1614, 1.1969 -0.3937 1.1614, 1.1772 -0.0787 1.1614, 1.1969 0.3937 1.1614, 0.8031 0.3937 1.1614, 0.8031 0.3937 1.1614
            ]
        }
        coordIndex [
            0,1,2,-1,3,4,5,-1,5,4,6,-1,5,6,2,-1,2,6,7,-1,2,7,0,-1,
        ]
    }
}
Shape{
    appearance Appearance {
        material  Material 	{
            diffuseColor 0.10980392156862745 0.10980392156862745 0.10980392156862745
            specularColor 0.0784313725490196 0.0784313725490196 0.0784313725490196
            ambientIntensity 0.2
            transparency 0
            shininess 0.5
        }
    }
    geometry IndexedFaceSet {
        ccw TRUE
        solid FALSE
        coord DEF co Coordinate {
            point [
                0.0187 -0.0518 0.1181, 0.0199 -0.0614 0.1181, 0.0149 -0.0429 0.1181, 0.019 -0.0691 0.1181, -0.0425 -0.138 0.1181, -0.0425 -0.1082 0.1181, 0.0276 -0.138 0.1181, 3.4606 -0.0352 0.1181, 0.0276 -0.1485 0.1181, 3.4606 -1.1811 0.1181, -0.0512 -0.1485 0.1181, -0.0516 -1.1811 0.1181, 0.0169 -0.075 0.1181, 0.0132 -0.0806 0.1181, 0.0079 -0.0853 0.1181, 0.0018 -0.0885 0.1181, -0.0067 -0.0906 0.1181, -0.0126 -0.0909 0.1181, -0.0485 -0.082 0.1181, -0.0512 -0.1082 0.1181, -0.0511 -0.0743 0.1181, -0.0516 -0.0692 0.1181, 0.0278 -0.0699 0.1181, 0.0285 -0.0614 0.1181, 0.0279 -0.052 0.1181, -0.0443 -0.0884 0.1181, -0.0381 -0.0943 0.1181, -0.0306 -0.0984 0.1181, -0.0222 -0.1008 0.1181, -0.0211 -0.0901 0.1181, -0.0279 -0.088 0.1181, -0.0334 -0.0847 0.1181, 0.0142 -0.0927 0.1181, 0.0209 -0.0859 0.1181, 0.0252 -0.0785 0.1181, -0.0133 -0.1015 0.1181, -0.0021 -0.1004 0.1181, 0.0069 -0.0973 0.1181, -0.0372 -0.0811 0.1181, -0.0405 -0.0762 0.1181, -0.0427 -0.0704 0.1181, -0.0435 -0.0631 0.1181, -0.0423 -0.0527 0.1181, -0.0392 -0.0443 0.1181, -0.0384 -0.0429 0.1181, 0.0254 -0.0429 0.1181, -0.0471 -0.0429 0.1181, -0.0505 -0.0513 0.1181, -0.0516 -0.0352 0.1181, -0.0516 -0.0593 0.1181, -3.4606 -0.0352 0.1181, -0.0521 -0.0624 0.1181, -3.4606 -1.1811 0.1181, -0.0521 -0.0646 0.1181, -0.0512 0.0147 0.1181, -0.0512 -0.0276 0.1181, 0.0276 -0.0276 0.1181, -0.0213 0.0923 0.1181, -0.0296 0.0895 0.1181, -0.0512 0.0992 0.1181, -0.0366 0.085 0.1181, 0.0189 0.0128 0.1181, 0.0189 -0.017 0.1181, -0.007 -0.017 0.1181, 0.0152 0.0837 0.1181, 0.0089 0.0885 0.1181, 0.0276 0.129 0.1181, -0.0516 1.1811 0.1181, 3.4606 1.1811 0.1181, 0.0276 0.1395 0.1181, -0.0156 0.0109 0.1181, -0.0156 -0.017 0.1181, -0.0425 -0.017 0.1181, -0.0428 0.0785 0.1181, -0.0476 0.0703 0.1181, -0.0503 0.0612 0.1181, -0.0425 0.0147 0.1181, -0.0512 0.0301 0.1181, -0.007 0.0109 0.1181, 0.0276 0.0301 0.1181, -0.0512 0.0515 0.1181, 0.0013 0.0918 0.1181, -0.0069 0.0933 0.1181, -0.0108 0.0934 0.1181, 0.0276 0.0523 0.1181, -0.0512 0.1703 0.1181, -0.0512 0.1587 0.1181, 0.0276 0.0128 0.1181, 0.0264 0.0637 0.1181, 0.0231 0.0729 0.1181, 0.0181 0.0807 0.1181, -0.0291 0.1508 0.1181, -0.0291 0.1182 0.1181, -0.0512 0.1107 0.1181, -3.4606 1.1811 0.1181, -3.4606 1.1811 0.1181
            ]
        }
        coordIndex [
            0,1,2,-1,2,1,3,-1,4,5,6,-1,6,5,7,-1,6,7,8,-1,8,7,9,-1,8,9,10,-1,10,9,11,-1,3,12,2,-1,2,12,13,-1,2,13,14,-1,14,15,2,-1,2,15,16,-1,2,16,17,-1,18,19,20,-1,20,19,21,-1,22,23,7,-1,7,23,24,-1,18,25,19,-1,19,25,26,-1,19,26,5,-1,5,26,27,-1,5,27,28,-1,17,29,2,-1,2,29,30,-1,2,30,31,-1,32,33,7,-1,7,33,34,-1,7,34,22,-1,28,35,5,-1,5,35,36,-1,5,36,7,-1,7,36,37,-1,7,37,32,-1,31,38,2,-1,2,38,39,-1,2,39,40,-1,40,41,2,-1,2,41,42,-1,2,42,43,-1,43,44,2,-1,2,44,7,-1,2,7,45,-1,45,7,24,-1,46,47,48,-1,48,47,49,-1,48,49,50,-1,50,49,51,-1,50,51,52,-1,52,51,53,-1,52,53,11,-1,11,53,21,-1,11,21,10,-1,10,21,19,-1,54,55,48,-1,48,55,56,-1,57,58,59,-1,59,58,60,-1,61,62,63,-1,64,65,66,-1,67,68,69,-1,69,68,66,-1,70,71,72,-1,60,73,59,-1,59,73,74,-1,59,74,75,-1,72,76,70,-1,70,76,77,-1,70,77,78,-1,78,77,79,-1,76,54,77,-1,77,54,48,-1,77,48,80,-1,65,81,66,-1,66,81,82,-1,66,82,59,-1,59,82,83,-1,59,83,57,-1,79,84,68,-1,85,86,48,-1,63,78,61,-1,61,78,79,-1,61,79,87,-1,87,79,68,-1,87,68,56,-1,56,68,7,-1,56,7,48,-1,48,7,44,-1,48,44,46,-1,84,88,68,-1,68,88,89,-1,68,89,66,-1,66,89,90,-1,66,90,64,-1,91,92,86,-1,86,92,93,-1,86,93,48,-1,48,93,59,-1,48,59,80,-1,80,59,75,-1,50,94,48,-1,48,94,67,-1,48,67,85,-1,85,67,69,-1,
        ]
    }
}
Shape{
    appearance Appearance {
        material  Material 	{
            diffuseColor 0.9686274509803922 0.8784313725490196 0.6
            specularColor 0.6784313725490196 0.615686274509804 0.4196078431372549
            ambientIntensity 0.2
            transparency 0
            shininess 0.5
        }
    }
    geometry IndexedFaceSet {
        ccw TRUE
        solid FALSE
        coord DEF co Coordinate {
            point [
                0.0787 1.4488 -1.3976, -0.0787 1.4488 -1.3976, 0.0787 1.5512 -1.3976, -0.0787 1.5512 -1.3976, 0.3031 1.5512 0.208, 0.3031 1.5512 0.502, 0.3031 1.4488 0.208, 0.3031 1.4488 0.502, -0.1575 1.4488 -1.2008, 0.1575 1.4488 -1.2008, -0.1575 1.4488 0.0, 0.1575 1.4488 0.0, -0.3031 1.4488 0.208, -0.3031 1.4488 0.502, -0.3031 1.5512 0.208, -0.3031 1.5512 0.502, 0.1575 1.5512 0.0, 0.1575 1.5512 -1.2008, -0.1575 1.5512 -1.2008, -0.1575 1.5512 0.0, -0.1575 1.5512 0.0
            ]
        }
        coordIndex [
            0,1,2,-1,2,1,3,-1,4,5,6,-1,6,5,7,-1,1,0,8,-1,8,0,9,-1,8,9,10,-1,10,9,11,-1,10,11,12,-1,12,11,6,-1,12,6,13,-1,13,6,7,-1,12,13,14,-1,14,13,15,-1,16,14,4,-1,4,14,15,-1,4,15,5,-1,2,3,17,-1,17,3,18,-1,17,18,16,-1,16,18,19,-1,16,19,14,-1,
        ]
    }
}
Shape{
    appearance Appearance {
        material  Material 	{
            diffuseColor 0.10980392156862745 0.10980392156862745 0.10980392156862745
            specularColor 0.0784313725490196 0.0784313725490196 0.0784313725490196
            ambientIntensity 0.2
            transparency 0
            shininess 0.5
        }
    }
    geometry IndexedFaceSet {
        ccw TRUE
        solid FALSE
        coord DEF co Coordinate {
            point [
                0.6969 1.2205 0.5906, 0.3031 1.2205 0.5906, 0.6969 1.2205 0.6496, 0.3031 1.2205 0.6496, -0.6969 -1.2205 0.5906, -0.3031 -1.2205 0.5906, -0.6969 -1.2205 0.6496, -0.3031 -1.2205 0.6496, 3.5 1.2205 0.5906, 3.5 1.2205 0.6496, 3.5 -1.2205 0.5906, 3.5 -1.2205 0.6496, -3.3031 1.2205 0.5906, -3.5 1.2205 0.5906, -3.3031 1.2205 0.6496, -3.5 1.2205 0.6496, -3.5 -1.2205 0.5906, -3.5 -1.2205 0.6496, 3.3031 -1.2205 0.5906, 3.3031 -1.2205 0.6496, 3.3031 -1.2205 0.6496
            ]
        }
        coordIndex [
            0,1,2,-1,2,1,3,-1,4,5,6,-1,6,5,7,-1,8,9,10,-1,10,9,11,-1,12,13,14,-1,14,13,15,-1,16,17,13,-1,13,17,15,-1,18,10,19,-1,19,10,11,-1,
        ]
    }
}
Shape{
    appearance Appearance {
        material  Material 	{
            diffuseColor 0.25098039215686274 0.25098039215686274 0.25098039215686274
            specularColor 0.17647058823529413 0.17647058823529413 0.17647058823529413
            ambientIntensity 0.2
            transparency 0
            shininess 0.5
        }
    }
    geometry IndexedFaceSet {
        ccw TRUE
        solid FALSE
        coord DEF co Coordinate {
            point [
                -3.4606 -1.1811 1.2402, -3.2638 -1.1811 1.2402, -3.4606 -0.9843 1.2402, 3.4606 -1.1811 1.2402, 3.4606 -1.1811 1.3583, -3.2638 -1.1811 1.3583, -3.4606 1.1811 1.3583, -3.4606 1.1811 1.2402, -3.4606 -0.9843 1.3583, 3.4606 1.1811 1.2402, 3.4606 1.1811 1.3583, 0.3031 -1.219 0.6713, 0.3031 -1.2205 0.6496, 0.6969 -1.2205 0.6496, -3.5 -1.2205 0.6496, -3.3031 -1.219 0.6713, -3.3031 -1.2205 0.6496, 0.6969 -1.219 0.6713, 1.3031 -1.219 0.6713, -2.6969 -1.219 0.6713, -1.3031 -1.219 0.6713, -0.6969 -1.219 0.6713, 2.3031 -1.219 0.6713, 1.6969 -1.219 0.6713, 1.6969 -1.2205 0.6496, 1.3031 -1.2205 0.6496, -1.6969 -1.219 0.6713, -1.6969 -1.2205 0.6496, -1.3031 -1.2205 0.6496, 3.3031 -1.2205 0.6496, 3.5 -1.2205 0.6496, 3.3031 -1.219 0.6713, 2.6969 -1.219 0.6713, 2.6969 -1.2205 0.6496, 2.3031 -1.2205 0.6496, -2.3031 -1.219 0.6713, -2.3031 -1.2205 0.6496, -2.6969 -1.2205 0.6496, -0.3031 -1.219 0.6713, -0.3031 -1.2205 0.6496, -0.6969 -1.2205 0.6496, 3.5 1.2205 0.6496, -3.5 1.2205 0.6496, -2.3031 1.219 0.6713, -2.3031 1.2205 0.6496, -2.6969 1.2205 0.6496, -0.3031 1.219 0.6713, -0.3031 1.2205 0.6496, -0.6969 1.2205 0.6496, -3.3031 1.2205 0.6496, -3.3031 1.219 0.6713, -2.6969 1.219 0.6713, -0.6969 1.219 0.6713, -1.3031 1.219 0.6713, -1.3031 1.2205 0.6496, -1.6969 1.2205 0.6496, -1.6969 1.219 0.6713, 1.6969 1.219 0.6713, 1.6969 1.2205 0.6496, 1.3031 1.2205 0.6496, 2.6969 1.219 0.6713, 3.3031 1.219 0.6713, 3.3031 1.2205 0.6496, 1.3031 1.219 0.6713, 0.6969 1.219 0.6713, 2.6969 1.2205 0.6496, 2.3031 1.2205 0.6496, 2.3031 1.219 0.6713, 0.6969 1.2205 0.6496, 0.3031 1.2205 0.6496, 0.3031 1.219 0.6713, 3.4606 -1.1811 0.1181, 3.5 -1.2205 0.5906, 3.3031 -1.2205 0.5906, 3.3031 -1.2187 0.5689, 2.6969 -1.2187 0.5689, -3.4606 -1.1811 0.1181, 1.6969 -1.2187 0.5689, 1.6969 -1.2205 0.5906, 1.3031 -1.2205 0.5906, 1.3031 -1.2187 0.5689, 0.6969 -1.2187 0.5689, 2.3031 -1.2187 0.5689, 2.3031 -1.2205 0.5906, 2.6969 -1.2205 0.5906, -0.6969 -1.2187 0.5689, -1.3031 -1.2187 0.5689, -0.3031 -1.2187 0.5689, -0.3031 -1.2205 0.5906, -0.6969 -1.2205 0.5906, 0.3031 -1.2187 0.5689, 0.3031 -1.2205 0.5906, 0.6969 -1.2205 0.5906, -1.3031 -1.2205 0.5906, -1.6969 -1.2205 0.5906, -1.6969 -1.2187 0.5689, -2.3031 -1.2187 0.5689, -3.3031 -1.2205 0.5906, -3.5 -1.2205 0.5906, -3.3031 -1.2187 0.5689, -2.6969 -1.2187 0.5689, -2.6969 -1.2205 0.5906, -2.3031 -1.2205 0.5906, 3.4606 1.1811 0.1181, 3.5 1.2205 0.5906, 3.4606 -0.0352 0.1181, -3.5 1.2205 0.5906, -3.4606 1.1811 0.1181, -3.4606 -0.0352 0.1181, -3.3031 1.2205 0.5906, -3.3031 1.2187 0.5689, -2.6969 1.2187 0.5689, -2.6969 1.2205 0.5906, -2.3031 1.2205 0.5906, -2.3031 1.2187 0.5689, -1.6969 1.2187 0.5689, -0.6969 1.2187 0.5689, -0.6969 1.2205 0.5906, -0.3031 1.2205 0.5906, -0.3031 1.2187 0.5689, 0.3031 1.2187 0.5689, -1.3031 1.2187 0.5689, -1.3031 1.2205 0.5906, -1.6969 1.2205 0.5906, 1.3031 1.2187 0.5689, 1.3031 1.2205 0.5906, 1.6969 1.2205 0.5906, 1.6969 1.2187 0.5689, 2.3031 1.2187 0.5689, 0.6969 1.2187 0.5689, 0.6969 1.2205 0.5906, 0.3031 1.2205 0.5906, 3.3031 1.2205 0.5906, 3.3031 1.2187 0.5689, 2.6969 1.2187 0.5689, 2.6969 1.2205 0.5906, 2.3031 1.2205 0.5906, 0.2362 0.4921 1.2008, 0.2362 -0.4921 1.2008, 0.2362 0.7283 1.3583, 0.2362 -0.7283 1.3583, -0.2362 -0.4921 1.2008, -0.2362 0.4921 1.2008, -0.2362 -0.7283 1.3583, -0.2362 0.7283 1.3583, 0.1969 0.3937 1.2008, -0.1969 0.3937 1.2008, -0.1969 -0.3937 1.2008, 0.1969 -0.3937 1.2008, 0.1969 -0.3937 1.2008
            ]
        }
        coordIndex [
            0,1,2,-1,3,4,1,-1,1,4,5,-1,6,7,8,-1,8,7,2,-1,9,7,10,-1,10,7,6,-1,3,9,4,-1,4,9,10,-1,2,1,8,-1,8,1,5,-1,11,12,13,-1,0,14,15,-1,15,14,16,-1,17,18,3,-1,0,15,1,-1,1,15,19,-1,1,19,3,-1,20,21,3,-1,22,3,23,-1,23,3,18,-1,23,18,24,-1,24,18,25,-1,26,27,28,-1,29,30,31,-1,31,30,3,-1,31,3,32,-1,32,3,22,-1,32,22,33,-1,33,22,34,-1,28,20,26,-1,26,20,3,-1,26,3,35,-1,35,3,19,-1,35,19,36,-1,36,19,37,-1,13,17,11,-1,11,17,3,-1,11,3,38,-1,38,3,21,-1,38,21,39,-1,39,21,40,-1,41,9,30,-1,30,9,3,-1,7,42,2,-1,2,42,14,-1,2,14,0,-1,43,44,45,-1,46,47,48,-1,49,42,50,-1,50,42,7,-1,50,7,51,-1,51,7,9,-1,9,52,53,-1,54,55,53,-1,53,55,56,-1,53,56,9,-1,9,56,43,-1,9,43,51,-1,51,43,45,-1,57,58,59,-1,60,9,61,-1,61,9,41,-1,61,41,62,-1,9,63,64,-1,65,66,60,-1,60,66,67,-1,60,67,9,-1,9,67,57,-1,9,57,63,-1,63,57,59,-1,68,69,64,-1,64,69,70,-1,64,70,9,-1,9,70,46,-1,9,46,52,-1,52,46,48,-1,71,72,73,-1,73,74,71,-1,71,74,75,-1,71,75,76,-1,77,78,79,-1,80,81,76,-1,79,80,77,-1,77,80,76,-1,77,76,82,-1,82,76,75,-1,82,75,83,-1,83,75,84,-1,85,86,76,-1,87,88,89,-1,89,85,87,-1,87,85,76,-1,87,76,90,-1,90,76,81,-1,90,81,91,-1,91,81,92,-1,93,94,86,-1,86,94,95,-1,86,95,76,-1,76,95,96,-1,97,98,99,-1,99,98,76,-1,99,76,100,-1,100,76,96,-1,100,96,101,-1,101,96,102,-1,103,104,105,-1,105,104,72,-1,105,72,71,-1,106,107,98,-1,98,107,108,-1,98,108,76,-1,106,109,107,-1,107,109,110,-1,107,110,111,-1,112,113,111,-1,111,113,114,-1,111,114,107,-1,107,114,115,-1,107,115,103,-1,116,117,118,-1,119,120,103,-1,118,119,116,-1,116,119,103,-1,116,103,121,-1,121,103,115,-1,121,115,122,-1,122,115,123,-1,124,125,126,-1,127,128,103,-1,126,127,124,-1,124,127,103,-1,124,103,129,-1,129,103,120,-1,129,120,130,-1,130,120,131,-1,132,104,133,-1,133,104,103,-1,133,103,134,-1,134,103,128,-1,134,128,135,-1,135,128,136,-1,137,138,139,-1,139,138,140,-1,141,142,143,-1,143,142,144,-1,145,137,146,-1,146,137,142,-1,146,142,147,-1,147,142,141,-1,147,141,148,-1,148,141,138,-1,148,138,145,-1,145,138,137,-1,140,138,143,-1,143,138,141,-1,144,142,139,-1,139,142,137,-1,
        ]
    }
}
Shape{
    appearance Appearance {
        material  Material 	{
            diffuseColor 1.0 1.0 1.0
            specularColor 0.8784313725490196 0.8784313725490196 0.8784313725490196
            ambientIntensity 0.2
            transparency 0
            shininess 0.5
        }
    }
    geometry IndexedFaceSet {
        ccw TRUE
        solid FALSE
        coord DEF co Coordinate {
            point [
                0.1969 0.3937 1.1614, 0.1969 -0.3937 1.1614, 0.1969 0.3937 1.2008, 0.1969 -0.3937 1.2008, -0.1969 -0.3937 1.1614, -0.1969 -0.3937 1.2008, -0.1969 0.3937 1.1614, -0.1969 0.3937 1.2008, -0.1969 0.3937 1.2008
            ]
        }
        coordIndex [
            0,1,2,-1,2,1,3,-1,1,4,3,-1,3,4,5,-1,4,6,5,-1,5,6,7,-1,6,0,7,-1,7,0,2,-1,
        ]
    }
}
Shape{
    appearance Appearance {
        material  Material 	{
            diffuseColor 1.0 1.0 1.0
            specularColor 0.30196078431372547 0.30196078431372547 0.30196078431372547
            ambientIntensity 0.2
            transparency 0
            shininess 0.5
        }
    }
    geometry IndexedFaceSet {
        ccw TRUE
        solid FALSE
        coord DEF co Coordinate {
            point [
                -0.1969 0.3937 1.1614, -0.1969 -0.3937 1.1614, 0.1969 0.3937 1.1614, 0.1969 -0.3937 1.1614, 0.1969 -0.3937 1.1614
            ]
        }
        coordIndex [
            0,1,2,-1,2,1,3,-1,
        ]
    }
}
Shape{
    appearance Appearance {
        material  Material 	{
            diffuseColor 0.9686274509803922 0.8784313725490196 0.6
            specularColor 0.6784313725490196 0.615686274509804 0.4196078431372549
            ambientIntensity 0.2
            transparency 0
            shininess 0.5
        }
    }
    geometry IndexedFaceSet {
        ccw TRUE
        solid FALSE
        coord DEF co Coordinate {
            point [
                -0.0787 -1.5512 -1.3976, -0.0787 -1.4488 -1.3976, 0.0787 -1.5512 -1.3976, 0.0787 -1.4488 -1.3976, -0.3031 -1.2205 0.5906, -0.3031 -1.2187 0.5689, -0.3031 -1.3819 0.5689, -0.3031 -1.2205 0.6496, -0.3031 -1.3819 0.6713, -0.3031 -1.219 0.6713, 0.3031 -1.2187 0.5689, 0.3031 -1.3819 0.5689, 0.3031 -1.2205 0.5906, 0.3031 -1.3819 0.6713, 0.3031 -1.2205 0.6496, 0.3031 -1.219 0.6713, -0.3031 -1.4488 0.502, -0.3031 -1.5512 0.502, -0.3031 -1.4471 0.5169, -0.3031 -1.5469 0.5396, -0.3031 -1.4422 0.531, -0.3031 -1.5344 0.5754, -0.3031 -1.4342 0.5437, -0.3031 -1.5142 0.6075, -0.3031 -1.4236 0.5543, -0.3031 -1.4874 0.6343, -0.3031 -1.4109 0.5623, -0.3031 -1.4553 0.6545, -0.3031 -1.3968 0.5672, -0.3031 -1.4196 0.667, 0.3031 -1.3968 0.5672, 0.3031 -1.4109 0.5623, 0.3031 -1.4236 0.5543, 0.3031 -1.4342 0.5437, 0.3031 -1.4422 0.531, 0.3031 -1.4471 0.5169, 0.3031 -1.4488 0.502, 0.3031 -1.4196 0.667, 0.3031 -1.4553 0.6545, 0.3031 -1.4874 0.6343, 0.3031 -1.5142 0.6075, 0.3031 -1.5344 0.5754, 0.3031 -1.5469 0.5396, 0.3031 -1.5512 0.502, -0.3031 -1.5512 0.208, -0.3031 -1.4488 0.208, 0.1575 -1.4488 0.0, 0.3031 -1.4488 0.208, 0.1575 -1.4488 -1.2008, -0.1575 -1.4488 -1.2008, -0.1575 -1.4488 0.0, 0.3031 -1.5512 0.208, -0.1575 -1.5512 -1.2008, 0.1575 -1.5512 -1.2008, -0.1575 -1.5512 0.0, 0.1575 -1.5512 0.0, 0.3031 1.2205 0.5906, 0.3031 1.2187 0.5689, 0.3031 1.3819 0.5689, 0.3031 1.2205 0.6496, 0.3031 1.3819 0.6713, 0.3031 1.219 0.6713, -0.3031 1.2187 0.5689, -0.3031 1.3819 0.5689, -0.3031 1.2205 0.5906, -0.3031 1.3819 0.6713, -0.3031 1.2205 0.6496, -0.3031 1.219 0.6713, 0.3031 1.4488 0.502, 0.3031 1.5512 0.502, 0.3031 1.4471 0.5169, 0.3031 1.5469 0.5396, 0.3031 1.4422 0.531, 0.3031 1.5344 0.5754, 0.3031 1.4342 0.5437, 0.3031 1.5142 0.6075, 0.3031 1.4236 0.5543, 0.3031 1.4874 0.6343, 0.3031 1.4109 0.5623, 0.3031 1.4553 0.6545, 0.3031 1.3968 0.5672, 0.3031 1.4196 0.667, -0.3031 1.3968 0.5672, -0.3031 1.4109 0.5623, -0.3031 1.4236 0.5543, -0.3031 1.4342 0.5437, -0.3031 1.4422 0.531, -0.3031 1.4471 0.5169, -0.3031 1.4488 0.502, -0.3031 1.4196 0.667, -0.3031 1.4553 0.6545, -0.3031 1.4874 0.6343, -0.3031 1.5142 0.6075, -0.3031 1.5344 0.5754, -0.3031 1.5469 0.5396, -0.3031 1.5512 0.502, -0.1575 1.5512 0.0, -0.1575 1.5512 -1.2008, -0.1575 1.4488 0.0, -0.1575 1.4488 -1.2008, -0.0787 1.5512 -1.3976, -0.0787 1.4488 -1.3976, -0.3031 1.4488 0.208, -0.3031 1.5512 0.208, 0.1575 1.5512 0.0, 0.3031 1.5512 0.208, 0.1575 1.4488 0.0, 0.3031 1.4488 0.208, 0.1575 1.5512 -1.2008, 0.1575 1.4488 -1.2008, 0.0787 1.5512 -1.3976, 0.0787 1.4488 -1.3976, 0.0787 1.4488 -1.3976
            ]
        }
        coordIndex [
            0,1,2,-1,2,1,3,-1,4,5,6,-1,4,6,7,-1,7,6,8,-1,7,8,9,-1,10,11,5,-1,5,11,6,-1,11,10,12,-1,11,12,13,-1,13,12,14,-1,13,14,15,-1,9,8,15,-1,15,8,13,-1,16,17,18,-1,18,17,19,-1,18,19,20,-1,20,19,21,-1,20,21,22,-1,22,21,23,-1,22,23,24,-1,24,23,25,-1,24,25,26,-1,26,25,27,-1,26,27,28,-1,28,27,29,-1,28,29,6,-1,6,29,8,-1,6,11,28,-1,28,11,30,-1,28,30,26,-1,26,30,31,-1,26,31,24,-1,24,31,32,-1,24,32,22,-1,22,32,33,-1,22,33,20,-1,20,33,34,-1,20,34,18,-1,18,34,35,-1,18,35,16,-1,16,35,36,-1,11,13,30,-1,30,13,37,-1,30,37,31,-1,31,37,38,-1,31,38,32,-1,32,38,39,-1,32,39,33,-1,33,39,40,-1,33,40,34,-1,34,40,41,-1,34,41,35,-1,35,41,42,-1,35,42,36,-1,36,42,43,-1,17,43,42,-1,17,42,19,-1,19,42,41,-1,19,41,21,-1,21,41,40,-1,21,40,23,-1,23,40,39,-1,23,39,25,-1,25,39,38,-1,25,38,27,-1,27,38,37,-1,27,37,29,-1,29,37,13,-1,29,13,8,-1,17,16,44,-1,44,16,45,-1,46,45,47,-1,47,45,16,-1,47,16,36,-1,3,1,48,-1,48,1,49,-1,48,49,46,-1,46,49,50,-1,46,50,45,-1,36,43,47,-1,47,43,51,-1,0,2,52,-1,52,2,53,-1,52,53,54,-1,54,53,55,-1,54,55,44,-1,44,55,51,-1,44,51,17,-1,17,51,43,-1,50,54,45,-1,45,54,44,-1,54,50,52,-1,52,50,49,-1,52,49,0,-1,0,49,1,-1,55,46,51,-1,51,46,47,-1,53,48,55,-1,55,48,46,-1,2,3,53,-1,53,3,48,-1,56,57,58,-1,56,58,59,-1,59,58,60,-1,59,60,61,-1,62,63,57,-1,57,63,58,-1,63,62,64,-1,63,64,65,-1,65,64,66,-1,65,66,67,-1,61,60,67,-1,67,60,65,-1,68,69,70,-1,70,69,71,-1,70,71,72,-1,72,71,73,-1,72,73,74,-1,74,73,75,-1,74,75,76,-1,76,75,77,-1,76,77,78,-1,78,77,79,-1,78,79,80,-1,80,79,81,-1,80,81,58,-1,58,81,60,-1,58,63,80,-1,80,63,82,-1,80,82,78,-1,78,82,83,-1,78,83,76,-1,76,83,84,-1,76,84,74,-1,74,84,85,-1,74,85,72,-1,72,85,86,-1,72,86,70,-1,70,86,87,-1,70,87,68,-1,68,87,88,-1,63,65,82,-1,82,65,89,-1,82,89,83,-1,83,89,90,-1,83,90,84,-1,84,90,91,-1,84,91,85,-1,85,91,92,-1,85,92,86,-1,86,92,93,-1,86,93,87,-1,87,93,94,-1,87,94,88,-1,88,94,95,-1,69,95,94,-1,69,94,71,-1,71,94,93,-1,71,93,73,-1,73,93,92,-1,73,92,75,-1,75,92,91,-1,75,91,77,-1,77,91,90,-1,77,90,79,-1,79,90,89,-1,79,89,81,-1,81,89,65,-1,81,65,60,-1,96,97,98,-1,98,97,99,-1,97,100,99,-1,99,100,101,-1,98,102,96,-1,96,102,103,-1,104,105,106,-1,106,105,107,-1,108,104,109,-1,109,104,106,-1,110,108,111,-1,111,108,109,-1,
        ]
    }
}
Shape{
    appearance Appearance {
        material  Material 	{
            diffuseColor 1.0 1.0 1.0
            specularColor 0.8784313725490196 0.8784313725490196 0.8784313725490196
            ambientIntensity 0.2
            transparency 0
            shininess 0.5
        }
    }
    geometry IndexedFaceSet {
        ccw TRUE
        solid FALSE
        coord DEF co Coordinate {
            point [
                -3.0141 0.9491 1.3543, -3.0141 0.9491 1.3583, -3.0174 0.9916 1.3583, -3.0174 0.9916 1.3543, -3.0294 1.0342 1.3583, -3.0294 1.0342 1.3543, -3.0432 1.0598 1.3583, -3.0432 1.0598 1.3543, -3.0623 1.082 1.3583, -3.0623 1.082 1.3543, -3.0812 1.0954 1.3583, -3.0812 1.0954 1.3543, -3.1016 1.1034 1.3583, -3.1016 1.1034 1.3543, -3.1284 1.1067 1.3583, -3.1284 1.1067 1.3543, -3.1324 0.7841 1.3543, -3.1324 0.7841 1.3583, -3.1103 0.7861 1.3583, -3.1103 0.7861 1.3543, -3.087 0.7937 1.3583, -3.087 0.7937 1.3543, -3.0674 0.8061 1.3583, -3.0674 0.8061 1.3543, -3.0493 0.8247 1.3583, -3.0493 0.8247 1.3543, -3.0306 0.8566 1.3583, -3.0306 0.8566 1.3543, -3.0188 0.8961 1.3583, -3.0188 0.8961 1.3543, -3.2484 0.9417 1.3543, -3.2484 0.9417 1.3583, -3.243 0.8883 1.3583, -3.243 0.8883 1.3543, -3.2292 0.8483 1.3583, -3.2292 0.8483 1.3543, -3.2203 0.8329 1.3583, -3.2203 0.8329 1.3543, -3.2011 0.8101 1.3583, -3.2011 0.8101 1.3543, -3.1827 0.7966 1.3583, -3.1827 0.7966 1.3543, -3.1625 0.7882 1.3583, -3.1625 0.7882 1.3543, -3.1531 1.1042 1.3583, -3.1531 1.1042 1.3543, -3.1758 1.0966 1.3583, -3.1758 1.0966 1.3543, -3.195 1.0844 1.3583, -3.195 1.0844 1.3543, -3.2132 1.0658 1.3583, -3.2132 1.0658 1.3543, -3.2319 1.034 1.3583, -3.2319 1.034 1.3543, -3.2438 0.9943 1.3583, -3.2438 0.9943 1.3543, -3.2138 0.9451 1.3543, -3.2098 0.9009 1.3543, -3.1996 0.8684 1.3543, -3.1896 0.8507 1.3543, -3.1766 0.8357 1.3543, -3.1629 0.826 1.3543, -3.149 0.8207 1.3543, -3.1323 0.8187 1.3543, -3.1139 0.8207 1.3543, -3.0991 0.8261 1.3543, -3.0861 0.8347 1.3543, -3.0746 0.8467 1.3543, -3.0624 0.8672 1.3543, -3.0525 0.8997 1.3543, -3.0487 0.9445 1.3543, -3.0525 0.991 1.3543, -3.0622 1.0234 1.3543, -3.0703 1.0385 1.3543, -3.0823 1.0533 1.3543, -3.0961 1.0637 1.3543, -3.1114 1.0698 1.3543, -3.1302 1.0722 1.3543, -3.1474 1.0701 1.3543, -3.1615 1.0648 1.3543, -3.1747 1.0557 1.3543, -3.1885 1.0403 1.3543, -3.2017 1.016 1.3543, -3.2113 0.9804 1.3543, -3.0487 0.9445 1.3583, -3.0525 0.8997 1.3583, -3.0624 0.8672 1.3583, -3.0746 0.8467 1.3583, -3.0861 0.8347 1.3583, -3.0991 0.8261 1.3583, -3.1139 0.8207 1.3583, -3.1323 0.8187 1.3583, -3.1302 1.0722 1.3583, -3.1114 1.0698 1.3583, -3.0961 1.0637 1.3583, -3.0823 1.0533 1.3583, -3.0703 1.0385 1.3583, -3.0622 1.0234 1.3583, -3.0525 0.991 1.3583, -3.2138 0.9451 1.3583, -3.2113 0.9804 1.3583, -3.2017 1.016 1.3583, -3.1885 1.0403 1.3583, -3.1747 1.0557 1.3583, -3.1615 1.0648 1.3583, -3.1474 1.0701 1.3583, -3.149 0.8207 1.3583, -3.1629 0.826 1.3583, -3.1766 0.8357 1.3583, -3.1896 0.8507 1.3583, -3.1996 0.8684 1.3583, -3.2098 0.9009 1.3583, -2.9289 1.0324 1.3543, -2.9289 1.0324 1.3583, -2.8052 0.7879 1.3543, -2.8052 0.7879 1.3583, -2.9373 1.053 1.3543, -2.9373 1.053 1.3583, -2.9335 1.0425 1.3583, -2.9335 1.0425 1.3543, -2.9383 1.053 1.3543, -2.9383 1.053 1.3583, -2.9373 1.0089 1.3543, -2.9373 1.0089 1.3583, -2.9374 1.0309 1.3583, -2.9374 1.0309 1.3543, -2.9373 0.7879 1.3543, -2.9373 0.7879 1.3583, -2.968 0.7879 1.3543, -2.968 0.7879 1.3583, -2.968 1.1029 1.3543, -2.968 1.1029 1.3583, -2.9296 1.1029 1.3543, -2.9296 1.1029 1.3583, -2.8083 0.8634 1.3543, -2.8083 0.8634 1.3583, -2.7981 0.8417 1.3543, -2.7981 0.8417 1.3583, -2.8029 0.8527 1.3583, -2.8029 0.8527 1.3543, -2.7974 0.8417 1.3543, -2.7974 0.8417 1.3583, -2.799 0.8874 1.3543, -2.799 0.8874 1.3583, -2.7988 0.8645 1.3583, -2.7988 0.8645 1.3543, -2.799 1.1029 1.3543, -2.799 1.1029 1.3583, -2.7683 1.1029 1.3543, -2.7683 1.1029 1.3583, -2.7683 0.7879 1.3543, -2.7683 0.7879 1.3583, -3.0352 -0.9088 1.3543, -3.0352 -0.9088 1.3583, -3.0308 -0.9076 1.3583, -3.0308 -0.9076 1.3543, -3.0023 -0.8956 1.3583, -3.0023 -0.8956 1.3543, -2.9805 -0.881 1.3583, -2.9805 -0.881 1.3543, -3.0352 -0.88 1.3543, -3.0352 -0.88 1.3583, -2.9629 -0.8425 1.3543, -2.9629 -0.8425 1.3583, -2.9973 -0.8647 1.3583, -2.9973 -0.8647 1.3543, -2.9517 -0.8425 1.3543, -2.9517 -0.8425 1.3583, -2.9517 -1.0816 1.3543, -2.9517 -1.0816 1.3583, -2.9805 -1.0816 1.3543, -2.9805 -1.0816 1.3583, -2.9805 -1.0816 1.3583
            ]
        }
        coordIndex [
            0,1,2,-1,0,2,3,-1,3,2,4,-1,3,4,5,-1,5,4,6,-1,5,6,7,-1,7,6,8,-1,7,8,9,-1,9,8,10,-1,9,10,11,-1,11,10,12,-1,11,12,13,-1,13,12,14,-1,13,14,15,-1,16,17,18,-1,16,18,19,-1,19,18,20,-1,19,20,21,-1,21,20,22,-1,21,22,23,-1,23,22,24,-1,23,24,25,-1,25,24,26,-1,25,26,27,-1,27,26,28,-1,27,28,29,-1,29,28,1,-1,29,1,0,-1,30,31,32,-1,30,32,33,-1,33,32,34,-1,33,34,35,-1,35,34,36,-1,35,36,37,-1,37,36,38,-1,37,38,39,-1,39,38,40,-1,39,40,41,-1,41,40,42,-1,41,42,43,-1,43,42,17,-1,43,17,16,-1,15,14,44,-1,15,44,45,-1,45,44,46,-1,45,46,47,-1,47,46,48,-1,47,48,49,-1,49,48,50,-1,49,50,51,-1,51,50,52,-1,51,52,53,-1,53,52,54,-1,53,54,55,-1,55,54,31,-1,55,31,30,-1,56,30,57,-1,57,30,33,-1,57,33,58,-1,58,33,35,-1,58,35,59,-1,59,35,37,-1,59,37,60,-1,60,37,39,-1,60,39,61,-1,61,39,41,-1,61,41,62,-1,62,41,43,-1,62,43,63,-1,63,43,16,-1,63,16,64,-1,64,16,19,-1,64,19,65,-1,65,19,21,-1,65,21,66,-1,66,21,23,-1,66,23,67,-1,67,23,25,-1,67,25,68,-1,68,25,27,-1,68,27,69,-1,69,27,29,-1,69,29,70,-1,70,29,0,-1,70,0,71,-1,71,0,3,-1,71,3,72,-1,72,3,5,-1,72,5,73,-1,73,5,7,-1,73,7,74,-1,74,7,9,-1,74,9,75,-1,75,9,11,-1,75,11,76,-1,76,11,13,-1,76,13,77,-1,77,13,15,-1,77,15,78,-1,78,15,45,-1,78,45,79,-1,79,45,47,-1,79,47,80,-1,80,47,49,-1,80,49,81,-1,81,49,51,-1,81,51,82,-1,82,51,53,-1,82,53,83,-1,83,53,55,-1,83,55,56,-1,56,55,30,-1,70,84,85,-1,70,85,69,-1,69,85,86,-1,69,86,68,-1,68,86,87,-1,68,87,67,-1,67,87,88,-1,67,88,66,-1,66,88,89,-1,66,89,65,-1,65,89,90,-1,65,90,64,-1,64,90,91,-1,64,91,63,-1,77,92,93,-1,77,93,76,-1,76,93,94,-1,76,94,75,-1,75,94,95,-1,75,95,74,-1,74,95,96,-1,74,96,73,-1,73,96,97,-1,73,97,72,-1,72,97,98,-1,72,98,71,-1,71,98,84,-1,71,84,70,-1,56,99,100,-1,56,100,83,-1,83,100,101,-1,83,101,82,-1,82,101,102,-1,82,102,81,-1,81,102,103,-1,81,103,80,-1,80,103,104,-1,80,104,79,-1,79,104,105,-1,79,105,78,-1,78,105,92,-1,78,92,77,-1,63,91,106,-1,63,106,62,-1,62,106,107,-1,62,107,61,-1,61,107,108,-1,61,108,60,-1,60,108,109,-1,60,109,59,-1,59,109,110,-1,59,110,58,-1,58,110,111,-1,58,111,57,-1,57,111,99,-1,57,99,56,-1,112,113,114,-1,114,113,115,-1,116,117,118,-1,116,118,119,-1,119,118,113,-1,119,113,112,-1,120,121,116,-1,116,121,117,-1,122,123,124,-1,122,124,125,-1,125,124,121,-1,125,121,120,-1,126,127,122,-1,122,127,123,-1,128,129,126,-1,126,129,127,-1,130,131,128,-1,128,131,129,-1,132,133,130,-1,130,133,131,-1,134,135,132,-1,132,135,133,-1,136,137,138,-1,136,138,139,-1,139,138,135,-1,139,135,134,-1,140,141,136,-1,136,141,137,-1,142,143,144,-1,142,144,145,-1,145,144,141,-1,145,141,140,-1,146,147,142,-1,142,147,143,-1,148,149,146,-1,146,149,147,-1,150,151,148,-1,148,151,149,-1,150,114,151,-1,151,114,115,-1,150,148,142,-1,142,148,146,-1,128,126,130,-1,130,126,122,-1,122,125,130,-1,130,125,120,-1,130,120,132,-1,132,120,116,-1,142,145,150,-1,150,145,140,-1,150,140,114,-1,114,140,136,-1,136,139,114,-1,114,139,134,-1,114,134,112,-1,112,134,132,-1,112,132,119,-1,119,132,116,-1,152,153,154,-1,152,154,155,-1,155,154,156,-1,155,156,157,-1,157,156,158,-1,157,158,159,-1,160,161,152,-1,152,161,153,-1,162,163,164,-1,162,164,165,-1,165,164,161,-1,165,161,160,-1,166,167,162,-1,162,167,163,-1,168,169,166,-1,166,169,167,-1,170,171,168,-1,168,171,169,-1,170,159,171,-1,171,159,158,-1,170,168,159,-1,159,168,166,-1,166,162,159,-1,159,162,165,-1,159,165,157,-1,157,165,160,-1,157,160,155,-1,155,160,152,-1,
        ]
    }
}
Shape{
    appearance Appearance {
        material  Material 	{
            diffuseColor 0.10980392156862745 0.10980392156862745 0.10980392156862745
            specularColor 0.0784313725490196 0.0784313725490196 0.0784313725490196
            ambientIntensity 0.2
            transparency 0
            shininess 0.5
        }
    }
    geometry IndexedFaceSet {
        ccw TRUE
        solid FALSE
        coord DEF co Coordinate {
            point [
                -3.1996 0.8684 1.3583, -3.1896 0.8507 1.3583, -3.0487 0.9445 1.3583, -3.2098 0.9009 1.3583, -3.0525 0.991 1.3583, -3.2113 0.9804 1.3583, -3.2138 0.9451 1.3583, -3.0622 1.0234 1.3583, -3.0703 1.0385 1.3583, -3.2017 1.016 1.3583, -3.1885 1.0403 1.3583, -3.0991 0.8261 1.3583, -3.0861 0.8347 1.3583, -3.0746 0.8467 1.3583, -3.0624 0.8672 1.3583, -3.0525 0.8997 1.3583, -3.1474 1.0701 1.3583, -3.0823 1.0533 1.3583, -3.1615 1.0648 1.3583, -3.1747 1.0557 1.3583, -3.1629 0.826 1.3583, -3.149 0.8207 1.3583, -3.1766 0.8357 1.3583, -3.1323 0.8187 1.3583, -3.1139 0.8207 1.3583, -3.0961 1.0637 1.3583, -3.1114 1.0698 1.3583, -3.1302 1.0722 1.3583, -3.1302 1.0722 1.3583
            ]
        }
        coordIndex [
            0,1,2,-1,0,2,3,-1,4,5,2,-1,2,5,6,-1,2,6,3,-1,4,7,5,-1,5,7,8,-1,5,8,9,-1,9,8,10,-1,11,12,1,-1,1,12,13,-1,13,14,1,-1,1,14,15,-1,1,15,2,-1,16,8,17,-1,16,18,8,-1,8,18,19,-1,8,19,10,-1,20,21,22,-1,22,21,23,-1,22,23,1,-1,1,23,24,-1,1,24,11,-1,25,26,17,-1,17,26,27,-1,17,27,16,-1,
        ]
    }
}
Shape{
    appearance Appearance {
        material  Material 	{
            diffuseColor 1.0 1.0 1.0
            specularColor 0.8784313725490196 0.8784313725490196 0.8784313725490196
            ambientIntensity 0.2
            transparency 0
            shininess 0.5
        }
    }
    geometry IndexedFaceSet {
        ccw TRUE
        solid FALSE
        coord DEF co Coordinate {
            point [
                -0.0204 0.1209 0.122, -0.0291 0.1182 0.122, -0.0204 0.1472 0.122, -0.0291 0.1508 0.122, 0.0125 0.1326 0.122, 0.0276 0.129 0.122, -0.0512 0.0992 0.122, -0.0512 0.1107 0.122, 0.0152 0.1334 0.122, 0.018 0.1339 0.122, 0.0276 0.1395 0.122, 0.018 0.1342 0.122, 0.0152 0.1347 0.122, 0.0125 0.1354 0.122, -0.0512 0.1703 0.122, -0.0512 0.1587 0.122, -0.0291 0.1508 0.1181, -0.0512 0.1587 0.1181, -0.0291 0.1182 0.1181, -0.0512 0.1107 0.1181, -0.0512 0.0992 0.1181, 0.0276 0.129 0.1181, 0.0276 0.1395 0.1181, -0.0512 0.1703 0.1181, 0.0125 0.1354 0.1181, 0.0152 0.1347 0.1181, 0.018 0.1342 0.1181, 0.018 0.1339 0.1181, 0.0152 0.1334 0.1181, 0.0125 0.1326 0.1181, -0.0204 0.1209 0.1181, -0.0204 0.1472 0.1181, 0.0276 0.0523 0.122, 0.0276 0.0523 0.1181, 0.0276 0.0301 0.122, 0.0276 0.0301 0.1181, 0.0264 0.0637 0.122, 0.0264 0.0637 0.1181, 0.0231 0.0729 0.122, 0.0231 0.0729 0.1181, 0.0181 0.0807 0.122, 0.0181 0.0807 0.1181, 0.0152 0.0837 0.122, 0.0152 0.0837 0.1181, 0.0089 0.0885 0.122, 0.0089 0.0885 0.1181, 0.0013 0.0918 0.122, 0.0013 0.0918 0.1181, -0.0069 0.0933 0.122, -0.0069 0.0933 0.1181, -0.0108 0.0934 0.122, -0.0108 0.0934 0.1181, -0.0213 0.0923 0.122, -0.0213 0.0923 0.1181, -0.0296 0.0895 0.122, -0.0296 0.0895 0.1181, -0.0366 0.085 0.122, -0.0366 0.085 0.1181, -0.0428 0.0785 0.122, -0.0428 0.0785 0.1181, -0.0476 0.0703 0.122, -0.0476 0.0703 0.1181, -0.0503 0.0612 0.122, -0.0503 0.0612 0.1181, -0.0512 0.0515 0.122, -0.0512 0.0515 0.1181, -0.0512 0.0301 0.122, -0.0512 0.0301 0.1181, -0.011 0.0829 0.122, -0.0032 0.0822 0.122, 0.003 0.0804 0.122, 0.0079 0.0777 0.122, 0.0119 0.0738 0.122, 0.0157 0.0681 0.122, 0.0179 0.0616 0.122, 0.0189 0.0522 0.122, 0.0189 0.0406 0.122, -0.0425 0.0406 0.122, -0.0425 0.0518 0.122, -0.0417 0.0601 0.122, -0.0397 0.0667 0.122, -0.0365 0.072 0.122, -0.0322 0.0764 0.122, -0.0268 0.0798 0.122, -0.0206 0.0819 0.122, -0.0425 0.0518 0.1181, -0.0425 0.0406 0.1181, -0.0417 0.0601 0.1181, -0.0397 0.0667 0.1181, -0.0365 0.072 0.1181, -0.0322 0.0764 0.1181, -0.0268 0.0798 0.1181, -0.0206 0.0819 0.1181, -0.011 0.0829 0.1181, -0.0032 0.0822 0.1181, 0.003 0.0804 0.1181, 0.0079 0.0777 0.1181, 0.0119 0.0738 0.1181, 0.0157 0.0681 0.1181, 0.0179 0.0616 0.1181, 0.0189 0.0522 0.1181, 0.0189 0.0406 0.1181, 0.0276 -0.0276 0.122, 0.0276 -0.0276 0.1181, -0.0512 -0.0276 0.122, -0.0512 -0.0276 0.1181, 0.0276 0.0128 0.122, 0.0276 0.0128 0.1181, 0.0189 0.0128 0.122, 0.0189 0.0128 0.1181, 0.0189 -0.017 0.122, 0.0189 -0.017 0.1181, -0.007 -0.017 0.122, -0.007 -0.017 0.1181, -0.007 0.0109 0.122, -0.007 0.0109 0.1181, -0.0156 0.0109 0.122, -0.0156 0.0109 0.1181, -0.0156 -0.017 0.122, -0.0156 -0.017 0.1181, -0.0425 -0.017 0.122, -0.0425 -0.017 0.1181, -0.0425 0.0147 0.122, -0.0425 0.0147 0.1181, -0.0512 0.0147 0.122, -0.0512 0.0147 0.1181, -0.0516 -0.0692 0.1181, -0.0521 -0.0646 0.1181, -0.0521 -0.0646 0.122, -0.0511 -0.0743 0.1181, -0.0511 -0.0743 0.122, -0.0485 -0.082 0.122, -0.0485 -0.082 0.1181, -0.0443 -0.0884 0.122, -0.0443 -0.0884 0.1181, -0.0381 -0.0943 0.122, -0.0381 -0.0943 0.1181, -0.0306 -0.0984 0.122, -0.0306 -0.0984 0.1181, -0.0222 -0.1008 0.122, -0.0222 -0.1008 0.1181, -0.0133 -0.1015 0.122, -0.0133 -0.1015 0.1181, -0.0021 -0.1004 0.122, -0.0021 -0.1004 0.1181, 0.0069 -0.0973 0.122, 0.0069 -0.0973 0.1181, 0.0142 -0.0927 0.122, 0.0142 -0.0927 0.1181, 0.0209 -0.0859 0.122, 0.0209 -0.0859 0.1181, 0.0252 -0.0785 0.122, 0.0252 -0.0785 0.1181, 0.0278 -0.0699 0.122, 0.0278 -0.0699 0.1181, 0.0285 -0.0614 0.122, 0.0285 -0.0614 0.1181, 0.0279 -0.052 0.122, 0.0279 -0.052 0.1181, 0.0254 -0.0429 0.122, 0.0254 -0.0429 0.1181, 0.0149 -0.0429 0.122, 0.0149 -0.0429 0.1181, 0.0187 -0.0518 0.122, 0.0187 -0.0518 0.1181, 0.0199 -0.0614 0.122, 0.0199 -0.0614 0.1181, 0.019 -0.0691 0.122, 0.019 -0.0691 0.1181, 0.0169 -0.075 0.122, 0.0169 -0.075 0.1181, 0.0132 -0.0806 0.122, 0.0132 -0.0806 0.1181, 0.0079 -0.0853 0.122, 0.0079 -0.0853 0.1181, 0.0018 -0.0885 0.122, 0.0018 -0.0885 0.1181, -0.0067 -0.0906 0.122, -0.0067 -0.0906 0.1181, -0.0126 -0.0909 0.122, -0.0126 -0.0909 0.1181, -0.0211 -0.0901 0.122, -0.0211 -0.0901 0.1181, -0.0279 -0.088 0.122, -0.0279 -0.088 0.1181, -0.0334 -0.0847 0.122, -0.0334 -0.0847 0.1181, -0.0372 -0.0811 0.122, -0.0372 -0.0811 0.1181, -0.0405 -0.0762 0.122, -0.0405 -0.0762 0.1181, -0.0427 -0.0704 0.122, -0.0427 -0.0704 0.1181, -0.0435 -0.0631 0.122, -0.0435 -0.0631 0.1181, -0.0423 -0.0527 0.122, -0.0423 -0.0527 0.1181, -0.0392 -0.0443 0.122, -0.0392 -0.0443 0.1181, -0.0384 -0.0429 0.122, -0.0384 -0.0429 0.1181, -0.0471 -0.0429 0.122, -0.0471 -0.0429 0.1181, -0.0505 -0.0513 0.1181, -0.0505 -0.0513 0.122, -0.0516 -0.0593 0.1181, -0.0521 -0.0624 0.122, -0.0521 -0.0624 0.1181, 0.0276 -0.1485 0.122, 0.0276 -0.1485 0.1181, -0.0512 -0.1485 0.122, -0.0512 -0.1485 0.1181, 0.0276 -0.138 0.122, 0.0276 -0.138 0.1181, -0.0425 -0.138 0.122, -0.0425 -0.138 0.1181, -0.0425 -0.1082 0.122, -0.0425 -0.1082 0.1181, -0.0512 -0.1082 0.122, -0.0512 -0.1082 0.1181, -0.0512 -0.1082 0.1181
            ]
        }
        coordIndex [
            0,1,2,-1,2,1,3,-1,4,5,0,-1,0,5,6,-1,0,6,1,-1,1,6,7,-1,4,8,5,-1,5,8,9,-1,5,9,10,-1,10,9,11,-1,10,11,12,-1,12,13,10,-1,10,13,2,-1,10,2,14,-1,14,2,3,-1,14,3,15,-1,3,16,15,-1,15,16,17,-1,1,18,3,-1,3,18,16,-1,7,19,1,-1,1,19,18,-1,6,20,7,-1,7,20,19,-1,5,21,6,-1,6,21,20,-1,10,22,5,-1,5,22,21,-1,14,23,10,-1,10,23,22,-1,14,15,23,-1,23,15,17,-1,24,13,12,-1,24,12,25,-1,25,12,11,-1,25,11,26,-1,9,27,11,-1,11,27,26,-1,27,9,8,-1,27,8,28,-1,28,8,4,-1,28,4,29,-1,0,30,4,-1,4,30,29,-1,2,31,0,-1,0,31,30,-1,24,31,13,-1,13,31,2,-1,32,33,34,-1,34,33,35,-1,33,32,36,-1,33,36,37,-1,37,36,38,-1,37,38,39,-1,39,38,40,-1,39,40,41,-1,41,40,42,-1,41,42,43,-1,43,42,44,-1,43,44,45,-1,45,44,46,-1,45,46,47,-1,47,46,48,-1,47,48,49,-1,49,48,50,-1,49,50,51,-1,51,50,52,-1,51,52,53,-1,53,52,54,-1,53,54,55,-1,55,54,56,-1,55,56,57,-1,57,56,58,-1,57,58,59,-1,59,58,60,-1,59,60,61,-1,61,60,62,-1,61,62,63,-1,63,62,64,-1,63,64,65,-1,66,67,64,-1,64,67,65,-1,66,34,67,-1,67,34,35,-1,52,50,68,-1,68,50,48,-1,68,48,69,-1,69,48,46,-1,69,46,70,-1,70,46,44,-1,70,44,71,-1,71,44,42,-1,71,42,72,-1,72,42,40,-1,72,40,73,-1,73,40,38,-1,73,38,74,-1,74,38,36,-1,74,36,75,-1,75,36,32,-1,75,32,76,-1,76,32,34,-1,76,34,77,-1,77,34,66,-1,77,66,78,-1,78,66,64,-1,78,64,79,-1,79,64,62,-1,79,62,80,-1,80,62,60,-1,80,60,81,-1,81,60,58,-1,81,58,82,-1,82,58,56,-1,82,56,83,-1,83,56,54,-1,83,54,84,-1,84,54,52,-1,84,52,68,-1,78,85,77,-1,77,85,86,-1,85,78,79,-1,85,79,87,-1,87,79,80,-1,87,80,88,-1,88,80,81,-1,88,81,89,-1,89,81,82,-1,89,82,90,-1,90,82,83,-1,90,83,91,-1,91,83,84,-1,91,84,92,-1,92,84,68,-1,92,68,93,-1,93,68,69,-1,93,69,94,-1,94,69,70,-1,94,70,95,-1,95,70,71,-1,95,71,96,-1,96,71,72,-1,96,72,97,-1,97,72,73,-1,97,73,98,-1,98,73,74,-1,98,74,99,-1,99,74,75,-1,99,75,100,-1,76,101,75,-1,75,101,100,-1,86,101,77,-1,77,101,76,-1,102,103,104,-1,104,103,105,-1,106,107,102,-1,102,107,103,-1,108,109,106,-1,106,109,107,-1,110,111,108,-1,108,111,109,-1,112,113,110,-1,110,113,111,-1,114,115,112,-1,112,115,113,-1,116,117,114,-1,114,117,115,-1,118,119,116,-1,116,119,117,-1,120,121,118,-1,118,121,119,-1,122,123,120,-1,120,123,121,-1,124,125,122,-1,122,125,123,-1,124,104,125,-1,125,104,105,-1,104,124,122,-1,122,120,104,-1,104,120,118,-1,104,118,102,-1,108,106,110,-1,110,106,102,-1,110,102,112,-1,112,102,118,-1,112,118,114,-1,114,118,116,-1,126,127,128,-1,126,128,129,-1,128,130,129,-1,129,130,131,-1,129,131,132,-1,132,131,133,-1,132,133,134,-1,134,133,135,-1,134,135,136,-1,136,135,137,-1,136,137,138,-1,138,137,139,-1,138,139,140,-1,140,139,141,-1,140,141,142,-1,142,141,143,-1,142,143,144,-1,144,143,145,-1,144,145,146,-1,146,145,147,-1,146,147,148,-1,148,147,149,-1,148,149,150,-1,150,149,151,-1,150,151,152,-1,152,151,153,-1,152,153,154,-1,154,153,155,-1,154,155,156,-1,156,155,157,-1,156,157,158,-1,158,157,159,-1,158,159,160,-1,161,162,159,-1,159,162,160,-1,162,161,163,-1,162,163,164,-1,164,163,165,-1,164,165,166,-1,166,165,167,-1,166,167,168,-1,168,167,169,-1,168,169,170,-1,170,169,171,-1,170,171,172,-1,172,171,173,-1,172,173,174,-1,174,173,175,-1,174,175,176,-1,176,175,177,-1,176,177,178,-1,178,177,179,-1,178,179,180,-1,180,179,181,-1,180,181,182,-1,182,181,183,-1,182,183,184,-1,184,183,185,-1,184,185,186,-1,186,185,187,-1,186,187,188,-1,188,187,189,-1,188,189,190,-1,190,189,191,-1,190,191,192,-1,192,191,193,-1,192,193,194,-1,194,193,195,-1,194,195,196,-1,196,195,197,-1,196,197,198,-1,198,197,199,-1,198,199,200,-1,201,202,199,-1,199,202,200,-1,203,202,204,-1,204,202,201,-1,203,204,205,-1,205,204,206,-1,205,206,207,-1,207,206,128,-1,207,128,127,-1,191,128,193,-1,193,128,206,-1,193,206,195,-1,195,206,204,-1,195,204,197,-1,197,204,201,-1,197,201,199,-1,161,159,163,-1,163,159,157,-1,163,157,165,-1,165,157,155,-1,165,155,167,-1,167,155,153,-1,167,153,169,-1,169,153,151,-1,169,151,171,-1,171,151,149,-1,171,149,173,-1,173,149,147,-1,173,147,175,-1,175,147,145,-1,175,145,177,-1,177,145,143,-1,177,143,179,-1,179,143,141,-1,179,141,181,-1,181,141,139,-1,181,139,183,-1,183,139,137,-1,183,137,185,-1,185,137,135,-1,185,135,187,-1,187,135,133,-1,187,133,189,-1,189,133,131,-1,189,131,191,-1,191,131,130,-1,191,130,128,-1,208,209,210,-1,210,209,211,-1,212,213,208,-1,208,213,209,-1,214,215,212,-1,212,215,213,-1,216,217,214,-1,214,217,215,-1,218,219,216,-1,216,219,217,-1,218,210,219,-1,219,210,211,-1,212,208,214,-1,214,208,210,-1,214,210,216,-1,216,210,218,-1,
        ]
    }
}
Shape{
    appearance Appearance {
        material  Material 	{
            diffuseColor 0.10980392156862745 0.10980392156862745 0.10980392156862745
            specularColor 0.0784313725490196 0.0784313725490196 0.0784313725490196
            ambientIntensity 0.2
            transparency 0
            shininess 0.5
        }
    }
    geometry IndexedFaceSet {
        ccw TRUE
        solid FALSE
        coord DEF co Coordinate {
            point [
                -0.0204 0.1209 0.1181, -0.0204 0.1472 0.1181, 0.0125 0.1326 0.1181, 0.0125 0.1354 0.1181, 0.0152 0.1334 0.1181, 0.0152 0.1347 0.1181, 0.018 0.1339 0.1181, 0.018 0.1342 0.1181, 0.0189 0.0522 0.1181, 0.0189 0.0406 0.1181, -0.0425 0.0406 0.1181, -0.0206 0.0819 0.1181, -0.011 0.0829 0.1181, -0.0268 0.0798 0.1181, -0.0032 0.0822 0.1181, 0.003 0.0804 0.1181, 0.0179 0.0616 0.1181, -0.0425 0.0518 0.1181, -0.0417 0.0601 0.1181, -0.0397 0.0667 0.1181, 0.0079 0.0777 0.1181, 0.0119 0.0738 0.1181, 0.0157 0.0681 0.1181, -0.0365 0.072 0.1181, -0.0322 0.0764 0.1181, -0.0322 0.0764 0.1181
            ]
        }
        coordIndex [
            0,1,2,-1,2,1,3,-1,2,3,4,-1,4,3,5,-1,4,5,6,-1,6,5,7,-1,8,9,10,-1,11,12,8,-1,11,8,13,-1,12,14,8,-1,8,14,15,-1,8,15,16,-1,10,17,8,-1,8,17,18,-1,8,18,19,-1,20,21,15,-1,15,21,22,-1,15,22,16,-1,19,23,8,-1,8,23,24,-1,8,24,13,-1,
        ]
    }
}
Shape{
    appearance Appearance {
        material  Material 	{
            diffuseColor 1.0 1.0 1.0
            specularColor 0.8784313725490196 0.8784313725490196 0.8784313725490196
            ambientIntensity 0.2
            transparency 0
            shininess 0.5
        }
    }
    geometry IndexedFaceSet {
        ccw TRUE
        solid FALSE
        coord DEF co Coordinate {
            point [
                3.1969 0.3937 1.1614, 3.1969 -0.3937 1.1614, 3.1969 0.3937 1.2008, 3.1969 -0.3937 1.2008, 2.8031 -0.3937 1.1614, 2.8031 0.3937 1.1614, 2.8031 -0.3937 1.2008, 2.8031 0.3937 1.2008, 2.8031 0.3937 1.2008
            ]
        }
        coordIndex [
            0,1,2,-1,2,1,3,-1,4,5,6,-1,6,5,7,-1,5,0,7,-1,7,0,2,-1,
        ]
    }
}
Shape{
    appearance Appearance {
        material  Material 	{
            diffuseColor 0.25098039215686274 0.25098039215686274 0.25098039215686274
            specularColor 0.17647058823529413 0.17647058823529413 0.17647058823529413
            ambientIntensity 0.2
            transparency 0
            shininess 0.5
        }
    }
    geometry IndexedFaceSet {
        ccw TRUE
        solid FALSE
        coord DEF co Coordinate {
            point [
                3.2362 0.4921 1.2008, 3.2362 -0.4921 1.2008, 3.2362 0.7283 1.3583, 3.2362 -0.7283 1.3583, 2.7638 -0.4921 1.2008, 2.7638 0.4921 1.2008, 2.7638 -0.7283 1.3583, 2.7638 0.7283 1.3583, 3.1772 -0.3937 1.2008, 2.8228 -0.3937 1.2008, 2.8031 -0.3937 1.2008, 2.8031 0.3937 1.2008, 3.1969 0.3937 1.2008, 3.1969 -0.3937 1.2008, 3.1969 -0.3937 1.2008
            ]
        }
        coordIndex [
            0,1,2,-1,2,1,3,-1,4,5,6,-1,6,5,7,-1,3,1,6,-1,6,1,4,-1,4,1,8,-1,8,9,4,-1,4,9,10,-1,4,10,5,-1,5,10,11,-1,5,11,0,-1,0,11,12,-1,0,12,1,-1,1,12,13,-1,1,13,8,-1,7,5,2,-1,2,5,0,-1,
        ]
    }
}
Shape{
    appearance Appearance {
        material  Material 	{
            diffuseColor 1.0 1.0 1.0
            specularColor 0.8784313725490196 0.8784313725490196 0.8784313725490196
            ambientIntensity 0.2
            transparency 0
            shininess 0.5
        }
    }
    geometry IndexedFaceSet {
        ccw TRUE
        solid FALSE
        coord DEF co Coordinate {
            point [
                2.1969 0.3937 1.1614, 2.1969 -0.3937 1.1614, 2.1969 0.3937 1.2008, 2.1969 -0.3937 1.2008, 1.8031 -0.3937 1.1614, 1.8031 0.3937 1.1614, 1.8031 -0.3937 1.2008, 1.8031 0.3937 1.2008, 1.8031 0.3937 1.2008
            ]
        }
        coordIndex [
            0,1,2,-1,2,1,3,-1,4,5,6,-1,6,5,7,-1,5,0,7,-1,7,0,2,-1,
        ]
    }
}
Shape{
    appearance Appearance {
        material  Material 	{
            diffuseColor 0.25098039215686274 0.25098039215686274 0.25098039215686274
            specularColor 0.17647058823529413 0.17647058823529413 0.17647058823529413
            ambientIntensity 0.2
            transparency 0
            shininess 0.5
        }
    }
    geometry IndexedFaceSet {
        ccw TRUE
        solid FALSE
        coord DEF co Coordinate {
            point [
                2.2362 0.4921 1.2008, 2.2362 -0.4921 1.2008, 2.2362 0.7283 1.3583, 2.2362 -0.7283 1.3583, 1.7638 -0.4921 1.2008, 1.7638 0.4921 1.2008, 1.7638 -0.7283 1.3583, 1.7638 0.7283 1.3583, 2.1772 -0.3937 1.2008, 1.8228 -0.3937 1.2008, 1.8031 -0.3937 1.2008, 1.8031 0.3937 1.2008, 2.1969 0.3937 1.2008, 2.1969 -0.3937 1.2008, 2.1969 -0.3937 1.2008
            ]
        }
        coordIndex [
            0,1,2,-1,2,1,3,-1,4,5,6,-1,6,5,7,-1,3,1,6,-1,6,1,4,-1,4,1,8,-1,8,9,4,-1,4,9,10,-1,4,10,5,-1,5,10,11,-1,5,11,0,-1,0,11,12,-1,0,12,1,-1,1,12,13,-1,1,13,8,-1,7,5,2,-1,2,5,0,-1,
        ]
    }
}
Shape{
    appearance Appearance {
        material  Material 	{
            diffuseColor 1.0 1.0 1.0
            specularColor 0.8784313725490196 0.8784313725490196 0.8784313725490196
            ambientIntensity 0.2
            transparency 0
            shininess 0.5
        }
    }
    geometry IndexedFaceSet {
        ccw TRUE
        solid FALSE
        coord DEF co Coordinate {
            point [
                1.1969 0.3937 1.1614, 1.1969 -0.3937 1.1614, 1.1969 0.3937 1.2008, 1.1969 -0.3937 1.2008, 0.8031 -0.3937 1.1614, 0.8031 0.3937 1.1614, 0.8031 -0.3937 1.2008, 0.8031 0.3937 1.2008, 0.8031 0.3937 1.2008
            ]
        }
        coordIndex [
            0,1,2,-1,2,1,3,-1,4,5,6,-1,6,5,7,-1,5,0,7,-1,7,0,2,-1,
        ]
    }
}
Shape{
    appearance Appearance {
        material  Material 	{
            diffuseColor 0.25098039215686274 0.25098039215686274 0.25098039215686274
            specularColor 0.17647058823529413 0.17647058823529413 0.17647058823529413
            ambientIntensity 0.2
            transparency 0
            shininess 0.5
        }
    }
    geometry IndexedFaceSet {
        ccw TRUE
        solid FALSE
        coord DEF co Coordinate {
            point [
                1.2362 0.4921 1.2008, 1.2362 -0.4921 1.2008, 1.2362 0.7283 1.3583, 1.2362 -0.7283 1.3583, 0.7638 -0.4921 1.2008, 0.7638 0.4921 1.2008, 0.7638 -0.7283 1.3583, 0.7638 0.7283 1.3583, 1.1772 -0.3937 1.2008, 0.8228 -0.3937 1.2008, 0.8031 -0.3937 1.2008, 0.8031 0.3937 1.2008, 1.1969 0.3937 1.2008, 1.1969 -0.3937 1.2008, 1.1969 -0.3937 1.2008
            ]
        }
        coordIndex [
            0,1,2,-1,2,1,3,-1,4,5,6,-1,6,5,7,-1,3,1,6,-1,6,1,4,-1,4,1,8,-1,8,9,4,-1,4,9,10,-1,4,10,5,-1,5,10,11,-1,5,11,0,-1,0,11,12,-1,0,12,1,-1,1,12,13,-1,1,13,8,-1,7,5,2,-1,2,5,0,-1,
        ]
    }
}
Shape{
    appearance Appearance {
        material  Material 	{
            diffuseColor 1.0 1.0 1.0
            specularColor 0.30196078431372547 0.30196078431372547 0.30196078431372547
            ambientIntensity 0.2
            transparency 0
            shininess 0.5
        }
    }
    geometry IndexedFaceSet {
        ccw TRUE
        solid FALSE
        coord DEF co Coordinate {
            point [
                1.1772 -0.3937 1.1614, 1.1772 -0.0787 1.1614, 1.1772 -0.3937 1.2008, 1.1772 -0.0787 1.5945, 1.1772 -0.3937 1.5945, 0.8228 -0.0787 1.5945, 0.8228 -0.0787 1.1614, 0.8228 -0.3937 1.5945, 0.8228 -0.3937 1.2008, 0.8228 -0.3937 1.1614, 2.1772 -0.3937 1.1614, 2.1772 -0.0787 1.1614, 2.1772 -0.3937 1.2008, 2.1772 -0.0787 1.5945, 2.1772 -0.3937 1.5945, 1.8228 -0.0787 1.5945, 1.8228 -0.0787 1.1614, 1.8228 -0.3937 1.5945, 1.8228 -0.3937 1.2008, 1.8228 -0.3937 1.1614, 3.1772 -0.3937 1.1614, 3.1772 -0.0787 1.1614, 3.1772 -0.3937 1.2008, 3.1772 -0.0787 1.5945, 3.1772 -0.3937 1.5945, 2.8228 -0.0787 1.5945, 2.8228 -0.0787 1.1614, 2.8228 -0.3937 1.5945, 2.8228 -0.3937 1.2008, 2.8228 -0.3937 1.1614, 2.8228 -0.3937 1.1614
            ]
        }
        coordIndex [
            0,1,2,-1,2,1,3,-1,2,3,4,-1,5,3,6,-1,6,3,1,-1,7,5,8,-1,8,5,6,-1,8,6,9,-1,4,7,2,-1,2,7,8,-1,5,7,3,-1,3,7,4,-1,10,11,12,-1,12,11,13,-1,12,13,14,-1,15,13,16,-1,16,13,11,-1,17,15,18,-1,18,15,16,-1,18,16,19,-1,14,17,12,-1,12,17,18,-1,15,17,13,-1,13,17,14,-1,20,21,22,-1,22,21,23,-1,22,23,24,-1,25,23,26,-1,26,23,21,-1,27,25,28,-1,28,25,26,-1,28,26,29,-1,24,27,22,-1,22,27,28,-1,25,27,23,-1,23,27,24,-1,
        ]
    }
}
Shape{
    appearance Appearance {
        material  Material 	{
            diffuseColor 0.9686274509803922 0.8784313725490196 0.6
            specularColor 0.6784313725490196 0.615686274509804 0.4196078431372549
            ambientIntensity 0.2
            transparency 0
            shininess 0.5
        }
    }
    geometry IndexedFaceSet {
        ccw TRUE
        solid FALSE
        coord DEF co Coordinate {
            point [
                0.9213 -1.5512 -1.3976, 0.9213 -1.4488 -1.3976, 1.0787 -1.5512 -1.3976, 1.0787 -1.4488 -1.3976, 0.6969 -1.2205 0.5906, 0.6969 -1.2187 0.5689, 0.6969 -1.3819 0.5689, 0.6969 -1.2205 0.6496, 0.6969 -1.3819 0.6713, 0.6969 -1.219 0.6713, 1.3031 -1.3819 0.5689, 1.3031 -1.2187 0.5689, 1.3031 -1.2205 0.5906, 1.3031 -1.3819 0.6713, 1.3031 -1.2205 0.6496, 1.3031 -1.219 0.6713, 0.6969 -1.4488 0.502, 0.6969 -1.5512 0.502, 0.6969 -1.4471 0.5169, 0.6969 -1.5469 0.5396, 0.6969 -1.4422 0.531, 0.6969 -1.5344 0.5754, 0.6969 -1.4342 0.5437, 0.6969 -1.5142 0.6075, 0.6969 -1.4236 0.5543, 0.6969 -1.4874 0.6343, 0.6969 -1.4109 0.5623, 0.6969 -1.4553 0.6545, 0.6969 -1.3968 0.5672, 0.6969 -1.4196 0.667, 1.3031 -1.3968 0.5672, 1.3031 -1.4196 0.667, 1.3031 -1.4109 0.5623, 1.3031 -1.4553 0.6545, 1.3031 -1.4236 0.5543, 1.3031 -1.4874 0.6343, 1.3031 -1.4342 0.5437, 1.3031 -1.5142 0.6075, 1.3031 -1.4422 0.531, 1.3031 -1.5344 0.5754, 1.3031 -1.4471 0.5169, 1.3031 -1.5469 0.5396, 1.3031 -1.4488 0.502, 1.3031 -1.5512 0.502, 0.6969 -1.5512 0.208, 0.6969 -1.4488 0.208, 1.3031 -1.4488 0.208, 1.3031 -1.5512 0.208, 1.1575 -1.4488 0.0, 1.1575 -1.4488 -1.2008, 0.8425 -1.4488 -1.2008, 0.8425 -1.4488 0.0, 0.8425 -1.5512 0.0, 0.8425 -1.5512 -1.2008, 1.1575 -1.5512 -1.2008, 1.1575 -1.5512 0.0, 1.9213 -1.5512 -1.3976, 1.9213 -1.4488 -1.3976, 2.0787 -1.5512 -1.3976, 2.0787 -1.4488 -1.3976, 1.6969 -1.2205 0.5906, 1.6969 -1.2187 0.5689, 1.6969 -1.3819 0.5689, 1.6969 -1.2205 0.6496, 1.6969 -1.3819 0.6713, 1.6969 -1.219 0.6713, 2.3031 -1.3819 0.5689, 2.3031 -1.2187 0.5689, 2.3031 -1.2205 0.5906, 2.3031 -1.3819 0.6713, 2.3031 -1.2205 0.6496, 2.3031 -1.219 0.6713, 1.6969 -1.4488 0.502, 1.6969 -1.5512 0.502, 1.6969 -1.4471 0.5169, 1.6969 -1.5469 0.5396, 1.6969 -1.4422 0.531, 1.6969 -1.5344 0.5754, 1.6969 -1.4342 0.5437, 1.6969 -1.5142 0.6075, 1.6969 -1.4236 0.5543, 1.6969 -1.4874 0.6343, 1.6969 -1.4109 0.5623, 1.6969 -1.4553 0.6545, 1.6969 -1.3968 0.5672, 1.6969 -1.4196 0.667, 2.3031 -1.3968 0.5672, 2.3031 -1.4196 0.667, 2.3031 -1.4109 0.5623, 2.3031 -1.4553 0.6545, 2.3031 -1.4236 0.5543, 2.3031 -1.4874 0.6343, 2.3031 -1.4342 0.5437, 2.3031 -1.5142 0.6075, 2.3031 -1.4422 0.531, 2.3031 -1.5344 0.5754, 2.3031 -1.4471 0.5169, 2.3031 -1.5469 0.5396, 2.3031 -1.4488 0.502, 2.3031 -1.5512 0.502, 1.6969 -1.5512 0.208, 1.6969 -1.4488 0.208, 2.3031 -1.4488 0.208, 2.3031 -1.5512 0.208, 2.1575 -1.4488 0.0, 2.1575 -1.4488 -1.2008, 1.8425 -1.4488 -1.2008, 1.8425 -1.4488 0.0, 1.8425 -1.5512 0.0, 1.8425 -1.5512 -1.2008, 2.1575 -1.5512 -1.2008, 2.1575 -1.5512 0.0, 2.9213 -1.5512 -1.3976, 2.9213 -1.4488 -1.3976, 3.0787 -1.5512 -1.3976, 3.0787 -1.4488 -1.3976, 2.6969 -1.2205 0.5906, 2.6969 -1.2187 0.5689, 2.6969 -1.3819 0.5689, 2.6969 -1.2205 0.6496, 2.6969 -1.3819 0.6713, 2.6969 -1.219 0.6713, 3.3031 -1.3819 0.5689, 3.3031 -1.2187 0.5689, 3.3031 -1.2205 0.5906, 3.3031 -1.3819 0.6713, 3.3031 -1.2205 0.6496, 3.3031 -1.219 0.6713, 2.6969 -1.4488 0.502, 2.6969 -1.5512 0.502, 2.6969 -1.4471 0.5169, 2.6969 -1.5469 0.5396, 2.6969 -1.4422 0.531, 2.6969 -1.5344 0.5754, 2.6969 -1.4342 0.5437, 2.6969 -1.5142 0.6075, 2.6969 -1.4236 0.5543, 2.6969 -1.4874 0.6343, 2.6969 -1.4109 0.5623, 2.6969 -1.4553 0.6545, 2.6969 -1.3968 0.5672, 2.6969 -1.4196 0.667, 3.3031 -1.3968 0.5672, 3.3031 -1.4196 0.667, 3.3031 -1.4109 0.5623, 3.3031 -1.4553 0.6545, 3.3031 -1.4236 0.5543, 3.3031 -1.4874 0.6343, 3.3031 -1.4342 0.5437, 3.3031 -1.5142 0.6075, 3.3031 -1.4422 0.531, 3.3031 -1.5344 0.5754, 3.3031 -1.4471 0.5169, 3.3031 -1.5469 0.5396, 3.3031 -1.4488 0.502, 3.3031 -1.5512 0.502, 2.6969 -1.5512 0.208, 2.6969 -1.4488 0.208, 3.3031 -1.4488 0.208, 3.3031 -1.5512 0.208, 2.8425 -1.4488 0.0, 3.1575 -1.4488 0.0, 2.8425 -1.4488 -1.2008, 3.1575 -1.4488 -1.2008, 2.8425 -1.5512 -0.0, 2.8425 -1.5512 -1.2008, 3.1575 -1.5512 -1.2008, 3.1575 -1.5512 0.0, 1.3031 1.2205 0.5906, 1.3031 1.2187 0.5689, 1.3031 1.3819 0.5689, 1.3031 1.2205 0.6496, 1.3031 1.3819 0.6713, 1.3031 1.219 0.6713, 0.6969 1.2187 0.5689, 0.6969 1.3819 0.5689, 0.6969 1.2205 0.5906, 0.6969 1.3819 0.6713, 0.6969 1.2205 0.6496, 0.6969 1.219 0.6713, 1.3031 1.4488 0.502, 1.3031 1.5512 0.502, 1.3031 1.4471 0.5169, 1.3031 1.5469 0.5396, 1.3031 1.4422 0.531, 1.3031 1.5344 0.5754, 1.3031 1.4342 0.5437, 1.3031 1.5142 0.6075, 1.3031 1.4236 0.5543, 1.3031 1.4874 0.6343, 1.3031 1.4109 0.5623, 1.3031 1.4553 0.6545, 1.3031 1.3968 0.5672, 1.3031 1.4196 0.667, 0.6969 1.3968 0.5672, 0.6969 1.4109 0.5623, 0.6969 1.4236 0.5543, 0.6969 1.4342 0.5437, 0.6969 1.4422 0.531, 0.6969 1.4471 0.5169, 0.6969 1.4488 0.502, 0.6969 1.4196 0.667, 0.6969 1.4553 0.6545, 0.6969 1.4874 0.6343, 0.6969 1.5142 0.6075, 0.6969 1.5344 0.5754, 0.6969 1.5469 0.5396, 0.6969 1.5512 0.502, 0.6969 1.4488 0.208, 0.6969 1.5512 0.208, 1.1575 1.5512 0.0, 1.3031 1.5512 0.208, 1.0787 1.5512 -1.3976, 0.9213 1.5512 -1.3976, 1.1575 1.5512 -1.2008, 0.8425 1.5512 -1.2008, 0.8425 1.5512 0.0, 1.0787 1.4488 -1.3976, 0.9213 1.4488 -1.3976, 0.8425 1.4488 -1.2008, 0.8425 1.4488 0.0, 1.1575 1.4488 -1.2008, 1.1575 1.4488 0.0, 1.3031 1.4488 0.208, 2.3031 1.2205 0.5906, 2.3031 1.2187 0.5689, 2.3031 1.3819 0.5689, 2.3031 1.2205 0.6496, 2.3031 1.3819 0.6713, 2.3031 1.219 0.6713, 1.6969 1.2187 0.5689, 1.6969 1.3819 0.5689, 1.6969 1.2205 0.5906, 1.6969 1.3819 0.6713, 1.6969 1.2205 0.6496, 1.6969 1.219 0.6713, 2.3031 1.4488 0.502, 2.3031 1.5512 0.502, 2.3031 1.4471 0.5169, 2.3031 1.5469 0.5396, 2.3031 1.4422 0.531, 2.3031 1.5344 0.5754, 2.3031 1.4342 0.5437, 2.3031 1.5142 0.6075, 2.3031 1.4236 0.5543, 2.3031 1.4874 0.6343, 2.3031 1.4109 0.5623, 2.3031 1.4553 0.6545, 2.3031 1.3968 0.5672, 2.3031 1.4196 0.667, 1.6969 1.3968 0.5672, 1.6969 1.4109 0.5623, 1.6969 1.4236 0.5543, 1.6969 1.4342 0.5437, 1.6969 1.4422 0.531, 1.6969 1.4471 0.5169, 1.6969 1.4488 0.502, 1.6969 1.4196 0.667, 1.6969 1.4553 0.6545, 1.6969 1.4874 0.6343, 1.6969 1.5142 0.6075, 1.6969 1.5344 0.5754, 1.6969 1.5469 0.5396, 1.6969 1.5512 0.502, 1.6969 1.4488 0.208, 1.6969 1.5512 0.208, 2.1575 1.5512 0.0, 2.3031 1.5512 0.208, 2.0787 1.5512 -1.3976, 1.9213 1.5512 -1.3976, 2.1575 1.5512 -1.2008, 1.8425 1.5512 -1.2008, 1.8425 1.5512 0.0, 2.0787 1.4488 -1.3976, 1.9213 1.4488 -1.3976, 1.8425 1.4488 -1.2008, 1.8425 1.4488 0.0, 2.1575 1.4488 -1.2008, 2.1575 1.4488 0.0, 2.3031 1.4488 0.208, 3.3031 1.2205 0.5906, 3.3031 1.2187 0.5689, 3.3031 1.3819 0.5689, 3.3031 1.2205 0.6496, 3.3031 1.3819 0.6713, 3.3031 1.219 0.6713, 2.6969 1.2187 0.5689, 2.6969 1.3819 0.5689, 2.6969 1.2205 0.5906, 2.6969 1.3819 0.6713, 2.6969 1.2205 0.6496, 2.6969 1.219 0.6713, 3.3031 1.4488 0.502, 3.3031 1.5512 0.502, 3.3031 1.4471 0.5169, 3.3031 1.5469 0.5396, 3.3031 1.4422 0.531, 3.3031 1.5344 0.5754, 3.3031 1.4342 0.5437, 3.3031 1.5142 0.6075, 3.3031 1.4236 0.5543, 3.3031 1.4874 0.6343, 3.3031 1.4109 0.5623, 3.3031 1.4553 0.6545, 3.3031 1.3968 0.5672, 3.3031 1.4196 0.667, 2.6969 1.3968 0.5672, 2.6969 1.4109 0.5623, 2.6969 1.4236 0.5543, 2.6969 1.4342 0.5437, 2.6969 1.4422 0.531, 2.6969 1.4471 0.5169, 2.6969 1.4488 0.502, 2.6969 1.4196 0.667, 2.6969 1.4553 0.6545, 2.6969 1.4874 0.6343, 2.6969 1.5142 0.6075, 2.6969 1.5344 0.5754, 2.6969 1.5469 0.5396, 2.6969 1.5512 0.502, 2.6969 1.4488 0.208, 2.6969 1.5512 0.208, 3.0787 1.5512 -1.3976, 2.9213 1.5512 -1.3976, 3.1575 1.5512 -1.2008, 2.8425 1.5512 -1.2008, 3.1575 1.5512 0.0, 2.8425 1.5512 0.0, 3.3031 1.5512 0.208, 3.0787 1.4488 -1.3976, 2.9213 1.4488 -1.3976, 2.8425 1.4488 -1.2008, 2.8425 1.4488 0.0, 3.3031 1.4488 0.208, 3.1575 1.4488 -1.2008, 3.1575 1.4488 0.0, 3.1575 1.4488 0.0
            ]
        }
        coordIndex [
            0,1,2,-1,2,1,3,-1,4,5,6,-1,4,6,7,-1,7,6,8,-1,7,8,9,-1,10,11,12,-1,10,12,13,-1,13,12,14,-1,13,14,15,-1,11,10,5,-1,5,10,6,-1,16,17,18,-1,18,17,19,-1,18,19,20,-1,20,19,21,-1,20,21,22,-1,22,21,23,-1,22,23,24,-1,24,23,25,-1,24,25,26,-1,26,25,27,-1,26,27,28,-1,28,27,29,-1,28,29,6,-1,6,29,8,-1,9,8,15,-1,15,8,13,-1,10,13,30,-1,30,13,31,-1,30,31,32,-1,32,31,33,-1,32,33,34,-1,34,33,35,-1,34,35,36,-1,36,35,37,-1,36,37,38,-1,38,37,39,-1,38,39,40,-1,40,39,41,-1,40,41,42,-1,42,41,43,-1,6,10,28,-1,28,10,30,-1,28,30,26,-1,26,30,32,-1,26,32,24,-1,24,32,34,-1,24,34,22,-1,22,34,36,-1,22,36,20,-1,20,36,38,-1,20,38,18,-1,18,38,40,-1,18,40,16,-1,16,40,42,-1,17,16,44,-1,44,16,45,-1,17,43,41,-1,17,41,19,-1,19,41,39,-1,19,39,21,-1,21,39,37,-1,21,37,23,-1,23,37,35,-1,23,35,25,-1,25,35,33,-1,25,33,27,-1,27,33,31,-1,27,31,29,-1,29,31,13,-1,29,13,8,-1,42,43,46,-1,46,43,47,-1,48,45,46,-1,46,45,16,-1,46,16,42,-1,3,1,49,-1,49,1,50,-1,49,50,48,-1,48,50,51,-1,48,51,45,-1,51,52,45,-1,45,52,44,-1,52,51,53,-1,53,51,50,-1,53,50,0,-1,0,50,1,-1,0,2,53,-1,53,2,54,-1,53,54,52,-1,52,54,55,-1,52,55,44,-1,44,55,47,-1,44,47,17,-1,17,47,43,-1,55,48,47,-1,47,48,46,-1,54,49,55,-1,55,49,48,-1,2,3,54,-1,54,3,49,-1,56,57,58,-1,58,57,59,-1,60,61,62,-1,60,62,63,-1,63,62,64,-1,63,64,65,-1,66,67,68,-1,66,68,69,-1,69,68,70,-1,69,70,71,-1,67,66,61,-1,61,66,62,-1,72,73,74,-1,74,73,75,-1,74,75,76,-1,76,75,77,-1,76,77,78,-1,78,77,79,-1,78,79,80,-1,80,79,81,-1,80,81,82,-1,82,81,83,-1,82,83,84,-1,84,83,85,-1,84,85,62,-1,62,85,64,-1,65,64,71,-1,71,64,69,-1,66,69,86,-1,86,69,87,-1,86,87,88,-1,88,87,89,-1,88,89,90,-1,90,89,91,-1,90,91,92,-1,92,91,93,-1,92,93,94,-1,94,93,95,-1,94,95,96,-1,96,95,97,-1,96,97,98,-1,98,97,99,-1,62,66,84,-1,84,66,86,-1,84,86,82,-1,82,86,88,-1,82,88,80,-1,80,88,90,-1,80,90,78,-1,78,90,92,-1,78,92,76,-1,76,92,94,-1,76,94,74,-1,74,94,96,-1,74,96,72,-1,72,96,98,-1,73,72,100,-1,100,72,101,-1,73,99,97,-1,73,97,75,-1,75,97,95,-1,75,95,77,-1,77,95,93,-1,77,93,79,-1,79,93,91,-1,79,91,81,-1,81,91,89,-1,81,89,83,-1,83,89,87,-1,83,87,85,-1,85,87,69,-1,85,69,64,-1,98,99,102,-1,102,99,103,-1,104,101,102,-1,102,101,72,-1,102,72,98,-1,59,57,105,-1,105,57,106,-1,105,106,104,-1,104,106,107,-1,104,107,101,-1,107,108,101,-1,101,108,100,-1,108,107,109,-1,109,107,106,-1,109,106,56,-1,56,106,57,-1,56,58,109,-1,109,58,110,-1,109,110,108,-1,108,110,111,-1,108,111,100,-1,100,111,103,-1,100,103,73,-1,73,103,99,-1,111,104,103,-1,103,104,102,-1,110,105,111,-1,111,105,104,-1,58,59,110,-1,110,59,105,-1,112,113,114,-1,114,113,115,-1,116,117,118,-1,116,118,119,-1,119,118,120,-1,119,120,121,-1,122,123,124,-1,122,124,125,-1,125,124,126,-1,125,126,127,-1,123,122,117,-1,117,122,118,-1,128,129,130,-1,130,129,131,-1,130,131,132,-1,132,131,133,-1,132,133,134,-1,134,133,135,-1,134,135,136,-1,136,135,137,-1,136,137,138,-1,138,137,139,-1,138,139,140,-1,140,139,141,-1,140,141,118,-1,118,141,120,-1,121,120,127,-1,127,120,125,-1,122,125,142,-1,142,125,143,-1,142,143,144,-1,144,143,145,-1,144,145,146,-1,146,145,147,-1,146,147,148,-1,148,147,149,-1,148,149,150,-1,150,149,151,-1,150,151,152,-1,152,151,153,-1,152,153,154,-1,154,153,155,-1,118,122,140,-1,140,122,142,-1,140,142,138,-1,138,142,144,-1,138,144,136,-1,136,144,146,-1,136,146,134,-1,134,146,148,-1,134,148,132,-1,132,148,150,-1,132,150,130,-1,130,150,152,-1,130,152,128,-1,128,152,154,-1,129,128,156,-1,156,128,157,-1,129,155,153,-1,129,153,131,-1,131,153,151,-1,131,151,133,-1,133,151,149,-1,133,149,135,-1,135,149,147,-1,135,147,137,-1,137,147,145,-1,137,145,139,-1,139,145,143,-1,139,143,141,-1,141,143,125,-1,141,125,120,-1,154,155,158,-1,158,155,159,-1,128,154,157,-1,157,154,158,-1,157,158,160,-1,160,158,161,-1,160,161,162,-1,162,161,163,-1,162,163,113,-1,113,163,115,-1,160,164,157,-1,157,164,156,-1,164,160,165,-1,165,160,162,-1,165,162,112,-1,112,162,113,-1,164,159,156,-1,156,159,155,-1,156,155,129,-1,112,114,165,-1,165,114,166,-1,165,166,164,-1,164,166,167,-1,164,167,159,-1,167,161,159,-1,159,161,158,-1,166,163,167,-1,167,163,161,-1,114,115,166,-1,166,115,163,-1,168,169,170,-1,168,170,171,-1,171,170,172,-1,171,172,173,-1,174,175,169,-1,169,175,170,-1,175,174,176,-1,175,176,177,-1,177,176,178,-1,177,178,179,-1,173,172,179,-1,179,172,177,-1,180,181,182,-1,182,181,183,-1,182,183,184,-1,184,183,185,-1,184,185,186,-1,186,185,187,-1,186,187,188,-1,188,187,189,-1,188,189,190,-1,190,189,191,-1,190,191,192,-1,192,191,193,-1,192,193,170,-1,170,193,172,-1,170,175,192,-1,192,175,194,-1,192,194,190,-1,190,194,195,-1,190,195,188,-1,188,195,196,-1,188,196,186,-1,186,196,197,-1,186,197,184,-1,184,197,198,-1,184,198,182,-1,182,198,199,-1,182,199,180,-1,180,199,200,-1,175,177,194,-1,194,177,201,-1,194,201,195,-1,195,201,202,-1,195,202,196,-1,196,202,203,-1,196,203,197,-1,197,203,204,-1,197,204,198,-1,198,204,205,-1,198,205,199,-1,199,205,206,-1,199,206,200,-1,200,206,207,-1,181,207,206,-1,181,206,183,-1,183,206,205,-1,183,205,185,-1,185,205,204,-1,185,204,187,-1,187,204,203,-1,187,203,189,-1,189,203,202,-1,189,202,191,-1,191,202,201,-1,191,201,193,-1,193,201,177,-1,193,177,172,-1,208,200,209,-1,209,200,207,-1,210,209,211,-1,211,209,207,-1,211,207,181,-1,212,213,214,-1,214,213,215,-1,214,215,210,-1,210,215,216,-1,210,216,209,-1,217,218,212,-1,212,218,213,-1,215,213,219,-1,219,213,218,-1,216,215,220,-1,220,215,219,-1,220,208,216,-1,216,208,209,-1,218,217,219,-1,219,217,221,-1,219,221,220,-1,220,221,222,-1,220,222,208,-1,208,222,223,-1,208,223,200,-1,200,223,180,-1,211,181,223,-1,223,181,180,-1,210,211,222,-1,222,211,223,-1,214,210,221,-1,221,210,222,-1,212,214,217,-1,217,214,221,-1,224,225,226,-1,224,226,227,-1,227,226,228,-1,227,228,229,-1,230,231,225,-1,225,231,226,-1,231,230,232,-1,231,232,233,-1,233,232,234,-1,233,234,235,-1,229,228,235,-1,235,228,233,-1,236,237,238,-1,238,237,239,-1,238,239,240,-1,240,239,241,-1,240,241,242,-1,242,241,243,-1,242,243,244,-1,244,243,245,-1,244,245,246,-1,246,245,247,-1,246,247,248,-1,248,247,249,-1,248,249,226,-1,226,249,228,-1,226,231,248,-1,248,231,250,-1,248,250,246,-1,246,250,251,-1,246,251,244,-1,244,251,252,-1,244,252,242,-1,242,252,253,-1,242,253,240,-1,240,253,254,-1,240,254,238,-1,238,254,255,-1,238,255,236,-1,236,255,256,-1,231,233,250,-1,250,233,257,-1,250,257,251,-1,251,257,258,-1,251,258,252,-1,252,258,259,-1,252,259,253,-1,253,259,260,-1,253,260,254,-1,254,260,261,-1,254,261,255,-1,255,261,262,-1,255,262,256,-1,256,262,263,-1,237,263,262,-1,237,262,239,-1,239,262,261,-1,239,261,241,-1,241,261,260,-1,241,260,243,-1,243,260,259,-1,243,259,245,-1,245,259,258,-1,245,258,247,-1,247,258,257,-1,247,257,249,-1,249,257,233,-1,249,233,228,-1,264,256,265,-1,265,256,263,-1,266,265,267,-1,267,265,263,-1,267,263,237,-1,268,269,270,-1,270,269,271,-1,270,271,266,-1,266,271,272,-1,266,272,265,-1,273,274,268,-1,268,274,269,-1,271,269,275,-1,275,269,274,-1,272,271,276,-1,276,271,275,-1,276,264,272,-1,272,264,265,-1,274,273,275,-1,275,273,277,-1,275,277,276,-1,276,277,278,-1,276,278,264,-1,264,278,279,-1,264,279,256,-1,256,279,236,-1,267,237,279,-1,279,237,236,-1,266,267,278,-1,278,267,279,-1,270,266,277,-1,277,266,278,-1,268,270,273,-1,273,270,277,-1,280,281,282,-1,280,282,283,-1,283,282,284,-1,283,284,285,-1,286,287,281,-1,281,287,282,-1,287,286,288,-1,287,288,289,-1,289,288,290,-1,289,290,291,-1,285,284,291,-1,291,284,289,-1,292,293,294,-1,294,293,295,-1,294,295,296,-1,296,295,297,-1,296,297,298,-1,298,297,299,-1,298,299,300,-1,300,299,301,-1,300,301,302,-1,302,301,303,-1,302,303,304,-1,304,303,305,-1,304,305,282,-1,282,305,284,-1,282,287,304,-1,304,287,306,-1,304,306,302,-1,302,306,307,-1,302,307,300,-1,300,307,308,-1,300,308,298,-1,298,308,309,-1,298,309,296,-1,296,309,310,-1,296,310,294,-1,294,310,311,-1,294,311,292,-1,292,311,312,-1,287,289,306,-1,306,289,313,-1,306,313,307,-1,307,313,314,-1,307,314,308,-1,308,314,315,-1,308,315,309,-1,309,315,316,-1,309,316,310,-1,310,316,317,-1,310,317,311,-1,311,317,318,-1,311,318,312,-1,312,318,319,-1,293,319,318,-1,293,318,295,-1,295,318,317,-1,295,317,297,-1,297,317,316,-1,297,316,299,-1,299,316,315,-1,299,315,301,-1,301,315,314,-1,301,314,303,-1,303,314,313,-1,303,313,305,-1,305,313,289,-1,305,289,284,-1,320,312,321,-1,321,312,319,-1,322,323,324,-1,324,323,325,-1,324,325,326,-1,326,325,327,-1,326,327,328,-1,328,327,321,-1,328,321,293,-1,293,321,319,-1,329,330,322,-1,322,330,323,-1,325,323,331,-1,331,323,330,-1,327,325,332,-1,332,325,331,-1,332,320,327,-1,327,320,321,-1,332,333,320,-1,320,333,292,-1,320,292,312,-1,330,329,331,-1,331,329,334,-1,331,334,332,-1,332,334,335,-1,332,335,333,-1,328,293,333,-1,333,293,292,-1,326,328,335,-1,335,328,333,-1,324,326,334,-1,334,326,335,-1,322,324,329,-1,329,324,334,-1,
        ]
    }
}
Shape{
    appearance Appearance {
        material  Material 	{
            diffuseColor 1.0 1.0 1.0
            specularColor 0.8784313725490196 0.8784313725490196 0.8784313725490196
            ambientIntensity 0.2
            transparency 0
            shininess 0.5
        }
    }
    geometry IndexedFaceSet {
        ccw TRUE
        solid FALSE
        coord DEF co Coordinate {
            point [
                -2.8031 0.3937 1.1614, -2.8031 -0.3937 1.1614, -2.8031 0.3937 1.2008, -2.8031 -0.3937 1.2008, -3.1969 -0.3937 1.1614, -3.1969 0.3937 1.1614, -3.1969 -0.3937 1.2008, -3.1969 0.3937 1.2008, -3.1969 0.3937 1.2008
            ]
        }
        coordIndex [
            0,1,2,-1,2,1,3,-1,4,5,6,-1,6,5,7,-1,5,0,7,-1,7,0,2,-1,
        ]
    }
}
Shape{
    appearance Appearance {
        material  Material 	{
            diffuseColor 0.25098039215686274 0.25098039215686274 0.25098039215686274
            specularColor 0.17647058823529413 0.17647058823529413 0.17647058823529413
            ambientIntensity 0.2
            transparency 0
            shininess 0.5
        }
    }
    geometry IndexedFaceSet {
        ccw TRUE
        solid FALSE
        coord DEF co Coordinate {
            point [
                -2.7638 0.4921 1.2008, -2.7638 -0.4921 1.2008, -2.7638 0.7283 1.3583, -2.7638 -0.7283 1.3583, -3.2362 -0.4921 1.2008, -3.2362 0.4921 1.2008, -3.2362 -0.7283 1.3583, -3.2362 0.7283 1.3583, -2.766 -0.7283 1.3583, -3.1357 -0.7283 1.3583, -2.9911 -0.7283 1.3583, -2.8228 -0.3937 1.2008, -3.1772 -0.3937 1.2008, -3.1969 -0.3937 1.2008, -3.1969 0.3937 1.2008, -2.8031 0.3937 1.2008, -2.8031 -0.3937 1.2008, -2.766 0.7283 1.3583, -2.9911 0.7283 1.3583, -3.1357 0.7283 1.3583, -3.1357 0.7283 1.3583
            ]
        }
        coordIndex [
            0,1,2,-1,2,1,3,-1,4,5,6,-1,6,5,7,-1,8,3,1,-1,4,6,9,-1,4,9,1,-1,1,9,10,-1,1,10,8,-1,4,1,11,-1,11,12,4,-1,4,12,13,-1,4,13,5,-1,5,13,14,-1,5,14,0,-1,0,14,15,-1,0,15,1,-1,1,15,16,-1,1,16,11,-1,2,17,0,-1,0,17,18,-1,0,18,5,-1,5,18,19,-1,5,19,7,-1,
        ]
    }
}
Shape{
    appearance Appearance {
        material  Material 	{
            diffuseColor 1.0 1.0 1.0
            specularColor 0.8784313725490196 0.8784313725490196 0.8784313725490196
            ambientIntensity 0.2
            transparency 0
            shininess 0.5
        }
    }
    geometry IndexedFaceSet {
        ccw TRUE
        solid FALSE
        coord DEF co Coordinate {
            point [
                -1.8031 0.3937 1.1614, -1.8031 -0.3937 1.1614, -1.8031 0.3937 1.2008, -1.8031 -0.3937 1.2008, -2.1969 -0.3937 1.1614, -2.1969 0.3937 1.1614, -2.1969 -0.3937 1.2008, -2.1969 0.3937 1.2008, -2.1969 0.3937 1.2008
            ]
        }
        coordIndex [
            0,1,2,-1,2,1,3,-1,4,5,6,-1,6,5,7,-1,5,0,7,-1,7,0,2,-1,
        ]
    }
}
Shape{
    appearance Appearance {
        material  Material 	{
            diffuseColor 0.25098039215686274 0.25098039215686274 0.25098039215686274
            specularColor 0.17647058823529413 0.17647058823529413 0.17647058823529413
            ambientIntensity 0.2
            transparency 0
            shininess 0.5
        }
    }
    geometry IndexedFaceSet {
        ccw TRUE
        solid FALSE
        coord DEF co Coordinate {
            point [
                -1.7638 0.4921 1.2008, -1.7638 -0.4921 1.2008, -1.7638 0.7283 1.3583, -1.7638 -0.7283 1.3583, -2.2362 -0.4921 1.2008, -2.2362 0.4921 1.2008, -2.2362 -0.7283 1.3583, -2.2362 0.7283 1.3583, -1.8228 -0.3937 1.2008, -2.1772 -0.3937 1.2008, -2.1969 -0.3937 1.2008, -2.1969 0.3937 1.2008, -1.8031 0.3937 1.2008, -1.8031 -0.3937 1.2008, -1.8031 -0.3937 1.2008
            ]
        }
        coordIndex [
            0,1,2,-1,2,1,3,-1,4,5,6,-1,6,5,7,-1,3,1,6,-1,6,1,4,-1,4,1,8,-1,8,9,4,-1,4,9,10,-1,4,10,5,-1,5,10,11,-1,5,11,0,-1,0,11,12,-1,0,12,1,-1,1,12,13,-1,1,13,8,-1,7,5,2,-1,2,5,0,-1,
        ]
    }
}
Shape{
    appearance Appearance {
        material  Material 	{
            diffuseColor 1.0 1.0 1.0
            specularColor 0.8784313725490196 0.8784313725490196 0.8784313725490196
            ambientIntensity 0.2
            transparency 0
            shininess 0.5
        }
    }
    geometry IndexedFaceSet {
        ccw TRUE
        solid FALSE
        coord DEF co Coordinate {
            point [
                -0.8031 0.3937 1.1614, -0.8031 -0.3937 1.1614, -0.8031 0.3937 1.2008, -0.8031 -0.3937 1.2008, -1.1969 -0.3937 1.1614, -1.1969 0.3937 1.1614, -1.1969 -0.3937 1.2008, -1.1969 0.3937 1.2008, -1.1969 0.3937 1.2008
            ]
        }
        coordIndex [
            0,1,2,-1,2,1,3,-1,4,5,6,-1,6,5,7,-1,5,0,7,-1,7,0,2,-1,
        ]
    }
}
Shape{
    appearance Appearance {
        material  Material 	{
            diffuseColor 0.25098039215686274 0.25098039215686274 0.25098039215686274
            specularColor 0.17647058823529413 0.17647058823529413 0.17647058823529413
            ambientIntensity 0.2
            transparency 0
            shininess 0.5
        }
    }
    geometry IndexedFaceSet {
        ccw TRUE
        solid FALSE
        coord DEF co Coordinate {
            point [
                -0.7638 0.4921 1.2008, -0.7638 -0.4921 1.2008, -0.7638 0.7283 1.3583, -0.7638 -0.7283 1.3583, -1.2362 -0.4921 1.2008, -1.2362 0.4921 1.2008, -1.2362 -0.7283 1.3583, -1.2362 0.7283 1.3583, -0.8228 -0.3937 1.2008, -1.1772 -0.3937 1.2008, -1.1969 -0.3937 1.2008, -1.1969 0.3937 1.2008, -0.8031 0.3937 1.2008, -0.8031 -0.3937 1.2008, -0.8031 -0.3937 1.2008
            ]
        }
        coordIndex [
            0,1,2,-1,2,1,3,-1,4,5,6,-1,6,5,7,-1,3,1,6,-1,6,1,4,-1,4,1,8,-1,8,9,4,-1,4,9,10,-1,4,10,5,-1,5,10,11,-1,5,11,0,-1,0,11,12,-1,0,12,1,-1,1,12,13,-1,1,13,8,-1,7,5,2,-1,2,5,0,-1,
        ]
    }
}
Shape{
    appearance Appearance {
        material  Material 	{
            diffuseColor 1.0 1.0 1.0
            specularColor 0.30196078431372547 0.30196078431372547 0.30196078431372547
            ambientIntensity 0.2
            transparency 0
            shininess 0.5
        }
    }
    geometry IndexedFaceSet {
        ccw TRUE
        solid FALSE
        coord DEF co Coordinate {
            point [
                -0.8228 -0.3937 1.1614, -0.8228 -0.0787 1.1614, -0.8228 -0.3937 1.2008, -0.8228 -0.0787 1.5945, -0.8228 -0.3937 1.5945, -1.1772 -0.0787 1.5945, -1.1772 -0.0787 1.1614, -1.1772 -0.3937 1.5945, -1.1772 -0.3937 1.2008, -1.1772 -0.3937 1.1614, -1.8228 -0.3937 1.1614, -1.8228 -0.0787 1.1614, -1.8228 -0.3937 1.2008, -1.8228 -0.0787 1.5945, -1.8228 -0.3937 1.5945, -2.1772 -0.0787 1.5945, -2.1772 -0.0787 1.1614, -2.1772 -0.3937 1.5945, -2.1772 -0.3937 1.2008, -2.1772 -0.3937 1.1614, -2.8228 -0.3937 1.1614, -2.8228 -0.0787 1.1614, -2.8228 -0.3937 1.2008, -2.8228 -0.0787 1.5945, -2.8228 -0.3937 1.5945, -3.1772 -0.0787 1.5945, -3.1772 -0.0787 1.1614, -3.1772 -0.3937 1.5945, -3.1772 -0.3937 1.2008, -3.1772 -0.3937 1.1614, -3.1772 -0.3937 1.1614
            ]
        }
        coordIndex [
            0,1,2,-1,2,1,3,-1,2,3,4,-1,5,3,6,-1,6,3,1,-1,7,5,8,-1,8,5,6,-1,8,6,9,-1,4,7,2,-1,2,7,8,-1,5,7,3,-1,3,7,4,-1,10,11,12,-1,12,11,13,-1,12,13,14,-1,15,13,16,-1,16,13,11,-1,17,15,18,-1,18,15,16,-1,18,16,19,-1,14,17,12,-1,12,17,18,-1,15,17,13,-1,13,17,14,-1,20,21,22,-1,22,21,23,-1,22,23,24,-1,25,23,26,-1,26,23,21,-1,27,25,28,-1,28,25,26,-1,28,26,29,-1,24,27,22,-1,22,27,28,-1,25,27,23,-1,23,27,24,-1,
        ]
    }
}
Shape{
    appearance Appearance {
        material  Material 	{
            diffuseColor 0.9686274509803922 0.8784313725490196 0.6
            specularColor 0.6784313725490196 0.615686274509804 0.4196078431372549
            ambientIntensity 0.2
            transparency 0
            shininess 0.5
        }
    }
    geometry IndexedFaceSet {
        ccw TRUE
        solid FALSE
        coord DEF co Coordinate {
            point [
                -1.0787 -1.5512 -1.3976, -1.0787 -1.4488 -1.3976, -0.9213 -1.5512 -1.3976, -0.9213 -1.4488 -1.3976, -1.3031 -1.2205 0.5906, -1.3031 -1.2187 0.5689, -1.3031 -1.3819 0.5689, -1.3031 -1.2205 0.6496, -1.3031 -1.3819 0.6713, -1.3031 -1.219 0.6713, -0.6969 -1.3819 0.5689, -0.6969 -1.2187 0.5689, -0.6969 -1.2205 0.5906, -0.6969 -1.3819 0.6713, -0.6969 -1.2205 0.6496, -0.6969 -1.219 0.6713, -1.3031 -1.4488 0.502, -1.3031 -1.5512 0.502, -1.3031 -1.4471 0.5169, -1.3031 -1.5469 0.5396, -1.3031 -1.4422 0.531, -1.3031 -1.5344 0.5754, -1.3031 -1.4342 0.5437, -1.3031 -1.5142 0.6075, -1.3031 -1.4236 0.5543, -1.3031 -1.4874 0.6343, -1.3031 -1.4109 0.5623, -1.3031 -1.4553 0.6545, -1.3031 -1.3968 0.5672, -1.3031 -1.4196 0.667, -0.6969 -1.3968 0.5672, -0.6969 -1.4196 0.667, -0.6969 -1.4109 0.5623, -0.6969 -1.4553 0.6545, -0.6969 -1.4236 0.5543, -0.6969 -1.4874 0.6343, -0.6969 -1.4342 0.5437, -0.6969 -1.5142 0.6075, -0.6969 -1.4422 0.531, -0.6969 -1.5344 0.5754, -0.6969 -1.4471 0.5169, -0.6969 -1.5469 0.5396, -0.6969 -1.4488 0.502, -0.6969 -1.5512 0.502, -1.3031 -1.5512 0.208, -1.3031 -1.4488 0.208, -0.6969 -1.4488 0.208, -0.6969 -1.5512 0.208, -0.8425 -1.4488 0.0, -0.8425 -1.4488 -1.2008, -1.1575 -1.4488 -1.2008, -1.1575 -1.4488 0.0, -1.1575 -1.5512 0.0, -1.1575 -1.5512 -1.2008, -0.8425 -1.5512 -1.2008, -0.8425 -1.5512 0.0, -2.0787 -1.5512 -1.3976, -2.0787 -1.4488 -1.3976, -1.9213 -1.5512 -1.3976, -1.9213 -1.4488 -1.3976, -2.3031 -1.2205 0.5906, -2.3031 -1.2187 0.5689, -2.3031 -1.3819 0.5689, -2.3031 -1.2205 0.6496, -2.3031 -1.3819 0.6713, -2.3031 -1.219 0.6713, -1.6969 -1.3819 0.5689, -1.6969 -1.2187 0.5689, -1.6969 -1.2205 0.5906, -1.6969 -1.3819 0.6713, -1.6969 -1.2205 0.6496, -1.6969 -1.219 0.6713, -2.3031 -1.4488 0.502, -2.3031 -1.5512 0.502, -2.3031 -1.4471 0.5169, -2.3031 -1.5469 0.5396, -2.3031 -1.4422 0.531, -2.3031 -1.5344 0.5754, -2.3031 -1.4342 0.5437, -2.3031 -1.5142 0.6075, -2.3031 -1.4236 0.5543, -2.3031 -1.4874 0.6343, -2.3031 -1.4109 0.5623, -2.3031 -1.4553 0.6545, -2.3031 -1.3968 0.5672, -2.3031 -1.4196 0.667, -1.6969 -1.3968 0.5672, -1.6969 -1.4196 0.667, -1.6969 -1.4109 0.5623, -1.6969 -1.4553 0.6545, -1.6969 -1.4236 0.5543, -1.6969 -1.4874 0.6343, -1.6969 -1.4342 0.5437, -1.6969 -1.5142 0.6075, -1.6969 -1.4422 0.531, -1.6969 -1.5344 0.5754, -1.6969 -1.4471 0.5169, -1.6969 -1.5469 0.5396, -1.6969 -1.4488 0.502, -1.6969 -1.5512 0.502, -2.3031 -1.5512 0.208, -2.3031 -1.4488 0.208, -1.6969 -1.4488 0.208, -1.6969 -1.5512 0.208, -1.8425 -1.4488 0.0, -1.8425 -1.4488 -1.2008, -2.1575 -1.4488 -1.2008, -2.1575 -1.4488 0.0, -2.1575 -1.5512 0.0, -2.1575 -1.5512 -1.2008, -1.8425 -1.5512 -1.2008, -1.8425 -1.5512 0.0, -3.0787 -1.5512 -1.3976, -3.0787 -1.4488 -1.3976, -2.9213 -1.5512 -1.3976, -2.9213 -1.4488 -1.3976, -3.3031 -1.2205 0.5906, -3.3031 -1.2187 0.5689, -3.3031 -1.3819 0.5689, -3.3031 -1.2205 0.6496, -3.3031 -1.3819 0.6713, -3.3031 -1.219 0.6713, -2.6969 -1.3819 0.5689, -2.6969 -1.2187 0.5689, -2.6969 -1.2205 0.5906, -2.6969 -1.3819 0.6713, -2.6969 -1.2205 0.6496, -2.6969 -1.219 0.6713, -3.3031 -1.4488 0.502, -3.3031 -1.5512 0.502, -3.3031 -1.4471 0.5169, -3.3031 -1.5469 0.5396, -3.3031 -1.4422 0.531, -3.3031 -1.5344 0.5754, -3.3031 -1.4342 0.5437, -3.3031 -1.5142 0.6075, -3.3031 -1.4236 0.5543, -3.3031 -1.4874 0.6343, -3.3031 -1.4109 0.5623, -3.3031 -1.4553 0.6545, -3.3031 -1.3968 0.5672, -3.3031 -1.4196 0.667, -2.6969 -1.3968 0.5672, -2.6969 -1.4196 0.667, -2.6969 -1.4109 0.5623, -2.6969 -1.4553 0.6545, -2.6969 -1.4236 0.5543, -2.6969 -1.4874 0.6343, -2.6969 -1.4342 0.5437, -2.6969 -1.5142 0.6075, -2.6969 -1.4422 0.531, -2.6969 -1.5344 0.5754, -2.6969 -1.4471 0.5169, -2.6969 -1.5469 0.5396, -2.6969 -1.4488 0.502, -2.6969 -1.5512 0.502, -3.3031 -1.5512 0.208, -3.3031 -1.4488 0.208, -2.6969 -1.4488 0.208, -2.6969 -1.5512 0.208, -3.1575 -1.4488 0.0, -2.8425 -1.4488 0.0, -3.1575 -1.4488 -1.2008, -2.8425 -1.4488 -1.2008, -3.1575 -1.5512 0.0, -3.1575 -1.5512 -1.2008, -2.8425 -1.5512 -1.2008, -2.8425 -1.5512 0.0, -0.6969 1.2205 0.5906, -0.6969 1.2187 0.5689, -0.6969 1.3819 0.5689, -0.6969 1.2205 0.6496, -0.6969 1.3819 0.6713, -0.6969 1.219 0.6713, -1.3031 1.2187 0.5689, -1.3031 1.3819 0.5689, -1.3031 1.2205 0.5906, -1.3031 1.3819 0.6713, -1.3031 1.2205 0.6496, -1.3031 1.219 0.6713, -0.6969 1.4488 0.502, -0.6969 1.5512 0.502, -0.6969 1.4471 0.5169, -0.6969 1.5469 0.5396, -0.6969 1.4422 0.531, -0.6969 1.5344 0.5754, -0.6969 1.4342 0.5437, -0.6969 1.5142 0.6075, -0.6969 1.4236 0.5543, -0.6969 1.4874 0.6343, -0.6969 1.4109 0.5623, -0.6969 1.4553 0.6545, -0.6969 1.3968 0.5672, -0.6969 1.4196 0.667, -1.3031 1.3968 0.5672, -1.3031 1.4109 0.5623, -1.3031 1.4236 0.5543, -1.3031 1.4342 0.5437, -1.3031 1.4422 0.531, -1.3031 1.4471 0.5169, -1.3031 1.4488 0.502, -1.3031 1.4196 0.667, -1.3031 1.4553 0.6545, -1.3031 1.4874 0.6343, -1.3031 1.5142 0.6075, -1.3031 1.5344 0.5754, -1.3031 1.5469 0.5396, -1.3031 1.5512 0.502, -1.3031 1.4488 0.208, -1.3031 1.5512 0.208, -0.8425 1.5512 0.0, -0.6969 1.5512 0.208, -0.9213 1.5512 -1.3976, -1.0787 1.5512 -1.3976, -0.8425 1.5512 -1.2008, -1.1575 1.5512 -1.2008, -1.1575 1.5512 0.0, -0.9213 1.4488 -1.3976, -1.0787 1.4488 -1.3976, -1.1575 1.4488 -1.2008, -1.1575 1.4488 0.0, -0.8425 1.4488 -1.2008, -0.8425 1.4488 0.0, -0.6969 1.4488 0.208, -1.6969 1.2205 0.5906, -1.6969 1.2187 0.5689, -1.6969 1.3819 0.5689, -1.6969 1.2205 0.6496, -1.6969 1.3819 0.6713, -1.6969 1.219 0.6713, -2.3031 1.2187 0.5689, -2.3031 1.3819 0.5689, -2.3031 1.2205 0.5906, -2.3031 1.3819 0.6713, -2.3031 1.2205 0.6496, -2.3031 1.219 0.6713, -1.6969 1.4488 0.502, -1.6969 1.5512 0.502, -1.6969 1.4471 0.5169, -1.6969 1.5469 0.5396, -1.6969 1.4422 0.531, -1.6969 1.5344 0.5754, -1.6969 1.4342 0.5437, -1.6969 1.5142 0.6075, -1.6969 1.4236 0.5543, -1.6969 1.4874 0.6343, -1.6969 1.4109 0.5623, -1.6969 1.4553 0.6545, -1.6969 1.3968 0.5672, -1.6969 1.4196 0.667, -2.3031 1.3968 0.5672, -2.3031 1.4109 0.5623, -2.3031 1.4236 0.5543, -2.3031 1.4342 0.5437, -2.3031 1.4422 0.531, -2.3031 1.4471 0.5169, -2.3031 1.4488 0.502, -2.3031 1.4196 0.667, -2.3031 1.4553 0.6545, -2.3031 1.4874 0.6343, -2.3031 1.5142 0.6075, -2.3031 1.5344 0.5754, -2.3031 1.5469 0.5396, -2.3031 1.5512 0.502, -2.3031 1.4488 0.208, -2.3031 1.5512 0.208, -1.8425 1.5512 0.0, -1.6969 1.5512 0.208, -1.9213 1.5512 -1.3976, -2.0787 1.5512 -1.3976, -1.8425 1.5512 -1.2008, -2.1575 1.5512 -1.2008, -2.1575 1.5512 0.0, -1.9213 1.4488 -1.3976, -2.0787 1.4488 -1.3976, -2.1575 1.4488 -1.2008, -2.1575 1.4488 0.0, -1.8425 1.4488 -1.2008, -1.8425 1.4488 0.0, -1.6969 1.4488 0.208, -2.6969 1.2205 0.5906, -2.6969 1.2187 0.5689, -2.6969 1.3819 0.5689, -2.6969 1.2205 0.6496, -2.6969 1.3819 0.6713, -2.6969 1.219 0.6713, -3.3031 1.2187 0.5689, -3.3031 1.3819 0.5689, -3.3031 1.2205 0.5906, -3.3031 1.3819 0.6713, -3.3031 1.2205 0.6496, -3.3031 1.219 0.6713, -2.6969 1.4488 0.502, -2.6969 1.5512 0.502, -2.6969 1.4471 0.5169, -2.6969 1.5469 0.5396, -2.6969 1.4422 0.531, -2.6969 1.5344 0.5754, -2.6969 1.4342 0.5437, -2.6969 1.5142 0.6075, -2.6969 1.4236 0.5543, -2.6969 1.4874 0.6343, -2.6969 1.4109 0.5623, -2.6969 1.4553 0.6545, -2.6969 1.3968 0.5672, -2.6969 1.4196 0.667, -3.3031 1.3968 0.5672, -3.3031 1.4109 0.5623, -3.3031 1.4236 0.5543, -3.3031 1.4342 0.5437, -3.3031 1.4422 0.531, -3.3031 1.4471 0.5169, -3.3031 1.4488 0.502, -3.3031 1.4196 0.667, -3.3031 1.4553 0.6545, -3.3031 1.4874 0.6343, -3.3031 1.5142 0.6075, -3.3031 1.5344 0.5754, -3.3031 1.5469 0.5396, -3.3031 1.5512 0.502, -3.3031 1.4488 0.208, -3.3031 1.5512 0.208, -2.9213 1.5512 -1.3976, -3.0787 1.5512 -1.3976, -2.8425 1.5512 -1.2008, -3.1575 1.5512 -1.2008, -2.8425 1.5512 0.0, -3.1575 1.5512 0.0, -2.6969 1.5512 0.208, -2.9213 1.4488 -1.3976, -3.0787 1.4488 -1.3976, -3.1575 1.4488 -1.2008, -3.1575 1.4488 0.0, -2.6969 1.4488 0.208, -2.8425 1.4488 -1.2008, -2.8425 1.4488 0.0, -2.8425 1.4488 0.0
            ]
        }
        coordIndex [
            0,1,2,-1,2,1,3,-1,4,5,6,-1,4,6,7,-1,7,6,8,-1,7,8,9,-1,10,11,12,-1,10,12,13,-1,13,12,14,-1,13,14,15,-1,11,10,5,-1,5,10,6,-1,16,17,18,-1,18,17,19,-1,18,19,20,-1,20,19,21,-1,20,21,22,-1,22,21,23,-1,22,23,24,-1,24,23,25,-1,24,25,26,-1,26,25,27,-1,26,27,28,-1,28,27,29,-1,28,29,6,-1,6,29,8,-1,9,8,15,-1,15,8,13,-1,10,13,30,-1,30,13,31,-1,30,31,32,-1,32,31,33,-1,32,33,34,-1,34,33,35,-1,34,35,36,-1,36,35,37,-1,36,37,38,-1,38,37,39,-1,38,39,40,-1,40,39,41,-1,40,41,42,-1,42,41,43,-1,6,10,28,-1,28,10,30,-1,28,30,26,-1,26,30,32,-1,26,32,24,-1,24,32,34,-1,24,34,22,-1,22,34,36,-1,22,36,20,-1,20,36,38,-1,20,38,18,-1,18,38,40,-1,18,40,16,-1,16,40,42,-1,17,16,44,-1,44,16,45,-1,17,43,41,-1,17,41,19,-1,19,41,39,-1,19,39,21,-1,21,39,37,-1,21,37,23,-1,23,37,35,-1,23,35,25,-1,25,35,33,-1,25,33,27,-1,27,33,31,-1,27,31,29,-1,29,31,13,-1,29,13,8,-1,42,43,46,-1,46,43,47,-1,48,45,46,-1,46,45,16,-1,46,16,42,-1,3,1,49,-1,49,1,50,-1,49,50,48,-1,48,50,51,-1,48,51,45,-1,51,52,45,-1,45,52,44,-1,52,51,53,-1,53,51,50,-1,53,50,0,-1,0,50,1,-1,0,2,53,-1,53,2,54,-1,53,54,52,-1,52,54,55,-1,52,55,44,-1,44,55,47,-1,44,47,17,-1,17,47,43,-1,55,48,47,-1,47,48,46,-1,54,49,55,-1,55,49,48,-1,2,3,54,-1,54,3,49,-1,56,57,58,-1,58,57,59,-1,60,61,62,-1,60,62,63,-1,63,62,64,-1,63,64,65,-1,66,67,68,-1,66,68,69,-1,69,68,70,-1,69,70,71,-1,67,66,61,-1,61,66,62,-1,72,73,74,-1,74,73,75,-1,74,75,76,-1,76,75,77,-1,76,77,78,-1,78,77,79,-1,78,79,80,-1,80,79,81,-1,80,81,82,-1,82,81,83,-1,82,83,84,-1,84,83,85,-1,84,85,62,-1,62,85,64,-1,65,64,71,-1,71,64,69,-1,66,69,86,-1,86,69,87,-1,86,87,88,-1,88,87,89,-1,88,89,90,-1,90,89,91,-1,90,91,92,-1,92,91,93,-1,92,93,94,-1,94,93,95,-1,94,95,96,-1,96,95,97,-1,96,97,98,-1,98,97,99,-1,62,66,84,-1,84,66,86,-1,84,86,82,-1,82,86,88,-1,82,88,80,-1,80,88,90,-1,80,90,78,-1,78,90,92,-1,78,92,76,-1,76,92,94,-1,76,94,74,-1,74,94,96,-1,74,96,72,-1,72,96,98,-1,73,72,100,-1,100,72,101,-1,73,99,97,-1,73,97,75,-1,75,97,95,-1,75,95,77,-1,77,95,93,-1,77,93,79,-1,79,93,91,-1,79,91,81,-1,81,91,89,-1,81,89,83,-1,83,89,87,-1,83,87,85,-1,85,87,69,-1,85,69,64,-1,98,99,102,-1,102,99,103,-1,104,101,102,-1,102,101,72,-1,102,72,98,-1,59,57,105,-1,105,57,106,-1,105,106,104,-1,104,106,107,-1,104,107,101,-1,107,108,101,-1,101,108,100,-1,108,107,109,-1,109,107,106,-1,109,106,56,-1,56,106,57,-1,56,58,109,-1,109,58,110,-1,109,110,108,-1,108,110,111,-1,108,111,100,-1,100,111,103,-1,100,103,73,-1,73,103,99,-1,111,104,103,-1,103,104,102,-1,110,105,111,-1,111,105,104,-1,58,59,110,-1,110,59,105,-1,112,113,114,-1,114,113,115,-1,116,117,118,-1,116,118,119,-1,119,118,120,-1,119,120,121,-1,122,123,124,-1,122,124,125,-1,125,124,126,-1,125,126,127,-1,123,122,117,-1,117,122,118,-1,128,129,130,-1,130,129,131,-1,130,131,132,-1,132,131,133,-1,132,133,134,-1,134,133,135,-1,134,135,136,-1,136,135,137,-1,136,137,138,-1,138,137,139,-1,138,139,140,-1,140,139,141,-1,140,141,118,-1,118,141,120,-1,121,120,127,-1,127,120,125,-1,122,125,142,-1,142,125,143,-1,142,143,144,-1,144,143,145,-1,144,145,146,-1,146,145,147,-1,146,147,148,-1,148,147,149,-1,148,149,150,-1,150,149,151,-1,150,151,152,-1,152,151,153,-1,152,153,154,-1,154,153,155,-1,118,122,140,-1,140,122,142,-1,140,142,138,-1,138,142,144,-1,138,144,136,-1,136,144,146,-1,136,146,134,-1,134,146,148,-1,134,148,132,-1,132,148,150,-1,132,150,130,-1,130,150,152,-1,130,152,128,-1,128,152,154,-1,129,128,156,-1,156,128,157,-1,129,155,153,-1,129,153,131,-1,131,153,151,-1,131,151,133,-1,133,151,149,-1,133,149,135,-1,135,149,147,-1,135,147,137,-1,137,147,145,-1,137,145,139,-1,139,145,143,-1,139,143,141,-1,141,143,125,-1,141,125,120,-1,154,155,158,-1,158,155,159,-1,128,154,157,-1,157,154,158,-1,157,158,160,-1,160,158,161,-1,160,161,162,-1,162,161,163,-1,162,163,113,-1,113,163,115,-1,160,164,157,-1,157,164,156,-1,164,160,165,-1,165,160,162,-1,165,162,112,-1,112,162,113,-1,164,159,156,-1,156,159,155,-1,156,155,129,-1,112,114,165,-1,165,114,166,-1,165,166,164,-1,164,166,167,-1,164,167,159,-1,167,161,159,-1,159,161,158,-1,166,163,167,-1,167,163,161,-1,114,115,166,-1,166,115,163,-1,168,169,170,-1,168,170,171,-1,171,170,172,-1,171,172,173,-1,174,175,169,-1,169,175,170,-1,175,174,176,-1,175,176,177,-1,177,176,178,-1,177,178,179,-1,173,172,179,-1,179,172,177,-1,180,181,182,-1,182,181,183,-1,182,183,184,-1,184,183,185,-1,184,185,186,-1,186,185,187,-1,186,187,188,-1,188,187,189,-1,188,189,190,-1,190,189,191,-1,190,191,192,-1,192,191,193,-1,192,193,170,-1,170,193,172,-1,170,175,192,-1,192,175,194,-1,192,194,190,-1,190,194,195,-1,190,195,188,-1,188,195,196,-1,188,196,186,-1,186,196,197,-1,186,197,184,-1,184,197,198,-1,184,198,182,-1,182,198,199,-1,182,199,180,-1,180,199,200,-1,175,177,194,-1,194,177,201,-1,194,201,195,-1,195,201,202,-1,195,202,196,-1,196,202,203,-1,196,203,197,-1,197,203,204,-1,197,204,198,-1,198,204,205,-1,198,205,199,-1,199,205,206,-1,199,206,200,-1,200,206,207,-1,181,207,206,-1,181,206,183,-1,183,206,205,-1,183,205,185,-1,185,205,204,-1,185,204,187,-1,187,204,203,-1,187,203,189,-1,189,203,202,-1,189,202,191,-1,191,202,201,-1,191,201,193,-1,193,201,177,-1,193,177,172,-1,208,200,209,-1,209,200,207,-1,210,209,211,-1,211,209,207,-1,211,207,181,-1,212,213,214,-1,214,213,215,-1,214,215,210,-1,210,215,216,-1,210,216,209,-1,217,218,212,-1,212,218,213,-1,215,213,219,-1,219,213,218,-1,216,215,220,-1,220,215,219,-1,220,208,216,-1,216,208,209,-1,218,217,219,-1,219,217,221,-1,219,221,220,-1,220,221,222,-1,220,222,208,-1,208,222,223,-1,208,223,200,-1,200,223,180,-1,211,181,223,-1,223,181,180,-1,210,211,222,-1,222,211,223,-1,214,210,221,-1,221,210,222,-1,212,214,217,-1,217,214,221,-1,224,225,226,-1,224,226,227,-1,227,226,228,-1,227,228,229,-1,230,231,225,-1,225,231,226,-1,231,230,232,-1,231,232,233,-1,233,232,234,-1,233,234,235,-1,229,228,235,-1,235,228,233,-1,236,237,238,-1,238,237,239,-1,238,239,240,-1,240,239,241,-1,240,241,242,-1,242,241,243,-1,242,243,244,-1,244,243,245,-1,244,245,246,-1,246,245,247,-1,246,247,248,-1,248,247,249,-1,248,249,226,-1,226,249,228,-1,226,231,248,-1,248,231,250,-1,248,250,246,-1,246,250,251,-1,246,251,244,-1,244,251,252,-1,244,252,242,-1,242,252,253,-1,242,253,240,-1,240,253,254,-1,240,254,238,-1,238,254,255,-1,238,255,236,-1,236,255,256,-1,231,233,250,-1,250,233,257,-1,250,257,251,-1,251,257,258,-1,251,258,252,-1,252,258,259,-1,252,259,253,-1,253,259,260,-1,253,260,254,-1,254,260,261,-1,254,261,255,-1,255,261,262,-1,255,262,256,-1,256,262,263,-1,237,263,262,-1,237,262,239,-1,239,262,261,-1,239,261,241,-1,241,261,260,-1,241,260,243,-1,243,260,259,-1,243,259,245,-1,245,259,258,-1,245,258,247,-1,247,258,257,-1,247,257,249,-1,249,257,233,-1,249,233,228,-1,264,256,265,-1,265,256,263,-1,266,265,267,-1,267,265,263,-1,267,263,237,-1,268,269,270,-1,270,269,271,-1,270,271,266,-1,266,271,272,-1,266,272,265,-1,273,274,268,-1,268,274,269,-1,271,269,275,-1,275,269,274,-1,272,271,276,-1,276,271,275,-1,276,264,272,-1,272,264,265,-1,274,273,275,-1,275,273,277,-1,275,277,276,-1,276,277,278,-1,276,278,264,-1,264,278,279,-1,264,279,256,-1,256,279,236,-1,267,237,279,-1,279,237,236,-1,266,267,278,-1,278,267,279,-1,270,266,277,-1,277,266,278,-1,268,270,273,-1,273,270,277,-1,280,281,282,-1,280,282,283,-1,283,282,284,-1,283,284,285,-1,286,287,281,-1,281,287,282,-1,287,286,288,-1,287,288,289,-1,289,288,290,-1,289,290,291,-1,285,284,291,-1,291,284,289,-1,292,293,294,-1,294,293,295,-1,294,295,296,-1,296,295,297,-1,296,297,298,-1,298,297,299,-1,298,299,300,-1,300,299,301,-1,300,301,302,-1,302,301,303,-1,302,303,304,-1,304,303,305,-1,304,305,282,-1,282,305,284,-1,282,287,304,-1,304,287,306,-1,304,306,302,-1,302,306,307,-1,302,307,300,-1,300,307,308,-1,300,308,298,-1,298,308,309,-1,298,309,296,-1,296,309,310,-1,296,310,294,-1,294,310,311,-1,294,311,292,-1,292,311,312,-1,287,289,306,-1,306,289,313,-1,306,313,307,-1,307,313,314,-1,307,314,308,-1,308,314,315,-1,308,315,309,-1,309,315,316,-1,309,316,310,-1,310,316,317,-1,310,317,311,-1,311,317,318,-1,311,318,312,-1,312,318,319,-1,293,319,318,-1,293,318,295,-1,295,318,317,-1,295,317,297,-1,297,317,316,-1,297,316,299,-1,299,316,315,-1,299,315,301,-1,301,315,314,-1,301,314,303,-1,303,314,313,-1,303,313,305,-1,305,313,289,-1,305,289,284,-1,320,312,321,-1,321,312,319,-1,322,323,324,-1,324,323,325,-1,324,325,326,-1,326,325,327,-1,326,327,328,-1,328,327,321,-1,328,321,293,-1,293,321,319,-1,329,330,322,-1,322,330,323,-1,325,323,331,-1,331,323,330,-1,327,325,332,-1,332,325,331,-1,332,320,327,-1,327,320,321,-1,332,333,320,-1,320,333,292,-1,320,292,312,-1,330,329,331,-1,331,329,334,-1,331,334,332,-1,332,334,335,-1,332,335,333,-1,328,293,333,-1,333,293,292,-1,326,328,335,-1,335,328,333,-1,324,326,334,-1,334,326,335,-1,322,324,329,-1,329,324,334,-1,
        ]
    }
}
Shape{
    appearance Appearance {
        material  Material 	{
            diffuseColor 1.0 1.0 1.0
            specularColor 0.30196078431372547 0.30196078431372547 0.30196078431372547
            ambientIntensity 0.2
            transparency 0
            shininess 0.5
        }
    }
    geometry IndexedFaceSet {
        ccw TRUE
        solid FALSE
        coord DEF co Coordinate {
            point [
                0.1772 -0.0787 1.5945, 0.1772 -0.3937 1.5945, 0.1772 -0.0787 1.1614, 0.1772 -0.3937 1.1614, -0.1772 -0.0787 1.5945, -0.1772 -0.0787 1.1614, -0.1772 -0.3937 1.5945, -0.1772 -0.3937 1.1614, -0.1772 -0.3937 1.1614
            ]
        }
        coordIndex [
            0,1,2,-1,2,1,3,-1,4,0,5,-1,5,0,2,-1,6,4,7,-1,7,4,5,-1,1,6,3,-1,3,6,7,-1,4,6,0,-1,0,6,1,-1,7,5,3,-1,3,5,2,-1,
        ]
    }
}